catalog_id,title,region,edition,family_key,provisional_work_key,content_type,role,target_field,proposed_company,proposed_company_slug,source_names,company_resolution,current_company,recommended_action,confidence,safe_for_catalog_import,evidence_scope,source_count,sources,source_grades,source_urls,evidence_summary,guardrail,identifier_warning,current_cusa,pricecharting_model_cusa,previous_value,new_company_name,new_company_slug,field_source,reviewed_at,review_batch,publication_status
ps4-8-bit-armies-limited-edition,8-Bit Armies [Limited Edition],PAL España,standard,8 bit armies,8 bit armies,EDITION_VARIANT,DEVELOPER,developer,Petroglyph,petroglyph,Petroglyph,EXACT_NAME_OR_ALIAS,,ADD_MISSING,HIGH,NO,EXACT_PHYSICAL_EDITION | GAME_WORK,2,PRICECHARTING_EXACT_PAL_PAGE | STEAM_STORE,B_EXACT_PHYSICAL | B_OTHER_PLATFORM,https://www.pricecharting.com/game/pal-playstation-4/8-bit-armies-limited-edition | https://store.steampowered.com/app/427250,"La ficha enlazada de la edición física PAL atribuye el desarrollo a esta compañía. | La ficha comercial de Steam confirma la desarrolladora de la obra, no necesariamente el port de PS4.",No propagar a ports o compilaciones sin comprobar sus créditos propios.,,,,,Petroglyph,petroglyph,official,2026-09-05,company-credit-ps4-pal-high-additions-1,READY_ADD_MISSING
ps4-8-bit-armies-limited-edition,8-Bit Armies [Limited Edition],PAL España,standard,8 bit armies,8 bit armies,EDITION_VARIANT,PHYSICAL_PUBLISHER_OR_DISTRIBUTOR,publisher,Soedesco,soedesco,Soedesco,EXACT_NAME_OR_ALIAS,,ADD_MISSING,HIGH,NO,EXACT_PHYSICAL_EDITION | PAL_RELEASE,2,PRICECHARTING_EXACT_PAL_PAGE | WIKIPEDIA_PS4_LIST_PAL,B_EXACT_PHYSICAL | B_PAL_RELEASE,https://www.pricecharting.com/game/pal-playstation-4/8-bit-armies-limited-edition | https://en.wikipedia.org/wiki/List_of_PlayStation_4_games_(A%E2%80%93L),La ficha exacta de la edición física PAL etiqueta a esta compañía como Publisher; puede representar publicación o distribución física. | La columna PAL de la lista de PS4 atribuye la publicación a esta compañía.,Confirmar si la etiqueta Publisher representa publicación o distribución en la caja PAL.,,,,,Soedesco,soedesco,pricecharting,2026-09-05,company-credit-ps4-pal-high-additions-1,READY_ADD_MISSING
ps4-age-of-wonders-planetfall-day-one-edition,Age of Wonders: Planetfall [Day One Edition],PAL España,standard,age of wonders planetfall,age of wonders planetfall,EDITION_VARIANT,DEVELOPER,developer,Triumph Studios,triumph-studios,Triumph Studios,EXACT_NAME_OR_ALIAS,,ADD_MISSING,HIGH,NO,EXACT_PHYSICAL_EDITION | GAME_WORK | GAME_WORK_OR_PS4_RELEASE | MATCHED_PS4_PRODUCT | PS4_RELEASE,6,LAUNCHBOX_GAMES_DB | PLAYSTATION_STORE_EXPLICIT_CREDIT | PRICECHARTING_EXACT_PAL_PAGE | STEAM_STORE | WIKIDATA | WIKIPEDIA_PS4_LIST,A_OFFICIAL_MATCHED_TITLE_CREDIT | B_EXACT_PHYSICAL | B_OTHER_PLATFORM | B_PS4_RELEASE | C_DISCOVERY,https://store.playstation.com/es-es/product/EP4139-CUSA13236_00-AOWPLANETFALL000 | https://www.pricecharting.com/game/pal-playstation-4/age-of-wonders-planetfall-day-one-edition | https://en.wikipedia.org/wiki/List_of_PlayStation_4_games_(A%E2%80%93L) | https://store.steampowered.com/app/718850 | https://www.wikidata.org/wiki/Q60676089 | https://gamesdb.launchbox-app.com/games/details/207389,"Developed by Triumph Studios | La ficha enlazada de la edición física PAL atribuye el desarrollo a esta compañía. | La lista específica de PS4 atribuye el desarrollo a esta compañía. | La ficha comercial de Steam confirma la desarrolladora de la obra, no necesariamente el port de PS4. | Wikidata registra la compañía como desarrolladora. | LaunchBox registra esta desarrolladora para su ficha de PS4.",No propagar a ports o compilaciones sin comprobar sus créditos propios.,,,CUSA13236_00,,Triumph Studios,triumph-studios,official,2026-09-05,company-credit-ps4-pal-high-additions-1,READY_ADD_MISSING
ps4-age-of-wonders-planetfall-day-one-edition,Age of Wonders: Planetfall [Day One Edition],PAL España,standard,age of wonders planetfall,age of wonders planetfall,EDITION_VARIANT,PHYSICAL_PUBLISHER_OR_DISTRIBUTOR,publisher,Paradox Interactive,paradox-interactive,Paradox Interactive,EXACT_NAME_OR_ALIAS,,ADD_MISSING,HIGH,NO,EXACT_PHYSICAL_EDITION | PAL_RELEASE,2,PRICECHARTING_EXACT_PAL_PAGE | WIKIPEDIA_PS4_LIST_PAL,B_EXACT_PHYSICAL | B_PAL_RELEASE,https://www.pricecharting.com/game/pal-playstation-4/age-of-wonders-planetfall-day-one-edition | https://en.wikipedia.org/wiki/List_of_PlayStation_4_games_(A%E2%80%93L),La ficha exacta de la edición física PAL etiqueta a esta compañía como Publisher; puede representar publicación o distribución física. | La columna PAL de la lista de PS4 atribuye la publicación a esta compañía.,Confirmar si la etiqueta Publisher representa publicación o distribución en la caja PAL.,,,CUSA13236_00,,Paradox Interactive,paradox-interactive,pricecharting,2026-09-05,company-credit-ps4-pal-high-additions-1,READY_ADD_MISSING
ps4-air-conflicts-pacific-carriers,Air Conflicts Pacific Carriers,PAL España,standard,air conflicts pacific carriers,air conflicts pacific carriers,GAME_OR_UNKNOWN,DEVELOPER,developer,Games Farm,games-farm,Games Farm,EXACT_NAME_OR_ALIAS,,ADD_MISSING,HIGH,NO,GAME_WORK | GAME_WORK_OR_PS4_RELEASE | MATCHED_PS4_PRODUCT | PS4_RELEASE,5,LAUNCHBOX_GAMES_DB | PLAYSTATION_STORE_EXPLICIT_CREDIT | STEAM_STORE | WIKIDATA | WIKIPEDIA_PS4_LIST,A_OFFICIAL_MATCHED_TITLE_CREDIT | B_OTHER_PLATFORM | B_PS4_RELEASE | C_DISCOVERY,https://store.playstation.com/es-es/product/EP4365-CUSA02866_00-PACIFICCARRIERS0 | https://en.wikipedia.org/wiki/List_of_PlayStation_4_games_(A%E2%80%93L) | https://store.steampowered.com/app/214910 | https://www.wikidata.org/wiki/Q4697825 | https://gamesdb.launchbox-app.com/games/details/421462,"Developed by Games Farm | La lista específica de PS4 atribuye el desarrollo a esta compañía. | La ficha comercial de Steam confirma la desarrolladora de la obra, no necesariamente el port de PS4. | Wikidata registra la compañía como desarrolladora. | LaunchBox registra esta desarrolladora para su ficha de PS4.",No propagar a ports o compilaciones sin comprobar sus créditos propios.,,,,,Games Farm,games-farm,official,2026-09-05,company-credit-ps4-pal-high-additions-1,READY_ADD_MISSING
ps4-air-conflicts-secret-wars,Air Conflicts Secret Wars,PAL España,standard,air conflicts secret wars,air conflicts secret wars,GAME_OR_UNKNOWN,DEVELOPER,developer,Games Farm,games-farm,Games Farm,EXACT_NAME_OR_ALIAS,,ADD_MISSING,HIGH,NO,GAME_WORK | MATCHED_PS4_PRODUCT,2,PLAYSTATION_STORE_EXPLICIT_CREDIT | STEAM_STORE,A_OFFICIAL_MATCHED_TITLE_CREDIT | B_OTHER_PLATFORM,https://store.playstation.com/es-es/product/EP2607-CUSA05482_00-ACSECRETWARS0000 | https://store.steampowered.com/app/95900,"Developed by Games Farm | La ficha comercial de Steam confirma la desarrolladora de la obra, no necesariamente el port de PS4.",No propagar a ports o compilaciones sin comprobar sus créditos propios.,,,,,Games Farm,games-farm,official,2026-09-05,company-credit-ps4-pal-high-additions-1,READY_ADD_MISSING
ps4-alien-isolation-nostromo-edition,Alien Isolation [Nostromo Edition],PAL España,standard,alien isolation,alien isolation,GAME_OR_UNKNOWN,PHYSICAL_PUBLISHER_OR_DISTRIBUTOR,publisher,Sega,sega,Sega,EXACT_NAME_OR_ALIAS,,ADD_MISSING,HIGH,NO,EXACT_PHYSICAL_EDITION | PAL_RELEASE,2,PRICECHARTING_EXACT_PAL_PAGE | WIKIPEDIA_PS4_LIST_PAL,B_EXACT_PHYSICAL | B_PAL_RELEASE,https://www.pricecharting.com/game/pal-playstation-4/alien-isolation-nostromo-edition | https://en.wikipedia.org/wiki/List_of_PlayStation_4_games_(A%E2%80%93L),La ficha exacta de la edición física PAL etiqueta a esta compañía como Publisher; puede representar publicación o distribución física. | La columna PAL de la lista de PS4 atribuye la publicación a esta compañía.,Confirmar si la etiqueta Publisher representa publicación o distribución en la caja PAL.,,,,,Sega,sega,pricecharting,2026-09-05,company-credit-ps4-pal-high-additions-1,READY_ADD_MISSING
ps4-among-us-crewmate-edition,Among Us [Crewmate Edition],PAL España,standard,among us,among us,GAME_OR_UNKNOWN,DEVELOPER,developer,Innersloth,innersloth,Innersloth,EXACT_NAME_OR_ALIAS,,ADD_MISSING,HIGH,NO,EXACT_PHYSICAL_EDITION | GAME_WORK | GAME_WORK_OR_PS4_RELEASE,3,PRICECHARTING_EXACT_PAL_PAGE | STEAM_STORE | WIKIPEDIA_PS4_LIST,B_EXACT_PHYSICAL | B_OTHER_PLATFORM | B_PS4_RELEASE,https://www.pricecharting.com/game/pal-playstation-4/among-us-crewmate-edition | https://en.wikipedia.org/wiki/List_of_PlayStation_4_games_(A%E2%80%93L) | https://store.steampowered.com/app/945360,"La ficha enlazada de la edición física PAL atribuye el desarrollo a esta compañía. | La lista específica de PS4 atribuye el desarrollo a esta compañía. | La ficha comercial de Steam confirma la desarrolladora de la obra, no necesariamente el port de PS4.",No propagar a ports o compilaciones sin comprobar sus créditos propios.,,,,,Innersloth,innersloth,official,2026-09-05,company-credit-ps4-pal-high-additions-1,READY_ADD_MISSING
ps4-among-us-crewmate-edition,Among Us [Crewmate Edition],PAL España,standard,among us,among us,GAME_OR_UNKNOWN,PHYSICAL_PUBLISHER_OR_DISTRIBUTOR,publisher,Innersloth,innersloth,Innersloth,EXACT_NAME_OR_ALIAS,,ADD_MISSING,HIGH,NO,EXACT_PHYSICAL_EDITION | PAL_RELEASE,2,PRICECHARTING_EXACT_PAL_PAGE | WIKIPEDIA_PS4_LIST_PAL,B_EXACT_PHYSICAL | B_PAL_RELEASE,https://www.pricecharting.com/game/pal-playstation-4/among-us-crewmate-edition | https://en.wikipedia.org/wiki/List_of_PlayStation_4_games_(A%E2%80%93L),La ficha exacta de la edición física PAL etiqueta a esta compañía como Publisher; puede representar publicación o distribución física. | La columna PAL de la lista de PS4 atribuye la publicación a esta compañía.,Confirmar si la etiqueta Publisher representa publicación o distribución en la caja PAL.,,,,,Innersloth,innersloth,pricecharting,2026-09-05,company-credit-ps4-pal-high-additions-1,READY_ADD_MISSING
ps4-among-us-impostor-edition,Among Us [Impostor Edition],PAL España,standard,among us,among us,GAME_OR_UNKNOWN,DEVELOPER,developer,Innersloth,innersloth,Innersloth,EXACT_NAME_OR_ALIAS,,ADD_MISSING,HIGH,NO,EXACT_PHYSICAL_EDITION | GAME_WORK | GAME_WORK_OR_PS4_RELEASE,3,PRICECHARTING_EXACT_PAL_PAGE | STEAM_STORE | WIKIPEDIA_PS4_LIST,B_EXACT_PHYSICAL | B_OTHER_PLATFORM | B_PS4_RELEASE,https://www.pricecharting.com/game/pal-playstation-4/among-us-impostor-edition | https://en.wikipedia.org/wiki/List_of_PlayStation_4_games_(A%E2%80%93L) | https://store.steampowered.com/app/945360,"La ficha enlazada de la edición física PAL atribuye el desarrollo a esta compañía. | La lista específica de PS4 atribuye el desarrollo a esta compañía. | La ficha comercial de Steam confirma la desarrolladora de la obra, no necesariamente el port de PS4.",No propagar a ports o compilaciones sin comprobar sus créditos propios.,,,,,Innersloth,innersloth,official,2026-09-05,company-credit-ps4-pal-high-additions-1,READY_ADD_MISSING
ps4-andro-dunos-ii-limited-edition,Andro Dunos II [Limited Edition],PAL España,standard,andro dunos ii,andro dunos ii,EDITION_VARIANT,DEVELOPER,developer,Picorinne Soft,picorinne-soft,Picorinne Soft,EXACT_NAME_OR_ALIAS,,ADD_MISSING,HIGH,NO,EXACT_PHYSICAL_EDITION | GAME_WORK,3,PRICECHARTING_EXACT_PAL_PAGE | STEAM_STORE | WIKIDATA,B_EXACT_PHYSICAL | B_OTHER_PLATFORM | C_DISCOVERY,https://www.pricecharting.com/game/pal-playstation-4/andro-dunos-ii-limited-edition | https://store.steampowered.com/app/1856900 | https://www.wikidata.org/wiki/Q111726411,"La ficha enlazada de la edición física PAL atribuye el desarrollo a esta compañía. | La ficha comercial de Steam confirma la desarrolladora de la obra, no necesariamente el port de PS4. | Wikidata registra la compañía como desarrolladora.",No propagar a ports o compilaciones sin comprobar sus créditos propios.,,,,,Picorinne Soft,picorinne-soft,official,2026-09-05,company-credit-ps4-pal-high-additions-1,READY_ADD_MISSING
ps4-andro-dunos-ii-mvs-edition,Andro Dunos II [MVS Edition],PAL España,standard,andro dunos ii,andro dunos ii,GAME_OR_UNKNOWN,DEVELOPER,developer,Picorinne Soft,picorinne-soft,Picorinne Soft,EXACT_NAME_OR_ALIAS,,ADD_MISSING,HIGH,NO,EXACT_PHYSICAL_EDITION | GAME_WORK,3,PRICECHARTING_EXACT_PAL_PAGE | STEAM_STORE | WIKIDATA,B_EXACT_PHYSICAL | B_OTHER_PLATFORM | C_DISCOVERY,https://www.pricecharting.com/game/pal-playstation-4/andro-dunos-ii-mvs-edition | https://store.steampowered.com/app/1856900 | https://www.wikidata.org/wiki/Q111726411,"La ficha enlazada de la edición física PAL atribuye el desarrollo a esta compañía. | La ficha comercial de Steam confirma la desarrolladora de la obra, no necesariamente el port de PS4. | Wikidata registra la compañía como desarrolladora.",No propagar a ports o compilaciones sin comprobar sus créditos propios.,,,,,Picorinne Soft,picorinne-soft,official,2026-09-05,company-credit-ps4-pal-high-additions-1,READY_ADD_MISSING
ps4-andro-dunos-ii-pixelheart-edition,Andro Dunos II [PixelHeart Edition],PAL España,standard,andro dunos ii,andro dunos ii,GAME_OR_UNKNOWN,DEVELOPER,developer,Picorinne Soft,picorinne-soft,Picorinne Soft,EXACT_NAME_OR_ALIAS,,ADD_MISSING,HIGH,NO,EXACT_PHYSICAL_EDITION | GAME_WORK,3,PRICECHARTING_EXACT_PAL_PAGE | STEAM_STORE | WIKIDATA,B_EXACT_PHYSICAL | B_OTHER_PLATFORM | C_DISCOVERY,https://www.pricecharting.com/game/pal-playstation-4/andro-dunos-ii-pixelheart-edition | https://store.steampowered.com/app/1856900 | https://www.wikidata.org/wiki/Q111726411,"La ficha enlazada de la edición física PAL atribuye el desarrollo a esta compañía. | La ficha comercial de Steam confirma la desarrolladora de la obra, no necesariamente el port de PS4. | Wikidata registra la compañía como desarrolladora.",No propagar a ports o compilaciones sin comprobar sus créditos propios.,,,,,Picorinne Soft,picorinne-soft,official,2026-09-05,company-credit-ps4-pal-high-additions-1,READY_ADD_MISSING
ps4-anima-gate-of-memories-arcane-edition,Anima: Gate Of Memories [Arcane Edition],PAL España,standard,anima gate of memories,anima gate of memories,GAME_OR_UNKNOWN,DEVELOPER,developer,Anima Project,anima-project,Anima Project,EXACT_NAME_OR_ALIAS,,ADD_MISSING,HIGH,NO,GAME_WORK | GAME_WORK_OR_PS4_RELEASE | MATCHED_PS4_PRODUCT,4,PLAYSTATION_STORE_EXPLICIT_CREDIT | STEAM_STORE | WIKIDATA | WIKIPEDIA_PS4_LIST,A_OFFICIAL_MATCHED_TITLE_CREDIT | B_OTHER_PLATFORM | B_PS4_RELEASE | C_DISCOVERY,https://store.playstation.com/es-es/product/EP1160-CUSA04501_00-GATE0OF0MEMORIES | https://en.wikipedia.org/wiki/List_of_PlayStation_4_games_(A%E2%80%93L) | https://store.steampowered.com/app/380750 | https://www.wikidata.org/wiki/Q129978932,"Developed by Anima Project | La lista específica de PS4 atribuye el desarrollo a esta compañía. | La ficha comercial de Steam confirma la desarrolladora de la obra, no necesariamente el port de PS4. | Wikidata registra la compañía como desarrolladora.",No propagar a ports o compilaciones sin comprobar sus créditos propios.,,,,,Anima Project,anima-project,official,2026-09-05,company-credit-ps4-pal-high-additions-1,READY_ADD_MISSING
ps4-anonymous;code-steelbook-launch-edition,Anonymous;Code [SteelBook Launch Edition],PAL España,standard,anonymous code,anonymous code,EDITION_VARIANT,DEVELOPER,developer,Mages.,mages,Mages | MAGES. Inc.,EXACT_NAME_OR_ALIAS,,ADD_MISSING,HIGH,NO,GAME_WORK | GAME_WORK_OR_PS4_RELEASE,3,STEAM_STORE | WIKIDATA | WIKIPEDIA_PS4_LIST,B_OTHER_PLATFORM | B_PS4_RELEASE | C_DISCOVERY,https://en.wikipedia.org/wiki/List_of_PlayStation_4_games_(A%E2%80%93L) | https://store.steampowered.com/app/2291020 | https://www.wikidata.org/wiki/Q22906387,"La lista específica de PS4 atribuye el desarrollo a esta compañía. | La ficha comercial de Steam confirma la desarrolladora de la obra, no necesariamente el port de PS4. | Wikidata registra la compañía como desarrolladora.",No propagar a ports o compilaciones sin comprobar sus créditos propios.,,,,,Mages.,mages,official,2026-09-05,company-credit-ps4-pal-high-additions-1,READY_ADD_MISSING
ps4-aragami,Aragami,PAL España,standard,aragami,aragami,GAME_OR_UNKNOWN,DEVELOPER,developer,Lince Works,lince-works,Lince Works,EXACT_NAME_OR_ALIAS,,ADD_MISSING,HIGH,NO,GAME_WORK | GAME_WORK_OR_PS4_RELEASE | PS4_RELEASE,4,LAUNCHBOX_GAMES_DB | STEAM_STORE | WIKIDATA | WIKIPEDIA_PS4_LIST,B_OTHER_PLATFORM | B_PS4_RELEASE | C_DISCOVERY,https://en.wikipedia.org/wiki/List_of_PlayStation_4_games_(A%E2%80%93L) | https://store.steampowered.com/app/280160 | https://www.wikidata.org/wiki/Q24060066 | https://gamesdb.launchbox-app.com/games/details/207762,"La lista específica de PS4 atribuye el desarrollo a esta compañía. | La ficha comercial de Steam confirma la desarrolladora de la obra, no necesariamente el port de PS4. | Wikidata registra la compañía como desarrolladora. | LaunchBox registra esta desarrolladora para su ficha de PS4.",No propagar a ports o compilaciones sin comprobar sus créditos propios.,,CUSA04811_00,,,Lince Works,lince-works,official,2026-09-05,company-credit-ps4-pal-high-additions-1,READY_ADD_MISSING
ps4-aragami-signature-edition,Aragami [Signature Edition],PAL España,standard,aragami,aragami,GAME_OR_UNKNOWN,DEVELOPER,developer,Lince Works,lince-works,Lince Works,EXACT_NAME_OR_ALIAS,,ADD_MISSING,HIGH,NO,GAME_WORK | GAME_WORK_OR_PS4_RELEASE | PS4_RELEASE,4,LAUNCHBOX_GAMES_DB | STEAM_STORE | WIKIDATA | WIKIPEDIA_PS4_LIST,B_OTHER_PLATFORM | B_PS4_RELEASE | C_DISCOVERY,https://en.wikipedia.org/wiki/List_of_PlayStation_4_games_(A%E2%80%93L) | https://store.steampowered.com/app/280160 | https://www.wikidata.org/wiki/Q24060066 | https://gamesdb.launchbox-app.com/games/details/207762,"La lista específica de PS4 atribuye el desarrollo a esta compañía. | La ficha comercial de Steam confirma la desarrolladora de la obra, no necesariamente el port de PS4. | Wikidata registra la compañía como desarrolladora. | LaunchBox registra esta desarrolladora para su ficha de PS4.",No propagar a ports o compilaciones sin comprobar sus créditos propios.,,,,,Lince Works,lince-works,official,2026-09-05,company-credit-ps4-pal-high-additions-1,READY_ADD_MISSING
ps4-assassin%27s-creed-iv-black-flag-playstation-hits,Assassin's Creed IV: Black Flag [PlayStation Hits],PAL España,standard,assassin s creed iv black flag,assassin s creed iv black flag,EDITION_VARIANT,DEVELOPER,developer,Ubisoft Montreal,ubisoft-montreal,Ubisoft Montreal,EXACT_NAME_OR_ALIAS,,ADD_MISSING,HIGH,NO,EXACT_PHYSICAL_EDITION | GAME_WORK_OR_PS4_RELEASE | PS4_RELEASE,3,LAUNCHBOX_GAMES_DB | PRICECHARTING_EXACT_PAL_PAGE | WIKIPEDIA_PS4_LIST,B_EXACT_PHYSICAL | B_PS4_RELEASE | C_DISCOVERY,https://www.pricecharting.com/game/pal-playstation-4/assassin%27s-creed-iv-black-flag-playstation-hits | https://en.wikipedia.org/wiki/List_of_PlayStation_4_games_(A%E2%80%93L) | https://gamesdb.launchbox-app.com/games/details/18150,La ficha enlazada de la edición física PAL atribuye el desarrollo a esta compañía. | La lista específica de PS4 atribuye el desarrollo a esta compañía. | LaunchBox registra esta desarrolladora para su ficha de PS4.,No propagar a ports o compilaciones sin comprobar sus créditos propios.,,,,,Ubisoft Montreal,ubisoft-montreal,pricecharting,2026-09-05,company-credit-ps4-pal-high-additions-1,READY_ADD_MISSING
ps4-assassin%27s-creed-odyssey,Assassin's Creed Odyssey,PAL España,standard,assassin s creed odyssey,assassin s creed odyssey,GAME_OR_UNKNOWN,DEVELOPER,developer,Ubisoft Quebec,ubisoft-quebec,Ubisoft Quebec,EXACT_NAME_OR_ALIAS,,ADD_MISSING,HIGH,NO,GAME_WORK | GAME_WORK_OR_PS4_RELEASE | PS4_RELEASE,3,LAUNCHBOX_GAMES_DB | STEAM_STORE | WIKIPEDIA_PS4_LIST,B_OTHER_PLATFORM | B_PS4_RELEASE | C_DISCOVERY,https://en.wikipedia.org/wiki/List_of_PlayStation_4_games_(A%E2%80%93L) | https://store.steampowered.com/app/812140 | https://gamesdb.launchbox-app.com/games/details/160210,"La lista específica de PS4 atribuye el desarrollo a esta compañía. | La ficha comercial de Steam confirma la desarrolladora de la obra, no necesariamente el port de PS4. | LaunchBox registra esta desarrolladora para su ficha de PS4.",No propagar a ports o compilaciones sin comprobar sus créditos propios.,,CUSA09303_00,,,Ubisoft Quebec,ubisoft-quebec,official,2026-09-05,company-credit-ps4-pal-high-additions-1,READY_ADD_MISSING
ps4-assassin%27s-creed-odyssey-gold-edition,Assassin's Creed Odyssey [Gold Edition],PAL España,standard,assassin s creed odyssey,assassin s creed odyssey,GAME_OR_UNKNOWN,DEVELOPER,developer,Ubisoft Quebec,ubisoft-quebec,Ubisoft Quebec,EXACT_NAME_OR_ALIAS,,ADD_MISSING,HIGH,NO,EXACT_PHYSICAL_EDITION | GAME_WORK | GAME_WORK_OR_PS4_RELEASE | PS4_RELEASE,4,LAUNCHBOX_GAMES_DB | PRICECHARTING_EXACT_PAL_PAGE | STEAM_STORE | WIKIPEDIA_PS4_LIST,B_EXACT_PHYSICAL | B_OTHER_PLATFORM | B_PS4_RELEASE | C_DISCOVERY,https://www.pricecharting.com/game/pal-playstation-4/assassin%27s-creed-odyssey-gold-edition | https://en.wikipedia.org/wiki/List_of_PlayStation_4_games_(A%E2%80%93L) | https://store.steampowered.com/app/812140 | https://gamesdb.launchbox-app.com/games/details/160210,"La ficha enlazada de la edición física PAL atribuye el desarrollo a esta compañía. | La lista específica de PS4 atribuye el desarrollo a esta compañía. | La ficha comercial de Steam confirma la desarrolladora de la obra, no necesariamente el port de PS4. | LaunchBox registra esta desarrolladora para su ficha de PS4.",No propagar a ports o compilaciones sin comprobar sus créditos propios.,,,CUSA09303_00,,Ubisoft Quebec,ubisoft-quebec,official,2026-09-05,company-credit-ps4-pal-high-additions-1,READY_ADD_MISSING
ps4-assassin%27s-creed-odyssey-limited-edition,Assassin's Creed Odyssey [Limited Edition],PAL España,standard,assassin s creed odyssey,assassin s creed odyssey,EDITION_VARIANT,DEVELOPER,developer,Ubisoft Quebec,ubisoft-quebec,Ubisoft Quebec,EXACT_NAME_OR_ALIAS,,ADD_MISSING,HIGH,NO,EXACT_PHYSICAL_EDITION | GAME_WORK | GAME_WORK_OR_PS4_RELEASE | PS4_RELEASE,4,LAUNCHBOX_GAMES_DB | PRICECHARTING_EXACT_PAL_PAGE | STEAM_STORE | WIKIPEDIA_PS4_LIST,B_EXACT_PHYSICAL | B_OTHER_PLATFORM | B_PS4_RELEASE | C_DISCOVERY,https://www.pricecharting.com/game/pal-playstation-4/assassin%27s-creed-odyssey-limited-edition | https://en.wikipedia.org/wiki/List_of_PlayStation_4_games_(A%E2%80%93L) | https://store.steampowered.com/app/812140 | https://gamesdb.launchbox-app.com/games/details/160210,"La ficha enlazada de la edición física PAL atribuye el desarrollo a esta compañía. | La lista específica de PS4 atribuye el desarrollo a esta compañía. | La ficha comercial de Steam confirma la desarrolladora de la obra, no necesariamente el port de PS4. | LaunchBox registra esta desarrolladora para su ficha de PS4.",No propagar a ports o compilaciones sin comprobar sus créditos propios.,,,,,Ubisoft Quebec,ubisoft-quebec,official,2026-09-05,company-credit-ps4-pal-high-additions-1,READY_ADD_MISSING
ps4-assassin%27s-creed-odyssey-omega-edition,Assassin's Creed Odyssey [Omega Edition],PAL España,standard,assassin s creed odyssey,assassin s creed odyssey,GAME_OR_UNKNOWN,DEVELOPER,developer,Ubisoft Quebec,ubisoft-quebec,Ubisoft Quebec,EXACT_NAME_OR_ALIAS,,ADD_MISSING,HIGH,NO,GAME_WORK | GAME_WORK_OR_PS4_RELEASE | PS4_RELEASE,3,LAUNCHBOX_GAMES_DB | STEAM_STORE | WIKIPEDIA_PS4_LIST,B_OTHER_PLATFORM | B_PS4_RELEASE | C_DISCOVERY,https://en.wikipedia.org/wiki/List_of_PlayStation_4_games_(A%E2%80%93L) | https://store.steampowered.com/app/812140 | https://gamesdb.launchbox-app.com/games/details/160210,"La lista específica de PS4 atribuye el desarrollo a esta compañía. | La ficha comercial de Steam confirma la desarrolladora de la obra, no necesariamente el port de PS4. | LaunchBox registra esta desarrolladora para su ficha de PS4.",No propagar a ports o compilaciones sin comprobar sus créditos propios.,,,CUSA09303_00,,Ubisoft Quebec,ubisoft-quebec,official,2026-09-05,company-credit-ps4-pal-high-additions-1,READY_ADD_MISSING
ps4-assassin%27s-creed-odyssey-spartan-edition,Assassin's Creed Odyssey [Spartan Edition],PAL España,standard,assassin s creed odyssey,assassin s creed odyssey,GAME_OR_UNKNOWN,DEVELOPER,developer,Ubisoft Quebec,ubisoft-quebec,Ubisoft Quebec,EXACT_NAME_OR_ALIAS,,ADD_MISSING,HIGH,NO,GAME_WORK | GAME_WORK_OR_PS4_RELEASE | PS4_RELEASE,3,LAUNCHBOX_GAMES_DB | STEAM_STORE | WIKIPEDIA_PS4_LIST,B_OTHER_PLATFORM | B_PS4_RELEASE | C_DISCOVERY,https://en.wikipedia.org/wiki/List_of_PlayStation_4_games_(A%E2%80%93L) | https://store.steampowered.com/app/812140 | https://gamesdb.launchbox-app.com/games/details/160210,"La lista específica de PS4 atribuye el desarrollo a esta compañía. | La ficha comercial de Steam confirma la desarrolladora de la obra, no necesariamente el port de PS4. | LaunchBox registra esta desarrolladora para su ficha de PS4.",No propagar a ports o compilaciones sin comprobar sus créditos propios.,,,,,Ubisoft Quebec,ubisoft-quebec,official,2026-09-05,company-credit-ps4-pal-high-additions-1,READY_ADD_MISSING
ps4-assassin%27s-creed-syndicate-big-ben-edition,Assassin's Creed Syndicate [Big Ben Edition],PAL España,standard,assassin s creed syndicate,assassin s creed syndicate,GAME_OR_UNKNOWN,DEVELOPER,developer,Ubisoft Quebec,ubisoft-quebec,Ubisoft Quebec,EXACT_NAME_OR_ALIAS,,ADD_MISSING,HIGH,NO,GAME_WORK | GAME_WORK_OR_PS4_RELEASE | PS4_RELEASE,4,LAUNCHBOX_GAMES_DB | STEAM_STORE | WIKIDATA | WIKIPEDIA_PS4_LIST,B_OTHER_PLATFORM | B_PS4_RELEASE | C_DISCOVERY,https://en.wikipedia.org/wiki/List_of_PlayStation_4_games_(A%E2%80%93L) | https://store.steampowered.com/app/368500 | https://www.wikidata.org/wiki/Q18602166 | https://gamesdb.launchbox-app.com/games/details/32131,"La lista específica de PS4 atribuye el desarrollo a esta compañía. | La ficha comercial de Steam confirma la desarrolladora de la obra, no necesariamente el port de PS4. | Wikidata registra la compañía como desarrolladora. | LaunchBox registra esta desarrolladora para su ficha de PS4.",No propagar a ports o compilaciones sin comprobar sus créditos propios.,,,,,Ubisoft Quebec,ubisoft-quebec,official,2026-09-05,company-credit-ps4-pal-high-additions-1,READY_ADD_MISSING
ps4-assassin%27s-creed-syndicate-charing-cross-edition,Assassin's Creed Syndicate [Charing Cross Edition],PAL España,standard,assassin s creed syndicate,assassin s creed syndicate,GAME_OR_UNKNOWN,DEVELOPER,developer,Ubisoft Quebec,ubisoft-quebec,Ubisoft Quebec,EXACT_NAME_OR_ALIAS,,ADD_MISSING,HIGH,NO,GAME_WORK | GAME_WORK_OR_PS4_RELEASE | PS4_RELEASE,4,LAUNCHBOX_GAMES_DB | STEAM_STORE | WIKIDATA | WIKIPEDIA_PS4_LIST,B_OTHER_PLATFORM | B_PS4_RELEASE | C_DISCOVERY,https://en.wikipedia.org/wiki/List_of_PlayStation_4_games_(A%E2%80%93L) | https://store.steampowered.com/app/368500 | https://www.wikidata.org/wiki/Q18602166 | https://gamesdb.launchbox-app.com/games/details/32131,"La lista específica de PS4 atribuye el desarrollo a esta compañía. | La ficha comercial de Steam confirma la desarrolladora de la obra, no necesariamente el port de PS4. | Wikidata registra la compañía como desarrolladora. | LaunchBox registra esta desarrolladora para su ficha de PS4.",No propagar a ports o compilaciones sin comprobar sus créditos propios.,,,,,Ubisoft Quebec,ubisoft-quebec,official,2026-09-05,company-credit-ps4-pal-high-additions-1,READY_ADD_MISSING
ps4-assassin%27s-creed-syndicate-limited-steelbook-edition,Assassin's Creed Syndicate [Limited Steelbook Edition],PAL España,standard,assassin s creed syndicate,assassin s creed syndicate,EDITION_VARIANT,DEVELOPER,developer,Ubisoft Quebec,ubisoft-quebec,Ubisoft Quebec,EXACT_NAME_OR_ALIAS,,ADD_MISSING,HIGH,NO,GAME_WORK | GAME_WORK_OR_PS4_RELEASE | PS4_RELEASE,4,LAUNCHBOX_GAMES_DB | STEAM_STORE | WIKIDATA | WIKIPEDIA_PS4_LIST,B_OTHER_PLATFORM | B_PS4_RELEASE | C_DISCOVERY,https://en.wikipedia.org/wiki/List_of_PlayStation_4_games_(A%E2%80%93L) | https://store.steampowered.com/app/368500 | https://www.wikidata.org/wiki/Q18602166 | https://gamesdb.launchbox-app.com/games/details/32131,"La lista específica de PS4 atribuye el desarrollo a esta compañía. | La ficha comercial de Steam confirma la desarrolladora de la obra, no necesariamente el port de PS4. | Wikidata registra la compañía como desarrolladora. | LaunchBox registra esta desarrolladora para su ficha de PS4.",No propagar a ports o compilaciones sin comprobar sus créditos propios.,,,,,Ubisoft Quebec,ubisoft-quebec,official,2026-09-05,company-credit-ps4-pal-high-additions-1,READY_ADD_MISSING
ps4-assassin%27s-creed-syndicate-playstation-hits,Assassin's Creed Syndicate [Playstation Hits],PAL España,standard,assassin s creed syndicate,assassin s creed syndicate,EDITION_VARIANT,DEVELOPER,developer,Ubisoft Quebec,ubisoft-quebec,Ubisoft Quebec,EXACT_NAME_OR_ALIAS,,ADD_MISSING,HIGH,NO,GAME_WORK | GAME_WORK_OR_PS4_RELEASE | PS4_RELEASE,4,LAUNCHBOX_GAMES_DB | STEAM_STORE | WIKIDATA | WIKIPEDIA_PS4_LIST,B_OTHER_PLATFORM | B_PS4_RELEASE | C_DISCOVERY,https://en.wikipedia.org/wiki/List_of_PlayStation_4_games_(A%E2%80%93L) | https://store.steampowered.com/app/368500 | https://www.wikidata.org/wiki/Q18602166 | https://gamesdb.launchbox-app.com/games/details/32131,"La lista específica de PS4 atribuye el desarrollo a esta compañía. | La ficha comercial de Steam confirma la desarrolladora de la obra, no necesariamente el port de PS4. | Wikidata registra la compañía como desarrolladora. | LaunchBox registra esta desarrolladora para su ficha de PS4.",No propagar a ports o compilaciones sin comprobar sus créditos propios.,,,,,Ubisoft Quebec,ubisoft-quebec,official,2026-09-05,company-credit-ps4-pal-high-additions-1,READY_ADD_MISSING
ps4-assassin%27s-creed-syndicate-special-edition,Assassin's Creed Syndicate [Special Edition],PAL España,standard,assassin s creed syndicate,assassin s creed syndicate,EDITION_VARIANT,DEVELOPER,developer,Ubisoft Quebec,ubisoft-quebec,Ubisoft Quebec,EXACT_NAME_OR_ALIAS,,ADD_MISSING,HIGH,NO,GAME_WORK | GAME_WORK_OR_PS4_RELEASE | PS4_RELEASE,4,LAUNCHBOX_GAMES_DB | STEAM_STORE | WIKIDATA | WIKIPEDIA_PS4_LIST,B_OTHER_PLATFORM | B_PS4_RELEASE | C_DISCOVERY,https://en.wikipedia.org/wiki/List_of_PlayStation_4_games_(A%E2%80%93L) | https://store.steampowered.com/app/368500 | https://www.wikidata.org/wiki/Q18602166 | https://gamesdb.launchbox-app.com/games/details/32131,"La lista específica de PS4 atribuye el desarrollo a esta compañía. | La ficha comercial de Steam confirma la desarrolladora de la obra, no necesariamente el port de PS4. | Wikidata registra la compañía como desarrolladora. | LaunchBox registra esta desarrolladora para su ficha de PS4.",No propagar a ports o compilaciones sin comprobar sus créditos propios.,,,,,Ubisoft Quebec,ubisoft-quebec,official,2026-09-05,company-credit-ps4-pal-high-additions-1,READY_ADD_MISSING
ps4-assassin%27s-creed-syndicate-steelbook-edition,Assassin's Creed Syndicate [Steelbook Edition],PAL España,standard,assassin s creed syndicate,assassin s creed syndicate,EDITION_VARIANT,DEVELOPER,developer,Ubisoft Quebec,ubisoft-quebec,Ubisoft Quebec,EXACT_NAME_OR_ALIAS,,ADD_MISSING,HIGH,NO,GAME_WORK | GAME_WORK_OR_PS4_RELEASE | PS4_RELEASE,4,LAUNCHBOX_GAMES_DB | STEAM_STORE | WIKIDATA | WIKIPEDIA_PS4_LIST,B_OTHER_PLATFORM | B_PS4_RELEASE | C_DISCOVERY,https://en.wikipedia.org/wiki/List_of_PlayStation_4_games_(A%E2%80%93L) | https://store.steampowered.com/app/368500 | https://www.wikidata.org/wiki/Q18602166 | https://gamesdb.launchbox-app.com/games/details/32131,"La lista específica de PS4 atribuye el desarrollo a esta compañía. | La ficha comercial de Steam confirma la desarrolladora de la obra, no necesariamente el port de PS4. | Wikidata registra la compañía como desarrolladora. | LaunchBox registra esta desarrolladora para su ficha de PS4.",No propagar a ports o compilaciones sin comprobar sus créditos propios.,,,,,Ubisoft Quebec,ubisoft-quebec,official,2026-09-05,company-credit-ps4-pal-high-additions-1,READY_ADD_MISSING
ps4-assassin%27s-creed-syndicate-the-rooks-edition,Assassin's Creed Syndicate [The Rooks Edition],PAL España,standard,assassin s creed syndicate,assassin s creed syndicate,GAME_OR_UNKNOWN,DEVELOPER,developer,Ubisoft Quebec,ubisoft-quebec,Ubisoft Quebec,EXACT_NAME_OR_ALIAS,,ADD_MISSING,HIGH,NO,GAME_WORK | GAME_WORK_OR_PS4_RELEASE | PS4_RELEASE,4,LAUNCHBOX_GAMES_DB | STEAM_STORE | WIKIDATA | WIKIPEDIA_PS4_LIST,B_OTHER_PLATFORM | B_PS4_RELEASE | C_DISCOVERY,https://en.wikipedia.org/wiki/List_of_PlayStation_4_games_(A%E2%80%93L) | https://store.steampowered.com/app/368500 | https://www.wikidata.org/wiki/Q18602166 | https://gamesdb.launchbox-app.com/games/details/32131,"La lista específica de PS4 atribuye el desarrollo a esta compañía. | La ficha comercial de Steam confirma la desarrolladora de la obra, no necesariamente el port de PS4. | Wikidata registra la compañía como desarrolladora. | LaunchBox registra esta desarrolladora para su ficha de PS4.",No propagar a ports o compilaciones sin comprobar sus créditos propios.,,,,,Ubisoft Quebec,ubisoft-quebec,official,2026-09-05,company-credit-ps4-pal-high-additions-1,READY_ADD_MISSING
ps4-assassin%27s-creed-valhalla-collector%27s-edition,Assassin's Creed Valhalla [Collector's Edition],PAL España,standard,assassin s creed valhalla,assassin s creed valhalla,EDITION_VARIANT,DEVELOPER,developer,Ubisoft Montreal,ubisoft-montreal,Ubisoft Montreal,EXACT_NAME_OR_ALIAS,,ADD_MISSING,HIGH,NO,GAME_WORK | GAME_WORK_OR_PS4_RELEASE | PS4_RELEASE,3,LAUNCHBOX_GAMES_DB | STEAM_STORE | WIKIPEDIA_PS4_LIST,B_OTHER_PLATFORM | B_PS4_RELEASE | C_DISCOVERY,https://en.wikipedia.org/wiki/List_of_PlayStation_4_games_(A%E2%80%93L) | https://store.steampowered.com/app/2208920 | https://gamesdb.launchbox-app.com/games/details/474278,"La lista específica de PS4 atribuye el desarrollo a esta compañía. | La ficha comercial de Steam confirma la desarrolladora de la obra, no necesariamente el port de PS4. | LaunchBox registra esta desarrolladora para su ficha de PS4.",No propagar a ports o compilaciones sin comprobar sus créditos propios.,,,,,Ubisoft Montreal,ubisoft-montreal,official,2026-09-05,company-credit-ps4-pal-high-additions-1,READY_ADD_MISSING
ps4-assassin%27s-creed-valhalla-drakkar-edition,Assassin's Creed Valhalla [Drakkar Edition],PAL España,standard,assassin s creed valhalla,assassin s creed valhalla,GAME_OR_UNKNOWN,DEVELOPER,developer,Ubisoft Montreal,ubisoft-montreal,Ubisoft Montreal,EXACT_NAME_OR_ALIAS,,ADD_MISSING,HIGH,NO,GAME_WORK | GAME_WORK_OR_PS4_RELEASE | PS4_RELEASE,3,LAUNCHBOX_GAMES_DB | STEAM_STORE | WIKIPEDIA_PS4_LIST,B_OTHER_PLATFORM | B_PS4_RELEASE | C_DISCOVERY,https://en.wikipedia.org/wiki/List_of_PlayStation_4_games_(A%E2%80%93L) | https://store.steampowered.com/app/2208920 | https://gamesdb.launchbox-app.com/games/details/474278,"La lista específica de PS4 atribuye el desarrollo a esta compañía. | La ficha comercial de Steam confirma la desarrolladora de la obra, no necesariamente el port de PS4. | LaunchBox registra esta desarrolladora para su ficha de PS4.",No propagar a ports o compilaciones sin comprobar sus créditos propios.,,,,,Ubisoft Montreal,ubisoft-montreal,official,2026-09-05,company-credit-ps4-pal-high-additions-1,READY_ADD_MISSING
ps4-assassin%27s-creed-valhalla-gold-edition,Assassin's Creed Valhalla [Gold Edition],PAL España,standard,assassin s creed valhalla,assassin s creed valhalla,GAME_OR_UNKNOWN,DEVELOPER,developer,Ubisoft Montreal,ubisoft-montreal,Ubisoft Montreal,EXACT_NAME_OR_ALIAS,,ADD_MISSING,HIGH,NO,GAME_WORK | GAME_WORK_OR_PS4_RELEASE | PS4_RELEASE,3,LAUNCHBOX_GAMES_DB | STEAM_STORE | WIKIPEDIA_PS4_LIST,B_OTHER_PLATFORM | B_PS4_RELEASE | C_DISCOVERY,https://en.wikipedia.org/wiki/List_of_PlayStation_4_games_(A%E2%80%93L) | https://store.steampowered.com/app/2208920 | https://gamesdb.launchbox-app.com/games/details/474278,"La lista específica de PS4 atribuye el desarrollo a esta compañía. | La ficha comercial de Steam confirma la desarrolladora de la obra, no necesariamente el port de PS4. | LaunchBox registra esta desarrolladora para su ficha de PS4.",No propagar a ports o compilaciones sin comprobar sus créditos propios.,,,,,Ubisoft Montreal,ubisoft-montreal,official,2026-09-05,company-credit-ps4-pal-high-additions-1,READY_ADD_MISSING
ps4-assassin%27s-creed-valhalla-limited-edition,Assassin's Creed Valhalla [Limited Edition],PAL España,standard,assassin s creed valhalla,assassin s creed valhalla,EDITION_VARIANT,DEVELOPER,developer,Ubisoft Montreal,ubisoft-montreal,Ubisoft Montreal,EXACT_NAME_OR_ALIAS,,ADD_MISSING,HIGH,NO,GAME_WORK | GAME_WORK_OR_PS4_RELEASE | PS4_RELEASE,3,LAUNCHBOX_GAMES_DB | STEAM_STORE | WIKIPEDIA_PS4_LIST,B_OTHER_PLATFORM | B_PS4_RELEASE | C_DISCOVERY,https://en.wikipedia.org/wiki/List_of_PlayStation_4_games_(A%E2%80%93L) | https://store.steampowered.com/app/2208920 | https://gamesdb.launchbox-app.com/games/details/474278,"La lista específica de PS4 atribuye el desarrollo a esta compañía. | La ficha comercial de Steam confirma la desarrolladora de la obra, no necesariamente el port de PS4. | LaunchBox registra esta desarrolladora para su ficha de PS4.",No propagar a ports o compilaciones sin comprobar sus créditos propios.,,,,,Ubisoft Montreal,ubisoft-montreal,official,2026-09-05,company-credit-ps4-pal-high-additions-1,READY_ADD_MISSING
ps4-assassin%27s-creed-valhalla-ultimate-edition,Assassin's Creed Valhalla [Ultimate Edition],PAL España,standard,assassin s creed valhalla,assassin s creed valhalla,EDITION_VARIANT,DEVELOPER,developer,Ubisoft Montreal,ubisoft-montreal,Ubisoft Montreal,EXACT_NAME_OR_ALIAS,,ADD_MISSING,HIGH,NO,GAME_WORK | GAME_WORK_OR_PS4_RELEASE | PS4_RELEASE,3,LAUNCHBOX_GAMES_DB | STEAM_STORE | WIKIPEDIA_PS4_LIST,B_OTHER_PLATFORM | B_PS4_RELEASE | C_DISCOVERY,https://en.wikipedia.org/wiki/List_of_PlayStation_4_games_(A%E2%80%93L) | https://store.steampowered.com/app/2208920 | https://gamesdb.launchbox-app.com/games/details/474278,"La lista específica de PS4 atribuye el desarrollo a esta compañía. | La ficha comercial de Steam confirma la desarrolladora de la obra, no necesariamente el port de PS4. | LaunchBox registra esta desarrolladora para su ficha de PS4.",No propagar a ports o compilaciones sin comprobar sus créditos propios.,,,,,Ubisoft Montreal,ubisoft-montreal,official,2026-09-05,company-credit-ps4-pal-high-additions-1,READY_ADD_MISSING
ps4-assetto-corsa-ultimate-edition,Assetto Corsa [Ultimate Edition],PAL España,standard,assetto corsa,assetto corsa,EDITION_VARIANT,PHYSICAL_PUBLISHER_OR_DISTRIBUTOR,publisher,505 Games,505-games,505 Games,EXACT_NAME_OR_ALIAS,,ADD_MISSING,HIGH,NO,EXACT_PHYSICAL_EDITION | PAL_RELEASE,2,PRICECHARTING_EXACT_PAL_PAGE | WIKIPEDIA_PS4_LIST_PAL,B_EXACT_PHYSICAL | B_PAL_RELEASE,https://www.pricecharting.com/game/pal-playstation-4/assetto-corsa-ultimate-edition | https://en.wikipedia.org/wiki/List_of_PlayStation_4_games_(A%E2%80%93L),La ficha exacta de la edición física PAL etiqueta a esta compañía como Publisher; puede representar publicación o distribución física. | La columna PAL de la lista de PS4 atribuye la publicación a esta compañía.,Confirmar si la etiqueta Publisher representa publicación o distribución en la caja PAL.,,,,,505 Games,505-games,pricecharting,2026-09-05,company-credit-ps4-pal-high-additions-1,READY_ADD_MISSING
ps4-asterix-&amp;-obelix-slap-them-all,Asterix & Obelix Slap Them All,PAL España,standard,asterix and obelix slap them all,asterix and obelix slap them all,GAME_OR_UNKNOWN,PHYSICAL_PUBLISHER_OR_DISTRIBUTOR,publisher,Microids,microids,Microids,EXACT_NAME_OR_ALIAS,,ADD_MISSING,HIGH,NO,EXACT_PHYSICAL_EDITION | PAL_RELEASE,2,PRICECHARTING_EXACT_PAL_PAGE | WIKIPEDIA_PS4_LIST_PAL,B_EXACT_PHYSICAL | B_PAL_RELEASE,https://www.pricecharting.com/game/pal-playstation-4/asterix-&-obelix-slap-them-all | https://en.wikipedia.org/wiki/List_of_PlayStation_4_games_(A%E2%80%93L),La ficha exacta de la edición física PAL etiqueta a esta compañía como Publisher; puede representar publicación o distribución física. | La columna PAL de la lista de PS4 atribuye la publicación a esta compañía.,Confirmar si la etiqueta Publisher representa publicación o distribución en la caja PAL.,,CUSA23755_00,,,Microids,microids,pricecharting,2026-09-05,company-credit-ps4-pal-high-additions-1,READY_ADD_MISSING
ps4-asterix-&amp;-obelix-slap-them-all-limited-edition,Asterix & Obelix Slap Them All [Limited Edition],PAL España,standard,asterix and obelix slap them all,asterix and obelix slap them all,EDITION_VARIANT,PHYSICAL_PUBLISHER_OR_DISTRIBUTOR,publisher,Microids,microids,Microids,EXACT_NAME_OR_ALIAS,,ADD_MISSING,HIGH,NO,EXACT_PHYSICAL_EDITION | PAL_RELEASE,2,PRICECHARTING_EXACT_PAL_PAGE | WIKIPEDIA_PS4_LIST_PAL,B_EXACT_PHYSICAL | B_PAL_RELEASE,https://www.pricecharting.com/game/pal-playstation-4/asterix-&-obelix-slap-them-all-limited-edition | https://en.wikipedia.org/wiki/List_of_PlayStation_4_games_(A%E2%80%93L),La ficha exacta de la edición física PAL etiqueta a esta compañía como Publisher; puede representar publicación o distribución física. | La columna PAL de la lista de PS4 atribuye la publicación a esta compañía.,Confirmar si la etiqueta Publisher representa publicación o distribución en la caja PAL.,,,,,Microids,microids,pricecharting,2026-09-05,company-credit-ps4-pal-high-additions-1,READY_ADD_MISSING
ps4-asterix-&amp;-obelix-slap-them-all-ultra-collector%27s-edition,Asterix & Obelix Slap Them All [Ultra Collector's Edition],PAL España,standard,asterix and obelix slap them all,asterix and obelix slap them all,EDITION_VARIANT,PHYSICAL_PUBLISHER_OR_DISTRIBUTOR,publisher,Microids,microids,Microids,EXACT_NAME_OR_ALIAS,,ADD_MISSING,HIGH,NO,EXACT_PHYSICAL_EDITION | PAL_RELEASE,2,PRICECHARTING_EXACT_PAL_PAGE | WIKIPEDIA_PS4_LIST_PAL,B_EXACT_PHYSICAL | B_PAL_RELEASE,https://www.pricecharting.com/game/pal-playstation-4/asterix-&-obelix-slap-them-all-ultra-collector%27s-edition | https://en.wikipedia.org/wiki/List_of_PlayStation_4_games_(A%E2%80%93L),La ficha exacta de la edición física PAL etiqueta a esta compañía como Publisher; puede representar publicación o distribución física. | La columna PAL de la lista de PS4 atribuye la publicación a esta compañía.,Confirmar si la etiqueta Publisher representa publicación o distribución en la caja PAL.,,,,,Microids,microids,pricecharting,2026-09-05,company-credit-ps4-pal-high-additions-1,READY_ADD_MISSING
ps4-asterix-&amp;-obelix-xxl-3-the-crystal-menhir-limited-edition,Asterix & Obelix XXL 3: The Crystal Menhir [Limited Edition],PAL España,standard,asterix and obelix xxl 3 the crystal menhir,asterix and obelix xxl 3 the crystal menhir,EDITION_VARIANT,DEVELOPER,developer,OSome Studio,osome-studio,OSome Studio,EXACT_NAME_OR_ALIAS,,ADD_MISSING,HIGH,NO,EXACT_PHYSICAL_EDITION | GAME_WORK | GAME_WORK_OR_PS4_RELEASE,3,PRICECHARTING_EXACT_PAL_PAGE | STEAM_STORE | WIKIPEDIA_PS4_LIST,B_EXACT_PHYSICAL | B_OTHER_PLATFORM | B_PS4_RELEASE,https://www.pricecharting.com/game/pal-playstation-4/asterix-&-obelix-xxl-3-the-crystal-menhir-limited-edition | https://en.wikipedia.org/wiki/List_of_PlayStation_4_games_(A%E2%80%93L) | https://store.steampowered.com/app/1109690,"La ficha enlazada de la edición física PAL atribuye el desarrollo a esta compañía. | La lista específica de PS4 atribuye el desarrollo a esta compañía. | La ficha comercial de Steam confirma la desarrolladora de la obra, no necesariamente el port de PS4.",No propagar a ports o compilaciones sin comprobar sus créditos propios.,,,,,OSome Studio,osome-studio,official,2026-09-05,company-credit-ps4-pal-high-additions-1,READY_ADD_MISSING
ps4-asterix-&amp;-obelix-xxl-romastered,Asterix & Obelix XXL: Romastered,PAL España,standard,asterix and obelix xxl romastered,asterix and obelix xxl romastered,GAME_OR_UNKNOWN,DEVELOPER,developer,OSome Studio,osome-studio,OSome Studio,EXACT_NAME_OR_ALIAS,,ADD_MISSING,HIGH,NO,EXACT_PHYSICAL_EDITION | GAME_WORK | GAME_WORK_OR_PS4_RELEASE,3,PRICECHARTING_EXACT_PAL_PAGE | STEAM_STORE | WIKIPEDIA_PS4_LIST,B_EXACT_PHYSICAL | B_OTHER_PLATFORM | B_PS4_RELEASE,https://www.pricecharting.com/game/pal-playstation-4/asterix-&-obelix-xxl-romastered | https://en.wikipedia.org/wiki/List_of_PlayStation_4_games_(A%E2%80%93L) | https://store.steampowered.com/app/1261520,"La ficha enlazada de la edición física PAL atribuye el desarrollo a esta compañía. | La lista específica de PS4 atribuye el desarrollo a esta compañía. | La ficha comercial de Steam confirma la desarrolladora de la obra, no necesariamente el port de PS4.",No propagar a ports o compilaciones sin comprobar sus créditos propios.,,CUSA19527_00,,,OSome Studio,osome-studio,official,2026-09-05,company-credit-ps4-pal-high-additions-1,READY_ADD_MISSING
ps4-asterix-&amp;-obelix-xxl-romastered,Asterix & Obelix XXL: Romastered,PAL España,standard,asterix and obelix xxl romastered,asterix and obelix xxl romastered,GAME_OR_UNKNOWN,PHYSICAL_PUBLISHER_OR_DISTRIBUTOR,publisher,Microids,microids,Microids,EXACT_NAME_OR_ALIAS,,ADD_MISSING,HIGH,NO,EXACT_PHYSICAL_EDITION | PAL_RELEASE,2,PRICECHARTING_EXACT_PAL_PAGE | WIKIPEDIA_PS4_LIST_PAL,B_EXACT_PHYSICAL | B_PAL_RELEASE,https://www.pricecharting.com/game/pal-playstation-4/asterix-&-obelix-xxl-romastered | https://en.wikipedia.org/wiki/List_of_PlayStation_4_games_(A%E2%80%93L),La ficha exacta de la edición física PAL etiqueta a esta compañía como Publisher; puede representar publicación o distribución física. | La columna PAL de la lista de PS4 atribuye la publicación a esta compañía.,Confirmar si la etiqueta Publisher representa publicación o distribución en la caja PAL.,,CUSA19527_00,,,Microids,microids,pricecharting,2026-09-05,company-credit-ps4-pal-high-additions-1,READY_ADD_MISSING
ps4-asterix-&amp;-obelix-xxl2,Asterix & Obelix XXL2,PAL España,standard,asterix and obelix xxl2,asterix and obelix xxl2,GAME_OR_UNKNOWN,DEVELOPER,developer,OSome Studio,osome-studio,Osome Studio,EXACT_NAME_OR_ALIAS,,ADD_MISSING,HIGH,NO,EXACT_PHYSICAL_EDITION | MATCHED_PS4_PRODUCT,2,PLAYSTATION_STORE_EXPLICIT_CREDIT | PRICECHARTING_EXACT_PAL_PAGE,A_OFFICIAL_MATCHED_TITLE_CREDIT | B_EXACT_PHYSICAL,https://store.playstation.com/es-es/product/EP4295-CUSA13367_00-ASTERIXXXL2EUR00 | https://www.pricecharting.com/game/pal-playstation-4/asterix-&-obelix-xxl2,Developed by Osome Studio | La ficha enlazada de la edición física PAL atribuye el desarrollo a esta compañía.,No propagar a ports o compilaciones sin comprobar sus créditos propios.,,,,,OSome Studio,osome-studio,official,2026-09-05,company-credit-ps4-pal-high-additions-1,READY_ADD_MISSING
ps4-asterix-&amp;-obelix-xxl2-collector%27s-edition,Asterix & Obelix XXL2 [Collector's Edition],PAL España,standard,asterix and obelix xxl2,asterix and obelix xxl2,EDITION_VARIANT,DEVELOPER,developer,OSome Studio,osome-studio,Osome Studio,EXACT_NAME_OR_ALIAS,,ADD_MISSING,HIGH,NO,MATCHED_PS4_PRODUCT,1,PLAYSTATION_STORE_EXPLICIT_CREDIT,A_OFFICIAL_MATCHED_TITLE_CREDIT,https://store.playstation.com/es-es/product/EP4295-CUSA13367_00-ASTERIXXXL2EUR00,Developed by Osome Studio,No propagar a ports o compilaciones sin comprobar sus créditos propios.,,,,,OSome Studio,osome-studio,official,2026-09-05,company-credit-ps4-pal-high-additions-1,READY_ADD_MISSING
ps4-asterix-&amp;-obelix-xxl2-limited-edition,Asterix & Obelix XXL2 [Limited Edition],PAL España,standard,asterix and obelix xxl2,asterix and obelix xxl2,EDITION_VARIANT,DEVELOPER,developer,OSome Studio,osome-studio,Osome Studio,EXACT_NAME_OR_ALIAS,,ADD_MISSING,HIGH,NO,MATCHED_PS4_PRODUCT,1,PLAYSTATION_STORE_EXPLICIT_CREDIT,A_OFFICIAL_MATCHED_TITLE_CREDIT,https://store.playstation.com/es-es/product/EP4295-CUSA13367_00-ASTERIXXXL2EUR00,Developed by Osome Studio,No propagar a ports o compilaciones sin comprobar sus créditos propios.,,,,,OSome Studio,osome-studio,official,2026-09-05,company-credit-ps4-pal-high-additions-1,READY_ADD_MISSING
ps4-asterix-&amp;-obelix-xxxl-the-ram-from-hibernia-collector%27s-edition,Asterix & Obelix XXXL: The Ram From Hibernia [Collector's Edition],PAL España,standard,asterix and obelix xxxl the ram from hibernia,asterix and obelix xxxl the ram from hibernia,EDITION_VARIANT,DEVELOPER,developer,OSome Studio,osome-studio,OSome Studio,EXACT_NAME_OR_ALIAS,,ADD_MISSING,HIGH,NO,GAME_WORK | GAME_WORK_OR_PS4_RELEASE | PS4_RELEASE,4,LAUNCHBOX_GAMES_DB | STEAM_STORE | WIKIDATA | WIKIPEDIA_PS4_LIST,B_OTHER_PLATFORM | B_PS4_RELEASE | C_DISCOVERY,https://en.wikipedia.org/wiki/List_of_PlayStation_4_games_(A%E2%80%93L) | https://store.steampowered.com/app/1894730 | https://www.wikidata.org/wiki/Q116897217 | https://gamesdb.launchbox-app.com/games/details/475414,"La lista específica de PS4 atribuye el desarrollo a esta compañía. | La ficha comercial de Steam confirma la desarrolladora de la obra, no necesariamente el port de PS4. | Wikidata registra la compañía como desarrolladora. | LaunchBox registra esta desarrolladora para su ficha de PS4.",No propagar a ports o compilaciones sin comprobar sus créditos propios.,,,,,OSome Studio,osome-studio,official,2026-09-05,company-credit-ps4-pal-high-additions-1,READY_ADD_MISSING
ps4-asterix-&amp;-obelix-xxxl-the-ram-from-hibernia-limited-edition,Asterix & Obelix XXXL: The Ram from Hibernia [Limited Edition],PAL España,standard,asterix and obelix xxxl the ram from hibernia,asterix and obelix xxxl the ram from hibernia,EDITION_VARIANT,DEVELOPER,developer,OSome Studio,osome-studio,OSome Studio,EXACT_NAME_OR_ALIAS,,ADD_MISSING,HIGH,NO,GAME_WORK | GAME_WORK_OR_PS4_RELEASE | PS4_RELEASE,4,LAUNCHBOX_GAMES_DB | STEAM_STORE | WIKIDATA | WIKIPEDIA_PS4_LIST,B_OTHER_PLATFORM | B_PS4_RELEASE | C_DISCOVERY,https://en.wikipedia.org/wiki/List_of_PlayStation_4_games_(A%E2%80%93L) | https://store.steampowered.com/app/1894730 | https://www.wikidata.org/wiki/Q116897217 | https://gamesdb.launchbox-app.com/games/details/475414,"La lista específica de PS4 atribuye el desarrollo a esta compañía. | La ficha comercial de Steam confirma la desarrolladora de la obra, no necesariamente el port de PS4. | Wikidata registra la compañía como desarrolladora. | LaunchBox registra esta desarrolladora para su ficha de PS4.",No propagar a ports o compilaciones sin comprobar sus créditos propios.,,,,,OSome Studio,osome-studio,official,2026-09-05,company-credit-ps4-pal-high-additions-1,READY_ADD_MISSING
ps4-atelier-ryza-3-alchemist-of-the-end-&amp;-the-secret-key-special-collection-box,Atelier Ryza 3: Alchemist Of The End & The Secret Key [Special Collection Box],PAL España,standard,atelier ryza 3 alchemist of the end and the secret key,atelier ryza 3 alchemist of the end and the secret key special collection box,EDITION_VARIANT,PHYSICAL_PUBLISHER_OR_DISTRIBUTOR,publisher,Koei Tecmo,koei-tecmo,Koei Tecmo,EXACT_NAME_OR_ALIAS,,ADD_MISSING,HIGH,NO,EXACT_PHYSICAL_EDITION | PAL_RELEASE,2,PRICECHARTING_EXACT_PAL_PAGE | WIKIPEDIA_PS4_LIST_PAL,B_EXACT_PHYSICAL | B_PAL_RELEASE,https://www.pricecharting.com/game/pal-playstation-4/atelier-ryza-3-alchemist-of-the-end-&-the-secret-key-special-collection-box | https://en.wikipedia.org/wiki/List_of_PlayStation_4_games_(A%E2%80%93L),La ficha exacta de la edición física PAL etiqueta a esta compañía como Publisher; puede representar publicación o distribución física. | La columna PAL de la lista de PS4 atribuye la publicación a esta compañía.,Confirmar si la etiqueta Publisher representa publicación o distribución en la caja PAL.,,,,,Koei Tecmo,koei-tecmo,pricecharting,2026-09-05,company-credit-ps4-pal-high-additions-1,READY_ADD_MISSING
ps4-atelier-yumia-the-alchemist-of-memories-&amp;-the-envisioned-land,Atelier Yumia: The Alchemist Of Memories & The Envisioned Land,PAL España,standard,atelier yumia the alchemist of memories and the envisioned land,atelier yumia the alchemist of memories and the envisioned land,GAME_OR_UNKNOWN,PHYSICAL_PUBLISHER_OR_DISTRIBUTOR,publisher,Koei Tecmo,koei-tecmo,Koei Tecmo,EXACT_NAME_OR_ALIAS,,ADD_MISSING,HIGH,NO,EXACT_PHYSICAL_EDITION,1,PRICECHARTING_EXACT_PAL_PAGE,B_EXACT_PHYSICAL,https://www.pricecharting.com/game/pal-playstation-4/atelier-yumia-the-alchemist-of-memories-&-the-envisioned-land,La ficha exacta de la edición física PAL etiqueta a esta compañía como Publisher; puede representar publicación o distribución física.,Confirmar si la etiqueta Publisher representa publicación o distribución en la caja PAL.,,CUSA50766_00,CUSA50766_00,,Koei Tecmo,koei-tecmo,pricecharting,2026-09-05,company-credit-ps4-pal-high-additions-1,READY_ADD_MISSING
ps4-azur-lane-crosswave-limited-edition,Azur Lane: Crosswave [Limited Edition],PAL España,standard,azur lane crosswave,azur lane crosswave,EDITION_VARIANT,DEVELOPER,developer,Felistella,felistella,Felistella | FELISTELLA,EXACT_NAME_OR_ALIAS,,ADD_MISSING,HIGH,NO,GAME_WORK | GAME_WORK_OR_PS4_RELEASE,2,STEAM_STORE | WIKIPEDIA_PS4_LIST,B_OTHER_PLATFORM | B_PS4_RELEASE,https://en.wikipedia.org/wiki/List_of_PlayStation_4_games_(A%E2%80%93L) | https://store.steampowered.com/app/1150080,"La lista específica de PS4 atribuye el desarrollo a esta compañía. | La ficha comercial de Steam confirma la desarrolladora de la obra, no necesariamente el port de PS4.",No propagar a ports o compilaciones sin comprobar sus créditos propios.,,,,,Felistella,felistella,official,2026-09-05,company-credit-ps4-pal-high-additions-1,READY_ADD_MISSING
ps4-back-4-blood-deluxe-edition,Back 4 Blood [Deluxe Edition],PAL España,standard,back 4 blood,back 4 blood,EDITION_VARIANT,DEVELOPER,developer,Turtle Rock Studios,turtle-rock-studios,Turtle Rock Studios,EXACT_NAME_OR_ALIAS,,ADD_MISSING,HIGH,NO,EXACT_PHYSICAL_EDITION | GAME_WORK | PS4_RELEASE,3,LAUNCHBOX_GAMES_DB | PRICECHARTING_EXACT_PAL_PAGE | STEAM_STORE,B_EXACT_PHYSICAL | B_OTHER_PLATFORM | C_DISCOVERY,https://www.pricecharting.com/game/pal-playstation-4/back-4-blood-deluxe-edition | https://store.steampowered.com/app/924970 | https://gamesdb.launchbox-app.com/games/details/202723,"La ficha enlazada de la edición física PAL atribuye el desarrollo a esta compañía. | La ficha comercial de Steam confirma la desarrolladora de la obra, no necesariamente el port de PS4. | LaunchBox registra esta desarrolladora para su ficha de PS4.",No propagar a ports o compilaciones sin comprobar sus créditos propios.,,,CUSA14253_00,,Turtle Rock Studios,turtle-rock-studios,official,2026-09-05,company-credit-ps4-pal-high-additions-1,READY_ADD_MISSING
ps4-batman-arkham-knight-comic-edition,Batman Arkham Knight [Comic Edition],PAL España,standard,batman arkham knight,batman arkham knight,GAME_OR_UNKNOWN,DEVELOPER,developer,Rocksteady Studios,rocksteady-studios,Rocksteady Studios,EXACT_NAME_OR_ALIAS,,ADD_MISSING,HIGH,NO,GAME_WORK | GAME_WORK_OR_PS4_RELEASE | PS4_RELEASE,4,LAUNCHBOX_GAMES_DB | STEAM_STORE | WIKIDATA | WIKIPEDIA_PS4_LIST,B_OTHER_PLATFORM | B_PS4_RELEASE | C_DISCOVERY,https://en.wikipedia.org/wiki/List_of_PlayStation_4_games_(A%E2%80%93L) | https://store.steampowered.com/app/208650 | https://www.wikidata.org/wiki/Q15891648 | https://gamesdb.launchbox-app.com/games/details/20814,"La lista específica de PS4 atribuye el desarrollo a esta compañía. | La ficha comercial de Steam confirma la desarrolladora de la obra, no necesariamente el port de PS4. | Wikidata registra la compañía como desarrolladora. | LaunchBox registra esta desarrolladora para su ficha de PS4.",No propagar a ports o compilaciones sin comprobar sus créditos propios.,,,,,Rocksteady Studios,rocksteady-studios,official,2026-09-05,company-credit-ps4-pal-high-additions-1,READY_ADD_MISSING
ps4-batman-arkham-knight-game-of-the-year-edition,Batman Arkham Knight [Game of the Year Edition],PAL España,standard,batman arkham knight,batman arkham knight,GAME_OR_UNKNOWN,DEVELOPER,developer,Rocksteady Studios,rocksteady-studios,Rocksteady Studios,EXACT_NAME_OR_ALIAS,,ADD_MISSING,HIGH,NO,EXACT_PHYSICAL_EDITION | GAME_WORK | GAME_WORK_OR_PS4_RELEASE | PS4_RELEASE,5,LAUNCHBOX_GAMES_DB | PRICECHARTING_EXACT_PAL_PAGE | STEAM_STORE | WIKIDATA | WIKIPEDIA_PS4_LIST,B_EXACT_PHYSICAL | B_OTHER_PLATFORM | B_PS4_RELEASE | C_DISCOVERY,https://www.pricecharting.com/game/pal-playstation-4/batman-arkham-knight-game-of-the-year-edition | https://en.wikipedia.org/wiki/List_of_PlayStation_4_games_(A%E2%80%93L) | https://store.steampowered.com/app/208650 | https://www.wikidata.org/wiki/Q15891648 | https://gamesdb.launchbox-app.com/games/details/20814,"La ficha enlazada de la edición física PAL atribuye el desarrollo a esta compañía. | La lista específica de PS4 atribuye el desarrollo a esta compañía. | La ficha comercial de Steam confirma la desarrolladora de la obra, no necesariamente el port de PS4. | Wikidata registra la compañía como desarrolladora. | LaunchBox registra esta desarrolladora para su ficha de PS4.",No propagar a ports o compilaciones sin comprobar sus créditos propios.,,,CUSA00135_00,,Rocksteady Studios,rocksteady-studios,official,2026-09-05,company-credit-ps4-pal-high-additions-1,READY_ADD_MISSING
ps4-batman-arkham-knight-playstation-hits,Batman: Arkham Knight [Playstation Hits],PAL España,standard,batman arkham knight,batman arkham knight,EDITION_VARIANT,DEVELOPER,developer,Rocksteady Studios,rocksteady-studios,Rocksteady Studios,EXACT_NAME_OR_ALIAS,,ADD_MISSING,HIGH,NO,EXACT_PHYSICAL_EDITION | GAME_WORK | GAME_WORK_OR_PS4_RELEASE | PS4_RELEASE,5,LAUNCHBOX_GAMES_DB | PRICECHARTING_EXACT_PAL_PAGE | STEAM_STORE | WIKIDATA | WIKIPEDIA_PS4_LIST,B_EXACT_PHYSICAL | B_OTHER_PLATFORM | B_PS4_RELEASE | C_DISCOVERY,https://www.pricecharting.com/game/pal-playstation-4/batman-arkham-knight-playstation-hits | https://en.wikipedia.org/wiki/List_of_PlayStation_4_games_(A%E2%80%93L) | https://store.steampowered.com/app/208650 | https://www.wikidata.org/wiki/Q15891648 | https://gamesdb.launchbox-app.com/games/details/20814,"La ficha enlazada de la edición física PAL atribuye el desarrollo a esta compañía. | La lista específica de PS4 atribuye el desarrollo a esta compañía. | La ficha comercial de Steam confirma la desarrolladora de la obra, no necesariamente el port de PS4. | Wikidata registra la compañía como desarrolladora. | LaunchBox registra esta desarrolladora para su ficha de PS4.",No propagar a ports o compilaciones sin comprobar sus créditos propios.,,,CUSA00135_00,,Rocksteady Studios,rocksteady-studios,official,2026-09-05,company-credit-ps4-pal-high-additions-1,READY_ADD_MISSING
ps4-batman-arkham-knight-special-edition,Batman Arkham Knight [Special Edition],PAL España,standard,batman arkham knight,batman arkham knight,EDITION_VARIANT,DEVELOPER,developer,Rocksteady Studios,rocksteady-studios,Rocksteady Studios,EXACT_NAME_OR_ALIAS,,ADD_MISSING,HIGH,NO,GAME_WORK | GAME_WORK_OR_PS4_RELEASE | PS4_RELEASE,4,LAUNCHBOX_GAMES_DB | STEAM_STORE | WIKIDATA | WIKIPEDIA_PS4_LIST,B_OTHER_PLATFORM | B_PS4_RELEASE | C_DISCOVERY,https://en.wikipedia.org/wiki/List_of_PlayStation_4_games_(A%E2%80%93L) | https://store.steampowered.com/app/208650 | https://www.wikidata.org/wiki/Q15891648 | https://gamesdb.launchbox-app.com/games/details/20814,"La lista específica de PS4 atribuye el desarrollo a esta compañía. | La ficha comercial de Steam confirma la desarrolladora de la obra, no necesariamente el port de PS4. | Wikidata registra la compañía como desarrolladora. | LaunchBox registra esta desarrolladora para su ficha de PS4.",No propagar a ports o compilaciones sin comprobar sus créditos propios.,,,CUSA00135_00,,Rocksteady Studios,rocksteady-studios,official,2026-09-05,company-credit-ps4-pal-high-additions-1,READY_ADD_MISSING
ps4-batman-arkham-vr,Batman Arkham VR,PAL España,standard,batman arkham vr,batman arkham vr,GAME_OR_UNKNOWN,DEVELOPER,developer,Rocksteady Studios,rocksteady-studios,Rocksteady Studios,EXACT_NAME_OR_ALIAS,,ADD_MISSING,HIGH,NO,GAME_WORK | MATCHED_PS4_PRODUCT | PS4_RELEASE,4,LAUNCHBOX_GAMES_DB | PLAYSTATION_STORE_EXPLICIT_CREDIT | STEAM_STORE | WIKIDATA,A_OFFICIAL_MATCHED_TITLE_CREDIT | B_OTHER_PLATFORM | C_DISCOVERY,https://store.playstation.com/es-es/product/EP1018-CUSA05340_00-ARKHAMVRLT000000 | https://store.steampowered.com/app/502820 | https://www.wikidata.org/wiki/Q27067490 | https://gamesdb.launchbox-app.com/games/details/144620,"Developed by Rocksteady Studios | La ficha comercial de Steam confirma la desarrolladora de la obra, no necesariamente el port de PS4. | Wikidata registra la compañía como desarrolladora. | LaunchBox registra esta desarrolladora para su ficha de PS4.",No propagar a ports o compilaciones sin comprobar sus créditos propios.,,CUSA05335_00,,,Rocksteady Studios,rocksteady-studios,official,2026-09-05,company-credit-ps4-pal-high-additions-1,READY_ADD_MISSING
ps4-battle-chasers-nightwar,Battle Chasers Nightwar,PAL España,standard,battle chasers nightwar,battle chasers nightwar,GAME_OR_UNKNOWN,DEVELOPER,developer,Airship Syndicate,airship-syndicate,Airship Syndicate,EXACT_NAME_OR_ALIAS,,ADD_MISSING,HIGH,NO,GAME_WORK | GAME_WORK_OR_PS4_RELEASE,3,STEAM_STORE | WIKIDATA | WIKIPEDIA_PS4_LIST,B_OTHER_PLATFORM | B_PS4_RELEASE | C_DISCOVERY,https://en.wikipedia.org/wiki/List_of_PlayStation_4_games_(A%E2%80%93L) | https://store.steampowered.com/app/451020 | https://www.wikidata.org/wiki/Q55064858,"La lista específica de PS4 atribuye el desarrollo a esta compañía. | La ficha comercial de Steam confirma la desarrolladora de la obra, no necesariamente el port de PS4. | Wikidata registra la compañía como desarrolladora.",No propagar a ports o compilaciones sin comprobar sus créditos propios.,,CUSA06673_00,,,Airship Syndicate,airship-syndicate,official,2026-09-05,company-credit-ps4-pal-high-additions-1,READY_ADD_MISSING
ps4-battlefield-1-collector%27s-edition,Battlefield 1 [Collector's Edition],PAL España,standard,battlefield 1,battlefield 1,EDITION_VARIANT,PHYSICAL_PUBLISHER_OR_DISTRIBUTOR,publisher,Electronic Arts,electronic-arts,Electronic Arts,EXACT_NAME_OR_ALIAS,,ADD_MISSING,HIGH,NO,EXACT_PHYSICAL_EDITION | PAL_RELEASE,2,PRICECHARTING_EXACT_PAL_PAGE | WIKIPEDIA_PS4_LIST_PAL,B_EXACT_PHYSICAL | B_PAL_RELEASE,https://www.pricecharting.com/game/pal-playstation-4/battlefield-1-collector%27s-edition | https://en.wikipedia.org/wiki/List_of_PlayStation_4_games_(A%E2%80%93L),La ficha exacta de la edición física PAL etiqueta a esta compañía como Publisher; puede representar publicación o distribución física. | La columna PAL de la lista de PS4 atribuye la publicación a esta compañía.,Confirmar si la etiqueta Publisher representa publicación o distribución en la caja PAL.,,,,,Electronic Arts,electronic-arts,pricecharting,2026-09-05,company-credit-ps4-pal-high-additions-1,READY_ADD_MISSING
ps4-battlefield-4-premium-edition,Battlefield 4 [Premium Edition],PAL España,standard,battlefield 4,battlefield 4,EDITION_VARIANT,DEVELOPER,developer,EA Dice,ea-dice,EA Dice | EA DICE,EXACT_NAME_OR_ALIAS,,ADD_MISSING,HIGH,NO,EXACT_PHYSICAL_EDITION | GAME_WORK_OR_PS4_RELEASE,2,PRICECHARTING_EXACT_PAL_PAGE | WIKIPEDIA_PS4_LIST,B_EXACT_PHYSICAL | B_PS4_RELEASE,https://www.pricecharting.com/game/pal-playstation-4/battlefield-4-premium-edition | https://en.wikipedia.org/wiki/List_of_PlayStation_4_games_(A%E2%80%93L),La ficha enlazada de la edición física PAL atribuye el desarrollo a esta compañía. | La lista específica de PS4 atribuye el desarrollo a esta compañía.,No propagar a ports o compilaciones sin comprobar sus créditos propios.,,,CUSA00049_00,,EA Dice,ea-dice,pricecharting,2026-09-05,company-credit-ps4-pal-high-additions-1,READY_ADD_MISSING
ps4-battlefield-4-premium-edition,Battlefield 4 [Premium Edition],PAL España,standard,battlefield 4,battlefield 4,EDITION_VARIANT,PHYSICAL_PUBLISHER_OR_DISTRIBUTOR,publisher,Electronic Arts,electronic-arts,Electronic Arts,EXACT_NAME_OR_ALIAS,,ADD_MISSING,HIGH,NO,EXACT_PHYSICAL_EDITION | PAL_RELEASE,2,PRICECHARTING_EXACT_PAL_PAGE | WIKIPEDIA_PS4_LIST_PAL,B_EXACT_PHYSICAL | B_PAL_RELEASE,https://www.pricecharting.com/game/pal-playstation-4/battlefield-4-premium-edition | https://en.wikipedia.org/wiki/List_of_PlayStation_4_games_(A%E2%80%93L),La ficha exacta de la edición física PAL etiqueta a esta compañía como Publisher; puede representar publicación o distribución física. | La columna PAL de la lista de PS4 atribuye la publicación a esta compañía.,Confirmar si la etiqueta Publisher representa publicación o distribución en la caja PAL.,,,CUSA00049_00,,Electronic Arts,electronic-arts,pricecharting,2026-09-05,company-credit-ps4-pal-high-additions-1,READY_ADD_MISSING
ps4-beast-quest,Beast Quest,PAL España,standard,beast quest,beast quest,GAME_OR_UNKNOWN,DEVELOPER,developer,Torus Games,torus-games,Torus Games,EXACT_NAME_OR_ALIAS,,ADD_MISSING,HIGH,NO,GAME_WORK | GAME_WORK_OR_PS4_RELEASE | PS4_RELEASE,3,LAUNCHBOX_GAMES_DB | STEAM_STORE | WIKIPEDIA_PS4_LIST,B_OTHER_PLATFORM | B_PS4_RELEASE | C_DISCOVERY,https://en.wikipedia.org/wiki/List_of_PlayStation_4_games_(A%E2%80%93L) | https://store.steampowered.com/app/707060 | https://gamesdb.launchbox-app.com/games/details/441312,"La lista específica de PS4 atribuye el desarrollo a esta compañía. | La ficha comercial de Steam confirma la desarrolladora de la obra, no necesariamente el port de PS4. | LaunchBox registra esta desarrolladora para su ficha de PS4.",No propagar a ports o compilaciones sin comprobar sus créditos propios.,,CUSA09044_00,,,Torus Games,torus-games,official,2026-09-05,company-credit-ps4-pal-high-additions-1,READY_ADD_MISSING
ps4-beholder-complete-edition-collector%27s-edition,Beholder Complete Edition [Collector's Edition],PAL España,standard,beholder complete edition,beholder,EDITION_VARIANT,DEVELOPER,developer,Warm Lamp Games,warm-lamp-games,Warm Lamp Games,EXACT_NAME_OR_ALIAS,,ADD_MISSING,HIGH,NO,EXACT_PHYSICAL_EDITION | GAME_WORK_OR_PS4_RELEASE | PS4_RELEASE,3,LAUNCHBOX_GAMES_DB | PRICECHARTING_EXACT_PAL_PAGE | WIKIPEDIA_PS4_LIST,B_EXACT_PHYSICAL | B_PS4_RELEASE | C_DISCOVERY,https://www.pricecharting.com/game/pal-playstation-4/beholder-complete-edition-collector%27s-edition | https://en.wikipedia.org/wiki/List_of_PlayStation_4_games_(A%E2%80%93L) | https://gamesdb.launchbox-app.com/games/details/475514,La ficha enlazada de la edición física PAL atribuye el desarrollo a esta compañía. | La lista específica de PS4 atribuye el desarrollo a esta compañía. | LaunchBox registra esta desarrolladora para su ficha de PS4.,No propagar a ports o compilaciones sin comprobar sus créditos propios.,,,,,Warm Lamp Games,warm-lamp-games,pricecharting,2026-09-05,company-credit-ps4-pal-high-additions-1,READY_ADD_MISSING
ps4-below-special-edition,Below [Special Edition],PAL España,standard,below,below,EDITION_VARIANT,DEVELOPER,developer,Capybara Games,capybara-games,Capybara Games,EXACT_NAME_OR_ALIAS,,ADD_MISSING,HIGH,NO,GAME_WORK | GAME_WORK_OR_PS4_RELEASE,3,STEAM_STORE | WIKIDATA | WIKIPEDIA_PS4_LIST,B_OTHER_PLATFORM | B_PS4_RELEASE | C_DISCOVERY,https://en.wikipedia.org/wiki/List_of_PlayStation_4_games_(A%E2%80%93L) | https://store.steampowered.com/app/250680 | https://www.wikidata.org/wiki/Q16243694,"La lista específica de PS4 atribuye el desarrollo a esta compañía. | La ficha comercial de Steam confirma la desarrolladora de la obra, no necesariamente el port de PS4. | Wikidata registra la compañía como desarrolladora.",No propagar a ports o compilaciones sin comprobar sus créditos propios.,,CUSA37943_00,,,Capybara Games,capybara-games,official,2026-09-05,company-credit-ps4-pal-high-additions-1,READY_ADD_MISSING
ps4-beyond-a-steel-sky-steelbook-edition,Beyond A Steel Sky [Steelbook Edition],PAL España,standard,beyond a steel sky,beyond a steel sky,EDITION_VARIANT,DEVELOPER,developer,Revolution Software,revolution-software,Revolution Software | Revolution Software Ltd,EXACT_NAME_OR_ALIAS,,ADD_MISSING,HIGH,NO,EXACT_PHYSICAL_EDITION | GAME_WORK | GAME_WORK_OR_PS4_RELEASE,4,PRICECHARTING_EXACT_PAL_PAGE | STEAM_STORE | WIKIDATA | WIKIPEDIA_PS4_LIST,B_EXACT_PHYSICAL | B_OTHER_PLATFORM | B_PS4_RELEASE | C_DISCOVERY,https://www.pricecharting.com/game/pal-playstation-4/beyond-a-steel-sky-steelbook-edition | https://en.wikipedia.org/wiki/List_of_PlayStation_4_games_(A%E2%80%93L) | https://store.steampowered.com/app/1146310 | https://www.wikidata.org/wiki/Q96740602,"La ficha enlazada de la edición física PAL atribuye el desarrollo a esta compañía. | La lista específica de PS4 atribuye el desarrollo a esta compañía. | La ficha comercial de Steam confirma la desarrolladora de la obra, no necesariamente el port de PS4. | Wikidata registra la compañía como desarrolladora.",No propagar a ports o compilaciones sin comprobar sus créditos propios.,,,,,Revolution Software,revolution-software,official,2026-09-05,company-credit-ps4-pal-high-additions-1,READY_ADD_MISSING
ps4-beyond-a-steel-sky-steelbook-edition,Beyond A Steel Sky [Steelbook Edition],PAL España,standard,beyond a steel sky,beyond a steel sky,EDITION_VARIANT,PHYSICAL_PUBLISHER_OR_DISTRIBUTOR,publisher,Microids,microids,Microids,EXACT_NAME_OR_ALIAS,,ADD_MISSING,HIGH,NO,EXACT_PHYSICAL_EDITION | PAL_RELEASE,2,PRICECHARTING_EXACT_PAL_PAGE | WIKIPEDIA_PS4_LIST_PAL,B_EXACT_PHYSICAL | B_PAL_RELEASE,https://www.pricecharting.com/game/pal-playstation-4/beyond-a-steel-sky-steelbook-edition | https://en.wikipedia.org/wiki/List_of_PlayStation_4_games_(A%E2%80%93L),La ficha exacta de la edición física PAL etiqueta a esta compañía como Publisher; puede representar publicación o distribución física. | La columna PAL de la lista de PS4 atribuye la publicación a esta compañía.,Confirmar si la etiqueta Publisher representa publicación o distribución en la caja PAL.,,,,,Microids,microids,pricecharting,2026-09-05,company-credit-ps4-pal-high-additions-1,READY_ADD_MISSING
ps4-bibi-&amp;-tina-at-the-horse-farm,Bibi & Tina At The Horse Farm,PAL España,standard,bibi and tina at the horse farm,bibi and tina at the horse farm,GAME_OR_UNKNOWN,DEVELOPER,developer,Independent Arts Software GmbH,independent-arts-software,Independent Arts Software GmbH,EXACT_NAME_OR_ALIAS,,ADD_MISSING,HIGH,NO,MATCHED_PS4_PRODUCT,1,PLAYSTATION_STORE_EXPLICIT_CREDIT,A_OFFICIAL_MATCHED_TITLE_CREDIT,https://store.playstation.com/es-es/product/EP3024-CUSA16797_00-BUTONHORSEFARMEU,Developed by Independent Arts Software GmbH,No propagar a ports o compilaciones sin comprobar sus créditos propios.,,CUSA16752_00,,,Independent Arts Software GmbH,independent-arts-software,official,2026-09-05,company-credit-ps4-pal-high-additions-1,READY_ADD_MISSING
ps4-big-rumble-boxing-creed-champions-day-one-edition,Big Rumble Boxing: Creed Champions [Day One Edition],PAL España,standard,big rumble boxing creed champions,big rumble boxing creed champions,EDITION_VARIANT,DEVELOPER,developer,Survios,survios,Survios,EXACT_NAME_OR_ALIAS,,ADD_MISSING,HIGH,NO,GAME_WORK | GAME_WORK_OR_PS4_RELEASE | MATCHED_PS4_PRODUCT | PS4_RELEASE,5,LAUNCHBOX_GAMES_DB | PLAYSTATION_STORE_EXPLICIT_CREDIT | STEAM_STORE | WIKIDATA | WIKIPEDIA_PS4_LIST,A_OFFICIAL_MATCHED_TITLE_CREDIT | B_OTHER_PLATFORM | B_PS4_RELEASE | C_DISCOVERY,https://store.playstation.com/es-es/product/EP2147-CUSA25617_00-RUMBLERELEASE001 | https://en.wikipedia.org/wiki/List_of_PlayStation_4_games_(A%E2%80%93L) | https://store.steampowered.com/app/1278170 | https://www.wikidata.org/wiki/Q122313805 | https://gamesdb.launchbox-app.com/games/details/211287,"developed and published by Survios, Inc 2021 Survios, Inc Disc version published 2021 by Koch Media GmbH, Gewerbegebiet 1, 6604 Höfen, Austria | La lista específica de PS4 atribuye el desarrollo a esta compañía. | La ficha comercial de Steam confirma la desarrolladora de la obra, no necesariamente el port de PS4. | Wikidata registra la compañía como desarrolladora. | LaunchBox registra esta desarrolladora para su ficha de PS4.",No propagar a ports o compilaciones sin comprobar sus créditos propios.,,,,,Survios,survios,official,2026-09-05,company-credit-ps4-pal-high-additions-1,READY_ADD_MISSING
ps4-blacksad-under-the-skin-limited-edition,Blacksad: Under the Skin [Limited Edition],PAL España,standard,blacksad under the skin,blacksad under the skin,EDITION_VARIANT,PHYSICAL_PUBLISHER_OR_DISTRIBUTOR,publisher,Microids,microids,Microids | Microïds,EXACT_NAME_OR_ALIAS,,ADD_MISSING,HIGH,NO,EXACT_PHYSICAL_EDITION | PAL_RELEASE,2,PRICECHARTING_EXACT_PAL_PAGE | WIKIPEDIA_PS4_LIST_PAL,B_EXACT_PHYSICAL | B_PAL_RELEASE,https://www.pricecharting.com/game/pal-playstation-4/blacksad-under-the-skin-limited-edition | https://en.wikipedia.org/wiki/List_of_PlayStation_4_games_(A%E2%80%93L),La ficha exacta de la edición física PAL etiqueta a esta compañía como Publisher; puede representar publicación o distribución física. | La columna PAL de la lista de PS4 atribuye la publicación a esta compañía.,Confirmar si la etiqueta Publisher representa publicación o distribución en la caja PAL.,,,,,Microids,microids,pricecharting,2026-09-05,company-credit-ps4-pal-high-additions-1,READY_ADD_MISSING
ps4-blasphemous-collector%27s-edition,Blasphemous [Collector's Edition],PAL España,standard,blasphemous,blasphemous,EDITION_VARIANT,DEVELOPER,developer,The Game Kitchen,the-game-kitchen,The Game kitchen | The Game Kitchen,EXACT_NAME_OR_ALIAS,,ADD_MISSING,HIGH,NO,EXACT_PHYSICAL_EDITION | GAME_WORK | GAME_WORK_OR_PS4_RELEASE | PS4_RELEASE,4,LAUNCHBOX_GAMES_DB | PRICECHARTING_EXACT_PAL_PAGE | STEAM_STORE | WIKIPEDIA_PS4_LIST,B_EXACT_PHYSICAL | B_OTHER_PLATFORM | B_PS4_RELEASE | C_DISCOVERY,https://www.pricecharting.com/game/pal-playstation-4/blasphemous-collector%27s-edition | https://en.wikipedia.org/wiki/List_of_PlayStation_4_games_(A%E2%80%93L) | https://store.steampowered.com/app/774361 | https://gamesdb.launchbox-app.com/games/details/208898,"La ficha enlazada de la edición física PAL atribuye el desarrollo a esta compañía. | La lista específica de PS4 atribuye el desarrollo a esta compañía. | La ficha comercial de Steam confirma la desarrolladora de la obra, no necesariamente el port de PS4. | LaunchBox registra esta desarrolladora para su ficha de PS4.",No propagar a ports o compilaciones sin comprobar sus créditos propios.,,,,,The Game Kitchen,the-game-kitchen,official,2026-09-05,company-credit-ps4-pal-high-additions-1,READY_ADD_MISSING
ps4-blasphemous-deluxe-edition,Blasphemous [Deluxe Edition],PAL España,standard,blasphemous,blasphemous,EDITION_VARIANT,DEVELOPER,developer,The Game Kitchen,the-game-kitchen,The Game Kitchen,EXACT_NAME_OR_ALIAS,,ADD_MISSING,HIGH,NO,EXACT_PHYSICAL_EDITION | GAME_WORK | GAME_WORK_OR_PS4_RELEASE | PS4_RELEASE,4,LAUNCHBOX_GAMES_DB | PRICECHARTING_EXACT_PAL_PAGE | STEAM_STORE | WIKIPEDIA_PS4_LIST,B_EXACT_PHYSICAL | B_OTHER_PLATFORM | B_PS4_RELEASE | C_DISCOVERY,https://www.pricecharting.com/game/pal-playstation-4/blasphemous-deluxe-edition | https://en.wikipedia.org/wiki/List_of_PlayStation_4_games_(A%E2%80%93L) | https://store.steampowered.com/app/774361 | https://gamesdb.launchbox-app.com/games/details/208898,"La ficha enlazada de la edición física PAL atribuye el desarrollo a esta compañía. | La lista específica de PS4 atribuye el desarrollo a esta compañía. | La ficha comercial de Steam confirma la desarrolladora de la obra, no necesariamente el port de PS4. | LaunchBox registra esta desarrolladora para su ficha de PS4.",No propagar a ports o compilaciones sin comprobar sus créditos propios.,,,,,The Game Kitchen,the-game-kitchen,official,2026-09-05,company-credit-ps4-pal-high-additions-1,READY_ADD_MISSING
ps4-blasphemous-deluxe-edition,Blasphemous [Deluxe Edition],PAL España,standard,blasphemous,blasphemous,EDITION_VARIANT,PHYSICAL_PUBLISHER_OR_DISTRIBUTOR,publisher,Team17,team17,Team17,EXACT_NAME_OR_ALIAS,,ADD_MISSING,HIGH,NO,EXACT_PHYSICAL_EDITION | PAL_RELEASE,2,PRICECHARTING_EXACT_PAL_PAGE | WIKIPEDIA_PS4_LIST_PAL,B_EXACT_PHYSICAL | B_PAL_RELEASE,https://www.pricecharting.com/game/pal-playstation-4/blasphemous-deluxe-edition | https://en.wikipedia.org/wiki/List_of_PlayStation_4_games_(A%E2%80%93L),La ficha exacta de la edición física PAL etiqueta a esta compañía como Publisher; puede representar publicación o distribución física. | La columna PAL de la lista de PS4 atribuye la publicación a esta compañía.,Confirmar si la etiqueta Publisher representa publicación o distribución en la caja PAL.,,,,,Team17,team17,pricecharting,2026-09-05,company-credit-ps4-pal-high-additions-1,READY_ADD_MISSING
ps4-blazblue-cross-tag-battle,BlazBlue Cross Tag Battle,PAL España,standard,blazblue cross tag battle,blazblue cross tag battle,GAME_OR_UNKNOWN,DEVELOPER,developer,Arc System Works,arc-system-works,Arc System Works,EXACT_NAME_OR_ALIAS,,ADD_MISSING,HIGH,NO,GAME_WORK | GAME_WORK_OR_PS4_RELEASE | PS4_RELEASE,4,LAUNCHBOX_GAMES_DB | STEAM_STORE | WIKIDATA | WIKIPEDIA_PS4_LIST,B_OTHER_PLATFORM | B_PS4_RELEASE | C_DISCOVERY,https://en.wikipedia.org/wiki/List_of_PlayStation_4_games_(A%E2%80%93L) | https://store.steampowered.com/app/702890 | https://www.wikidata.org/wiki/Q39055524 | https://gamesdb.launchbox-app.com/games/details/163621,"La lista específica de PS4 atribuye el desarrollo a esta compañía. | La ficha comercial de Steam confirma la desarrolladora de la obra, no necesariamente el port de PS4. | Wikidata registra la compañía como desarrolladora. | LaunchBox registra esta desarrolladora para su ficha de PS4.",No propagar a ports o compilaciones sin comprobar sus créditos propios.,,CUSA10105_00,,,Arc System Works,arc-system-works,official,2026-09-05,company-credit-ps4-pal-high-additions-1,READY_ADD_MISSING
ps4-blazblue-cross-tag-battle-phantom-field-edition,BlazBlue Cross Tag Battle [Phantom Field Edition],PAL España,standard,blazblue cross tag battle,blazblue cross tag battle,GAME_OR_UNKNOWN,DEVELOPER,developer,Arc System Works,arc-system-works,Arc System Works,EXACT_NAME_OR_ALIAS,,ADD_MISSING,HIGH,NO,EXACT_PHYSICAL_EDITION | GAME_WORK | GAME_WORK_OR_PS4_RELEASE | PS4_RELEASE,5,LAUNCHBOX_GAMES_DB | PRICECHARTING_EXACT_PAL_PAGE | STEAM_STORE | WIKIDATA | WIKIPEDIA_PS4_LIST,B_EXACT_PHYSICAL | B_OTHER_PLATFORM | B_PS4_RELEASE | C_DISCOVERY,https://www.pricecharting.com/game/pal-playstation-4/blazblue-cross-tag-battle-phantom-field-edition | https://en.wikipedia.org/wiki/List_of_PlayStation_4_games_(A%E2%80%93L) | https://store.steampowered.com/app/702890 | https://www.wikidata.org/wiki/Q39055524 | https://gamesdb.launchbox-app.com/games/details/163621,"La ficha enlazada de la edición física PAL atribuye el desarrollo a esta compañía. | La lista específica de PS4 atribuye el desarrollo a esta compañía. | La ficha comercial de Steam confirma la desarrolladora de la obra, no necesariamente el port de PS4. | Wikidata registra la compañía como desarrolladora. | LaunchBox registra esta desarrolladora para su ficha de PS4.",No propagar a ports o compilaciones sin comprobar sus créditos propios.,,,,,Arc System Works,arc-system-works,official,2026-09-05,company-credit-ps4-pal-high-additions-1,READY_ADD_MISSING
ps4-blazblue-cross-tag-battle-special-edition,BlazBlue Cross Tag Battle [Special Edition],PAL España,standard,blazblue cross tag battle,blazblue cross tag battle,EDITION_VARIANT,DEVELOPER,developer,Arc System Works,arc-system-works,ARC SYSTEM WORKS | Arc System Works,EXACT_NAME_OR_ALIAS,,ADD_MISSING,HIGH,NO,EXACT_PHYSICAL_EDITION | GAME_WORK | GAME_WORK_OR_PS4_RELEASE | PS4_RELEASE,5,LAUNCHBOX_GAMES_DB | PRICECHARTING_EXACT_PAL_PAGE | STEAM_STORE | WIKIDATA | WIKIPEDIA_PS4_LIST,B_EXACT_PHYSICAL | B_OTHER_PLATFORM | B_PS4_RELEASE | C_DISCOVERY,https://www.pricecharting.com/game/pal-playstation-4/blazblue-cross-tag-battle-special-edition | https://en.wikipedia.org/wiki/List_of_PlayStation_4_games_(A%E2%80%93L) | https://store.steampowered.com/app/702890 | https://www.wikidata.org/wiki/Q39055524 | https://gamesdb.launchbox-app.com/games/details/163621,"La ficha enlazada de la edición física PAL atribuye el desarrollo a esta compañía. | La lista específica de PS4 atribuye el desarrollo a esta compañía. | La ficha comercial de Steam confirma la desarrolladora de la obra, no necesariamente el port de PS4. | Wikidata registra la compañía como desarrolladora. | LaunchBox registra esta desarrolladora para su ficha de PS4.",No propagar a ports o compilaciones sin comprobar sus créditos propios.,,,CUSA17381_00,,Arc System Works,arc-system-works,official,2026-09-05,company-credit-ps4-pal-high-additions-1,READY_ADD_MISSING
ps4-blazing-chrome,Blazing Chrome,PAL España,standard,blazing chrome,blazing chrome,GAME_OR_UNKNOWN,DEVELOPER,developer,JoyMasher,joymasher,JoyMasher,EXACT_NAME_OR_ALIAS,,ADD_MISSING,HIGH,NO,GAME_WORK | GAME_WORK_OR_PS4_RELEASE | PS4_RELEASE,4,LAUNCHBOX_GAMES_DB | STEAM_STORE | WIKIDATA | WIKIPEDIA_PS4_LIST,B_OTHER_PLATFORM | B_PS4_RELEASE | C_DISCOVERY,https://en.wikipedia.org/wiki/List_of_PlayStation_4_games_(A%E2%80%93L) | https://store.steampowered.com/app/609110 | https://www.wikidata.org/wiki/Q68351752 | https://gamesdb.launchbox-app.com/games/details/472929,"La lista específica de PS4 atribuye el desarrollo a esta compañía. | La ficha comercial de Steam confirma la desarrolladora de la obra, no necesariamente el port de PS4. | Wikidata registra la compañía como desarrolladora. | LaunchBox registra esta desarrolladora para su ficha de PS4.",No propagar a ports o compilaciones sin comprobar sus créditos propios.,,CUSA14353_00,,,JoyMasher,joymasher,official,2026-09-05,company-credit-ps4-pal-high-additions-1,READY_ADD_MISSING
ps4-blazing-chrome-collector%27s-edition,Blazing Chrome [Collector's Edition],PAL España,standard,blazing chrome,blazing chrome,EDITION_VARIANT,DEVELOPER,developer,JoyMasher,joymasher,JoyMasher,EXACT_NAME_OR_ALIAS,,ADD_MISSING,HIGH,NO,GAME_WORK | GAME_WORK_OR_PS4_RELEASE | PS4_RELEASE,4,LAUNCHBOX_GAMES_DB | STEAM_STORE | WIKIDATA | WIKIPEDIA_PS4_LIST,B_OTHER_PLATFORM | B_PS4_RELEASE | C_DISCOVERY,https://en.wikipedia.org/wiki/List_of_PlayStation_4_games_(A%E2%80%93L) | https://store.steampowered.com/app/609110 | https://www.wikidata.org/wiki/Q68351752 | https://gamesdb.launchbox-app.com/games/details/472929,"La lista específica de PS4 atribuye el desarrollo a esta compañía. | La ficha comercial de Steam confirma la desarrolladora de la obra, no necesariamente el port de PS4. | Wikidata registra la compañía como desarrolladora. | LaunchBox registra esta desarrolladora para su ficha de PS4.",No propagar a ports o compilaciones sin comprobar sus créditos propios.,,,,,JoyMasher,joymasher,official,2026-09-05,company-credit-ps4-pal-high-additions-1,READY_ADD_MISSING
ps4-bleach-rebirth-of-souls,Bleach Rebirth of Souls,PAL España,standard,bleach rebirth of souls,bleach rebirth of souls,GAME_OR_UNKNOWN,DEVELOPER,developer,Tamsoft Corporation,tamsoft,Tamsoft | TAMSOFT CORPORATION,EXACT_NAME_OR_ALIAS,,ADD_MISSING,HIGH,NO,GAME_WORK | GAME_WORK_OR_PS4_RELEASE,3,STEAM_STORE | WIKIDATA | WIKIPEDIA_PS4_LIST,B_OTHER_PLATFORM | B_PS4_RELEASE | C_DISCOVERY,https://en.wikipedia.org/wiki/List_of_PlayStation_4_games_(A%E2%80%93L) | https://store.steampowered.com/app/1689620 | https://www.wikidata.org/wiki/Q127163536,"La lista específica de PS4 atribuye el desarrollo a esta compañía. | La ficha comercial de Steam confirma la desarrolladora de la obra, no necesariamente el port de PS4. | Wikidata registra la compañía como desarrolladora.",No propagar a ports o compilaciones sin comprobar sus créditos propios.,,CUSA25090_00,,,Tamsoft Corporation,tamsoft,official,2026-09-05,company-credit-ps4-pal-high-additions-1,READY_ADD_MISSING
ps4-bloodborne-only-on-playstation,Bloodborne [Only On PlayStation],PAL España,standard,bloodborne,bloodborne only on playstation,GAME_OR_UNKNOWN,PHYSICAL_PUBLISHER_OR_DISTRIBUTOR,publisher,Sony Interactive Entertainment,sony-interactive-entertainment,Sony Computer Entertainment,EXACT_NAME_OR_ALIAS,,ADD_MISSING,HIGH,NO,EXACT_PHYSICAL_EDITION | PAL_RELEASE,2,PRICECHARTING_EXACT_PAL_PAGE | WIKIPEDIA_PS4_LIST_PAL,B_EXACT_PHYSICAL | B_PAL_RELEASE,https://www.pricecharting.com/game/pal-playstation-4/bloodborne-only-on-playstation | https://en.wikipedia.org/wiki/List_of_PlayStation_4_games_(A%E2%80%93L),La ficha exacta de la edición física PAL etiqueta a esta compañía como Publisher; puede representar publicación o distribución física. | La columna PAL de la lista de PS4 atribuye la publicación a esta compañía.,Confirmar si la etiqueta Publisher representa publicación o distribución en la caja PAL.,,,,,Sony Interactive Entertainment,sony-interactive-entertainment,pricecharting,2026-09-05,company-credit-ps4-pal-high-additions-1,READY_ADD_MISSING
ps4-bloodstained-curse-of-the-moon-2,Bloodstained Curse of the Moon 2,PAL España,standard,bloodstained curse of the moon 2,bloodstained curse of the moon 2,GAME_OR_UNKNOWN,DEVELOPER,developer,Inti Creates,inti-creates,Inti Creates | INTI CREATES Co Ltd.,EXACT_NAME_OR_ALIAS,,ADD_MISSING,HIGH,NO,GAME_WORK | GAME_WORK_OR_PS4_RELEASE | PS4_RELEASE,4,LAUNCHBOX_GAMES_DB | STEAM_STORE | WIKIDATA | WIKIPEDIA_PS4_LIST,B_OTHER_PLATFORM | B_PS4_RELEASE | C_DISCOVERY,https://en.wikipedia.org/wiki/List_of_PlayStation_4_games_(A%E2%80%93L) | https://store.steampowered.com/app/1257360 | https://www.wikidata.org/wiki/Q96970636 | https://gamesdb.launchbox-app.com/games/details/464539,"La lista específica de PS4 atribuye el desarrollo a esta compañía. | La ficha comercial de Steam confirma la desarrolladora de la obra, no necesariamente el port de PS4. | Wikidata registra la compañía como desarrolladora. | LaunchBox registra esta desarrolladora para su ficha de PS4.",No propagar a ports o compilaciones sin comprobar sus créditos propios.,,CUSA23489_00,,,Inti Creates,inti-creates,official,2026-09-05,company-credit-ps4-pal-high-additions-1,READY_ADD_MISSING
ps4-bloodstained-ritual-of-the-night-steelbook-edition,Bloodstained: Ritual of the Night [Steelbook Edition],PAL España,standard,bloodstained ritual of the night,bloodstained ritual of the night,EDITION_VARIANT,DEVELOPER,developer,ArtPlay,artplay,Artplay Inc | ArtPlay Inc | ArtPlay,EXACT_NAME_OR_ALIAS,,ADD_MISSING,HIGH,NO,EXACT_PHYSICAL_EDITION | GAME_WORK | MATCHED_PS4_PRODUCT,3,PLAYSTATION_STORE_EXPLICIT_CREDIT | PRICECHARTING_EXACT_PAL_PAGE | STEAM_STORE,A_OFFICIAL_MATCHED_TITLE_CREDIT | B_EXACT_PHYSICAL | B_OTHER_PLATFORM,https://store.playstation.com/es-es/product/EP4040-CUSA07963_00-BLOODSTAINED0000 | https://www.pricecharting.com/game/pal-playstation-4/bloodstained-ritual-of-the-night-steelbook-edition | https://store.steampowered.com/app/692850,"Developed by Artplay, Inc | Desarrollado por ArtPlay, Inc Editado por 505 Games, SPA | La ficha enlazada de la edición física PAL atribuye el desarrollo a esta compañía. | La ficha comercial de Steam confirma la desarrolladora de la obra, no necesariamente el port de PS4.",No propagar a ports o compilaciones sin comprobar sus créditos propios.,,,,,ArtPlay,artplay,official,2026-09-05,company-credit-ps4-pal-high-additions-1,READY_ADD_MISSING
ps4-bloodstained-ritual-of-the-night-steelbook-edition,Bloodstained: Ritual of the Night [Steelbook Edition],PAL España,standard,bloodstained ritual of the night,bloodstained ritual of the night,EDITION_VARIANT,PHYSICAL_PUBLISHER_OR_DISTRIBUTOR,publisher,505 Games,505-games,505 Games,EXACT_NAME_OR_ALIAS,,ADD_MISSING,HIGH,NO,EXACT_PHYSICAL_EDITION | PAL_RELEASE,2,PRICECHARTING_EXACT_PAL_PAGE | WIKIPEDIA_PS4_LIST_PAL,B_EXACT_PHYSICAL | B_PAL_RELEASE,https://www.pricecharting.com/game/pal-playstation-4/bloodstained-ritual-of-the-night-steelbook-edition | https://en.wikipedia.org/wiki/List_of_PlayStation_4_games_(A%E2%80%93L),La ficha exacta de la edición física PAL etiqueta a esta compañía como Publisher; puede representar publicación o distribución física. | La columna PAL de la lista de PS4 atribuye la publicación a esta compañía.,Confirmar si la etiqueta Publisher representa publicación o distribución en la caja PAL.,,,,,505 Games,505-games,pricecharting,2026-09-05,company-credit-ps4-pal-high-additions-1,READY_ADD_MISSING
ps4-borderlands-3-deluxe-edition,Borderlands 3 [Deluxe Edition],PAL España,standard,borderlands 3,borderlands 3,EDITION_VARIANT,DEVELOPER,developer,Gearbox Software,gearbox-software,Gearbox Software,EXACT_NAME_OR_ALIAS,,ADD_MISSING,HIGH,NO,EXACT_PHYSICAL_EDITION | GAME_WORK | GAME_WORK_OR_PS4_RELEASE | PS4_RELEASE,5,LAUNCHBOX_GAMES_DB | PRICECHARTING_EXACT_PAL_PAGE | STEAM_STORE | WIKIDATA | WIKIPEDIA_PS4_LIST,B_EXACT_PHYSICAL | B_OTHER_PLATFORM | B_PS4_RELEASE | C_DISCOVERY,https://www.pricecharting.com/game/pal-playstation-4/borderlands-3-deluxe-edition | https://en.wikipedia.org/wiki/List_of_PlayStation_4_games_(A%E2%80%93L) | https://store.steampowered.com/app/397540 | https://www.wikidata.org/wiki/Q62565771 | https://gamesdb.launchbox-app.com/games/details/176705,"La ficha enlazada de la edición física PAL atribuye el desarrollo a esta compañía. | La lista específica de PS4 atribuye el desarrollo a esta compañía. | La ficha comercial de Steam confirma la desarrolladora de la obra, no necesariamente el port de PS4. | Wikidata registra la compañía como desarrolladora. | LaunchBox registra esta desarrolladora para su ficha de PS4.",No propagar a ports o compilaciones sin comprobar sus créditos propios.,,,CUSA08025_00,,Gearbox Software,gearbox-software,official,2026-09-05,company-credit-ps4-pal-high-additions-1,READY_ADD_MISSING
ps4-borderlands-3-deluxe-edition,Borderlands 3 [Deluxe Edition],PAL España,standard,borderlands 3,borderlands 3,EDITION_VARIANT,PHYSICAL_PUBLISHER_OR_DISTRIBUTOR,publisher,2K Games,2k-games,2K Games,EXACT_NAME_OR_ALIAS,,ADD_MISSING,HIGH,NO,EXACT_PHYSICAL_EDITION | PAL_RELEASE,2,PRICECHARTING_EXACT_PAL_PAGE | WIKIPEDIA_PS4_LIST_PAL,B_EXACT_PHYSICAL | B_PAL_RELEASE,https://www.pricecharting.com/game/pal-playstation-4/borderlands-3-deluxe-edition | https://en.wikipedia.org/wiki/List_of_PlayStation_4_games_(A%E2%80%93L),La ficha exacta de la edición física PAL etiqueta a esta compañía como Publisher; puede representar publicación o distribución física. | La columna PAL de la lista de PS4 atribuye la publicación a esta compañía.,Confirmar si la etiqueta Publisher representa publicación o distribución en la caja PAL.,,,CUSA08025_00,,2K Games,2k-games,pricecharting,2026-09-05,company-credit-ps4-pal-high-additions-1,READY_ADD_MISSING
ps4-borderlands-3-diamond-loot-chest-collector%27s-edition,Borderlands 3 [Diamond Loot Chest Collector's Edition],PAL España,standard,borderlands 3,borderlands 3,EDITION_VARIANT,DEVELOPER,developer,Gearbox Software,gearbox-software,Gearbox Software,EXACT_NAME_OR_ALIAS,,ADD_MISSING,HIGH,NO,GAME_WORK | GAME_WORK_OR_PS4_RELEASE | PS4_RELEASE,4,LAUNCHBOX_GAMES_DB | STEAM_STORE | WIKIDATA | WIKIPEDIA_PS4_LIST,B_OTHER_PLATFORM | B_PS4_RELEASE | C_DISCOVERY,https://en.wikipedia.org/wiki/List_of_PlayStation_4_games_(A%E2%80%93L) | https://store.steampowered.com/app/397540 | https://www.wikidata.org/wiki/Q62565771 | https://gamesdb.launchbox-app.com/games/details/176705,"La lista específica de PS4 atribuye el desarrollo a esta compañía. | La ficha comercial de Steam confirma la desarrolladora de la obra, no necesariamente el port de PS4. | Wikidata registra la compañía como desarrolladora. | LaunchBox registra esta desarrolladora para su ficha de PS4.",No propagar a ports o compilaciones sin comprobar sus créditos propios.,,,,,Gearbox Software,gearbox-software,official,2026-09-05,company-credit-ps4-pal-high-additions-1,READY_ADD_MISSING
ps4-borderlands-3-super-deluxe-edition,Borderlands 3 [Super Deluxe Edition],PAL España,standard,borderlands 3,borderlands 3,EDITION_VARIANT,DEVELOPER,developer,Gearbox Software,gearbox-software,Gearbox Software,EXACT_NAME_OR_ALIAS,,ADD_MISSING,HIGH,NO,EXACT_PHYSICAL_EDITION | GAME_WORK | GAME_WORK_OR_PS4_RELEASE | PS4_RELEASE,5,LAUNCHBOX_GAMES_DB | PRICECHARTING_EXACT_PAL_PAGE | STEAM_STORE | WIKIDATA | WIKIPEDIA_PS4_LIST,B_EXACT_PHYSICAL | B_OTHER_PLATFORM | B_PS4_RELEASE | C_DISCOVERY,https://www.pricecharting.com/game/pal-playstation-4/borderlands-3-super-deluxe-edition | https://en.wikipedia.org/wiki/List_of_PlayStation_4_games_(A%E2%80%93L) | https://store.steampowered.com/app/397540 | https://www.wikidata.org/wiki/Q62565771 | https://gamesdb.launchbox-app.com/games/details/176705,"La ficha enlazada de la edición física PAL atribuye el desarrollo a esta compañía. | La lista específica de PS4 atribuye el desarrollo a esta compañía. | La ficha comercial de Steam confirma la desarrolladora de la obra, no necesariamente el port de PS4. | Wikidata registra la compañía como desarrolladora. | LaunchBox registra esta desarrolladora para su ficha de PS4.",No propagar a ports o compilaciones sin comprobar sus créditos propios.,,,,,Gearbox Software,gearbox-software,official,2026-09-05,company-credit-ps4-pal-high-additions-1,READY_ADD_MISSING
ps4-borderlands-3-super-deluxe-edition,Borderlands 3 [Super Deluxe Edition],PAL España,standard,borderlands 3,borderlands 3,EDITION_VARIANT,PHYSICAL_PUBLISHER_OR_DISTRIBUTOR,publisher,2K Games,2k-games,2K Games,EXACT_NAME_OR_ALIAS,,ADD_MISSING,HIGH,NO,EXACT_PHYSICAL_EDITION | PAL_RELEASE,2,PRICECHARTING_EXACT_PAL_PAGE | WIKIPEDIA_PS4_LIST_PAL,B_EXACT_PHYSICAL | B_PAL_RELEASE,https://www.pricecharting.com/game/pal-playstation-4/borderlands-3-super-deluxe-edition | https://en.wikipedia.org/wiki/List_of_PlayStation_4_games_(A%E2%80%93L),La ficha exacta de la edición física PAL etiqueta a esta compañía como Publisher; puede representar publicación o distribución física. | La columna PAL de la lista de PS4 atribuye la publicación a esta compañía.,Confirmar si la etiqueta Publisher representa publicación o distribución en la caja PAL.,,,,,2K Games,2k-games,pricecharting,2026-09-05,company-credit-ps4-pal-high-additions-1,READY_ADD_MISSING
ps4-bratz-flaunt-your-fashion,Bratz: Flaunt your Fashion,PAL España,standard,bratz flaunt your fashion,bratz flaunt your fashion,GAME_OR_UNKNOWN,DEVELOPER,developer,Petoons Studio,petoons-studio,Petoons Studio,EXACT_NAME_OR_ALIAS,,ADD_MISSING,HIGH,NO,GAME_WORK | GAME_WORK_OR_PS4_RELEASE,3,STEAM_STORE | WIKIDATA | WIKIPEDIA_PS4_LIST,B_OTHER_PLATFORM | B_PS4_RELEASE | C_DISCOVERY,https://en.wikipedia.org/wiki/List_of_PlayStation_4_games_(A%E2%80%93L) | https://store.steampowered.com/app/2088340 | https://www.wikidata.org/wiki/Q116912003,"La lista específica de PS4 atribuye el desarrollo a esta compañía. | La ficha comercial de Steam confirma la desarrolladora de la obra, no necesariamente el port de PS4. | Wikidata registra la compañía como desarrolladora.",No propagar a ports o compilaciones sin comprobar sus créditos propios.,,CUSA34347_00,,,Petoons Studio,petoons-studio,official,2026-09-05,company-credit-ps4-pal-high-additions-1,READY_ADD_MISSING
ps4-breakers-collection-collector%27s-edition,Breakers Collection [Collector's Edition],PAL España,standard,breakers collection,breakers collection,EDITION_VARIANT,DEVELOPER,developer,Visco Corporation,visco,Visco Corporation,EXACT_NAME_OR_ALIAS,,ADD_MISSING,HIGH,NO,EXACT_PHYSICAL_EDITION | GAME_WORK_OR_PS4_RELEASE,2,PRICECHARTING_EXACT_PAL_PAGE | WIKIPEDIA_PS4_LIST,B_EXACT_PHYSICAL | B_PS4_RELEASE,https://www.pricecharting.com/game/pal-playstation-4/breakers-collection-collector%27s-edition | https://en.wikipedia.org/wiki/List_of_PlayStation_4_games_(A%E2%80%93L),La ficha enlazada de la edición física PAL atribuye el desarrollo a esta compañía. | La lista específica de PS4 atribuye el desarrollo a esta compañía.,No propagar a ports o compilaciones sin comprobar sus créditos propios.,,,CUSA34161_00,,Visco Corporation,visco,pricecharting,2026-09-05,company-credit-ps4-pal-high-additions-1,READY_ADD_MISSING
ps4-brigandine-the-legend-of-runersia-collector%27s-edition,Brigandine: The Legend Of Runersia [Collector's Edition],PAL España,standard,brigandine the legend of runersia,brigandine the legend of runersia,EDITION_VARIANT,DEVELOPER,developer,Happinet Corporation,happinet,Happinet,EXACT_NAME_OR_ALIAS,,ADD_MISSING,HIGH,NO,EXACT_PHYSICAL_EDITION | GAME_WORK,2,PRICECHARTING_EXACT_PAL_PAGE | STEAM_STORE,B_EXACT_PHYSICAL | B_OTHER_PLATFORM,https://www.pricecharting.com/game/pal-playstation-4/brigandine-the-legend-of-runersia-collector%27s-edition | https://store.steampowered.com/app/1843940,"La ficha enlazada de la edición física PAL atribuye el desarrollo a esta compañía. | La ficha comercial de Steam confirma la desarrolladora de la obra, no necesariamente el port de PS4.",No propagar a ports o compilaciones sin comprobar sus créditos propios.,,,,,Happinet Corporation,happinet,official,2026-09-05,company-credit-ps4-pal-high-additions-1,READY_ADD_MISSING
ps4-broforce-deluxe-edition,BroForce Deluxe Edition,PAL España,standard,broforce,broforce,EDITION_VARIANT,DEVELOPER,developer,Free Lives,free-lives,Free Lives,EXACT_NAME_OR_ALIAS,,ADD_MISSING,HIGH,NO,GAME_WORK | GAME_WORK_OR_PS4_RELEASE | PS4_RELEASE,4,LAUNCHBOX_GAMES_DB | STEAM_STORE | WIKIDATA | WIKIPEDIA_PS4_LIST,B_OTHER_PLATFORM | B_PS4_RELEASE | C_DISCOVERY,https://en.wikipedia.org/wiki/List_of_PlayStation_4_games_(A%E2%80%93L) | https://store.steampowered.com/app/274190 | https://www.wikidata.org/wiki/Q14558333 | https://gamesdb.launchbox-app.com/games/details/104355,"La lista específica de PS4 atribuye el desarrollo a esta compañía. | La ficha comercial de Steam confirma la desarrolladora de la obra, no necesariamente el port de PS4. | Wikidata registra la compañía como desarrolladora. | LaunchBox registra esta desarrolladora para su ficha de PS4.",No propagar a ports o compilaciones sin comprobar sus créditos propios.,,,,,Free Lives,free-lives,official,2026-09-05,company-credit-ps4-pal-high-additions-1,READY_ADD_MISSING
ps4-broken-sword-shadow-of-the-templars-reforged-deluxe-edition,Broken Sword - Shadow Of The Templars: Reforged [Deluxe Edition],PAL España,standard,broken sword shadow of the templars reforged,broken sword shadow of the templars reforged,EDITION_VARIANT,DEVELOPER,developer,Revolution Software,revolution-software,Revolution Software | Revolution Software Ltd,EXACT_NAME_OR_ALIAS,,ADD_MISSING,HIGH,NO,EXACT_PHYSICAL_EDITION | GAME_WORK | PS4_RELEASE,3,LAUNCHBOX_GAMES_DB | PRICECHARTING_EXACT_PAL_PAGE | STEAM_STORE,B_EXACT_PHYSICAL | B_OTHER_PLATFORM | C_DISCOVERY,https://www.pricecharting.com/game/pal-playstation-4/broken-sword-shadow-of-the-templars-reforged-deluxe-edition | https://store.steampowered.com/app/2544110 | https://gamesdb.launchbox-app.com/games/details/475489,"La ficha enlazada de la edición física PAL atribuye el desarrollo a esta compañía. | La ficha comercial de Steam confirma la desarrolladora de la obra, no necesariamente el port de PS4. | LaunchBox registra esta desarrolladora para su ficha de PS4.",No propagar a ports o compilaciones sin comprobar sus créditos propios.,,,CUSA53562_00,,Revolution Software,revolution-software,official,2026-09-05,company-credit-ps4-pal-high-additions-1,READY_ADD_MISSING
ps4-brothers-a-tale-of-two-sons,Brothers A Tale of Two Sons,PAL España,standard,brothers a tale of two sons,brothers a tale of two sons,GAME_OR_UNKNOWN,DEVELOPER,developer,Starbreeze Studios,starbreeze-studios,Starbreeze Studios,EXACT_NAME_OR_ALIAS,,ADD_MISSING,HIGH,NO,GAME_WORK | GAME_WORK_OR_PS4_RELEASE | MATCHED_PS4_PRODUCT | PS4_RELEASE,4,LAUNCHBOX_GAMES_DB | PLAYSTATION_STORE_EXPLICIT_CREDIT | WIKIDATA | WIKIPEDIA_PS4_LIST,A_OFFICIAL_MATCHED_TITLE_CREDIT | B_PS4_RELEASE | C_DISCOVERY,https://store.playstation.com/es-es/product/EP4040-CUSA02305_00-BROTHERSLICENSE4 | https://en.wikipedia.org/wiki/List_of_PlayStation_4_games_(A%E2%80%93L) | https://www.wikidata.org/wiki/Q4975646 | https://gamesdb.launchbox-app.com/games/details/31238,Desarrollado por Starbreeze Studios | La lista específica de PS4 atribuye el desarrollo a esta compañía. | Wikidata registra la compañía como desarrolladora. | LaunchBox registra esta desarrolladora para su ficha de PS4.,No propagar a ports o compilaciones sin comprobar sus créditos propios.,,CUSA02297_00,,,Starbreeze Studios,starbreeze-studios,official,2026-09-05,company-credit-ps4-pal-high-additions-1,READY_ADD_MISSING
ps4-bubble-bobble-4-friends-the-baron-is-back-collector%27s-edition,Bubble Bobble 4 Friends: The Baron is Back [Collector's Edition],PAL España,standard,bubble bobble 4 friends the baron is back,bubble bobble 4 friends the baron is back,EDITION_VARIANT,DEVELOPER,developer,Taito Corporation,taito,Taito,EXACT_NAME_OR_ALIAS,,ADD_MISSING,HIGH,NO,EXACT_PHYSICAL_EDITION | GAME_WORK_OR_PS4_RELEASE,2,PRICECHARTING_EXACT_PAL_PAGE | WIKIPEDIA_PS4_LIST,B_EXACT_PHYSICAL | B_PS4_RELEASE,https://www.pricecharting.com/game/pal-playstation-4/bubble-bobble-4-friends-the-baron-is-back-collector%27s-edition | https://en.wikipedia.org/wiki/List_of_PlayStation_4_games_(A%E2%80%93L),La ficha enlazada de la edición física PAL atribuye el desarrollo a esta compañía. | La lista específica de PS4 atribuye el desarrollo a esta compañía.,No propagar a ports o compilaciones sin comprobar sus créditos propios.,,,,,Taito Corporation,taito,pricecharting,2026-09-05,company-credit-ps4-pal-high-additions-1,READY_ADD_MISSING
ps4-bubsy-the-woolies-strike-back,Bubsy The Woolies Strike Back,PAL España,standard,bubsy the woolies strike back,bubsy the woolies strike back,GAME_OR_UNKNOWN,DEVELOPER,developer,Black Forest Games,black-forest-games,Black Forest Games,EXACT_NAME_OR_ALIAS,,ADD_MISSING,HIGH,NO,GAME_WORK | GAME_WORK_OR_PS4_RELEASE | PS4_RELEASE,4,LAUNCHBOX_GAMES_DB | STEAM_STORE | WIKIDATA | WIKIPEDIA_PS4_LIST,B_OTHER_PLATFORM | B_PS4_RELEASE | C_DISCOVERY,https://en.wikipedia.org/wiki/List_of_PlayStation_4_games_(A%E2%80%93L) | https://store.steampowered.com/app/627910 | https://www.wikidata.org/wiki/Q30644185 | https://gamesdb.launchbox-app.com/games/details/140568,"La lista específica de PS4 atribuye el desarrollo a esta compañía. | La ficha comercial de Steam confirma la desarrolladora de la obra, no necesariamente el port de PS4. | Wikidata registra la compañía como desarrolladora. | LaunchBox registra esta desarrolladora para su ficha de PS4.",No propagar a ports o compilaciones sin comprobar sus créditos propios.,,CUSA09452_00,,,Black Forest Games,black-forest-games,official,2026-09-05,company-credit-ps4-pal-high-additions-1,READY_ADD_MISSING
ps4-call-of-duty-advanced-warfare-gold-edition,Call Of Duty Advanced Warfare [Gold Edition],PAL España,standard,call of duty advanced warfare,call of duty advanced warfare,GAME_OR_UNKNOWN,DEVELOPER,developer,Sledgehammer Games,sledgehammer-games,Sledgehammer Games,EXACT_NAME_OR_ALIAS,,ADD_MISSING,HIGH,NO,GAME_WORK | GAME_WORK_OR_PS4_RELEASE,3,STEAM_STORE | WIKIDATA | WIKIPEDIA_PS4_LIST,B_OTHER_PLATFORM | B_PS4_RELEASE | C_DISCOVERY,https://en.wikipedia.org/wiki/List_of_PlayStation_4_games_(A%E2%80%93L) | https://store.steampowered.com/app/209660 | https://www.wikidata.org/wiki/Q16743064,"La lista específica de PS4 atribuye el desarrollo a esta compañía. | La ficha comercial de Steam confirma la desarrolladora de la obra, no necesariamente el port de PS4. | Wikidata registra la compañía como desarrolladora.",No propagar a ports o compilaciones sin comprobar sus créditos propios.,,,,,Sledgehammer Games,sledgehammer-games,official,2026-09-05,company-credit-ps4-pal-high-additions-1,READY_ADD_MISSING
ps4-call-of-duty-advanced-warfare-gold-edition,Call Of Duty Advanced Warfare [Gold Edition],PAL España,standard,call of duty advanced warfare,call of duty advanced warfare,GAME_OR_UNKNOWN,PHYSICAL_PUBLISHER_OR_DISTRIBUTOR,publisher,Activision,activision,Activision,EXACT_NAME_OR_ALIAS,,ADD_MISSING,HIGH,NO,EXACT_PHYSICAL_EDITION | PAL_RELEASE,2,PRICECHARTING_EXACT_PAL_PAGE | WIKIPEDIA_PS4_LIST_PAL,B_EXACT_PHYSICAL | B_PAL_RELEASE,https://www.pricecharting.com/game/pal-playstation-4/call-of-duty-advanced-warfare-gold-edition | https://en.wikipedia.org/wiki/List_of_PlayStation_4_games_(A%E2%80%93L),La ficha exacta de la edición física PAL etiqueta a esta compañía como Publisher; puede representar publicación o distribución física. | La columna PAL de la lista de PS4 atribuye la publicación a esta compañía.,Confirmar si la etiqueta Publisher representa publicación o distribución en la caja PAL.,,,,,Activision,activision,pricecharting,2026-09-05,company-credit-ps4-pal-high-additions-1,READY_ADD_MISSING
ps4-call-of-duty-black-ops-4-specialist-edition,Call Of Duty Black Ops 4 [Specialist Edition],PAL España,standard,call of duty black ops 4,call of duty black ops 4,EDITION_VARIANT,DEVELOPER,developer,Treyarch Corporation,treyarch,Treyarch,EXACT_NAME_OR_ALIAS,,ADD_MISSING,HIGH,NO,EXACT_PHYSICAL_EDITION | GAME_WORK | GAME_WORK_OR_PS4_RELEASE,3,PRICECHARTING_EXACT_PAL_PAGE | WIKIDATA | WIKIPEDIA_PS4_LIST,B_EXACT_PHYSICAL | B_PS4_RELEASE | C_DISCOVERY,https://www.pricecharting.com/game/pal-playstation-4/call-of-duty-black-ops-4-specialist-edition | https://en.wikipedia.org/wiki/List_of_PlayStation_4_games_(A%E2%80%93L) | https://www.wikidata.org/wiki/Q50376633,La ficha enlazada de la edición física PAL atribuye el desarrollo a esta compañía. | La lista específica de PS4 atribuye el desarrollo a esta compañía. | Wikidata registra la compañía como desarrolladora.,No propagar a ports o compilaciones sin comprobar sus créditos propios.,,,,,Treyarch Corporation,treyarch,pricecharting,2026-09-05,company-credit-ps4-pal-high-additions-1,READY_ADD_MISSING
ps4-call-of-duty-black-ops-4-specialist-edition,Call Of Duty Black Ops 4 [Specialist Edition],PAL España,standard,call of duty black ops 4,call of duty black ops 4,EDITION_VARIANT,PHYSICAL_PUBLISHER_OR_DISTRIBUTOR,publisher,Activision,activision,Activision,EXACT_NAME_OR_ALIAS,,ADD_MISSING,HIGH,NO,EXACT_PHYSICAL_EDITION | PAL_RELEASE,2,PRICECHARTING_EXACT_PAL_PAGE | WIKIPEDIA_PS4_LIST_PAL,B_EXACT_PHYSICAL | B_PAL_RELEASE,https://www.pricecharting.com/game/pal-playstation-4/call-of-duty-black-ops-4-specialist-edition | https://en.wikipedia.org/wiki/List_of_PlayStation_4_games_(A%E2%80%93L),La ficha exacta de la edición física PAL etiqueta a esta compañía como Publisher; puede representar publicación o distribución física. | La columna PAL de la lista de PS4 atribuye la publicación a esta compañía.,Confirmar si la etiqueta Publisher representa publicación o distribución en la caja PAL.,,,,,Activision,activision,pricecharting,2026-09-05,company-credit-ps4-pal-high-additions-1,READY_ADD_MISSING
ps4-call-of-duty-black-ops-iii-gold-edition,Call Of Duty Black Ops III [Gold Edition],PAL España,standard,call of duty black ops iii,call of duty black ops iii,GAME_OR_UNKNOWN,DEVELOPER,developer,Treyarch Corporation,treyarch,Treyarch,EXACT_NAME_OR_ALIAS,,ADD_MISSING,HIGH,NO,GAME_WORK | GAME_WORK_OR_PS4_RELEASE | PS4_RELEASE,4,LAUNCHBOX_GAMES_DB | STEAM_STORE | WIKIDATA | WIKIPEDIA_PS4_LIST,B_OTHER_PLATFORM | B_PS4_RELEASE | C_DISCOVERY,https://en.wikipedia.org/wiki/List_of_PlayStation_4_games_(A%E2%80%93L) | https://store.steampowered.com/app/388520 | https://www.wikidata.org/wiki/Q19789342 | https://gamesdb.launchbox-app.com/games/details/29237,"La lista específica de PS4 atribuye el desarrollo a esta compañía. | La ficha comercial de Steam confirma la desarrolladora de la obra, no necesariamente el port de PS4. | Wikidata registra la compañía como desarrolladora. | LaunchBox registra esta desarrolladora para su ficha de PS4.",No propagar a ports o compilaciones sin comprobar sus créditos propios.,,,,,Treyarch Corporation,treyarch,official,2026-09-05,company-credit-ps4-pal-high-additions-1,READY_ADD_MISSING
ps4-call-of-duty-black-ops-iii-hardened-edition,Call of Duty Black Ops III [Hardened Edition],PAL España,standard,call of duty black ops iii,call of duty black ops iii,GAME_OR_UNKNOWN,DEVELOPER,developer,Treyarch Corporation,treyarch,Treyarch,EXACT_NAME_OR_ALIAS,,ADD_MISSING,HIGH,NO,GAME_WORK | GAME_WORK_OR_PS4_RELEASE | PS4_RELEASE,4,LAUNCHBOX_GAMES_DB | STEAM_STORE | WIKIDATA | WIKIPEDIA_PS4_LIST,B_OTHER_PLATFORM | B_PS4_RELEASE | C_DISCOVERY,https://en.wikipedia.org/wiki/List_of_PlayStation_4_games_(A%E2%80%93L) | https://store.steampowered.com/app/388520 | https://www.wikidata.org/wiki/Q19789342 | https://gamesdb.launchbox-app.com/games/details/29237,"La lista específica de PS4 atribuye el desarrollo a esta compañía. | La ficha comercial de Steam confirma la desarrolladora de la obra, no necesariamente el port de PS4. | Wikidata registra la compañía como desarrolladora. | LaunchBox registra esta desarrolladora para su ficha de PS4.",No propagar a ports o compilaciones sin comprobar sus créditos propios.,,,,,Treyarch Corporation,treyarch,official,2026-09-05,company-credit-ps4-pal-high-additions-1,READY_ADD_MISSING
ps4-call-of-duty-black-ops-iii-juggernog-edition,Call Of Duty Black Ops III [Juggernog Edition],PAL España,standard,call of duty black ops iii,call of duty black ops iii,GAME_OR_UNKNOWN,DEVELOPER,developer,Treyarch Corporation,treyarch,Treyarch,EXACT_NAME_OR_ALIAS,,ADD_MISSING,HIGH,NO,GAME_WORK | GAME_WORK_OR_PS4_RELEASE | PS4_RELEASE,4,LAUNCHBOX_GAMES_DB | STEAM_STORE | WIKIDATA | WIKIPEDIA_PS4_LIST,B_OTHER_PLATFORM | B_PS4_RELEASE | C_DISCOVERY,https://en.wikipedia.org/wiki/List_of_PlayStation_4_games_(A%E2%80%93L) | https://store.steampowered.com/app/388520 | https://www.wikidata.org/wiki/Q19789342 | https://gamesdb.launchbox-app.com/games/details/29237,"La lista específica de PS4 atribuye el desarrollo a esta compañía. | La ficha comercial de Steam confirma la desarrolladora de la obra, no necesariamente el port de PS4. | Wikidata registra la compañía como desarrolladora. | LaunchBox registra esta desarrolladora para su ficha de PS4.",No propagar a ports o compilaciones sin comprobar sus créditos propios.,,,,,Treyarch Corporation,treyarch,official,2026-09-05,company-credit-ps4-pal-high-additions-1,READY_ADD_MISSING
ps4-call-of-duty-ghosts-hardened-edition,Call Of Duty: Ghosts [Hardened Edition],PAL España,standard,call of duty ghosts,call of duty ghosts,GAME_OR_UNKNOWN,DEVELOPER,developer,Infinity Ward,infinity-ward,Infinity Ward,EXACT_NAME_OR_ALIAS,,ADD_MISSING,HIGH,NO,GAME_WORK | GAME_WORK_OR_PS4_RELEASE | PS4_RELEASE,3,LAUNCHBOX_GAMES_DB | STEAM_STORE | WIKIPEDIA_PS4_LIST,B_OTHER_PLATFORM | B_PS4_RELEASE | C_DISCOVERY,https://en.wikipedia.org/wiki/List_of_PlayStation_4_games_(A%E2%80%93L) | https://store.steampowered.com/app/209160 | https://gamesdb.launchbox-app.com/games/details/18218,"La lista específica de PS4 atribuye el desarrollo a esta compañía. | La ficha comercial de Steam confirma la desarrolladora de la obra, no necesariamente el port de PS4. | LaunchBox registra esta desarrolladora para su ficha de PS4.",No propagar a ports o compilaciones sin comprobar sus créditos propios.,,,,,Infinity Ward,infinity-ward,official,2026-09-05,company-credit-ps4-pal-high-additions-1,READY_ADD_MISSING
ps4-call-of-duty-ghosts-hardened-edition,Call Of Duty: Ghosts [Hardened Edition],PAL España,standard,call of duty ghosts,call of duty ghosts,GAME_OR_UNKNOWN,PHYSICAL_PUBLISHER_OR_DISTRIBUTOR,publisher,Activision,activision,Activision,EXACT_NAME_OR_ALIAS,,ADD_MISSING,HIGH,NO,EXACT_PHYSICAL_EDITION | PAL_RELEASE,2,PRICECHARTING_EXACT_PAL_PAGE | WIKIPEDIA_PS4_LIST_PAL,B_EXACT_PHYSICAL | B_PAL_RELEASE,https://www.pricecharting.com/game/pal-playstation-4/call-of-duty-ghosts-hardened-edition | https://en.wikipedia.org/wiki/List_of_PlayStation_4_games_(A%E2%80%93L),La ficha exacta de la edición física PAL etiqueta a esta compañía como Publisher; puede representar publicación o distribución física. | La columna PAL de la lista de PS4 atribuye la publicación a esta compañía.,Confirmar si la etiqueta Publisher representa publicación o distribución en la caja PAL.,,,,,Activision,activision,pricecharting,2026-09-05,company-credit-ps4-pal-high-additions-1,READY_ADD_MISSING
ps4-call-of-duty-ghosts-limited-edition,Call Of Duty: Ghosts [Limited Edition],PAL España,standard,call of duty ghosts,call of duty ghosts,EDITION_VARIANT,DEVELOPER,developer,Infinity Ward,infinity-ward,Infinity Ward,EXACT_NAME_OR_ALIAS,,ADD_MISSING,HIGH,NO,GAME_WORK | GAME_WORK_OR_PS4_RELEASE | PS4_RELEASE,3,LAUNCHBOX_GAMES_DB | STEAM_STORE | WIKIPEDIA_PS4_LIST,B_OTHER_PLATFORM | B_PS4_RELEASE | C_DISCOVERY,https://en.wikipedia.org/wiki/List_of_PlayStation_4_games_(A%E2%80%93L) | https://store.steampowered.com/app/209160 | https://gamesdb.launchbox-app.com/games/details/18218,"La lista específica de PS4 atribuye el desarrollo a esta compañía. | La ficha comercial de Steam confirma la desarrolladora de la obra, no necesariamente el port de PS4. | LaunchBox registra esta desarrolladora para su ficha de PS4.",No propagar a ports o compilaciones sin comprobar sus créditos propios.,,,,,Infinity Ward,infinity-ward,official,2026-09-05,company-credit-ps4-pal-high-additions-1,READY_ADD_MISSING
ps4-call-of-duty-infinite-warfare-legacy-edition,Call Of Duty Infinite Warfare [Legacy Edition],PAL España,standard,call of duty infinite warfare,call of duty infinite warfare,GAME_OR_UNKNOWN,DEVELOPER,developer,Infinity Ward,infinity-ward,Infinity Ward,EXACT_NAME_OR_ALIAS,,ADD_MISSING,HIGH,NO,GAME_WORK | GAME_WORK_OR_PS4_RELEASE | PS4_RELEASE,4,LAUNCHBOX_GAMES_DB | STEAM_STORE | WIKIDATA | WIKIPEDIA_PS4_LIST,B_OTHER_PLATFORM | B_PS4_RELEASE | C_DISCOVERY,https://en.wikipedia.org/wiki/List_of_PlayStation_4_games_(A%E2%80%93L) | https://store.steampowered.com/app/292730 | https://www.wikidata.org/wiki/Q23978200 | https://gamesdb.launchbox-app.com/games/details/147573,"La lista específica de PS4 atribuye el desarrollo a esta compañía. | La ficha comercial de Steam confirma la desarrolladora de la obra, no necesariamente el port de PS4. | Wikidata registra la compañía como desarrolladora. | LaunchBox registra esta desarrolladora para su ficha de PS4.",No propagar a ports o compilaciones sin comprobar sus créditos propios.,,,,,Infinity Ward,infinity-ward,official,2026-09-05,company-credit-ps4-pal-high-additions-1,READY_ADD_MISSING
ps4-call-of-duty-infinite-warfare-steelbook-edition,Call Of Duty Infinite Warfare [Steelbook Edition],PAL España,standard,call of duty infinite warfare,call of duty infinite warfare,EDITION_VARIANT,DEVELOPER,developer,Infinity Ward,infinity-ward,Infinity Ward,EXACT_NAME_OR_ALIAS,,ADD_MISSING,HIGH,NO,GAME_WORK | GAME_WORK_OR_PS4_RELEASE | PS4_RELEASE,4,LAUNCHBOX_GAMES_DB | STEAM_STORE | WIKIDATA | WIKIPEDIA_PS4_LIST,B_OTHER_PLATFORM | B_PS4_RELEASE | C_DISCOVERY,https://en.wikipedia.org/wiki/List_of_PlayStation_4_games_(A%E2%80%93L) | https://store.steampowered.com/app/292730 | https://www.wikidata.org/wiki/Q23978200 | https://gamesdb.launchbox-app.com/games/details/147573,"La lista específica de PS4 atribuye el desarrollo a esta compañía. | La ficha comercial de Steam confirma la desarrolladora de la obra, no necesariamente el port de PS4. | Wikidata registra la compañía como desarrolladora. | LaunchBox registra esta desarrolladora para su ficha de PS4.",No propagar a ports o compilaciones sin comprobar sus créditos propios.,,,,,Infinity Ward,infinity-ward,official,2026-09-05,company-credit-ps4-pal-high-additions-1,READY_ADD_MISSING
ps4-call-of-duty-modern-warfare-dark-edition,Call Of Duty: Modern Warfare [Dark Edition],PAL España,standard,call of duty modern warfare,call of duty modern warfare,GAME_OR_UNKNOWN,DEVELOPER,developer,Infinity Ward,infinity-ward,Infinity Ward,EXACT_NAME_OR_ALIAS,,ADD_MISSING,HIGH,NO,GAME_WORK | GAME_WORK_OR_PS4_RELEASE | PS4_RELEASE,4,LAUNCHBOX_GAMES_DB | STEAM_STORE | WIKIDATA | WIKIPEDIA_PS4_LIST,B_OTHER_PLATFORM | B_PS4_RELEASE | C_DISCOVERY,https://en.wikipedia.org/wiki/List_of_PlayStation_4_games_(A%E2%80%93L) | https://store.steampowered.com/app/2000950 | https://www.wikidata.org/wiki/Q64083878 | https://gamesdb.launchbox-app.com/games/details/194731,"La lista específica de PS4 atribuye el desarrollo a esta compañía. | La ficha comercial de Steam confirma la desarrolladora de la obra, no necesariamente el port de PS4. | Wikidata registra la compañía como desarrolladora. | LaunchBox registra esta desarrolladora para su ficha de PS4.",No propagar a ports o compilaciones sin comprobar sus créditos propios.,,,,,Infinity Ward,infinity-ward,official,2026-09-05,company-credit-ps4-pal-high-additions-1,READY_ADD_MISSING
ps4-call-of-duty-modern-warfare-ii,Call Of Duty: Modern Warfare II,PAL España,standard,call of duty modern warfare ii,call of duty modern warfare ii,GAME_OR_UNKNOWN,DEVELOPER,developer,Infinity Ward,infinity-ward,Infinity Ward,EXACT_NAME_OR_ALIAS,,ADD_MISSING,HIGH,NO,GAME_WORK | GAME_WORK_OR_PS4_RELEASE | PS4_RELEASE,3,LAUNCHBOX_GAMES_DB | STEAM_STORE | WIKIPEDIA_PS4_LIST,B_OTHER_PLATFORM | B_PS4_RELEASE | C_DISCOVERY,https://en.wikipedia.org/wiki/List_of_PlayStation_4_games_(A%E2%80%93L) | https://store.steampowered.com/app/1962660 | https://gamesdb.launchbox-app.com/games/details/441426,"La lista específica de PS4 atribuye el desarrollo a esta compañía. | La ficha comercial de Steam confirma la desarrolladora de la obra, no necesariamente el port de PS4. | LaunchBox registra esta desarrolladora para su ficha de PS4.",No propagar a ports o compilaciones sin comprobar sus créditos propios.,,CUSA23826_00,,,Infinity Ward,infinity-ward,official,2026-09-05,company-credit-ps4-pal-high-additions-1,READY_ADD_MISSING
ps4-call-of-duty-modern-warfare-iii,Call of Duty: Modern Warfare III,PAL España,standard,call of duty modern warfare iii,call of duty modern warfare iii,GAME_OR_UNKNOWN,DEVELOPER,developer,Sledgehammer Games,sledgehammer-games,Sledgehammer Games,EXACT_NAME_OR_ALIAS,,ADD_MISSING,HIGH,NO,GAME_WORK | GAME_WORK_OR_PS4_RELEASE | PS4_RELEASE,4,LAUNCHBOX_GAMES_DB | STEAM_STORE | WIKIDATA | WIKIPEDIA_PS4_LIST,B_OTHER_PLATFORM | B_PS4_RELEASE | C_DISCOVERY,https://en.wikipedia.org/wiki/List_of_PlayStation_4_games_(A%E2%80%93L) | https://store.steampowered.com/app/2519060 | https://www.wikidata.org/wiki/Q121295422 | https://gamesdb.launchbox-app.com/games/details/441445,"La lista específica de PS4 atribuye el desarrollo a esta compañía. | La ficha comercial de Steam confirma la desarrolladora de la obra, no necesariamente el port de PS4. | Wikidata registra la compañía como desarrolladora. | LaunchBox registra esta desarrolladora para su ficha de PS4.",No propagar a ports o compilaciones sin comprobar sus créditos propios.,,CUSA43690_00,,,Sledgehammer Games,sledgehammer-games,official,2026-09-05,company-credit-ps4-pal-high-additions-1,READY_ADD_MISSING
ps4-call-of-duty-wwii-pro-edition,Call of Duty: WWII [Pro Edition],PAL España,standard,call of duty wwii,call of duty wwii,GAME_OR_UNKNOWN,DEVELOPER,developer,Sledgehammer Games,sledgehammer-games,Sledgehammer Games,EXACT_NAME_OR_ALIAS,,ADD_MISSING,HIGH,NO,GAME_WORK | GAME_WORK_OR_PS4_RELEASE | PS4_RELEASE,4,LAUNCHBOX_GAMES_DB | STEAM_STORE | WIKIDATA | WIKIPEDIA_PS4_LIST,B_OTHER_PLATFORM | B_PS4_RELEASE | C_DISCOVERY,https://en.wikipedia.org/wiki/List_of_PlayStation_4_games_(A%E2%80%93L) | https://store.steampowered.com/app/476600 | https://www.wikidata.org/wiki/Q29577137 | https://gamesdb.launchbox-app.com/games/details/129108,"La lista específica de PS4 atribuye el desarrollo a esta compañía. | La ficha comercial de Steam confirma la desarrolladora de la obra, no necesariamente el port de PS4. | Wikidata registra la compañía como desarrolladora. | LaunchBox registra esta desarrolladora para su ficha de PS4.",No propagar a ports o compilaciones sin comprobar sus créditos propios.,,,,,Sledgehammer Games,sledgehammer-games,official,2026-09-05,company-credit-ps4-pal-high-additions-1,READY_ADD_MISSING
ps4-call-of-duty-wwii-steelbook-edition,Call Of Duty WWII [Steelbook Edition],PAL España,standard,call of duty wwii,call of duty wwii,EDITION_VARIANT,DEVELOPER,developer,Sledgehammer Games,sledgehammer-games,Sledgehammer Games,EXACT_NAME_OR_ALIAS,,ADD_MISSING,HIGH,NO,GAME_WORK | GAME_WORK_OR_PS4_RELEASE | PS4_RELEASE,4,LAUNCHBOX_GAMES_DB | STEAM_STORE | WIKIDATA | WIKIPEDIA_PS4_LIST,B_OTHER_PLATFORM | B_PS4_RELEASE | C_DISCOVERY,https://en.wikipedia.org/wiki/List_of_PlayStation_4_games_(A%E2%80%93L) | https://store.steampowered.com/app/476600 | https://www.wikidata.org/wiki/Q29577137 | https://gamesdb.launchbox-app.com/games/details/129108,"La lista específica de PS4 atribuye el desarrollo a esta compañía. | La ficha comercial de Steam confirma la desarrolladora de la obra, no necesariamente el port de PS4. | Wikidata registra la compañía como desarrolladora. | LaunchBox registra esta desarrolladora para su ficha de PS4.",No propagar a ports o compilaciones sin comprobar sus créditos propios.,,,,,Sledgehammer Games,sledgehammer-games,official,2026-09-05,company-credit-ps4-pal-high-additions-1,READY_ADD_MISSING
ps4-candle-the-power-of-the-flame-signature-edition,Candle: The Power Of The Flame [Signature Edition],PAL España,standard,candle the power of the flame,candle the power of the flame,GAME_OR_UNKNOWN,DEVELOPER,developer,Teku Studios,teku-studios,Teku Studios,EXACT_NAME_OR_ALIAS,,ADD_MISSING,HIGH,NO,GAME_WORK_OR_PS4_RELEASE | MATCHED_PS4_PRODUCT,2,PLAYSTATION_STORE_EXPLICIT_CREDIT | WIKIPEDIA_PS4_LIST,A_OFFICIAL_MATCHED_TITLE_CREDIT | B_PS4_RELEASE,https://store.playstation.com/es-es/product/EP1121-CUSA12065_00-CANDLE0000000001 | https://en.wikipedia.org/wiki/List_of_PlayStation_4_games_(A%E2%80%93L),"developed by Teku Studios, published by Merge Games Ltd | La lista específica de PS4 atribuye el desarrollo a esta compañía.",No propagar a ports o compilaciones sin comprobar sus créditos propios.,,,,,Teku Studios,teku-studios,official,2026-09-05,company-credit-ps4-pal-high-additions-1,READY_ADD_MISSING
ps4-captain-tsubasa-rise-of-new-champions-collector%27s-edition,Captain Tsubasa: Rise of New Champions [Collector's Edition],PAL España,standard,captain tsubasa rise of new champions,captain tsubasa rise of new champions,EDITION_VARIANT,DEVELOPER,developer,Tamsoft Corporation,tamsoft,Tamsoft | TAMSOFT CORPORATION,EXACT_NAME_OR_ALIAS,,ADD_MISSING,HIGH,NO,GAME_WORK | GAME_WORK_OR_PS4_RELEASE | PS4_RELEASE,4,LAUNCHBOX_GAMES_DB | STEAM_STORE | WIKIDATA | WIKIPEDIA_PS4_LIST,B_OTHER_PLATFORM | B_PS4_RELEASE | C_DISCOVERY,https://en.wikipedia.org/wiki/List_of_PlayStation_4_games_(A%E2%80%93L) | https://store.steampowered.com/app/1163550 | https://www.wikidata.org/wiki/Q83544584 | https://gamesdb.launchbox-app.com/games/details/211289,"La lista específica de PS4 atribuye el desarrollo a esta compañía. | La ficha comercial de Steam confirma la desarrolladora de la obra, no necesariamente el port de PS4. | Wikidata registra la compañía como desarrolladora. | LaunchBox registra esta desarrolladora para su ficha de PS4.",No propagar a ports o compilaciones sin comprobar sus créditos propios.,,,,,Tamsoft Corporation,tamsoft,official,2026-09-05,company-credit-ps4-pal-high-additions-1,READY_ADD_MISSING
ps4-captain-tsubasa-rise-of-new-champions-deluxe-edition,Captain Tsubasa: Rise Of New Champions [Deluxe Edition],PAL España,standard,captain tsubasa rise of new champions,captain tsubasa rise of new champions,EDITION_VARIANT,DEVELOPER,developer,Tamsoft Corporation,tamsoft,Tamsoft | TAMSOFT CORPORATION,EXACT_NAME_OR_ALIAS,,ADD_MISSING,HIGH,NO,GAME_WORK | GAME_WORK_OR_PS4_RELEASE | PS4_RELEASE,4,LAUNCHBOX_GAMES_DB | STEAM_STORE | WIKIDATA | WIKIPEDIA_PS4_LIST,B_OTHER_PLATFORM | B_PS4_RELEASE | C_DISCOVERY,https://en.wikipedia.org/wiki/List_of_PlayStation_4_games_(A%E2%80%93L) | https://store.steampowered.com/app/1163550 | https://www.wikidata.org/wiki/Q83544584 | https://gamesdb.launchbox-app.com/games/details/211289,"La lista específica de PS4 atribuye el desarrollo a esta compañía. | La ficha comercial de Steam confirma la desarrolladora de la obra, no necesariamente el port de PS4. | Wikidata registra la compañía como desarrolladora. | LaunchBox registra esta desarrolladora para su ficha de PS4.",No propagar a ports o compilaciones sin comprobar sus créditos propios.,,,,,Tamsoft Corporation,tamsoft,official,2026-09-05,company-credit-ps4-pal-high-additions-1,READY_ADD_MISSING
ps4-cartoon-network-battle-crashers,Cartoon Network Battle Crashers,PAL España,standard,cartoon network battle crashers,cartoon network battle crashers,GAME_OR_UNKNOWN,DEVELOPER,developer,Magic Pockets,magic-pockets,Magic Pockets,EXACT_NAME_OR_ALIAS,,ADD_MISSING,HIGH,NO,GAME_WORK_OR_PS4_RELEASE | MATCHED_PS4_PRODUCT | PS4_RELEASE,3,LAUNCHBOX_GAMES_DB | PLAYSTATION_STORE_EXPLICIT_CREDIT | WIKIPEDIA_PS4_LIST,A_OFFICIAL_MATCHED_TITLE_CREDIT | B_PS4_RELEASE | C_DISCOVERY,https://store.playstation.com/es-es/product/EP0281-CUSA04751_00-CARTOONNETWORKBR | https://en.wikipedia.org/wiki/List_of_PlayStation_4_games_(A%E2%80%93L) | https://gamesdb.launchbox-app.com/games/details/461977,Game developed by Magic Pockets | La lista específica de PS4 atribuye el desarrollo a esta compañía. | LaunchBox registra esta desarrolladora para su ficha de PS4.,No propagar a ports o compilaciones sin comprobar sus créditos propios.,,CUSA04729_00,,,Magic Pockets,magic-pockets,official,2026-09-05,company-credit-ps4-pal-high-additions-1,READY_ADD_MISSING
ps4-catherine-full-body-launch-edition,Catherine: Full Body [Launch Edition],PAL España,standard,catherine full body,catherine full body,EDITION_VARIANT,PHYSICAL_PUBLISHER_OR_DISTRIBUTOR,publisher,Atlus Co Ltd.,atlus,Atlus,EXACT_NAME_OR_ALIAS,,ADD_MISSING,HIGH,NO,EXACT_PHYSICAL_EDITION | PAL_RELEASE,2,PRICECHARTING_EXACT_PAL_PAGE | WIKIPEDIA_PS4_LIST_PAL,B_EXACT_PHYSICAL | B_PAL_RELEASE,https://www.pricecharting.com/game/pal-playstation-4/catherine-full-body-launch-edition | https://en.wikipedia.org/wiki/List_of_PlayStation_4_games_(A%E2%80%93L),La ficha exacta de la edición física PAL etiqueta a esta compañía como Publisher; puede representar publicación o distribución física. | La columna PAL de la lista de PS4 atribuye la publicación a esta compañía.,Confirmar si la etiqueta Publisher representa publicación o distribución en la caja PAL.,,,,,Atlus Co Ltd.,atlus,pricecharting,2026-09-05,company-credit-ps4-pal-high-additions-1,READY_ADD_MISSING
ps4-catherine-full-body-premium-edition,Catherine: Full Body [Premium Edition],PAL España,standard,catherine full body,catherine full body,EDITION_VARIANT,PHYSICAL_PUBLISHER_OR_DISTRIBUTOR,publisher,Atlus Co Ltd.,atlus,Atlus,EXACT_NAME_OR_ALIAS,,ADD_MISSING,HIGH,NO,EXACT_PHYSICAL_EDITION | PAL_RELEASE,2,PRICECHARTING_EXACT_PAL_PAGE | WIKIPEDIA_PS4_LIST_PAL,B_EXACT_PHYSICAL | B_PAL_RELEASE,https://www.pricecharting.com/game/pal-playstation-4/catherine-full-body-premium-edition | https://en.wikipedia.org/wiki/List_of_PlayStation_4_games_(A%E2%80%93L),La ficha exacta de la edición física PAL etiqueta a esta compañía como Publisher; puede representar publicación o distribución física. | La columna PAL de la lista de PS4 atribuye la publicación a esta compañía.,Confirmar si la etiqueta Publisher representa publicación o distribución en la caja PAL.,,,CUSA15036_00,,Atlus Co Ltd.,atlus,pricecharting,2026-09-05,company-credit-ps4-pal-high-additions-1,READY_ADD_MISSING
ps4-chernobylite-limited-edition,Chernobylite [Limited Edition],PAL España,standard,chernobylite,chernobylite,EDITION_VARIANT,DEVELOPER,developer,The Farm 51,the-farm-51,The Farm 51,EXACT_NAME_OR_ALIAS,,ADD_MISSING,HIGH,NO,EXACT_PHYSICAL_EDITION | GAME_WORK | GAME_WORK_OR_PS4_RELEASE | PS4_RELEASE,4,LAUNCHBOX_GAMES_DB | PRICECHARTING_EXACT_PAL_PAGE | WIKIDATA | WIKIPEDIA_PS4_LIST,B_EXACT_PHYSICAL | B_PS4_RELEASE | C_DISCOVERY,https://www.pricecharting.com/game/pal-playstation-4/chernobylite-limited-edition | https://en.wikipedia.org/wiki/List_of_PlayStation_4_games_(A%E2%80%93L) | https://www.wikidata.org/wiki/Q61994841 | https://gamesdb.launchbox-app.com/games/details/473037,La ficha enlazada de la edición física PAL atribuye el desarrollo a esta compañía. | La lista específica de PS4 atribuye el desarrollo a esta compañía. | Wikidata registra la compañía como desarrolladora. | LaunchBox registra esta desarrolladora para su ficha de PS4.,No propagar a ports o compilaciones sin comprobar sus créditos propios.,,,,,The Farm 51,the-farm-51,pricecharting,2026-09-05,company-credit-ps4-pal-high-additions-1,READY_ADD_MISSING
ps4-child-of-light-collector%27s-edition,Child Of Light [Collector's Edition],PAL España,standard,child of light,child of light,EDITION_VARIANT,DEVELOPER,developer,Ubisoft Montreal,ubisoft-montreal,Ubisoft Montreal | Ubisoft Montréal,EXACT_NAME_OR_ALIAS,,ADD_MISSING,HIGH,NO,GAME_WORK | GAME_WORK_OR_PS4_RELEASE | PS4_RELEASE,3,LAUNCHBOX_GAMES_DB | STEAM_STORE | WIKIPEDIA_PS4_LIST,B_OTHER_PLATFORM | B_PS4_RELEASE | C_DISCOVERY,https://en.wikipedia.org/wiki/List_of_PlayStation_4_games_(A%E2%80%93L) | https://store.steampowered.com/app/256290 | https://gamesdb.launchbox-app.com/games/details/20127,"La lista específica de PS4 atribuye el desarrollo a esta compañía. | La ficha comercial de Steam confirma la desarrolladora de la obra, no necesariamente el port de PS4. | LaunchBox registra esta desarrolladora para su ficha de PS4.",No propagar a ports o compilaciones sin comprobar sus créditos propios.,,,,,Ubisoft Montreal,ubisoft-montreal,official,2026-09-05,company-credit-ps4-pal-high-additions-1,READY_ADD_MISSING
ps4-children-of-morta-signature-edition,Children of Morta [Signature Edition],PAL España,standard,children of morta,children of morta,GAME_OR_UNKNOWN,DEVELOPER,developer,Dead Mage,dead-mage,Dead Mage,EXACT_NAME_OR_ALIAS,,ADD_MISSING,HIGH,NO,EXACT_PHYSICAL_EDITION | GAME_WORK | GAME_WORK_OR_PS4_RELEASE,4,PRICECHARTING_EXACT_PAL_PAGE | STEAM_STORE | WIKIDATA | WIKIPEDIA_PS4_LIST,B_EXACT_PHYSICAL | B_OTHER_PLATFORM | B_PS4_RELEASE | C_DISCOVERY,https://www.pricecharting.com/game/pal-playstation-4/children-of-morta-signature-edition | https://en.wikipedia.org/wiki/List_of_PlayStation_4_games_(A%E2%80%93L) | https://store.steampowered.com/app/330020 | https://www.wikidata.org/wiki/Q67103636,"La ficha enlazada de la edición física PAL atribuye el desarrollo a esta compañía. | La lista específica de PS4 atribuye el desarrollo a esta compañía. | La ficha comercial de Steam confirma la desarrolladora de la obra, no necesariamente el port de PS4. | Wikidata registra la compañía como desarrolladora.",No propagar a ports o compilaciones sin comprobar sus créditos propios.,,,CUSA10646_00,,Dead Mage,dead-mage,official,2026-09-05,company-credit-ps4-pal-high-additions-1,READY_ADD_MISSING
ps4-close-to-the-sun-collector%27s-edition,Close to the Sun [Collector's Edition],PAL España,standard,close to the sun,close to the sun,EDITION_VARIANT,PHYSICAL_PUBLISHER_OR_DISTRIBUTOR,publisher,Wired Productions Ltd.,wired-productions,Wired Productions,EXACT_NAME_OR_ALIAS,,ADD_MISSING,HIGH,NO,EXACT_PHYSICAL_EDITION | PAL_RELEASE,2,PRICECHARTING_EXACT_PAL_PAGE | WIKIPEDIA_PS4_LIST_PAL,B_EXACT_PHYSICAL | B_PAL_RELEASE,https://www.pricecharting.com/game/pal-playstation-4/close-to-the-sun-collector%27s-edition | https://en.wikipedia.org/wiki/List_of_PlayStation_4_games_(A%E2%80%93L),La ficha exacta de la edición física PAL etiqueta a esta compañía como Publisher; puede representar publicación o distribución física. | La columna PAL de la lista de PS4 atribuye la publicación a esta compañía.,Confirmar si la etiqueta Publisher representa publicación o distribución en la caja PAL.,,,,,Wired Productions Ltd.,wired-productions,pricecharting,2026-09-05,company-credit-ps4-pal-high-additions-1,READY_ADD_MISSING
ps4-cloudpunk-signature-edition,Cloudpunk [Signature Edition],PAL España,standard,cloudpunk,cloudpunk,GAME_OR_UNKNOWN,DEVELOPER,developer,Ion Lands,ion-lands,Ion Lands | ION LANDS,EXACT_NAME_OR_ALIAS,,ADD_MISSING,HIGH,NO,EXACT_PHYSICAL_EDITION | GAME_WORK | GAME_WORK_OR_PS4_RELEASE,3,PRICECHARTING_EXACT_PAL_PAGE | STEAM_STORE | WIKIPEDIA_PS4_LIST,B_EXACT_PHYSICAL | B_OTHER_PLATFORM | B_PS4_RELEASE,https://www.pricecharting.com/game/pal-playstation-4/cloudpunk-signature-edition | https://en.wikipedia.org/wiki/List_of_PlayStation_4_games_(A%E2%80%93L) | https://store.steampowered.com/app/746850,"La ficha enlazada de la edición física PAL atribuye el desarrollo a esta compañía. | La lista específica de PS4 atribuye el desarrollo a esta compañía. | La ficha comercial de Steam confirma la desarrolladora de la obra, no necesariamente el port de PS4.",No propagar a ports o compilaciones sin comprobar sus créditos propios.,,,,,Ion Lands,ion-lands,official,2026-09-05,company-credit-ps4-pal-high-additions-1,READY_ADD_MISSING
ps4-code-vein-collector%27s-edition,Code Vein [Collector's Edition],PAL España,standard,code vein,code vein,EDITION_VARIANT,PHYSICAL_PUBLISHER_OR_DISTRIBUTOR,publisher,Bandai Namco Entertainment,bandai-namco-entertainment,Bandai Namco,EXACT_NAME_OR_ALIAS,,ADD_MISSING,HIGH,NO,EXACT_PHYSICAL_EDITION | PAL_RELEASE,2,PRICECHARTING_EXACT_PAL_PAGE | WIKIPEDIA_PS4_LIST_PAL,B_EXACT_PHYSICAL | B_PAL_RELEASE,https://www.pricecharting.com/game/pal-playstation-4/code-vein-collector%27s-edition | https://en.wikipedia.org/wiki/List_of_PlayStation_4_games_(A%E2%80%93L),La ficha exacta de la edición física PAL etiqueta a esta compañía como Publisher; puede representar publicación o distribución física. | La columna PAL de la lista de PS4 atribuye la publicación a esta compañía.,Confirmar si la etiqueta Publisher representa publicación o distribución en la caja PAL.,,,,,Bandai Namco Entertainment,bandai-namco-entertainment,pricecharting,2026-09-05,company-credit-ps4-pal-high-additions-1,READY_ADD_MISSING
ps4-code-vein-day-one-edition,Code Vein [Day One Edition],PAL España,standard,code vein,code vein,EDITION_VARIANT,DEVELOPER,developer,Bandai Namco Entertainment,bandai-namco-entertainment,Bandai Namco | Bandai Namco Entertainment,EXACT_NAME_OR_ALIAS,,ADD_MISSING,HIGH,NO,EXACT_PHYSICAL_EDITION | GAME_WORK | GAME_WORK_OR_PS4_RELEASE,3,PRICECHARTING_EXACT_PAL_PAGE | WIKIDATA | WIKIPEDIA_PS4_LIST,B_EXACT_PHYSICAL | B_PS4_RELEASE | C_DISCOVERY,https://www.pricecharting.com/game/pal-playstation-4/code-vein-day-one-edition | https://en.wikipedia.org/wiki/List_of_PlayStation_4_games_(A%E2%80%93L) | https://www.wikidata.org/wiki/Q29475928,La ficha enlazada de la edición física PAL atribuye el desarrollo a esta compañía. | La lista específica de PS4 atribuye el desarrollo a esta compañía. | Wikidata registra la compañía como desarrolladora.,No propagar a ports o compilaciones sin comprobar sus créditos propios.,,,,,Bandai Namco Entertainment,bandai-namco-entertainment,pricecharting,2026-09-05,company-credit-ps4-pal-high-additions-1,READY_ADD_MISSING
ps4-code-vein-day-one-edition,Code Vein [Day One Edition],PAL España,standard,code vein,code vein,EDITION_VARIANT,PHYSICAL_PUBLISHER_OR_DISTRIBUTOR,publisher,Bandai Namco Entertainment,bandai-namco-entertainment,Bandai Namco,EXACT_NAME_OR_ALIAS,,ADD_MISSING,HIGH,NO,EXACT_PHYSICAL_EDITION | PAL_RELEASE,2,PRICECHARTING_EXACT_PAL_PAGE | WIKIPEDIA_PS4_LIST_PAL,B_EXACT_PHYSICAL | B_PAL_RELEASE,https://www.pricecharting.com/game/pal-playstation-4/code-vein-day-one-edition | https://en.wikipedia.org/wiki/List_of_PlayStation_4_games_(A%E2%80%93L),La ficha exacta de la edición física PAL etiqueta a esta compañía como Publisher; puede representar publicación o distribución física. | La columna PAL de la lista de PS4 atribuye la publicación a esta compañía.,Confirmar si la etiqueta Publisher representa publicación o distribución en la caja PAL.,,,,,Bandai Namco Entertainment,bandai-namco-entertainment,pricecharting,2026-09-05,company-credit-ps4-pal-high-additions-1,READY_ADD_MISSING
ps4-coffee-talk-collector%27s-edition,Coffee Talk [Collector's Edition],PAL España,standard,coffee talk,coffee talk,EDITION_VARIANT,DEVELOPER,developer,Toge Productions,toge-productions,Toge Productions,EXACT_NAME_OR_ALIAS,,ADD_MISSING,HIGH,NO,EXACT_PHYSICAL_EDITION | GAME_WORK | GAME_WORK_OR_PS4_RELEASE | PS4_RELEASE,5,LAUNCHBOX_GAMES_DB | PRICECHARTING_EXACT_PAL_PAGE | STEAM_STORE | WIKIDATA | WIKIPEDIA_PS4_LIST,B_EXACT_PHYSICAL | B_OTHER_PLATFORM | B_PS4_RELEASE | C_DISCOVERY,https://www.pricecharting.com/game/pal-playstation-4/coffee-talk-collector%27s-edition | https://en.wikipedia.org/wiki/List_of_PlayStation_4_games_(A%E2%80%93L) | https://store.steampowered.com/app/914800 | https://www.wikidata.org/wiki/Q85753234 | https://gamesdb.launchbox-app.com/games/details/473008,"La ficha enlazada de la edición física PAL atribuye el desarrollo a esta compañía. | La lista específica de PS4 atribuye el desarrollo a esta compañía. | La ficha comercial de Steam confirma la desarrolladora de la obra, no necesariamente el port de PS4. | Wikidata registra la compañía como desarrolladora. | LaunchBox registra esta desarrolladora para su ficha de PS4.",No propagar a ports o compilaciones sin comprobar sus créditos propios.,,,CUSA18112_00,,Toge Productions,toge-productions,official,2026-09-05,company-credit-ps4-pal-high-additions-1,READY_ADD_MISSING
ps4-colossus-down-destroy%27em-up-edition,Colossus Down [Destroy'Em Up Edition],PAL España,standard,colossus down,colossus down,GAME_OR_UNKNOWN,DEVELOPER,developer,Mango Protocol,mango-protocol,Mango Protocol,EXACT_NAME_OR_ALIAS,,ADD_MISSING,HIGH,NO,EXACT_PHYSICAL_EDITION | GAME_WORK,3,PRICECHARTING_EXACT_PAL_PAGE | STEAM_STORE | WIKIDATA,B_EXACT_PHYSICAL | B_OTHER_PLATFORM | C_DISCOVERY,https://www.pricecharting.com/game/pal-playstation-4/colossus-down-destroy%27em-up-edition | https://store.steampowered.com/app/1394810 | https://www.wikidata.org/wiki/Q105100619,"La ficha enlazada de la edición física PAL atribuye el desarrollo a esta compañía. | La ficha comercial de Steam confirma la desarrolladora de la obra, no necesariamente el port de PS4. | Wikidata registra la compañía como desarrolladora.",No propagar a ports o compilaciones sin comprobar sus créditos propios.,,,,,Mango Protocol,mango-protocol,official,2026-09-05,company-credit-ps4-pal-high-additions-1,READY_ADD_MISSING
ps4-conan-exiles,Conan Exiles,PAL España,standard,conan exiles,conan exiles,GAME_OR_UNKNOWN,DEVELOPER,developer,Funcom,funcom,Funcom,EXACT_NAME_OR_ALIAS,,ADD_MISSING,HIGH,NO,GAME_WORK | GAME_WORK_OR_PS4_RELEASE,3,STEAM_STORE | WIKIDATA | WIKIPEDIA_PS4_LIST,B_OTHER_PLATFORM | B_PS4_RELEASE | C_DISCOVERY,https://en.wikipedia.org/wiki/List_of_PlayStation_4_games_(A%E2%80%93L) | https://store.steampowered.com/app/440900 | https://www.wikidata.org/wiki/Q28753362,"La lista específica de PS4 atribuye el desarrollo a esta compañía. | La ficha comercial de Steam confirma la desarrolladora de la obra, no necesariamente el port de PS4. | Wikidata registra la compañía como desarrolladora.",No propagar a ports o compilaciones sin comprobar sus créditos propios.,,CUSA10486_00,,,Funcom,funcom,official,2026-09-05,company-credit-ps4-pal-high-additions-1,READY_ADD_MISSING
ps4-contra-rogue-corps,Contra: Rogue Corps,PAL España,standard,contra rogue corps,contra rogue corps,GAME_OR_UNKNOWN,DEVELOPER,developer,Konami,konami,Konami | KONAMI,EXACT_NAME_OR_ALIAS,,ADD_MISSING,HIGH,NO,GAME_WORK | GAME_WORK_OR_PS4_RELEASE | PS4_RELEASE,3,LAUNCHBOX_GAMES_DB | STEAM_STORE | WIKIPEDIA_PS4_LIST,B_OTHER_PLATFORM | B_PS4_RELEASE | C_DISCOVERY,https://en.wikipedia.org/wiki/List_of_PlayStation_4_games_(A%E2%80%93L) | https://store.steampowered.com/app/1020540 | https://gamesdb.launchbox-app.com/games/details/207614,"La lista específica de PS4 atribuye el desarrollo a esta compañía. | La ficha comercial de Steam confirma la desarrolladora de la obra, no necesariamente el port de PS4. | LaunchBox registra esta desarrolladora para su ficha de PS4.",No propagar a ports o compilaciones sin comprobar sus créditos propios.,,CUSA15024_00,,,Konami,konami,official,2026-09-05,company-credit-ps4-pal-high-additions-1,READY_ADD_MISSING
ps4-cotton-100-collector%27s-edition,Cotton 100 [Collector's Edition],PAL España,standard,cotton 100,cotton 100,EDITION_VARIANT,DEVELOPER,developer,Success,success,Success,EXACT_NAME_OR_ALIAS,,ADD_MISSING,HIGH,NO,EXACT_PHYSICAL_EDITION | GAME_WORK_OR_PS4_RELEASE,2,PRICECHARTING_EXACT_PAL_PAGE | WIKIPEDIA_PS4_LIST,B_EXACT_PHYSICAL | B_PS4_RELEASE,https://www.pricecharting.com/game/pal-playstation-4/cotton-100-collector%27s-edition | https://en.wikipedia.org/wiki/List_of_PlayStation_4_games_(A%E2%80%93L),La ficha enlazada de la edición física PAL atribuye el desarrollo a esta compañía. | La lista específica de PS4 atribuye el desarrollo a esta compañía.,No propagar a ports o compilaciones sin comprobar sus créditos propios.,,,CUSA30877_00,,Success,success,pricecharting,2026-09-05,company-credit-ps4-pal-high-additions-1,READY_ADD_MISSING
ps4-cotton-reboot-strictly-limited,Cotton Reboot [Strictly Limited],PAL España,standard,cotton reboot,cotton reboot strictly limited,EDITION_VARIANT,PHYSICAL_PUBLISHER_OR_DISTRIBUTOR,publisher,ININ Games,inin-games,ININ Games | Inin Games,EXACT_NAME_OR_ALIAS,,ADD_MISSING,HIGH,NO,EXACT_PHYSICAL_EDITION | PAL_RELEASE,2,PRICECHARTING_EXACT_PAL_PAGE | WIKIPEDIA_PS4_LIST_PAL,B_EXACT_PHYSICAL | B_PAL_RELEASE,https://www.pricecharting.com/game/pal-playstation-4/cotton-reboot-strictly-limited | https://en.wikipedia.org/wiki/List_of_PlayStation_4_games_(A%E2%80%93L),La ficha exacta de la edición física PAL etiqueta a esta compañía como Publisher; puede representar publicación o distribución física. | La columna PAL de la lista de PS4 atribuye la publicación a esta compañía.,Confirmar si la etiqueta Publisher representa publicación o distribución en la caja PAL.,,,,,ININ Games,inin-games,pricecharting,2026-09-05,company-credit-ps4-pal-high-additions-1,READY_ADD_MISSING
ps4-cotton-reboot-strictly-limited-collector%27s-edition,Cotton Reboot [Strictly Limited Collector's Edition],PAL España,standard,cotton reboot,cotton reboot,EDITION_VARIANT,PHYSICAL_PUBLISHER_OR_DISTRIBUTOR,publisher,ININ Games,inin-games,ININ Games | Inin Games,EXACT_NAME_OR_ALIAS,,ADD_MISSING,HIGH,NO,EXACT_PHYSICAL_EDITION | PAL_RELEASE,2,PRICECHARTING_EXACT_PAL_PAGE | WIKIPEDIA_PS4_LIST_PAL,B_EXACT_PHYSICAL | B_PAL_RELEASE,https://www.pricecharting.com/game/pal-playstation-4/cotton-reboot-strictly-limited-collector%27s-edition | https://en.wikipedia.org/wiki/List_of_PlayStation_4_games_(A%E2%80%93L),La ficha exacta de la edición física PAL etiqueta a esta compañía como Publisher; puede representar publicación o distribución física. | La columna PAL de la lista de PS4 atribuye la publicación a esta compañía.,Confirmar si la etiqueta Publisher representa publicación o distribución en la caja PAL.,,,,,ININ Games,inin-games,pricecharting,2026-09-05,company-credit-ps4-pal-high-additions-1,READY_ADD_MISSING
ps4-cotton-reboot-strictly-limited-dx-x68000-edition,Cotton Reboot [Strictly Limited DX X68000 Edition],PAL España,standard,cotton reboot,cotton reboot,EDITION_VARIANT,PHYSICAL_PUBLISHER_OR_DISTRIBUTOR,publisher,ININ Games,inin-games,ININ Games | Inin Games,EXACT_NAME_OR_ALIAS,,ADD_MISSING,HIGH,NO,EXACT_PHYSICAL_EDITION | PAL_RELEASE,2,PRICECHARTING_EXACT_PAL_PAGE | WIKIPEDIA_PS4_LIST_PAL,B_EXACT_PHYSICAL | B_PAL_RELEASE,https://www.pricecharting.com/game/pal-playstation-4/cotton-reboot-strictly-limited-dx-x68000-edition | https://en.wikipedia.org/wiki/List_of_PlayStation_4_games_(A%E2%80%93L),La ficha exacta de la edición física PAL etiqueta a esta compañía como Publisher; puede representar publicación o distribución física. | La columna PAL de la lista de PS4 atribuye la publicación a esta compañía.,Confirmar si la etiqueta Publisher representa publicación o distribución en la caja PAL.,,,,,ININ Games,inin-games,pricecharting,2026-09-05,company-credit-ps4-pal-high-additions-1,READY_ADD_MISSING
ps4-creature-in-the-well-collector%27s-edition,Creature In The Well [Collector's Edition],PAL España,standard,creature in the well,creature in the well,EDITION_VARIANT,DEVELOPER,developer,Flight School Studio,flight-school-studio,Flight School Studio,EXACT_NAME_OR_ALIAS,,ADD_MISSING,HIGH,NO,GAME_WORK | GAME_WORK_OR_PS4_RELEASE | PS4_RELEASE,3,LAUNCHBOX_GAMES_DB | STEAM_STORE | WIKIPEDIA_PS4_LIST,B_OTHER_PLATFORM | B_PS4_RELEASE | C_DISCOVERY,https://en.wikipedia.org/wiki/List_of_PlayStation_4_games_(A%E2%80%93L) | https://store.steampowered.com/app/852300 | https://gamesdb.launchbox-app.com/games/details/473017,"La lista específica de PS4 atribuye el desarrollo a esta compañía. | La ficha comercial de Steam confirma la desarrolladora de la obra, no necesariamente el port de PS4. | LaunchBox registra esta desarrolladora para su ficha de PS4.",No propagar a ports o compilaciones sin comprobar sus créditos propios.,,,,,Flight School Studio,flight-school-studio,official,2026-09-05,company-credit-ps4-pal-high-additions-1,READY_ADD_MISSING
ps4-crosscode-collector%27s-edition,Crosscode [Collector's Edition],PAL España,standard,crosscode,crosscode,EDITION_VARIANT,DEVELOPER,developer,Radical Fish Games,radical-fish-games,Radical Fish Games,EXACT_NAME_OR_ALIAS,,ADD_MISSING,HIGH,NO,EXACT_PHYSICAL_EDITION | GAME_WORK | GAME_WORK_OR_PS4_RELEASE | PS4_RELEASE,5,LAUNCHBOX_GAMES_DB | PRICECHARTING_EXACT_PAL_PAGE | STEAM_STORE | WIKIDATA | WIKIPEDIA_PS4_LIST,B_EXACT_PHYSICAL | B_OTHER_PLATFORM | B_PS4_RELEASE | C_DISCOVERY,https://www.pricecharting.com/game/pal-playstation-4/crosscode-collector%27s-edition | https://en.wikipedia.org/wiki/List_of_PlayStation_4_games_(A%E2%80%93L) | https://store.steampowered.com/app/368340 | https://www.wikidata.org/wiki/Q30632190 | https://gamesdb.launchbox-app.com/games/details/473002,"La ficha enlazada de la edición física PAL atribuye el desarrollo a esta compañía. | La lista específica de PS4 atribuye el desarrollo a esta compañía. | La ficha comercial de Steam confirma la desarrolladora de la obra, no necesariamente el port de PS4. | Wikidata registra la compañía como desarrolladora. | LaunchBox registra esta desarrolladora para su ficha de PS4.",No propagar a ports o compilaciones sin comprobar sus créditos propios.,,,CUSA15461_00,,Radical Fish Games,radical-fish-games,official,2026-09-05,company-credit-ps4-pal-high-additions-1,READY_ADD_MISSING
ps4-crosscode-collector%27s-edition,Crosscode [Collector's Edition],PAL España,standard,crosscode,crosscode,EDITION_VARIANT,PHYSICAL_PUBLISHER_OR_DISTRIBUTOR,publisher,Deck13,deck13,Deck13,EXACT_NAME_OR_ALIAS,,ADD_MISSING,HIGH,NO,EXACT_PHYSICAL_EDITION | PAL_RELEASE,2,PRICECHARTING_EXACT_PAL_PAGE | WIKIPEDIA_PS4_LIST_PAL,B_EXACT_PHYSICAL | B_PAL_RELEASE,https://www.pricecharting.com/game/pal-playstation-4/crosscode-collector%27s-edition | https://en.wikipedia.org/wiki/List_of_PlayStation_4_games_(A%E2%80%93L),La ficha exacta de la edición física PAL etiqueta a esta compañía como Publisher; puede representar publicación o distribución física. | La columna PAL de la lista de PS4 atribuye la publicación a esta compañía.,Confirmar si la etiqueta Publisher representa publicación o distribución en la caja PAL.,,,CUSA15461_00,,Deck13,deck13,pricecharting,2026-09-05,company-credit-ps4-pal-high-additions-1,READY_ADD_MISSING
ps4-crosscode-steelbook-edition,Crosscode [Steelbook Edition],PAL España,standard,crosscode,crosscode,EDITION_VARIANT,DEVELOPER,developer,Radical Fish Games,radical-fish-games,Radical Fish Games,EXACT_NAME_OR_ALIAS,,ADD_MISSING,HIGH,NO,EXACT_PHYSICAL_EDITION | GAME_WORK | GAME_WORK_OR_PS4_RELEASE | PS4_RELEASE,5,LAUNCHBOX_GAMES_DB | PRICECHARTING_EXACT_PAL_PAGE | STEAM_STORE | WIKIDATA | WIKIPEDIA_PS4_LIST,B_EXACT_PHYSICAL | B_OTHER_PLATFORM | B_PS4_RELEASE | C_DISCOVERY,https://www.pricecharting.com/game/pal-playstation-4/crosscode-steelbook-edition | https://en.wikipedia.org/wiki/List_of_PlayStation_4_games_(A%E2%80%93L) | https://store.steampowered.com/app/368340 | https://www.wikidata.org/wiki/Q30632190 | https://gamesdb.launchbox-app.com/games/details/473002,"La ficha enlazada de la edición física PAL atribuye el desarrollo a esta compañía. | La lista específica de PS4 atribuye el desarrollo a esta compañía. | La ficha comercial de Steam confirma la desarrolladora de la obra, no necesariamente el port de PS4. | Wikidata registra la compañía como desarrolladora. | LaunchBox registra esta desarrolladora para su ficha de PS4.",No propagar a ports o compilaciones sin comprobar sus créditos propios.,,,,,Radical Fish Games,radical-fish-games,official,2026-09-05,company-credit-ps4-pal-high-additions-1,READY_ADD_MISSING
ps4-crown-trick-special-edition,Crown Trick [Special Edition],PAL España,standard,crown trick,crown trick,EDITION_VARIANT,DEVELOPER,developer,NExT Studios,next-studios,NExT Studios | Next Studios | NEXT Studios,EXACT_NAME_OR_ALIAS,,ADD_MISSING,HIGH,NO,EXACT_PHYSICAL_EDITION | GAME_WORK | GAME_WORK_OR_PS4_RELEASE | PS4_RELEASE,5,LAUNCHBOX_GAMES_DB | PRICECHARTING_EXACT_PAL_PAGE | STEAM_STORE | WIKIDATA | WIKIPEDIA_PS4_LIST,B_EXACT_PHYSICAL | B_OTHER_PLATFORM | B_PS4_RELEASE | C_DISCOVERY,https://www.pricecharting.com/game/pal-playstation-4/crown-trick-special-edition | https://en.wikipedia.org/wiki/List_of_PlayStation_4_games_(A%E2%80%93L) | https://store.steampowered.com/app/1000010 | https://www.wikidata.org/wiki/Q100271056 | https://gamesdb.launchbox-app.com/games/details/473038,"La ficha enlazada de la edición física PAL atribuye el desarrollo a esta compañía. | La lista específica de PS4 atribuye el desarrollo a esta compañía. | La ficha comercial de Steam confirma la desarrolladora de la obra, no necesariamente el port de PS4. | Wikidata registra la compañía como desarrolladora. | LaunchBox registra esta desarrolladora para su ficha de PS4.",No propagar a ports o compilaciones sin comprobar sus créditos propios.,,,,,NExT Studios,next-studios,official,2026-09-05,company-credit-ps4-pal-high-additions-1,READY_ADD_MISSING
ps4-crypt-of-the-necrodancer-collector%27s-edition,Crypt of the NecroDancer [Collector's Edition],PAL España,standard,crypt of the necrodancer,crypt of the necrodancer,EDITION_VARIANT,DEVELOPER,developer,Brace Yourself Games,brace-yourself-games,Brace Yourself Games,EXACT_NAME_OR_ALIAS,,ADD_MISSING,HIGH,NO,EXACT_PHYSICAL_EDITION | GAME_WORK | GAME_WORK_OR_PS4_RELEASE | PS4_RELEASE,5,LAUNCHBOX_GAMES_DB | PRICECHARTING_EXACT_PAL_PAGE | STEAM_STORE | WIKIDATA | WIKIPEDIA_PS4_LIST,B_EXACT_PHYSICAL | B_OTHER_PLATFORM | B_PS4_RELEASE | C_DISCOVERY,https://www.pricecharting.com/game/pal-playstation-4/crypt-of-the-necrodancer-collector%27s-edition | https://en.wikipedia.org/wiki/List_of_PlayStation_4_games_(A%E2%80%93L) | https://store.steampowered.com/app/247080 | https://www.wikidata.org/wiki/Q16259371 | https://gamesdb.launchbox-app.com/games/details/473040,"La ficha enlazada de la edición física PAL atribuye el desarrollo a esta compañía. | La lista específica de PS4 atribuye el desarrollo a esta compañía. | La ficha comercial de Steam confirma la desarrolladora de la obra, no necesariamente el port de PS4. | Wikidata registra la compañía como desarrolladora. | LaunchBox registra esta desarrolladora para su ficha de PS4.",No propagar a ports o compilaciones sin comprobar sus créditos propios.,,,,,Brace Yourself Games,brace-yourself-games,official,2026-09-05,company-credit-ps4-pal-high-additions-1,READY_ADD_MISSING
ps4-crypt-of-the-necrodancer-collector%27s-edition,Crypt of the NecroDancer [Collector's Edition],PAL España,standard,crypt of the necrodancer,crypt of the necrodancer,EDITION_VARIANT,PHYSICAL_PUBLISHER_OR_DISTRIBUTOR,publisher,Brace Yourself Games,brace-yourself-games,Brace Yourself Games,EXACT_NAME_OR_ALIAS,,ADD_MISSING,HIGH,NO,EXACT_PHYSICAL_EDITION | PAL_RELEASE,2,PRICECHARTING_EXACT_PAL_PAGE | WIKIPEDIA_PS4_LIST_PAL,B_EXACT_PHYSICAL | B_PAL_RELEASE,https://www.pricecharting.com/game/pal-playstation-4/crypt-of-the-necrodancer-collector%27s-edition | https://en.wikipedia.org/wiki/List_of_PlayStation_4_games_(A%E2%80%93L),La ficha exacta de la edición física PAL etiqueta a esta compañía como Publisher; puede representar publicación o distribución física. | La columna PAL de la lista de PS4 atribuye la publicación a esta compañía.,Confirmar si la etiqueta Publisher representa publicación o distribución en la caja PAL.,,,,,Brace Yourself Games,brace-yourself-games,pricecharting,2026-09-05,company-credit-ps4-pal-high-additions-1,READY_ADD_MISSING
ps4-cyberpunk-2077-collector%27s-edition,Cyberpunk 2077 [Collector's Edition],PAL España,standard,cyberpunk 2077,cyberpunk 2077,EDITION_VARIANT,DEVELOPER,developer,CD Projekt RED,cd-projekt-red,CD Projekt Red | CD PROJEKT RED | CD Projekt RED,EXACT_NAME_OR_ALIAS,,ADD_MISSING,HIGH,NO,GAME_WORK | GAME_WORK_OR_PS4_RELEASE | PS4_RELEASE,4,LAUNCHBOX_GAMES_DB | STEAM_STORE | WIKIDATA | WIKIPEDIA_PS4_LIST,B_OTHER_PLATFORM | B_PS4_RELEASE | C_DISCOVERY,https://en.wikipedia.org/wiki/List_of_PlayStation_4_games_(A%E2%80%93L) | https://store.steampowered.com/app/1091500 | https://www.wikidata.org/wiki/Q3182559 | https://gamesdb.launchbox-app.com/games/details/22722,"La lista específica de PS4 atribuye el desarrollo a esta compañía. | La ficha comercial de Steam confirma la desarrolladora de la obra, no necesariamente el port de PS4. | Wikidata registra la compañía como desarrolladora. | LaunchBox registra esta desarrolladora para su ficha de PS4.",No propagar a ports o compilaciones sin comprobar sus créditos propios.,,,,,CD Projekt RED,cd-projekt-red,official,2026-09-05,company-credit-ps4-pal-high-additions-1,READY_ADD_MISSING
ps4-cyberpunk-2077-day-one,Cyberpunk 2077 [Day One],PAL España,standard,cyberpunk 2077,cyberpunk 2077 day one,EDITION_VARIANT,DEVELOPER,developer,CD Projekt RED,cd-projekt-red,CD Projekt Red | CD PROJEKT RED | CD Projekt RED,EXACT_NAME_OR_ALIAS,,ADD_MISSING,HIGH,NO,EXACT_PHYSICAL_EDITION | GAME_WORK | GAME_WORK_OR_PS4_RELEASE | PS4_RELEASE,5,LAUNCHBOX_GAMES_DB | PRICECHARTING_EXACT_PAL_PAGE | STEAM_STORE | WIKIDATA | WIKIPEDIA_PS4_LIST,B_EXACT_PHYSICAL | B_OTHER_PLATFORM | B_PS4_RELEASE | C_DISCOVERY,https://www.pricecharting.com/game/pal-playstation-4/cyberpunk-2077-day-one | https://en.wikipedia.org/wiki/List_of_PlayStation_4_games_(A%E2%80%93L) | https://store.steampowered.com/app/1091500 | https://www.wikidata.org/wiki/Q3182559 | https://gamesdb.launchbox-app.com/games/details/22722,"La ficha enlazada de la edición física PAL atribuye el desarrollo a esta compañía. | La lista específica de PS4 atribuye el desarrollo a esta compañía. | La ficha comercial de Steam confirma la desarrolladora de la obra, no necesariamente el port de PS4. | Wikidata registra la compañía como desarrolladora. | LaunchBox registra esta desarrolladora para su ficha de PS4.",No propagar a ports o compilaciones sin comprobar sus créditos propios.,,,CUSA16579_00,,CD Projekt RED,cd-projekt-red,official,2026-09-05,company-credit-ps4-pal-high-additions-1,READY_ADD_MISSING
ps4-cyberpunk-2077-with-extras,Cyberpunk 2077 [With Extras],PAL España,standard,cyberpunk 2077,cyberpunk 2077 with extras,GAME_OR_UNKNOWN,DEVELOPER,developer,CD Projekt RED,cd-projekt-red,CD Projekt RED | CD Projekt Red | CD PROJEKT RED,EXACT_NAME_OR_ALIAS,,ADD_MISSING,HIGH,NO,EXACT_PHYSICAL_EDITION | GAME_WORK | GAME_WORK_OR_PS4_RELEASE | PS4_RELEASE,5,LAUNCHBOX_GAMES_DB | PRICECHARTING_EXACT_PAL_PAGE | STEAM_STORE | WIKIDATA | WIKIPEDIA_PS4_LIST,B_EXACT_PHYSICAL | B_OTHER_PLATFORM | B_PS4_RELEASE | C_DISCOVERY,https://www.pricecharting.com/game/pal-playstation-4/cyberpunk-2077-with-extras | https://en.wikipedia.org/wiki/List_of_PlayStation_4_games_(A%E2%80%93L) | https://store.steampowered.com/app/1091500 | https://www.wikidata.org/wiki/Q3182559 | https://gamesdb.launchbox-app.com/games/details/22722,"La ficha enlazada de la edición física PAL atribuye el desarrollo a esta compañía. | La lista específica de PS4 atribuye el desarrollo a esta compañía. | La ficha comercial de Steam confirma la desarrolladora de la obra, no necesariamente el port de PS4. | Wikidata registra la compañía como desarrolladora. | LaunchBox registra esta desarrolladora para su ficha de PS4.",No propagar a ports o compilaciones sin comprobar sus créditos propios.,,,CUSA18278_00,,CD Projekt RED,cd-projekt-red,official,2026-09-05,company-credit-ps4-pal-high-additions-1,READY_ADD_MISSING
ps4-cyberpunk-2077-with-extras,Cyberpunk 2077 [With Extras],PAL España,standard,cyberpunk 2077,cyberpunk 2077 with extras,GAME_OR_UNKNOWN,PHYSICAL_PUBLISHER_OR_DISTRIBUTOR,publisher,CD Projekt RED,cd-projekt-red,CD Projekt RED | CD Projekt Red,EXACT_NAME_OR_ALIAS,,ADD_MISSING,HIGH,NO,EXACT_PHYSICAL_EDITION | PAL_RELEASE,2,PRICECHARTING_EXACT_PAL_PAGE | WIKIPEDIA_PS4_LIST_PAL,B_EXACT_PHYSICAL | B_PAL_RELEASE,https://www.pricecharting.com/game/pal-playstation-4/cyberpunk-2077-with-extras | https://en.wikipedia.org/wiki/List_of_PlayStation_4_games_(A%E2%80%93L),La ficha exacta de la edición física PAL etiqueta a esta compañía como Publisher; puede representar publicación o distribución física. | La columna PAL de la lista de PS4 atribuye la publicación a esta compañía.,Confirmar si la etiqueta Publisher representa publicación o distribución en la caja PAL.,,,CUSA18278_00,,CD Projekt RED,cd-projekt-red,pricecharting,2026-09-05,company-credit-ps4-pal-high-additions-1,READY_ADD_MISSING
ps4-cybertrash-statyx-deluxe-edition,Cybertrash STATYX [Deluxe Edition],PAL España,standard,cybertrash statyx,cybertrash statyx,EDITION_VARIANT,DEVELOPER,developer,Uncle Frost Team,uncle-frost-team,Uncle Frost Team,EXACT_NAME_OR_ALIAS,,ADD_MISSING,HIGH,NO,EXACT_PHYSICAL_EDITION | GAME_WORK,2,PRICECHARTING_EXACT_PAL_PAGE | STEAM_STORE,B_EXACT_PHYSICAL | B_OTHER_PLATFORM,https://www.pricecharting.com/game/pal-playstation-4/cybertrash-statyx-deluxe-edition | https://store.steampowered.com/app/2469130,"La ficha enlazada de la edición física PAL atribuye el desarrollo a esta compañía. | La ficha comercial de Steam confirma la desarrolladora de la obra, no necesariamente el port de PS4.",No propagar a ports o compilaciones sin comprobar sus créditos propios.,,,,,Uncle Frost Team,uncle-frost-team,official,2026-09-05,company-credit-ps4-pal-high-additions-1,READY_ADD_MISSING
ps4-dark-souls-iii-apocalypse-edition,Dark Souls III [Apocalypse Edition],PAL España,standard,dark souls iii,dark souls iii,GAME_OR_UNKNOWN,PHYSICAL_PUBLISHER_OR_DISTRIBUTOR,publisher,Bandai Namco Entertainment,bandai-namco-entertainment,Bandai Namco | Bandai Namco Entertainment,EXACT_NAME_OR_ALIAS,,ADD_MISSING,HIGH,NO,EXACT_PHYSICAL_EDITION | PAL_RELEASE,2,PRICECHARTING_EXACT_PAL_PAGE | WIKIPEDIA_PS4_LIST_PAL,B_EXACT_PHYSICAL | B_PAL_RELEASE,https://www.pricecharting.com/game/pal-playstation-4/dark-souls-iii-apocalypse-edition | https://en.wikipedia.org/wiki/List_of_PlayStation_4_games_(A%E2%80%93L),La ficha exacta de la edición física PAL etiqueta a esta compañía como Publisher; puede representar publicación o distribución física. | La columna PAL de la lista de PS4 atribuye la publicación a esta compañía.,Confirmar si la etiqueta Publisher representa publicación o distribución en la caja PAL.,,,,,Bandai Namco Entertainment,bandai-namco-entertainment,pricecharting,2026-09-05,company-credit-ps4-pal-high-additions-1,READY_ADD_MISSING
ps4-dark-souls-iii-prestige-edition,Dark Souls III [Prestige Edition],PAL España,standard,dark souls iii,dark souls iii,GAME_OR_UNKNOWN,PHYSICAL_PUBLISHER_OR_DISTRIBUTOR,publisher,Bandai Namco Entertainment,bandai-namco-entertainment,Bandai Namco | Bandai Namco Entertainment,EXACT_NAME_OR_ALIAS,,ADD_MISSING,HIGH,NO,EXACT_PHYSICAL_EDITION | PAL_RELEASE,2,PRICECHARTING_EXACT_PAL_PAGE | WIKIPEDIA_PS4_LIST_PAL,B_EXACT_PHYSICAL | B_PAL_RELEASE,https://www.pricecharting.com/game/pal-playstation-4/dark-souls-iii-prestige-edition | https://en.wikipedia.org/wiki/List_of_PlayStation_4_games_(A%E2%80%93L),La ficha exacta de la edición física PAL etiqueta a esta compañía como Publisher; puede representar publicación o distribución física. | La columna PAL de la lista de PS4 atribuye la publicación a esta compañía.,Confirmar si la etiqueta Publisher representa publicación o distribución en la caja PAL.,,,CUSA03365_00,,Bandai Namco Entertainment,bandai-namco-entertainment,pricecharting,2026-09-05,company-credit-ps4-pal-high-additions-1,READY_ADD_MISSING
ps4-dark-souls-iii-the-fire-fades-edition,Dark Souls III [The Fire Fades Edition],PAL España,standard,dark souls iii,dark souls iii,GAME_OR_UNKNOWN,PHYSICAL_PUBLISHER_OR_DISTRIBUTOR,publisher,Bandai Namco Entertainment,bandai-namco-entertainment,Bandai Namco Entertainment,EXACT_NAME_OR_ALIAS,,ADD_MISSING,HIGH,NO,EXACT_PHYSICAL_EDITION | PAL_RELEASE,2,PRICECHARTING_EXACT_PAL_PAGE | WIKIPEDIA_PS4_LIST_PAL,B_EXACT_PHYSICAL | B_PAL_RELEASE,https://www.pricecharting.com/game/pal-playstation-4/dark-souls-iii-the-fire-fades-edition | https://en.wikipedia.org/wiki/List_of_PlayStation_4_games_(A%E2%80%93L),La ficha exacta de la edición física PAL etiqueta a esta compañía como Publisher; puede representar publicación o distribución física. | La columna PAL de la lista de PS4 atribuye la publicación a esta compañía.,Confirmar si la etiqueta Publisher representa publicación o distribución en la caja PAL.,,,,,Bandai Namco Entertainment,bandai-namco-entertainment,pricecharting,2026-09-05,company-credit-ps4-pal-high-additions-1,READY_ADD_MISSING
ps4-darkest-dungeon-collector%27s-edition-signature-edition,Darkest Dungeon: Collector's Edition [Signature Edition],PAL España,standard,darkest dungeon,darkest dungeon,GAME_OR_UNKNOWN,DEVELOPER,developer,Red Hook Studios,red-hook-studios,Red Hook Studios,EXACT_NAME_OR_ALIAS,,ADD_MISSING,HIGH,NO,EXACT_PHYSICAL_EDITION | GAME_WORK | GAME_WORK_OR_PS4_RELEASE,4,PRICECHARTING_EXACT_PAL_PAGE | STEAM_STORE | WIKIDATA | WIKIPEDIA_PS4_LIST,B_EXACT_PHYSICAL | B_OTHER_PLATFORM | B_PS4_RELEASE | C_DISCOVERY,https://www.pricecharting.com/game/pal-playstation-4/darkest-dungeon-collector%27s-edition-signature-edition | https://en.wikipedia.org/wiki/List_of_PlayStation_4_games_(A%E2%80%93L) | https://store.steampowered.com/app/262060 | https://www.wikidata.org/wiki/Q16259390,"La ficha enlazada de la edición física PAL atribuye el desarrollo a esta compañía. | La lista específica de PS4 atribuye el desarrollo a esta compañía. | La ficha comercial de Steam confirma la desarrolladora de la obra, no necesariamente el port de PS4. | Wikidata registra la compañía como desarrolladora.",No propagar a ports o compilaciones sin comprobar sus créditos propios.,,,,,Red Hook Studios,red-hook-studios,official,2026-09-05,company-credit-ps4-pal-high-additions-1,READY_ADD_MISSING
ps4-darksiders-genesis-collector%27s-edition,Darksiders Genesis [Collector's Edition],PAL España,standard,darksiders genesis,darksiders genesis,EDITION_VARIANT,DEVELOPER,developer,Airship Syndicate,airship-syndicate,Airship Syndicate,EXACT_NAME_OR_ALIAS,,ADD_MISSING,HIGH,NO,EXACT_PHYSICAL_EDITION | GAME_WORK | GAME_WORK_OR_PS4_RELEASE | MATCHED_PS4_PRODUCT,4,PLAYSTATION_STORE_EXPLICIT_CREDIT | PRICECHARTING_EXACT_PAL_PAGE | STEAM_STORE | WIKIPEDIA_PS4_LIST,A_OFFICIAL_MATCHED_TITLE_CREDIT | B_EXACT_PHYSICAL | B_OTHER_PLATFORM | B_PS4_RELEASE,https://store.playstation.com/es-es/product/EP4389-CUSA12979_00-DARKSIDERSSSEU00 | https://www.pricecharting.com/game/pal-playstation-4/darksiders-genesis-collector%27s-edition | https://en.wikipedia.org/wiki/List_of_PlayStation_4_games_(A%E2%80%93L) | https://store.steampowered.com/app/710920,"Developed by Airship Syndicate | La ficha enlazada de la edición física PAL atribuye el desarrollo a esta compañía. | La lista específica de PS4 atribuye el desarrollo a esta compañía. | La ficha comercial de Steam confirma la desarrolladora de la obra, no necesariamente el port de PS4.",No propagar a ports o compilaciones sin comprobar sus créditos propios.,,,,,Airship Syndicate,airship-syndicate,official,2026-09-05,company-credit-ps4-pal-high-additions-1,READY_ADD_MISSING
ps4-darksiders-genesis-nephilim-edition,Darksiders Genesis [Nephilim Edition],PAL España,standard,darksiders genesis,darksiders genesis,GAME_OR_UNKNOWN,DEVELOPER,developer,Airship Syndicate,airship-syndicate,Airship Syndicate,EXACT_NAME_OR_ALIAS,,ADD_MISSING,HIGH,NO,GAME_WORK | GAME_WORK_OR_PS4_RELEASE | MATCHED_PS4_PRODUCT,3,PLAYSTATION_STORE_EXPLICIT_CREDIT | STEAM_STORE | WIKIPEDIA_PS4_LIST,A_OFFICIAL_MATCHED_TITLE_CREDIT | B_OTHER_PLATFORM | B_PS4_RELEASE,https://store.playstation.com/es-es/product/EP4389-CUSA12979_00-DARKSIDERSSSEU00 | https://en.wikipedia.org/wiki/List_of_PlayStation_4_games_(A%E2%80%93L) | https://store.steampowered.com/app/710920,"Developed by Airship Syndicate | La lista específica de PS4 atribuye el desarrollo a esta compañía. | La ficha comercial de Steam confirma la desarrolladora de la obra, no necesariamente el port de PS4.",No propagar a ports o compilaciones sin comprobar sus créditos propios.,,,,,Airship Syndicate,airship-syndicate,official,2026-09-05,company-credit-ps4-pal-high-additions-1,READY_ADD_MISSING
ps4-darksiders-ii-deathinitive-edition,Darksiders II: Deathinitive Edition,PAL España,standard,darksiders ii deathinitive edition,darksiders ii deathinitive edition,GAME_OR_UNKNOWN,DEVELOPER,developer,Gunfire Games,gunfire-games,Gunfire Games,EXACT_NAME_OR_ALIAS,,ADD_MISSING,HIGH,NO,GAME_WORK | GAME_WORK_OR_PS4_RELEASE | PS4_RELEASE,3,LAUNCHBOX_GAMES_DB | STEAM_STORE | WIKIPEDIA_PS4_LIST,B_OTHER_PLATFORM | B_PS4_RELEASE | C_DISCOVERY,https://en.wikipedia.org/wiki/List_of_PlayStation_4_games_(A%E2%80%93L) | https://store.steampowered.com/app/388410 | https://gamesdb.launchbox-app.com/games/details/145998,"La lista específica de PS4 atribuye el desarrollo a esta compañía. | La ficha comercial de Steam confirma la desarrolladora de la obra, no necesariamente el port de PS4. | LaunchBox registra esta desarrolladora para su ficha de PS4.",No propagar a ports o compilaciones sin comprobar sus créditos propios.,,CUSA02419_00,,,Gunfire Games,gunfire-games,official,2026-09-05,company-credit-ps4-pal-high-additions-1,READY_ADD_MISSING
ps4-darksiders-iii-collector%27s-edition,Darksiders III [Collector's Edition],PAL España,standard,darksiders iii,darksiders iii,EDITION_VARIANT,DEVELOPER,developer,Gunfire Games,gunfire-games,Gunfire Games,EXACT_NAME_OR_ALIAS,,ADD_MISSING,HIGH,NO,GAME_WORK | GAME_WORK_OR_PS4_RELEASE | MATCHED_PS4_PRODUCT | PS4_RELEASE,5,LAUNCHBOX_GAMES_DB | PLAYSTATION_STORE_EXPLICIT_CREDIT | STEAM_STORE | WIKIDATA | WIKIPEDIA_PS4_LIST,A_OFFICIAL_MATCHED_TITLE_CREDIT | B_OTHER_PLATFORM | B_PS4_RELEASE | C_DISCOVERY,https://store.playstation.com/es-es/product/EP4389-CUSA08798_00-DARKSIDERS3EU001 | https://en.wikipedia.org/wiki/List_of_PlayStation_4_games_(A%E2%80%93L) | https://store.steampowered.com/app/606280 | https://www.wikidata.org/wiki/Q29704664 | https://gamesdb.launchbox-app.com/games/details/168000,"Developed by Gunfire Games | La lista específica de PS4 atribuye el desarrollo a esta compañía. | La ficha comercial de Steam confirma la desarrolladora de la obra, no necesariamente el port de PS4. | Wikidata registra la compañía como desarrolladora. | LaunchBox registra esta desarrolladora para su ficha de PS4.",No propagar a ports o compilaciones sin comprobar sus créditos propios.,,,,,Gunfire Games,gunfire-games,official,2026-09-05,company-credit-ps4-pal-high-additions-1,READY_ADD_MISSING
ps4-date-a-live-rio-reincarnation-limited-edition,Date A Live: Rio Reincarnation [Limited Edition],PAL España,standard,date a live rio reincarnation,date a live rio reincarnation,EDITION_VARIANT,DEVELOPER,developer,"Idea Factory Co., Ltd.",idea-factory,IDEA FACTORY | Idea Factory,EXACT_NAME_OR_ALIAS,,ADD_MISSING,HIGH,NO,GAME_WORK | MATCHED_PS4_PRODUCT,2,PLAYSTATION_STORE_EXPLICIT_CREDIT | STEAM_STORE,A_OFFICIAL_MATCHED_TITLE_CREDIT | B_OTHER_PLATFORM,https://store.playstation.com/es-es/product/EP4060-CUSA15766_00-DATEALIVERIOREIN | https://store.steampowered.com/app/1047440,"Developed by IDEA FACTORY | La ficha comercial de Steam confirma la desarrolladora de la obra, no necesariamente el port de PS4.",No propagar a ports o compilaciones sin comprobar sus créditos propios.,,,,,"Idea Factory Co., Ltd.",idea-factory,official,2026-09-05,company-credit-ps4-pal-high-additions-1,READY_ADD_MISSING
ps4-daymare-1998-black-edition,Daymare 1998 [Black Edition],PAL España,standard,daymare 1998,daymare 1998,GAME_OR_UNKNOWN,DEVELOPER,developer,Invader Studios S.R.L.,invader-studios-s-r-l,Invader Studios,EXACT_NAME_OR_ALIAS,,ADD_MISSING,HIGH,NO,GAME_WORK | GAME_WORK_OR_PS4_RELEASE | MATCHED_PS4_PRODUCT | PS4_RELEASE,5,LAUNCHBOX_GAMES_DB | PLAYSTATION_STORE_EXPLICIT_CREDIT | STEAM_STORE | WIKIDATA | WIKIPEDIA_PS4_LIST,A_OFFICIAL_MATCHED_TITLE_CREDIT | B_OTHER_PLATFORM | B_PS4_RELEASE | C_DISCOVERY,https://store.playstation.com/es-es/product/EP1947-CUSA17082_00-DAYMARE1998EU001 | https://en.wikipedia.org/wiki/List_of_PlayStation_4_games_(A%E2%80%93L) | https://store.steampowered.com/app/842100 | https://www.wikidata.org/wiki/Q94955293 | https://gamesdb.launchbox-app.com/games/details/208676,"Developed by Invader Studios | La lista específica de PS4 atribuye el desarrollo a esta compañía. | La ficha comercial de Steam confirma la desarrolladora de la obra, no necesariamente el port de PS4. | Wikidata registra la compañía como desarrolladora. | LaunchBox registra esta desarrolladora para su ficha de PS4.",No propagar a ports o compilaciones sin comprobar sus créditos propios.,,,,,Invader Studios S.R.L.,invader-studios-s-r-l,official,2026-09-05,company-credit-ps4-pal-high-additions-1,READY_ADD_MISSING
ps4-days-gone-collector%27s-edition,Days Gone [Collector's Edition],PAL España,standard,days gone,days gone,EDITION_VARIANT,DEVELOPER,developer,Bend Studio,bend-studio,Bend Studio,EXACT_NAME_OR_ALIAS,,ADD_MISSING,HIGH,NO,GAME_WORK | GAME_WORK_OR_PS4_RELEASE,2,STEAM_STORE | WIKIPEDIA_PS4_LIST,B_OTHER_PLATFORM | B_PS4_RELEASE,https://en.wikipedia.org/wiki/List_of_PlayStation_4_games_(A%E2%80%93L) | https://store.steampowered.com/app/1259420,"La lista específica de PS4 atribuye el desarrollo a esta compañía. | La ficha comercial de Steam confirma la desarrolladora de la obra, no necesariamente el port de PS4.",No propagar a ports o compilaciones sin comprobar sus créditos propios.,,,,,Bend Studio,bend-studio,official,2026-09-05,company-credit-ps4-pal-high-additions-1,READY_ADD_MISSING
ps4-days-gone-limited-edition,Days Gone [Limited Edition],PAL España,standard,days gone,days gone,EDITION_VARIANT,DEVELOPER,developer,Bend Studio,bend-studio,Bend Studio,EXACT_NAME_OR_ALIAS,,ADD_MISSING,HIGH,NO,EXACT_PHYSICAL_EDITION | GAME_WORK | GAME_WORK_OR_PS4_RELEASE,3,PRICECHARTING_EXACT_PAL_PAGE | STEAM_STORE | WIKIPEDIA_PS4_LIST,B_EXACT_PHYSICAL | B_OTHER_PLATFORM | B_PS4_RELEASE,https://www.pricecharting.com/game/pal-playstation-4/days-gone-limited-edition | https://en.wikipedia.org/wiki/List_of_PlayStation_4_games_(A%E2%80%93L) | https://store.steampowered.com/app/1259420,"La ficha enlazada de la edición física PAL atribuye el desarrollo a esta compañía. | La lista específica de PS4 atribuye el desarrollo a esta compañía. | La ficha comercial de Steam confirma la desarrolladora de la obra, no necesariamente el port de PS4.",No propagar a ports o compilaciones sin comprobar sus créditos propios.,,,,,Bend Studio,bend-studio,official,2026-09-05,company-credit-ps4-pal-high-additions-1,READY_ADD_MISSING
ps4-days-gone-limited-edition,Days Gone [Limited Edition],PAL España,standard,days gone,days gone,EDITION_VARIANT,PHYSICAL_PUBLISHER_OR_DISTRIBUTOR,publisher,Sony Interactive Entertainment,sony-interactive-entertainment,Sony Interactive Entertainment,EXACT_NAME_OR_ALIAS,,ADD_MISSING,HIGH,NO,EXACT_PHYSICAL_EDITION | PAL_RELEASE,2,PRICECHARTING_EXACT_PAL_PAGE | WIKIPEDIA_PS4_LIST_PAL,B_EXACT_PHYSICAL | B_PAL_RELEASE,https://www.pricecharting.com/game/pal-playstation-4/days-gone-limited-edition | https://en.wikipedia.org/wiki/List_of_PlayStation_4_games_(A%E2%80%93L),La ficha exacta de la edición física PAL etiqueta a esta compañía como Publisher; puede representar publicación o distribución física. | La columna PAL de la lista de PS4 atribuye la publicación a esta compañía.,Confirmar si la etiqueta Publisher representa publicación o distribución en la caja PAL.,,,,,Sony Interactive Entertainment,sony-interactive-entertainment,pricecharting,2026-09-05,company-credit-ps4-pal-high-additions-1,READY_ADD_MISSING
ps4-days-gone-special-edition,Days Gone [Special Edition],PAL España,standard,days gone,days gone,EDITION_VARIANT,DEVELOPER,developer,Bend Studio,bend-studio,Bend Studio,EXACT_NAME_OR_ALIAS,,ADD_MISSING,HIGH,NO,GAME_WORK | GAME_WORK_OR_PS4_RELEASE,2,STEAM_STORE | WIKIPEDIA_PS4_LIST,B_OTHER_PLATFORM | B_PS4_RELEASE,https://en.wikipedia.org/wiki/List_of_PlayStation_4_games_(A%E2%80%93L) | https://store.steampowered.com/app/1259420,"La lista específica de PS4 atribuye el desarrollo a esta compañía. | La ficha comercial de Steam confirma la desarrolladora de la obra, no necesariamente el port de PS4.",No propagar a ports o compilaciones sin comprobar sus créditos propios.,,,,,Bend Studio,bend-studio,official,2026-09-05,company-credit-ps4-pal-high-additions-1,READY_ADD_MISSING
ps4-dead-by-daylight-nightmare-edition,Dead by Daylight [Nightmare Edition],PAL España,standard,dead by daylight,dead by daylight,GAME_OR_UNKNOWN,DEVELOPER,developer,Behaviour Interactive,behaviour-interactive,Behaviour Interactive | Behaviour Interactive Inc.,EXACT_NAME_OR_ALIAS,,ADD_MISSING,HIGH,NO,GAME_WORK | GAME_WORK_OR_PS4_RELEASE,2,STEAM_STORE | WIKIPEDIA_PS4_LIST,B_OTHER_PLATFORM | B_PS4_RELEASE,https://en.wikipedia.org/wiki/List_of_PlayStation_4_games_(A%E2%80%93L) | https://store.steampowered.com/app/381210,"La lista específica de PS4 atribuye el desarrollo a esta compañía. | La ficha comercial de Steam confirma la desarrolladora de la obra, no necesariamente el port de PS4.",No propagar a ports o compilaciones sin comprobar sus créditos propios.,,,,,Behaviour Interactive,behaviour-interactive,official,2026-09-05,company-credit-ps4-pal-high-additions-1,READY_ADD_MISSING
ps4-dead-cells,Dead Cells,PAL España,standard,dead cells,dead cells,GAME_OR_UNKNOWN,DEVELOPER,developer,Motion Twin,motion-twin,Motion Twin,EXACT_NAME_OR_ALIAS,,ADD_MISSING,HIGH,NO,GAME_WORK | GAME_WORK_OR_PS4_RELEASE | PS4_RELEASE,4,LAUNCHBOX_GAMES_DB | STEAM_STORE | WIKIDATA | WIKIPEDIA_PS4_LIST,B_OTHER_PLATFORM | B_PS4_RELEASE | C_DISCOVERY,https://en.wikipedia.org/wiki/List_of_PlayStation_4_games_(A%E2%80%93L) | https://store.steampowered.com/app/588650 | https://www.wikidata.org/wiki/Q30639210 | https://gamesdb.launchbox-app.com/games/details/207737,"La lista específica de PS4 atribuye el desarrollo a esta compañía. | La ficha comercial de Steam confirma la desarrolladora de la obra, no necesariamente el port de PS4. | Wikidata registra la compañía como desarrolladora. | LaunchBox registra esta desarrolladora para su ficha de PS4.",No propagar a ports o compilaciones sin comprobar sus créditos propios.,,CUSA10484_00,,,Motion Twin,motion-twin,official,2026-09-05,company-credit-ps4-pal-high-additions-1,READY_ADD_MISSING
ps4-dead-cells-prisoner%27s-edition,Dead Cells [Prisoner's Edition],PAL España,standard,dead cells,dead cells,GAME_OR_UNKNOWN,DEVELOPER,developer,Motion Twin,motion-twin,Motion Twin,EXACT_NAME_OR_ALIAS,,ADD_MISSING,HIGH,NO,GAME_WORK | GAME_WORK_OR_PS4_RELEASE | PS4_RELEASE,4,LAUNCHBOX_GAMES_DB | STEAM_STORE | WIKIDATA | WIKIPEDIA_PS4_LIST,B_OTHER_PLATFORM | B_PS4_RELEASE | C_DISCOVERY,https://en.wikipedia.org/wiki/List_of_PlayStation_4_games_(A%E2%80%93L) | https://store.steampowered.com/app/588650 | https://www.wikidata.org/wiki/Q30639210 | https://gamesdb.launchbox-app.com/games/details/207737,"La lista específica de PS4 atribuye el desarrollo a esta compañía. | La ficha comercial de Steam confirma la desarrolladora de la obra, no necesariamente el port de PS4. | Wikidata registra la compañía como desarrolladora. | LaunchBox registra esta desarrolladora para su ficha de PS4.",No propagar a ports o compilaciones sin comprobar sus créditos propios.,,,,,Motion Twin,motion-twin,official,2026-09-05,company-credit-ps4-pal-high-additions-1,READY_ADD_MISSING
ps4-dead-cells-signature-edition,Dead Cells [Signature Edition],PAL España,standard,dead cells,dead cells,GAME_OR_UNKNOWN,DEVELOPER,developer,Motion Twin,motion-twin,Motion Twin,EXACT_NAME_OR_ALIAS,,ADD_MISSING,HIGH,NO,EXACT_PHYSICAL_EDITION | GAME_WORK | GAME_WORK_OR_PS4_RELEASE | PS4_RELEASE,5,LAUNCHBOX_GAMES_DB | PRICECHARTING_EXACT_PAL_PAGE | STEAM_STORE | WIKIDATA | WIKIPEDIA_PS4_LIST,B_EXACT_PHYSICAL | B_OTHER_PLATFORM | B_PS4_RELEASE | C_DISCOVERY,https://www.pricecharting.com/game/pal-playstation-4/dead-cells-signature-edition | https://en.wikipedia.org/wiki/List_of_PlayStation_4_games_(A%E2%80%93L) | https://store.steampowered.com/app/588650 | https://www.wikidata.org/wiki/Q30639210 | https://gamesdb.launchbox-app.com/games/details/207737,"La ficha enlazada de la edición física PAL atribuye el desarrollo a esta compañía. | La lista específica de PS4 atribuye el desarrollo a esta compañía. | La ficha comercial de Steam confirma la desarrolladora de la obra, no necesariamente el port de PS4. | Wikidata registra la compañía como desarrolladora. | LaunchBox registra esta desarrolladora para su ficha de PS4.",No propagar a ports o compilaciones sin comprobar sus créditos propios.,,,,,Motion Twin,motion-twin,official,2026-09-05,company-credit-ps4-pal-high-additions-1,READY_ADD_MISSING
ps4-dead-cells-signature-edition,Dead Cells [Signature Edition],PAL España,standard,dead cells,dead cells,GAME_OR_UNKNOWN,PHYSICAL_PUBLISHER_OR_DISTRIBUTOR,publisher,Motion Twin,motion-twin,Motion Twin,EXACT_NAME_OR_ALIAS,,ADD_MISSING,HIGH,NO,EXACT_PHYSICAL_EDITION | PAL_RELEASE,2,PRICECHARTING_EXACT_PAL_PAGE | WIKIPEDIA_PS4_LIST_PAL,B_EXACT_PHYSICAL | B_PAL_RELEASE,https://www.pricecharting.com/game/pal-playstation-4/dead-cells-signature-edition | https://en.wikipedia.org/wiki/List_of_PlayStation_4_games_(A%E2%80%93L),La ficha exacta de la edición física PAL etiqueta a esta compañía como Publisher; puede representar publicación o distribución física. | La columna PAL de la lista de PS4 atribuye la publicación a esta compañía.,Confirmar si la etiqueta Publisher representa publicación o distribución en la caja PAL.,,,,,Motion Twin,motion-twin,pricecharting,2026-09-05,company-credit-ps4-pal-high-additions-1,READY_ADD_MISSING
ps4-dead-or-alive-6-steelbook-edition,Dead or Alive 6 [Steelbook Edition],PAL España,standard,dead or alive 6,dead or alive 6,EDITION_VARIANT,PHYSICAL_PUBLISHER_OR_DISTRIBUTOR,publisher,Koei Tecmo,koei-tecmo,Koei Tecmo,EXACT_NAME_OR_ALIAS,,ADD_MISSING,HIGH,NO,EXACT_PHYSICAL_EDITION | PAL_RELEASE,2,PRICECHARTING_EXACT_PAL_PAGE | WIKIPEDIA_PS4_LIST_PAL,B_EXACT_PHYSICAL | B_PAL_RELEASE,https://www.pricecharting.com/game/pal-playstation-4/dead-or-alive-6-steelbook-edition | https://en.wikipedia.org/wiki/List_of_PlayStation_4_games_(A%E2%80%93L),La ficha exacta de la edición física PAL etiqueta a esta compañía como Publisher; puede representar publicación o distribución física. | La columna PAL de la lista de PS4 atribuye la publicación a esta compañía.,Confirmar si la etiqueta Publisher representa publicación o distribución en la caja PAL.,,,,,Koei Tecmo,koei-tecmo,pricecharting,2026-09-05,company-credit-ps4-pal-high-additions-1,READY_ADD_MISSING
ps4-death-end-re;quest,Death end re;Quest,PAL España,standard,death end re quest,death end re quest,GAME_OR_UNKNOWN,DEVELOPER,developer,"Idea Factory Co., Ltd.",idea-factory,Idea Factory,EXACT_NAME_OR_ALIAS,,ADD_MISSING,HIGH,NO,GAME_WORK | GAME_WORK_OR_PS4_RELEASE | PS4_RELEASE,3,LAUNCHBOX_GAMES_DB | STEAM_STORE | WIKIPEDIA_PS4_LIST,B_OTHER_PLATFORM | B_PS4_RELEASE | C_DISCOVERY,https://en.wikipedia.org/wiki/List_of_PlayStation_4_games_(A%E2%80%93L) | https://store.steampowered.com/app/990050 | https://gamesdb.launchbox-app.com/games/details/163393,"La lista específica de PS4 atribuye el desarrollo a esta compañía. | La ficha comercial de Steam confirma la desarrolladora de la obra, no necesariamente el port de PS4. | LaunchBox registra esta desarrolladora para su ficha de PS4.",No propagar a ports o compilaciones sin comprobar sus créditos propios.,,CUSA09163_00,,,"Idea Factory Co., Ltd.",idea-factory,official,2026-09-05,company-credit-ps4-pal-high-additions-1,READY_ADD_MISSING
ps4-death-end-re;quest-limited-edition,Death end re;Quest [Limited Edition],PAL España,standard,death end re quest,death end re quest,EDITION_VARIANT,DEVELOPER,developer,"Idea Factory Co., Ltd.",idea-factory,Idea Factory,EXACT_NAME_OR_ALIAS,,ADD_MISSING,HIGH,NO,GAME_WORK | GAME_WORK_OR_PS4_RELEASE | PS4_RELEASE,3,LAUNCHBOX_GAMES_DB | STEAM_STORE | WIKIPEDIA_PS4_LIST,B_OTHER_PLATFORM | B_PS4_RELEASE | C_DISCOVERY,https://en.wikipedia.org/wiki/List_of_PlayStation_4_games_(A%E2%80%93L) | https://store.steampowered.com/app/990050 | https://gamesdb.launchbox-app.com/games/details/163393,"La lista específica de PS4 atribuye el desarrollo a esta compañía. | La ficha comercial de Steam confirma la desarrolladora de la obra, no necesariamente el port de PS4. | LaunchBox registra esta desarrolladora para su ficha de PS4.",No propagar a ports o compilaciones sin comprobar sus créditos propios.,,,,,"Idea Factory Co., Ltd.",idea-factory,official,2026-09-05,company-credit-ps4-pal-high-additions-1,READY_ADD_MISSING
ps4-death-stranding-collector%27s-edition,Death Stranding [Collector's Edition],PAL España,standard,death stranding,death stranding,EDITION_VARIANT,DEVELOPER,developer,Kojima Productions,kojima-productions,Kojima Productions,EXACT_NAME_OR_ALIAS,,ADD_MISSING,HIGH,NO,EXACT_PHYSICAL_EDITION | GAME_WORK_OR_PS4_RELEASE | PS4_RELEASE,3,LAUNCHBOX_GAMES_DB | PRICECHARTING_EXACT_PAL_PAGE | WIKIPEDIA_PS4_LIST,B_EXACT_PHYSICAL | B_PS4_RELEASE | C_DISCOVERY,https://www.pricecharting.com/game/pal-playstation-4/death-stranding-collector%27s-edition | https://en.wikipedia.org/wiki/List_of_PlayStation_4_games_(A%E2%80%93L) | https://gamesdb.launchbox-app.com/games/details/172172,La ficha enlazada de la edición física PAL atribuye el desarrollo a esta compañía. | La lista específica de PS4 atribuye el desarrollo a esta compañía. | LaunchBox registra esta desarrolladora para su ficha de PS4.,No propagar a ports o compilaciones sin comprobar sus créditos propios.,,,,,Kojima Productions,kojima-productions,pricecharting,2026-09-05,company-credit-ps4-pal-high-additions-1,READY_ADD_MISSING
ps4-death-stranding-collector%27s-edition,Death Stranding [Collector's Edition],PAL España,standard,death stranding,death stranding,EDITION_VARIANT,PHYSICAL_PUBLISHER_OR_DISTRIBUTOR,publisher,Sony Interactive Entertainment,sony-interactive-entertainment,Sony Interactive Entertainment,EXACT_NAME_OR_ALIAS,,ADD_MISSING,HIGH,NO,EXACT_PHYSICAL_EDITION | PAL_RELEASE,2,PRICECHARTING_EXACT_PAL_PAGE | WIKIPEDIA_PS4_LIST_PAL,B_EXACT_PHYSICAL | B_PAL_RELEASE,https://www.pricecharting.com/game/pal-playstation-4/death-stranding-collector%27s-edition | https://en.wikipedia.org/wiki/List_of_PlayStation_4_games_(A%E2%80%93L),La ficha exacta de la edición física PAL etiqueta a esta compañía como Publisher; puede representar publicación o distribución física. | La columna PAL de la lista de PS4 atribuye la publicación a esta compañía.,Confirmar si la etiqueta Publisher representa publicación o distribución en la caja PAL.,,,,,Sony Interactive Entertainment,sony-interactive-entertainment,pricecharting,2026-09-05,company-credit-ps4-pal-high-additions-1,READY_ADD_MISSING
ps4-death-stranding-special-edition,Death Stranding [Special Edition],PAL España,standard,death stranding,death stranding,EDITION_VARIANT,DEVELOPER,developer,Kojima Productions,kojima-productions,Kojima Productions,EXACT_NAME_OR_ALIAS,,ADD_MISSING,HIGH,NO,EXACT_PHYSICAL_EDITION | GAME_WORK_OR_PS4_RELEASE | PS4_RELEASE,3,LAUNCHBOX_GAMES_DB | PRICECHARTING_EXACT_PAL_PAGE | WIKIPEDIA_PS4_LIST,B_EXACT_PHYSICAL | B_PS4_RELEASE | C_DISCOVERY,https://www.pricecharting.com/game/pal-playstation-4/death-stranding-special-edition | https://en.wikipedia.org/wiki/List_of_PlayStation_4_games_(A%E2%80%93L) | https://gamesdb.launchbox-app.com/games/details/172172,La ficha enlazada de la edición física PAL atribuye el desarrollo a esta compañía. | La lista específica de PS4 atribuye el desarrollo a esta compañía. | LaunchBox registra esta desarrolladora para su ficha de PS4.,No propagar a ports o compilaciones sin comprobar sus créditos propios.,,,CUSA12605_00,,Kojima Productions,kojima-productions,pricecharting,2026-09-05,company-credit-ps4-pal-high-additions-1,READY_ADD_MISSING
ps4-destiny-steelbook-edition,Destiny [Steelbook Edition],PAL España,standard,destiny,destiny,EDITION_VARIANT,DEVELOPER,developer,Bungie,bungie,Bungie,EXACT_NAME_OR_ALIAS,,ADD_MISSING,HIGH,NO,EXACT_PHYSICAL_EDITION | GAME_WORK | GAME_WORK_OR_PS4_RELEASE | PS4_RELEASE,4,LAUNCHBOX_GAMES_DB | PRICECHARTING_EXACT_PAL_PAGE | WIKIDATA | WIKIPEDIA_PS4_LIST,B_EXACT_PHYSICAL | B_PS4_RELEASE | C_DISCOVERY,https://www.pricecharting.com/game/pal-playstation-4/destiny-steelbook-edition | https://en.wikipedia.org/wiki/List_of_PlayStation_4_games_(A%E2%80%93L) | https://www.wikidata.org/wiki/Q210275 | https://gamesdb.launchbox-app.com/games/details/20950,La ficha enlazada de la edición física PAL atribuye el desarrollo a esta compañía. | La lista específica de PS4 atribuye el desarrollo a esta compañía. | Wikidata registra la compañía como desarrolladora. | LaunchBox registra esta desarrolladora para su ficha de PS4.,No propagar a ports o compilaciones sin comprobar sus créditos propios.,,,,,Bungie,bungie,pricecharting,2026-09-05,company-credit-ps4-pal-high-additions-1,READY_ADD_MISSING
ps4-deus-ex-mankind-divided-collector%27s-edition,Deus Ex: Mankind Divided [Collector's Edition],PAL España,standard,deus ex mankind divided,deus ex mankind divided,EDITION_VARIANT,DEVELOPER,developer,Eidos Montreal,eidos-montreal,Eidos-Montréal | Eidos Montréal | Eidos Montreal,EXACT_NAME_OR_ALIAS,,ADD_MISSING,HIGH,NO,GAME_WORK | GAME_WORK_OR_PS4_RELEASE | MATCHED_PS4_PRODUCT | PS4_RELEASE,5,LAUNCHBOX_GAMES_DB | PLAYSTATION_STORE_EXPLICIT_CREDIT | STEAM_STORE | WIKIDATA | WIKIPEDIA_PS4_LIST,A_OFFICIAL_MATCHED_TITLE_CREDIT | B_OTHER_PLATFORM | B_PS4_RELEASE | C_DISCOVERY,https://store.playstation.com/es-es/product/EP0082-CUSA01836_00-DXMANKINDIVIDED0 | https://en.wikipedia.org/wiki/List_of_PlayStation_4_games_(A%E2%80%93L) | https://store.steampowered.com/app/337000 | https://www.wikidata.org/wiki/Q19772510 | https://gamesdb.launchbox-app.com/games/details/32156,"Developed by Eidos-Montréal | La lista específica de PS4 atribuye el desarrollo a esta compañía. | La ficha comercial de Steam confirma la desarrolladora de la obra, no necesariamente el port de PS4. | Wikidata registra la compañía como desarrolladora. | LaunchBox registra esta desarrolladora para su ficha de PS4.",No propagar a ports o compilaciones sin comprobar sus créditos propios.,,,,,Eidos Montreal,eidos-montreal,official,2026-09-05,company-credit-ps4-pal-high-additions-1,READY_ADD_MISSING
ps4-deus-ex-mankind-divided-day-one-edition-steelbook,Deus Ex: Mankind Divided [Day One Edition Steelbook],PAL España,standard,deus ex mankind divided,deus ex mankind divided,EDITION_VARIANT,DEVELOPER,developer,Eidos Montreal,eidos-montreal,Eidos-Montréal | Eidos Montréal | Eidos Montreal,EXACT_NAME_OR_ALIAS,,ADD_MISSING,HIGH,NO,GAME_WORK | GAME_WORK_OR_PS4_RELEASE | MATCHED_PS4_PRODUCT | PS4_RELEASE,5,LAUNCHBOX_GAMES_DB | PLAYSTATION_STORE_EXPLICIT_CREDIT | STEAM_STORE | WIKIDATA | WIKIPEDIA_PS4_LIST,A_OFFICIAL_MATCHED_TITLE_CREDIT | B_OTHER_PLATFORM | B_PS4_RELEASE | C_DISCOVERY,https://store.playstation.com/es-es/product/EP0082-CUSA01836_00-DXMANKINDIVIDED0 | https://en.wikipedia.org/wiki/List_of_PlayStation_4_games_(A%E2%80%93L) | https://store.steampowered.com/app/337000 | https://www.wikidata.org/wiki/Q19772510 | https://gamesdb.launchbox-app.com/games/details/32156,"Developed by Eidos-Montréal | La lista específica de PS4 atribuye el desarrollo a esta compañía. | La ficha comercial de Steam confirma la desarrolladora de la obra, no necesariamente el port de PS4. | Wikidata registra la compañía como desarrolladora. | LaunchBox registra esta desarrolladora para su ficha de PS4.",No propagar a ports o compilaciones sin comprobar sus créditos propios.,,,,,Eidos Montreal,eidos-montreal,official,2026-09-05,company-credit-ps4-pal-high-additions-1,READY_ADD_MISSING
ps4-devil-may-cry-5-deluxe-steelbook-edition,Devil May Cry 5 [Deluxe Steelbook Edition],PAL España,standard,devil may cry 5,devil may cry 5,EDITION_VARIANT,DEVELOPER,developer,Capcom,capcom,Capcom | CAPCOM Co Ltd.,EXACT_NAME_OR_ALIAS,,ADD_MISSING,HIGH,NO,GAME_WORK | GAME_WORK_OR_PS4_RELEASE | PS4_RELEASE,3,LAUNCHBOX_GAMES_DB | STEAM_STORE | WIKIPEDIA_PS4_LIST,B_OTHER_PLATFORM | B_PS4_RELEASE | C_DISCOVERY,https://en.wikipedia.org/wiki/List_of_PlayStation_4_games_(A%E2%80%93L) | https://store.steampowered.com/app/601150 | https://gamesdb.launchbox-app.com/games/details/163725,"La lista específica de PS4 atribuye el desarrollo a esta compañía. | La ficha comercial de Steam confirma la desarrolladora de la obra, no necesariamente el port de PS4. | LaunchBox registra esta desarrolladora para su ficha de PS4.",No propagar a ports o compilaciones sin comprobar sus créditos propios.,,,,,Capcom,capcom,official,2026-09-05,company-credit-ps4-pal-high-additions-1,READY_ADD_MISSING
ps4-devil-may-cry-5-lenticular-edition,Devil May Cry 5 [Lenticular Edition],PAL España,standard,devil may cry 5,devil may cry 5,GAME_OR_UNKNOWN,DEVELOPER,developer,Capcom,capcom,Capcom | CAPCOM Co Ltd.,EXACT_NAME_OR_ALIAS,,ADD_MISSING,HIGH,NO,GAME_WORK | GAME_WORK_OR_PS4_RELEASE | PS4_RELEASE,3,LAUNCHBOX_GAMES_DB | STEAM_STORE | WIKIPEDIA_PS4_LIST,B_OTHER_PLATFORM | B_PS4_RELEASE | C_DISCOVERY,https://en.wikipedia.org/wiki/List_of_PlayStation_4_games_(A%E2%80%93L) | https://store.steampowered.com/app/601150 | https://gamesdb.launchbox-app.com/games/details/163725,"La lista específica de PS4 atribuye el desarrollo a esta compañía. | La ficha comercial de Steam confirma la desarrolladora de la obra, no necesariamente el port de PS4. | LaunchBox registra esta desarrolladora para su ficha de PS4.",No propagar a ports o compilaciones sin comprobar sus créditos propios.,,,,,Capcom,capcom,official,2026-09-05,company-credit-ps4-pal-high-additions-1,READY_ADD_MISSING
ps4-diablo-iv,Diablo IV,PAL España,standard,diablo iv,diablo iv,GAME_OR_UNKNOWN,DEVELOPER,developer,Blizzard Entertainment,blizzard-entertainment,Blizzard Entertainment | Blizzard Entertainment Inc.,EXACT_NAME_OR_ALIAS,,ADD_MISSING,HIGH,NO,GAME_WORK | GAME_WORK_OR_PS4_RELEASE,3,STEAM_STORE | WIKIDATA | WIKIPEDIA_PS4_LIST,B_OTHER_PLATFORM | B_PS4_RELEASE | C_DISCOVERY,https://en.wikipedia.org/wiki/List_of_PlayStation_4_games_(A%E2%80%93L) | https://store.steampowered.com/app/2344520 | https://www.wikidata.org/wiki/Q73154387,"La lista específica de PS4 atribuye el desarrollo a esta compañía. | La ficha comercial de Steam confirma la desarrolladora de la obra, no necesariamente el port de PS4. | Wikidata registra la compañía como desarrolladora.",No propagar a ports o compilaciones sin comprobar sus créditos propios.,,CUSA11388_00,,,Blizzard Entertainment,blizzard-entertainment,official,2026-09-05,company-credit-ps4-pal-high-additions-1,READY_ADD_MISSING
ps4-dirt-5-day-one-edition,Dirt 5 [Day One Edition],PAL España,standard,dirt 5,dirt 5,EDITION_VARIANT,DEVELOPER,developer,Codemasters,codemasters,Codemasters,EXACT_NAME_OR_ALIAS,,ADD_MISSING,HIGH,NO,GAME_WORK | GAME_WORK_OR_PS4_RELEASE | PS4_RELEASE,3,LAUNCHBOX_GAMES_DB | STEAM_STORE | WIKIPEDIA_PS4_LIST,B_OTHER_PLATFORM | B_PS4_RELEASE | C_DISCOVERY,https://en.wikipedia.org/wiki/List_of_PlayStation_4_games_(A%E2%80%93L) | https://store.steampowered.com/app/1038250 | https://gamesdb.launchbox-app.com/games/details/207992,"La lista específica de PS4 atribuye el desarrollo a esta compañía. | La ficha comercial de Steam confirma la desarrolladora de la obra, no necesariamente el port de PS4. | LaunchBox registra esta desarrolladora para su ficha de PS4.",No propagar a ports o compilaciones sin comprobar sus créditos propios.,,,,,Codemasters,codemasters,official,2026-09-05,company-credit-ps4-pal-high-additions-1,READY_ADD_MISSING
ps4-dirt-5-limited-edition,Dirt 5 [Limited Edition],PAL España,standard,dirt 5,dirt 5,EDITION_VARIANT,DEVELOPER,developer,Codemasters,codemasters,Codemasters,EXACT_NAME_OR_ALIAS,,ADD_MISSING,HIGH,NO,GAME_WORK | GAME_WORK_OR_PS4_RELEASE | PS4_RELEASE,3,LAUNCHBOX_GAMES_DB | STEAM_STORE | WIKIPEDIA_PS4_LIST,B_OTHER_PLATFORM | B_PS4_RELEASE | C_DISCOVERY,https://en.wikipedia.org/wiki/List_of_PlayStation_4_games_(A%E2%80%93L) | https://store.steampowered.com/app/1038250 | https://gamesdb.launchbox-app.com/games/details/207992,"La lista específica de PS4 atribuye el desarrollo a esta compañía. | La ficha comercial de Steam confirma la desarrolladora de la obra, no necesariamente el port de PS4. | LaunchBox registra esta desarrolladora para su ficha de PS4.",No propagar a ports o compilaciones sin comprobar sus créditos propios.,,,,,Codemasters,codemasters,official,2026-09-05,company-credit-ps4-pal-high-additions-1,READY_ADD_MISSING
ps4-disciples-liberation,Disciples Liberation,PAL España,standard,disciples liberation,disciples liberation,GAME_OR_UNKNOWN,DEVELOPER,developer,Frima Studio,frima-studio,Frima Studio,EXACT_NAME_OR_ALIAS,,ADD_MISSING,HIGH,NO,GAME_WORK | GAME_WORK_OR_PS4_RELEASE | PS4_RELEASE,4,LAUNCHBOX_GAMES_DB | STEAM_STORE | WIKIDATA | WIKIPEDIA_PS4_LIST,B_OTHER_PLATFORM | B_PS4_RELEASE | C_DISCOVERY,https://en.wikipedia.org/wiki/List_of_PlayStation_4_games_(A%E2%80%93L) | https://store.steampowered.com/app/1287840 | https://www.wikidata.org/wiki/Q109004139 | https://gamesdb.launchbox-app.com/games/details/216621,"La lista específica de PS4 atribuye el desarrollo a esta compañía. | La ficha comercial de Steam confirma la desarrolladora de la obra, no necesariamente el port de PS4. | Wikidata registra la compañía como desarrolladora. | LaunchBox registra esta desarrolladora para su ficha de PS4.",No propagar a ports o compilaciones sin comprobar sus créditos propios.,,,,,Frima Studio,frima-studio,official,2026-09-05,company-credit-ps4-pal-high-additions-1,READY_ADD_MISSING
ps4-dishonored-2-collector%27s-edition,Dishonored 2 [Collector's Edition],PAL España,standard,dishonored 2,dishonored 2,EDITION_VARIANT,DEVELOPER,developer,Arkane Studios,arkane-studios,Arkane Studios,EXACT_NAME_OR_ALIAS,,ADD_MISSING,HIGH,NO,GAME_WORK | GAME_WORK_OR_PS4_RELEASE | PS4_RELEASE,4,LAUNCHBOX_GAMES_DB | STEAM_STORE | WIKIDATA | WIKIPEDIA_PS4_LIST,B_OTHER_PLATFORM | B_PS4_RELEASE | C_DISCOVERY,https://en.wikipedia.org/wiki/List_of_PlayStation_4_games_(A%E2%80%93L) | https://store.steampowered.com/app/403640 | https://www.wikidata.org/wiki/Q20095751 | https://gamesdb.launchbox-app.com/games/details/35051,"La lista específica de PS4 atribuye el desarrollo a esta compañía. | La ficha comercial de Steam confirma la desarrolladora de la obra, no necesariamente el port de PS4. | Wikidata registra la compañía como desarrolladora. | LaunchBox registra esta desarrolladora para su ficha de PS4.",No propagar a ports o compilaciones sin comprobar sus créditos propios.,,,,,Arkane Studios,arkane-studios,official,2026-09-05,company-credit-ps4-pal-high-additions-1,READY_ADD_MISSING
ps4-dishonored-2-limited-edition,Dishonored 2 [Limited Edition],PAL España,standard,dishonored 2,dishonored 2,EDITION_VARIANT,DEVELOPER,developer,Arkane Studios,arkane-studios,Arkane Studios,EXACT_NAME_OR_ALIAS,,ADD_MISSING,HIGH,NO,GAME_WORK | GAME_WORK_OR_PS4_RELEASE | PS4_RELEASE,4,LAUNCHBOX_GAMES_DB | STEAM_STORE | WIKIDATA | WIKIPEDIA_PS4_LIST,B_OTHER_PLATFORM | B_PS4_RELEASE | C_DISCOVERY,https://en.wikipedia.org/wiki/List_of_PlayStation_4_games_(A%E2%80%93L) | https://store.steampowered.com/app/403640 | https://www.wikidata.org/wiki/Q20095751 | https://gamesdb.launchbox-app.com/games/details/35051,"La lista específica de PS4 atribuye el desarrollo a esta compañía. | La ficha comercial de Steam confirma la desarrolladora de la obra, no necesariamente el port de PS4. | Wikidata registra la compañía como desarrolladora. | LaunchBox registra esta desarrolladora para su ficha de PS4.",No propagar a ports o compilaciones sin comprobar sus créditos propios.,,,,,Arkane Studios,arkane-studios,official,2026-09-05,company-credit-ps4-pal-high-additions-1,READY_ADD_MISSING
ps4-dishonored-2-playstation-hits,Dishonored 2 [Playstation Hits],PAL España,standard,dishonored 2,dishonored 2,EDITION_VARIANT,DEVELOPER,developer,Arkane Studios,arkane-studios,Arkane Studios,EXACT_NAME_OR_ALIAS,,ADD_MISSING,HIGH,NO,GAME_WORK | GAME_WORK_OR_PS4_RELEASE | PS4_RELEASE,4,LAUNCHBOX_GAMES_DB | STEAM_STORE | WIKIDATA | WIKIPEDIA_PS4_LIST,B_OTHER_PLATFORM | B_PS4_RELEASE | C_DISCOVERY,https://en.wikipedia.org/wiki/List_of_PlayStation_4_games_(A%E2%80%93L) | https://store.steampowered.com/app/403640 | https://www.wikidata.org/wiki/Q20095751 | https://gamesdb.launchbox-app.com/games/details/35051,"La lista específica de PS4 atribuye el desarrollo a esta compañía. | La ficha comercial de Steam confirma la desarrolladora de la obra, no necesariamente el port de PS4. | Wikidata registra la compañía como desarrolladora. | LaunchBox registra esta desarrolladora para su ficha de PS4.",No propagar a ports o compilaciones sin comprobar sus créditos propios.,,,,,Arkane Studios,arkane-studios,official,2026-09-05,company-credit-ps4-pal-high-additions-1,READY_ADD_MISSING
ps4-dishonored-death-of-the-outsider,Dishonored: Death of the Outsider,PAL España,standard,dishonored death of the outsider,dishonored death of the outsider,GAME_OR_UNKNOWN,DEVELOPER,developer,Arkane Studios,arkane-studios,Arkane Studios,EXACT_NAME_OR_ALIAS,,ADD_MISSING,HIGH,NO,GAME_WORK | GAME_WORK_OR_PS4_RELEASE | PS4_RELEASE,4,LAUNCHBOX_GAMES_DB | STEAM_STORE | WIKIDATA | WIKIPEDIA_PS4_LIST,B_OTHER_PLATFORM | B_PS4_RELEASE | C_DISCOVERY,https://en.wikipedia.org/wiki/List_of_PlayStation_4_games_(A%E2%80%93L) | https://store.steampowered.com/app/614570 | https://www.wikidata.org/wiki/Q38904048 | https://gamesdb.launchbox-app.com/games/details/189692,"La lista específica de PS4 atribuye el desarrollo a esta compañía. | La ficha comercial de Steam confirma la desarrolladora de la obra, no necesariamente el port de PS4. | Wikidata registra la compañía como desarrolladora. | LaunchBox registra esta desarrolladora para su ficha de PS4.",No propagar a ports o compilaciones sin comprobar sus créditos propios.,,CUSA08779_00,,,Arkane Studios,arkane-studios,official,2026-09-05,company-credit-ps4-pal-high-additions-1,READY_ADD_MISSING
ps4-dissidia-final-fantasy-nt-ultimate-collectors-edition,Dissidia Final Fantasy NT [Ultimate Collectors Edition],PAL España,standard,dissidia final fantasy nt,dissidia final fantasy nt,EDITION_VARIANT,DEVELOPER,developer,Team NINJA,team-ninja,Team Ninja,EXACT_NAME_OR_ALIAS,,ADD_MISSING,HIGH,NO,EXACT_PHYSICAL_EDITION | GAME_WORK | GAME_WORK_OR_PS4_RELEASE | PS4_RELEASE,4,LAUNCHBOX_GAMES_DB | PRICECHARTING_EXACT_PAL_PAGE | WIKIDATA | WIKIPEDIA_PS4_LIST,B_EXACT_PHYSICAL | B_PS4_RELEASE | C_DISCOVERY,https://www.pricecharting.com/game/pal-playstation-4/dissidia-final-fantasy-nt-ultimate-collectors-edition | https://en.wikipedia.org/wiki/List_of_PlayStation_4_games_(A%E2%80%93L) | https://www.wikidata.org/wiki/Q19795249 | https://gamesdb.launchbox-app.com/games/details/144309,La ficha enlazada de la edición física PAL atribuye el desarrollo a esta compañía. | La lista específica de PS4 atribuye el desarrollo a esta compañía. | Wikidata registra la compañía como desarrolladora. | LaunchBox registra esta desarrolladora para su ficha de PS4.,No propagar a ports o compilaciones sin comprobar sus créditos propios.,,,,,Team NINJA,team-ninja,pricecharting,2026-09-05,company-credit-ps4-pal-high-additions-1,READY_ADD_MISSING
ps4-do-not-feed-the-monkeys-collector%27s-edition,Do Not Feed The Monkeys [Collector's Edition],PAL España,standard,do not feed the monkeys,do not feed the monkeys,EDITION_VARIANT,DEVELOPER,developer,Fictiorama Studios,fictiorama-studios,Fictiorama Studios,EXACT_NAME_OR_ALIAS,,ADD_MISSING,HIGH,NO,EXACT_PHYSICAL_EDITION | GAME_WORK | GAME_WORK_OR_PS4_RELEASE,3,PRICECHARTING_EXACT_PAL_PAGE | STEAM_STORE | WIKIPEDIA_PS4_LIST,B_EXACT_PHYSICAL | B_OTHER_PLATFORM | B_PS4_RELEASE,https://www.pricecharting.com/game/pal-playstation-4/do-not-feed-the-monkeys-collector%27s-edition | https://en.wikipedia.org/wiki/List_of_PlayStation_4_games_(A%E2%80%93L) | https://store.steampowered.com/app/658850,"La ficha enlazada de la edición física PAL atribuye el desarrollo a esta compañía. | La lista específica de PS4 atribuye el desarrollo a esta compañía. | La ficha comercial de Steam confirma la desarrolladora de la obra, no necesariamente el port de PS4.",No propagar a ports o compilaciones sin comprobar sus créditos propios.,,,,,Fictiorama Studios,fictiorama-studios,official,2026-09-05,company-credit-ps4-pal-high-additions-1,READY_ADD_MISSING
ps4-do-not-feed-the-monkeys-collector%27s-edition,Do Not Feed The Monkeys [Collector's Edition],PAL España,standard,do not feed the monkeys,do not feed the monkeys,EDITION_VARIANT,PHYSICAL_PUBLISHER_OR_DISTRIBUTOR,publisher,BadLand Publishing,badland-publishing,BadLand Publishing | Badland Publishing,EXACT_NAME_OR_ALIAS,,ADD_MISSING,HIGH,NO,EXACT_PHYSICAL_EDITION | PAL_RELEASE,2,PRICECHARTING_EXACT_PAL_PAGE | WIKIPEDIA_PS4_LIST_PAL,B_EXACT_PHYSICAL | B_PAL_RELEASE,https://www.pricecharting.com/game/pal-playstation-4/do-not-feed-the-monkeys-collector%27s-edition | https://en.wikipedia.org/wiki/List_of_PlayStation_4_games_(A%E2%80%93L),La ficha exacta de la edición física PAL etiqueta a esta compañía como Publisher; puede representar publicación o distribución física. | La columna PAL de la lista de PS4 atribuye la publicación a esta compañía.,Confirmar si la etiqueta Publisher representa publicación o distribución en la caja PAL.,,,,,BadLand Publishing,badland-publishing,pricecharting,2026-09-05,company-credit-ps4-pal-high-additions-1,READY_ADD_MISSING
ps4-doom-collector%27s-edition,Doom [Collector's Edition],PAL España,standard,doom,doom,EDITION_VARIANT,DEVELOPER,developer,Id Software,id-software,id Software,EXACT_NAME_OR_ALIAS,,ADD_MISSING,HIGH,NO,EXACT_PHYSICAL_EDITION | GAME_WORK | GAME_WORK_OR_PS4_RELEASE | MATCHED_PS4_PRODUCT | PS4_RELEASE,6,LAUNCHBOX_GAMES_DB | PLAYSTATION_STORE_EXPLICIT_CREDIT | PRICECHARTING_EXACT_PAL_PAGE | STEAM_STORE | WIKIDATA | WIKIPEDIA_PS4_LIST,A_OFFICIAL_MATCHED_TITLE_CREDIT | B_EXACT_PHYSICAL | B_OTHER_PLATFORM | B_PS4_RELEASE | C_DISCOVERY,https://store.playstation.com/es-es/product/EP1003-CUSA02092_00-DOOMEUROPEROWSKU | https://www.pricecharting.com/game/pal-playstation-4/doom-collector%27s-edition | https://en.wikipedia.org/wiki/List_of_PlayStation_4_games_(A%E2%80%93L) | https://store.steampowered.com/app/379720 | https://www.wikidata.org/wiki/Q189784 | https://gamesdb.launchbox-app.com/games/details/35284,"desarrollado por id Software | La ficha enlazada de la edición física PAL atribuye el desarrollo a esta compañía. | La lista específica de PS4 atribuye el desarrollo a esta compañía. | La ficha comercial de Steam confirma la desarrolladora de la obra, no necesariamente el port de PS4. | Wikidata registra la compañía como desarrolladora. | LaunchBox registra esta desarrolladora para su ficha de PS4.",No propagar a ports o compilaciones sin comprobar sus créditos propios.,,,,,Id Software,id-software,official,2026-09-05,company-credit-ps4-pal-high-additions-1,READY_ADD_MISSING
ps4-doom-collector%27s-edition,Doom [Collector's Edition],PAL España,standard,doom,doom,EDITION_VARIANT,PHYSICAL_PUBLISHER_OR_DISTRIBUTOR,publisher,Bethesda Softworks,bethesda-softworks,Bethesda Softworks LLC | Bethesda Softworks,EXACT_NAME_OR_ALIAS,,ADD_MISSING,HIGH,NO,EXACT_PHYSICAL_EDITION | PAL_RELEASE,2,PRICECHARTING_EXACT_PAL_PAGE | WIKIPEDIA_PS4_LIST_PAL,B_EXACT_PHYSICAL | B_PAL_RELEASE,https://www.pricecharting.com/game/pal-playstation-4/doom-collector%27s-edition | https://en.wikipedia.org/wiki/List_of_PlayStation_4_games_(A%E2%80%93L),La ficha exacta de la edición física PAL etiqueta a esta compañía como Publisher; puede representar publicación o distribución física. | La columna PAL de la lista de PS4 atribuye la publicación a esta compañía.,Confirmar si la etiqueta Publisher representa publicación o distribución en la caja PAL.,,,,,Bethesda Softworks,bethesda-softworks,pricecharting,2026-09-05,company-credit-ps4-pal-high-additions-1,READY_ADD_MISSING
ps4-doom-eternal-collector%27s-edition,Doom Eternal [Collector's Edition],PAL España,standard,doom eternal,doom eternal,EDITION_VARIANT,DEVELOPER,developer,Id Software,id-software,id Software,EXACT_NAME_OR_ALIAS,,ADD_MISSING,HIGH,NO,GAME_WORK | GAME_WORK_OR_PS4_RELEASE | PS4_RELEASE,4,LAUNCHBOX_GAMES_DB | STEAM_STORE | WIKIDATA | WIKIPEDIA_PS4_LIST,B_OTHER_PLATFORM | B_PS4_RELEASE | C_DISCOVERY,https://en.wikipedia.org/wiki/List_of_PlayStation_4_games_(A%E2%80%93L) | https://store.steampowered.com/app/782330 | https://www.wikidata.org/wiki/Q55662649 | https://gamesdb.launchbox-app.com/games/details/176857,"La lista específica de PS4 atribuye el desarrollo a esta compañía. | La ficha comercial de Steam confirma la desarrolladora de la obra, no necesariamente el port de PS4. | Wikidata registra la compañía como desarrolladora. | LaunchBox registra esta desarrolladora para su ficha de PS4.",No propagar a ports o compilaciones sin comprobar sus créditos propios.,,,,,Id Software,id-software,official,2026-09-05,company-credit-ps4-pal-high-additions-1,READY_ADD_MISSING
ps4-doom-eternal-deluxe-edition,Doom Eternal [Deluxe Edition],PAL España,standard,doom eternal,doom eternal,EDITION_VARIANT,DEVELOPER,developer,Id Software,id-software,id Software,EXACT_NAME_OR_ALIAS,,ADD_MISSING,HIGH,NO,GAME_WORK | GAME_WORK_OR_PS4_RELEASE | PS4_RELEASE,4,LAUNCHBOX_GAMES_DB | STEAM_STORE | WIKIDATA | WIKIPEDIA_PS4_LIST,B_OTHER_PLATFORM | B_PS4_RELEASE | C_DISCOVERY,https://en.wikipedia.org/wiki/List_of_PlayStation_4_games_(A%E2%80%93L) | https://store.steampowered.com/app/782330 | https://www.wikidata.org/wiki/Q55662649 | https://gamesdb.launchbox-app.com/games/details/176857,"La lista específica de PS4 atribuye el desarrollo a esta compañía. | La ficha comercial de Steam confirma la desarrolladora de la obra, no necesariamente el port de PS4. | Wikidata registra la compañía como desarrolladora. | LaunchBox registra esta desarrolladora para su ficha de PS4.",No propagar a ports o compilaciones sin comprobar sus créditos propios.,,,,,Id Software,id-software,official,2026-09-05,company-credit-ps4-pal-high-additions-1,READY_ADD_MISSING
ps4-doom-playstation-hits,Doom [Playstation Hits],PAL España,standard,doom,doom,EDITION_VARIANT,DEVELOPER,developer,Id Software,id-software,id Software,EXACT_NAME_OR_ALIAS,,ADD_MISSING,HIGH,NO,GAME_WORK | GAME_WORK_OR_PS4_RELEASE | MATCHED_PS4_PRODUCT | PS4_RELEASE,5,LAUNCHBOX_GAMES_DB | PLAYSTATION_STORE_EXPLICIT_CREDIT | STEAM_STORE | WIKIDATA | WIKIPEDIA_PS4_LIST,A_OFFICIAL_MATCHED_TITLE_CREDIT | B_OTHER_PLATFORM | B_PS4_RELEASE | C_DISCOVERY,https://store.playstation.com/es-es/product/EP1003-CUSA02092_00-DOOMEUROPEROWSKU | https://en.wikipedia.org/wiki/List_of_PlayStation_4_games_(A%E2%80%93L) | https://store.steampowered.com/app/379720 | https://www.wikidata.org/wiki/Q189784 | https://gamesdb.launchbox-app.com/games/details/35284,"desarrollado por id Software | La lista específica de PS4 atribuye el desarrollo a esta compañía. | La ficha comercial de Steam confirma la desarrolladora de la obra, no necesariamente el port de PS4. | Wikidata registra la compañía como desarrolladora. | LaunchBox registra esta desarrolladora para su ficha de PS4.",No propagar a ports o compilaciones sin comprobar sus créditos propios.,,,,,Id Software,id-software,official,2026-09-05,company-credit-ps4-pal-high-additions-1,READY_ADD_MISSING
ps4-dragon%27s-crown-pro-battle-hardened-edition,Dragon's Crown Pro [Battle Hardened Edition],PAL España,standard,dragon s crown pro,dragon s crown,GAME_OR_UNKNOWN,PHYSICAL_PUBLISHER_OR_DISTRIBUTOR,publisher,Atlus Co Ltd.,atlus,Atlus,EXACT_NAME_OR_ALIAS,,ADD_MISSING,HIGH,NO,EXACT_PHYSICAL_EDITION | PAL_RELEASE,2,PRICECHARTING_EXACT_PAL_PAGE | WIKIPEDIA_PS4_LIST_PAL,B_EXACT_PHYSICAL | B_PAL_RELEASE,https://www.pricecharting.com/game/pal-playstation-4/dragon%27s-crown-pro-battle-hardened-edition | https://en.wikipedia.org/wiki/List_of_PlayStation_4_games_(A%E2%80%93L),La ficha exacta de la edición física PAL etiqueta a esta compañía como Publisher; puede representar publicación o distribución física. | La columna PAL de la lista de PS4 atribuye la publicación a esta compañía.,Confirmar si la etiqueta Publisher representa publicación o distribución en la caja PAL.,,,CUSA10487_00,,Atlus Co Ltd.,atlus,pricecharting,2026-09-05,company-credit-ps4-pal-high-additions-1,READY_ADD_MISSING
ps4-dragon-age-inquisition-inquisitor%27s-edition,Dragon Age: Inquisition [Inquisitor's Edition],PAL España,standard,dragon age inquisition,dragon age inquisition,GAME_OR_UNKNOWN,DEVELOPER,developer,BioWare Corporation,bioware,BioWare,EXACT_NAME_OR_ALIAS,,ADD_MISSING,HIGH,NO,EXACT_PHYSICAL_EDITION | GAME_WORK | GAME_WORK_OR_PS4_RELEASE,3,PRICECHARTING_EXACT_PAL_PAGE | STEAM_STORE | WIKIPEDIA_PS4_LIST,B_EXACT_PHYSICAL | B_OTHER_PLATFORM | B_PS4_RELEASE,https://www.pricecharting.com/game/pal-playstation-4/dragon-age-inquisition-inquisitor%27s-edition | https://en.wikipedia.org/wiki/List_of_PlayStation_4_games_(A%E2%80%93L) | https://store.steampowered.com/app/1222690,"La ficha enlazada de la edición física PAL atribuye el desarrollo a esta compañía. | La lista específica de PS4 atribuye el desarrollo a esta compañía. | La ficha comercial de Steam confirma la desarrolladora de la obra, no necesariamente el port de PS4.",No propagar a ports o compilaciones sin comprobar sus créditos propios.,,,,,BioWare Corporation,bioware,official,2026-09-05,company-credit-ps4-pal-high-additions-1,READY_ADD_MISSING
ps4-dragon-age-inquisition-inquisitor%27s-edition,Dragon Age: Inquisition [Inquisitor's Edition],PAL España,standard,dragon age inquisition,dragon age inquisition,GAME_OR_UNKNOWN,PHYSICAL_PUBLISHER_OR_DISTRIBUTOR,publisher,Electronic Arts,electronic-arts,Electronic Arts,EXACT_NAME_OR_ALIAS,,ADD_MISSING,HIGH,NO,EXACT_PHYSICAL_EDITION | PAL_RELEASE,2,PRICECHARTING_EXACT_PAL_PAGE | WIKIPEDIA_PS4_LIST_PAL,B_EXACT_PHYSICAL | B_PAL_RELEASE,https://www.pricecharting.com/game/pal-playstation-4/dragon-age-inquisition-inquisitor%27s-edition | https://en.wikipedia.org/wiki/List_of_PlayStation_4_games_(A%E2%80%93L),La ficha exacta de la edición física PAL etiqueta a esta compañía como Publisher; puede representar publicación o distribución física. | La columna PAL de la lista de PS4 atribuye la publicación a esta compañía.,Confirmar si la etiqueta Publisher representa publicación o distribución en la caja PAL.,,,,,Electronic Arts,electronic-arts,pricecharting,2026-09-05,company-credit-ps4-pal-high-additions-1,READY_ADD_MISSING
ps4-dragon-ball-fighterz-collector%27s-edition,Dragon Ball FighterZ [Collector's Edition],PAL España,standard,dragon ball fighterz,dragon ball fighterz,EDITION_VARIANT,DEVELOPER,developer,Arc System Works,arc-system-works,Arc System Works,EXACT_NAME_OR_ALIAS,,ADD_MISSING,HIGH,NO,GAME_WORK | GAME_WORK_OR_PS4_RELEASE | PS4_RELEASE,4,LAUNCHBOX_GAMES_DB | STEAM_STORE | WIKIDATA | WIKIPEDIA_PS4_LIST,B_OTHER_PLATFORM | B_PS4_RELEASE | C_DISCOVERY,https://en.wikipedia.org/wiki/List_of_PlayStation_4_games_(A%E2%80%93L) | https://store.steampowered.com/app/678950 | https://www.wikidata.org/wiki/Q30246735 | https://gamesdb.launchbox-app.com/games/details/143498,"La lista específica de PS4 atribuye el desarrollo a esta compañía. | La ficha comercial de Steam confirma la desarrolladora de la obra, no necesariamente el port de PS4. | Wikidata registra la compañía como desarrolladora. | LaunchBox registra esta desarrolladora para su ficha de PS4.",No propagar a ports o compilaciones sin comprobar sus créditos propios.,,,,,Arc System Works,arc-system-works,official,2026-09-05,company-credit-ps4-pal-high-additions-1,READY_ADD_MISSING
ps4-dragon-ball-the-breakers-special-edition,Dragon Ball: The Breakers [Special Edition],PAL España,standard,dragon ball the breakers,dragon ball the breakers,EDITION_VARIANT,DEVELOPER,developer,Dimps Corporation,dimps-corporation,Dimps | Dimps Corporation,EXACT_NAME_OR_ALIAS,,ADD_MISSING,HIGH,NO,GAME_WORK | GAME_WORK_OR_PS4_RELEASE | PS4_RELEASE,4,LAUNCHBOX_GAMES_DB | STEAM_STORE | WIKIDATA | WIKIPEDIA_PS4_LIST,B_OTHER_PLATFORM | B_PS4_RELEASE | C_DISCOVERY,https://en.wikipedia.org/wiki/List_of_PlayStation_4_games_(A%E2%80%93L) | https://store.steampowered.com/app/1276760 | https://www.wikidata.org/wiki/Q110103693 | https://gamesdb.launchbox-app.com/games/details/463120,"La lista específica de PS4 atribuye el desarrollo a esta compañía. | La ficha comercial de Steam confirma la desarrolladora de la obra, no necesariamente el port de PS4. | Wikidata registra la compañía como desarrolladora. | LaunchBox registra esta desarrolladora para su ficha de PS4.",No propagar a ports o compilaciones sin comprobar sus créditos propios.,,,,,Dimps Corporation,dimps-corporation,official,2026-09-05,company-credit-ps4-pal-high-additions-1,READY_ADD_MISSING
ps4-dragon-ball-xenoverse-2-collector%27s-edition,Dragon Ball Xenoverse 2 [Collector's Edition],PAL España,standard,dragon ball xenoverse 2,dragon ball xenoverse 2,EDITION_VARIANT,DEVELOPER,developer,Dimps Corporation,dimps-corporation,Dimps | DIMPS,EXACT_NAME_OR_ALIAS,,ADD_MISSING,HIGH,NO,GAME_WORK | GAME_WORK_OR_PS4_RELEASE | PS4_RELEASE,4,LAUNCHBOX_GAMES_DB | STEAM_STORE | WIKIDATA | WIKIPEDIA_PS4_LIST,B_OTHER_PLATFORM | B_PS4_RELEASE | C_DISCOVERY,https://en.wikipedia.org/wiki/List_of_PlayStation_4_games_(A%E2%80%93L) | https://store.steampowered.com/app/454650 | https://www.wikidata.org/wiki/Q24084701 | https://gamesdb.launchbox-app.com/games/details/137681,"La lista específica de PS4 atribuye el desarrollo a esta compañía. | La ficha comercial de Steam confirma la desarrolladora de la obra, no necesariamente el port de PS4. | Wikidata registra la compañía como desarrolladora. | LaunchBox registra esta desarrolladora para su ficha de PS4.",No propagar a ports o compilaciones sin comprobar sus créditos propios.,,,,,Dimps Corporation,dimps-corporation,official,2026-09-05,company-credit-ps4-pal-high-additions-1,READY_ADD_MISSING
ps4-dragon-ball-xenoverse-playstation-hits,Dragon Ball Xenoverse [PlayStation Hits],PAL España,standard,dragon ball xenoverse,dragon ball xenoverse,EDITION_VARIANT,DEVELOPER,developer,Dimps Corporation,dimps-corporation,Dimps | DIMPS,EXACT_NAME_OR_ALIAS,,ADD_MISSING,HIGH,NO,EXACT_PHYSICAL_EDITION | GAME_WORK | GAME_WORK_OR_PS4_RELEASE | PS4_RELEASE,5,LAUNCHBOX_GAMES_DB | PRICECHARTING_EXACT_PAL_PAGE | STEAM_STORE | WIKIDATA | WIKIPEDIA_PS4_LIST,B_EXACT_PHYSICAL | B_OTHER_PLATFORM | B_PS4_RELEASE | C_DISCOVERY,https://www.pricecharting.com/game/pal-playstation-4/dragon-ball-xenoverse-playstation-hits | https://en.wikipedia.org/wiki/List_of_PlayStation_4_games_(A%E2%80%93L) | https://store.steampowered.com/app/323470 | https://www.wikidata.org/wiki/Q17165866 | https://gamesdb.launchbox-app.com/games/details/25642,"La ficha enlazada de la edición física PAL atribuye el desarrollo a esta compañía. | La lista específica de PS4 atribuye el desarrollo a esta compañía. | La ficha comercial de Steam confirma la desarrolladora de la obra, no necesariamente el port de PS4. | Wikidata registra la compañía como desarrolladora. | LaunchBox registra esta desarrolladora para su ficha de PS4.",No propagar a ports o compilaciones sin comprobar sus créditos propios.,,,,,Dimps Corporation,dimps-corporation,official,2026-09-05,company-credit-ps4-pal-high-additions-1,READY_ADD_MISSING
ps4-dragon-ball-xenoverse-playstation-hits,Dragon Ball Xenoverse [PlayStation Hits],PAL España,standard,dragon ball xenoverse,dragon ball xenoverse,EDITION_VARIANT,PHYSICAL_PUBLISHER_OR_DISTRIBUTOR,publisher,Bandai Namco Entertainment,bandai-namco-entertainment,Bandai Namco Entertainment,EXACT_NAME_OR_ALIAS,,ADD_MISSING,HIGH,NO,EXACT_PHYSICAL_EDITION | PAL_RELEASE,2,PRICECHARTING_EXACT_PAL_PAGE | WIKIPEDIA_PS4_LIST_PAL,B_EXACT_PHYSICAL | B_PAL_RELEASE,https://www.pricecharting.com/game/pal-playstation-4/dragon-ball-xenoverse-playstation-hits | https://en.wikipedia.org/wiki/List_of_PlayStation_4_games_(A%E2%80%93L),La ficha exacta de la edición física PAL etiqueta a esta compañía como Publisher; puede representar publicación o distribución física. | La columna PAL de la lista de PS4 atribuye la publicación a esta compañía.,Confirmar si la etiqueta Publisher representa publicación o distribución en la caja PAL.,,,,,Bandai Namco Entertainment,bandai-namco-entertainment,pricecharting,2026-09-05,company-credit-ps4-pal-high-additions-1,READY_ADD_MISSING
ps4-dragon-ball-xenoverse-trunks%27-travel-edition,Dragon Ball Xenoverse [Trunks' Travel Edition],PAL España,standard,dragon ball xenoverse,dragon ball xenoverse,GAME_OR_UNKNOWN,DEVELOPER,developer,Dimps Corporation,dimps-corporation,Dimps | DIMPS,EXACT_NAME_OR_ALIAS,,ADD_MISSING,HIGH,NO,EXACT_PHYSICAL_EDITION | GAME_WORK | GAME_WORK_OR_PS4_RELEASE | PS4_RELEASE,5,LAUNCHBOX_GAMES_DB | PRICECHARTING_EXACT_PAL_PAGE | STEAM_STORE | WIKIDATA | WIKIPEDIA_PS4_LIST,B_EXACT_PHYSICAL | B_OTHER_PLATFORM | B_PS4_RELEASE | C_DISCOVERY,https://www.pricecharting.com/game/pal-playstation-4/dragon-ball-xenoverse-trunks%27-travel-edition | https://en.wikipedia.org/wiki/List_of_PlayStation_4_games_(A%E2%80%93L) | https://store.steampowered.com/app/323470 | https://www.wikidata.org/wiki/Q17165866 | https://gamesdb.launchbox-app.com/games/details/25642,"La ficha enlazada de la edición física PAL atribuye el desarrollo a esta compañía. | La lista específica de PS4 atribuye el desarrollo a esta compañía. | La ficha comercial de Steam confirma la desarrolladora de la obra, no necesariamente el port de PS4. | Wikidata registra la compañía como desarrolladora. | LaunchBox registra esta desarrolladora para su ficha de PS4.",No propagar a ports o compilaciones sin comprobar sus créditos propios.,,,,,Dimps Corporation,dimps-corporation,official,2026-09-05,company-credit-ps4-pal-high-additions-1,READY_ADD_MISSING
ps4-dragon-ball-xenoverse-trunks%27-travel-edition,Dragon Ball Xenoverse [Trunks' Travel Edition],PAL España,standard,dragon ball xenoverse,dragon ball xenoverse,GAME_OR_UNKNOWN,PHYSICAL_PUBLISHER_OR_DISTRIBUTOR,publisher,Bandai Namco Entertainment,bandai-namco-entertainment,Bandai Namco Games | Bandai Namco Entertainment,EXACT_NAME_OR_ALIAS,,ADD_MISSING,HIGH,NO,EXACT_PHYSICAL_EDITION | PAL_RELEASE,2,PRICECHARTING_EXACT_PAL_PAGE | WIKIPEDIA_PS4_LIST_PAL,B_EXACT_PHYSICAL | B_PAL_RELEASE,https://www.pricecharting.com/game/pal-playstation-4/dragon-ball-xenoverse-trunks%27-travel-edition | https://en.wikipedia.org/wiki/List_of_PlayStation_4_games_(A%E2%80%93L),La ficha exacta de la edición física PAL etiqueta a esta compañía como Publisher; puede representar publicación o distribución física. | La columna PAL de la lista de PS4 atribuye la publicación a esta compañía.,Confirmar si la etiqueta Publisher representa publicación o distribución en la caja PAL.,,,,,Bandai Namco Entertainment,bandai-namco-entertainment,pricecharting,2026-09-05,company-credit-ps4-pal-high-additions-1,READY_ADD_MISSING
ps4-dragon-ball-z-kakarot-collector%27s-set,Dragon Ball Z: Kakarot [Collector's Set],PAL España,standard,dragon ball z kakarot,dragon ball z kakarot collector s set,EDITION_VARIANT,PHYSICAL_PUBLISHER_OR_DISTRIBUTOR,publisher,Bandai Namco Entertainment,bandai-namco-entertainment,Bandai Namco | Bandai Namco Entertainment,EXACT_NAME_OR_ALIAS,,ADD_MISSING,HIGH,NO,EXACT_PHYSICAL_EDITION | PAL_RELEASE,2,PRICECHARTING_EXACT_PAL_PAGE | WIKIPEDIA_PS4_LIST_PAL,B_EXACT_PHYSICAL | B_PAL_RELEASE,https://www.pricecharting.com/game/pal-playstation-4/dragon-ball-z-kakarot-collector%27s-set | https://en.wikipedia.org/wiki/List_of_PlayStation_4_games_(A%E2%80%93L),La ficha exacta de la edición física PAL etiqueta a esta compañía como Publisher; puede representar publicación o distribución física. | La columna PAL de la lista de PS4 atribuye la publicación a esta compañía.,Confirmar si la etiqueta Publisher representa publicación o distribución en la caja PAL.,,,,,Bandai Namco Entertainment,bandai-namco-entertainment,pricecharting,2026-09-05,company-credit-ps4-pal-high-additions-1,READY_ADD_MISSING
ps4-dungeons-2,Dungeons 2,PAL España,standard,dungeons 2,dungeons 2,GAME_OR_UNKNOWN,DEVELOPER,developer,Realmforge Studios,realmforge-studios,Realmforge Studios,EXACT_NAME_OR_ALIAS,,ADD_MISSING,HIGH,NO,GAME_WORK | GAME_WORK_OR_PS4_RELEASE,2,STEAM_STORE | WIKIPEDIA_PS4_LIST,B_OTHER_PLATFORM | B_PS4_RELEASE,https://en.wikipedia.org/wiki/List_of_PlayStation_4_games_(A%E2%80%93L) | https://store.steampowered.com/app/262280,"La lista específica de PS4 atribuye el desarrollo a esta compañía. | La ficha comercial de Steam confirma la desarrolladora de la obra, no necesariamente el port de PS4.",No propagar a ports o compilaciones sin comprobar sus créditos propios.,,CUSA04055_00,,,Realmforge Studios,realmforge-studios,official,2026-09-05,company-credit-ps4-pal-high-additions-1,READY_ADD_MISSING
ps4-dusk-diver-day-one,Dusk Diver [Day One],PAL España,standard,dusk diver,dusk diver day one,EDITION_VARIANT,PHYSICAL_PUBLISHER_OR_DISTRIBUTOR,publisher,PQube Ltd.,pqube,PQube,EXACT_NAME_OR_ALIAS,,ADD_MISSING,HIGH,NO,EXACT_PHYSICAL_EDITION | PAL_RELEASE,2,PRICECHARTING_EXACT_PAL_PAGE | WIKIPEDIA_PS4_LIST_PAL,B_EXACT_PHYSICAL | B_PAL_RELEASE,https://www.pricecharting.com/game/pal-playstation-4/dusk-diver-day-one | https://en.wikipedia.org/wiki/List_of_PlayStation_4_games_(A%E2%80%93L),La ficha exacta de la edición física PAL etiqueta a esta compañía como Publisher; puede representar publicación o distribución física. | La columna PAL de la lista de PS4 atribuye la publicación a esta compañía.,Confirmar si la etiqueta Publisher representa publicación o distribución en la caja PAL.,,,,,PQube Ltd.,pqube,pricecharting,2026-09-05,company-credit-ps4-pal-high-additions-1,READY_ADD_MISSING
ps4-dying-light-2-stay-human-deluxe-edition,Dying Light 2: Stay Human [Deluxe Edition],PAL España,standard,dying light 2 stay human,dying light 2 stay human,EDITION_VARIANT,DEVELOPER,developer,Techland,techland,Techland,EXACT_NAME_OR_ALIAS,,ADD_MISSING,HIGH,NO,EXACT_PHYSICAL_EDITION | GAME_WORK_OR_PS4_RELEASE,2,PRICECHARTING_EXACT_PAL_PAGE | WIKIPEDIA_PS4_LIST,B_EXACT_PHYSICAL | B_PS4_RELEASE,https://www.pricecharting.com/game/pal-playstation-4/dying-light-2-stay-human-deluxe-edition | https://en.wikipedia.org/wiki/List_of_PlayStation_4_games_(A%E2%80%93L),La ficha enlazada de la edición física PAL atribuye el desarrollo a esta compañía. | La lista específica de PS4 atribuye el desarrollo a esta compañía.,No propagar a ports o compilaciones sin comprobar sus créditos propios.,,,CUSA12555_00,,Techland,techland,pricecharting,2026-09-05,company-credit-ps4-pal-high-additions-1,READY_ADD_MISSING
ps4-dying-light-2-stay-human-deluxe-edition,Dying Light 2: Stay Human [Deluxe Edition],PAL España,standard,dying light 2 stay human,dying light 2 stay human,EDITION_VARIANT,PHYSICAL_PUBLISHER_OR_DISTRIBUTOR,publisher,Techland,techland,Techland,EXACT_NAME_OR_ALIAS,,ADD_MISSING,HIGH,NO,EXACT_PHYSICAL_EDITION | PAL_RELEASE,2,PRICECHARTING_EXACT_PAL_PAGE | WIKIPEDIA_PS4_LIST_PAL,B_EXACT_PHYSICAL | B_PAL_RELEASE,https://www.pricecharting.com/game/pal-playstation-4/dying-light-2-stay-human-deluxe-edition | https://en.wikipedia.org/wiki/List_of_PlayStation_4_games_(A%E2%80%93L),La ficha exacta de la edición física PAL etiqueta a esta compañía como Publisher; puede representar publicación o distribución física. | La columna PAL de la lista de PS4 atribuye la publicación a esta compañía.,Confirmar si la etiqueta Publisher representa publicación o distribución en la caja PAL.,,,CUSA12555_00,,Techland,techland,pricecharting,2026-09-05,company-credit-ps4-pal-high-additions-1,READY_ADD_MISSING
ps4-dying-light-collector%27s-edition,Dying Light [Collector's Edition],PAL España,standard,dying light,dying light,EDITION_VARIANT,DEVELOPER,developer,Techland,techland,Techland,EXACT_NAME_OR_ALIAS,,ADD_MISSING,HIGH,NO,EXACT_PHYSICAL_EDITION | GAME_WORK | GAME_WORK_OR_PS4_RELEASE | PS4_RELEASE,4,LAUNCHBOX_GAMES_DB | PRICECHARTING_EXACT_PAL_PAGE | STEAM_STORE | WIKIPEDIA_PS4_LIST,B_EXACT_PHYSICAL | B_OTHER_PLATFORM | B_PS4_RELEASE | C_DISCOVERY,https://www.pricecharting.com/game/pal-playstation-4/dying-light-collector%27s-edition | https://en.wikipedia.org/wiki/List_of_PlayStation_4_games_(A%E2%80%93L) | https://store.steampowered.com/app/239140 | https://gamesdb.launchbox-app.com/games/details/22673,"La ficha enlazada de la edición física PAL atribuye el desarrollo a esta compañía. | La lista específica de PS4 atribuye el desarrollo a esta compañía. | La ficha comercial de Steam confirma la desarrolladora de la obra, no necesariamente el port de PS4. | LaunchBox registra esta desarrolladora para su ficha de PS4.",No propagar a ports o compilaciones sin comprobar sus créditos propios.,,,,,Techland,techland,official,2026-09-05,company-credit-ps4-pal-high-additions-1,READY_ADD_MISSING
ps4-earth-defense-force-41-the-shadow-of-new-despair-playstation-hits,Earth Defense Force 4.1: The Shadow Of New Despair [Playstation Hits],PAL España,standard,earth defense force 4 1 the shadow of new despair,earth defense force 4 1 the shadow of new despair,EDITION_VARIANT,DEVELOPER,developer,Sandlot,sandlot,Sandlot | SANDLOT,EXACT_NAME_OR_ALIAS,,ADD_MISSING,HIGH,NO,EXACT_PHYSICAL_EDITION | GAME_WORK | PS4_RELEASE,4,LAUNCHBOX_GAMES_DB | PRICECHARTING_EXACT_PAL_PAGE | STEAM_STORE | WIKIDATA,B_EXACT_PHYSICAL | B_OTHER_PLATFORM | C_DISCOVERY,https://www.pricecharting.com/game/pal-playstation-4/earth-defense-force-41-the-shadow-of-new-despair-playstation-hits | https://store.steampowered.com/app/410320 | https://www.wikidata.org/wiki/Q103929794 | https://gamesdb.launchbox-app.com/games/details/91135,"La ficha enlazada de la edición física PAL atribuye el desarrollo a esta compañía. | La ficha comercial de Steam confirma la desarrolladora de la obra, no necesariamente el port de PS4. | Wikidata registra la compañía como desarrolladora. | LaunchBox registra esta desarrolladora para su ficha de PS4.",No propagar a ports o compilaciones sin comprobar sus créditos propios.,,,,,Sandlot,sandlot,official,2026-09-05,company-credit-ps4-pal-high-additions-1,READY_ADD_MISSING
ps4-elden-ring-collector%27s-edition,Elden Ring [Collector's Edition],PAL España,standard,elden ring,elden ring,EDITION_VARIANT,PHYSICAL_PUBLISHER_OR_DISTRIBUTOR,publisher,Bandai Namco Entertainment,bandai-namco-entertainment,Bandai Namco,EXACT_NAME_OR_ALIAS,,ADD_MISSING,HIGH,NO,EXACT_PHYSICAL_EDITION | PAL_RELEASE,2,PRICECHARTING_EXACT_PAL_PAGE | WIKIPEDIA_PS4_LIST_PAL,B_EXACT_PHYSICAL | B_PAL_RELEASE,https://www.pricecharting.com/game/pal-playstation-4/elden-ring-collector%27s-edition | https://en.wikipedia.org/wiki/List_of_PlayStation_4_games_(A%E2%80%93L),La ficha exacta de la edición física PAL etiqueta a esta compañía como Publisher; puede representar publicación o distribución física. | La columna PAL de la lista de PS4 atribuye la publicación a esta compañía.,Confirmar si la etiqueta Publisher representa publicación o distribución en la caja PAL.,,,,,Bandai Namco Entertainment,bandai-namco-entertainment,pricecharting,2026-09-05,company-credit-ps4-pal-high-additions-1,READY_ADD_MISSING
ps4-elden-ring-launch-edition,Elden Ring [Launch Edition],PAL España,standard,elden ring,elden ring,EDITION_VARIANT,PHYSICAL_PUBLISHER_OR_DISTRIBUTOR,publisher,Bandai Namco Entertainment,bandai-namco-entertainment,Bandai Namco,EXACT_NAME_OR_ALIAS,,ADD_MISSING,HIGH,NO,EXACT_PHYSICAL_EDITION | PAL_RELEASE,2,PRICECHARTING_EXACT_PAL_PAGE | WIKIPEDIA_PS4_LIST_PAL,B_EXACT_PHYSICAL | B_PAL_RELEASE,https://www.pricecharting.com/game/pal-playstation-4/elden-ring-launch-edition | https://en.wikipedia.org/wiki/List_of_PlayStation_4_games_(A%E2%80%93L),La ficha exacta de la edición física PAL etiqueta a esta compañía como Publisher; puede representar publicación o distribución física. | La columna PAL de la lista de PS4 atribuye la publicación a esta compañía.,Confirmar si la etiqueta Publisher representa publicación o distribución en la caja PAL.,,,,,Bandai Namco Entertainment,bandai-namco-entertainment,pricecharting,2026-09-05,company-credit-ps4-pal-high-additions-1,READY_ADD_MISSING
ps4-elden-ring-nightreign-seekers-edition,Elden Ring Nightreign [Seekers Edition],PAL España,standard,elden ring nightreign,elden ring nightreign,GAME_OR_UNKNOWN,PHYSICAL_PUBLISHER_OR_DISTRIBUTOR,publisher,Bandai Namco Entertainment,bandai-namco-entertainment,Bandai Namco | Bandai Namco Entertainment,EXACT_NAME_OR_ALIAS,,ADD_MISSING,HIGH,NO,EXACT_PHYSICAL_EDITION | PAL_RELEASE,2,PRICECHARTING_EXACT_PAL_PAGE | WIKIPEDIA_PS4_LIST_PAL,B_EXACT_PHYSICAL | B_PAL_RELEASE,https://www.pricecharting.com/game/pal-playstation-4/elden-ring-nightreign-seekers-edition | https://en.wikipedia.org/wiki/List_of_PlayStation_4_games_(A%E2%80%93L),La ficha exacta de la edición física PAL etiqueta a esta compañía como Publisher; puede representar publicación o distribución física. | La columna PAL de la lista de PS4 atribuye la publicación a esta compañía.,Confirmar si la etiqueta Publisher representa publicación o distribución en la caja PAL.,,,CUSA50617_00,,Bandai Namco Entertainment,bandai-namco-entertainment,pricecharting,2026-09-05,company-credit-ps4-pal-high-additions-1,READY_ADD_MISSING
ps4-elex,Elex,PAL España,standard,elex,elex,GAME_OR_UNKNOWN,DEVELOPER,developer,Piranha Bytes,piranha-bytes,Piranha Bytes,EXACT_NAME_OR_ALIAS,,ADD_MISSING,HIGH,NO,GAME_WORK | GAME_WORK_OR_PS4_RELEASE | MATCHED_PS4_PRODUCT | PS4_RELEASE,5,LAUNCHBOX_GAMES_DB | PLAYSTATION_STORE_EXPLICIT_CREDIT | STEAM_STORE | WIKIDATA | WIKIPEDIA_PS4_LIST,A_OFFICIAL_MATCHED_TITLE_CREDIT | B_OTHER_PLATFORM | B_PS4_RELEASE | C_DISCOVERY,https://store.playstation.com/es-es/product/EP4389-CUSA04462_00-ELEXRPGPBNGEU001 | https://en.wikipedia.org/wiki/List_of_PlayStation_4_games_(A%E2%80%93L) | https://store.steampowered.com/app/411300 | https://www.wikidata.org/wiki/Q25345979 | https://gamesdb.launchbox-app.com/games/details/473099,"Developed by Piranha Bytes | La lista específica de PS4 atribuye el desarrollo a esta compañía. | La ficha comercial de Steam confirma la desarrolladora de la obra, no necesariamente el port de PS4. | Wikidata registra la compañía como desarrolladora. | LaunchBox registra esta desarrolladora para su ficha de PS4.",No propagar a ports o compilaciones sin comprobar sus créditos propios.,,CUSA04317_00,,,Piranha Bytes,piranha-bytes,official,2026-09-05,company-credit-ps4-pal-high-additions-1,READY_ADD_MISSING
ps4-elex-collector%27s-edition,Elex [Collector's Edition],PAL España,standard,elex,elex,EDITION_VARIANT,DEVELOPER,developer,Piranha Bytes,piranha-bytes,Piranha Bytes,EXACT_NAME_OR_ALIAS,,ADD_MISSING,HIGH,NO,GAME_WORK | GAME_WORK_OR_PS4_RELEASE | MATCHED_PS4_PRODUCT | PS4_RELEASE,5,LAUNCHBOX_GAMES_DB | PLAYSTATION_STORE_EXPLICIT_CREDIT | STEAM_STORE | WIKIDATA | WIKIPEDIA_PS4_LIST,A_OFFICIAL_MATCHED_TITLE_CREDIT | B_OTHER_PLATFORM | B_PS4_RELEASE | C_DISCOVERY,https://store.playstation.com/es-es/product/EP4389-CUSA04462_00-ELEXRPGPBNGEU001 | https://en.wikipedia.org/wiki/List_of_PlayStation_4_games_(A%E2%80%93L) | https://store.steampowered.com/app/411300 | https://www.wikidata.org/wiki/Q25345979 | https://gamesdb.launchbox-app.com/games/details/473099,"Developed by Piranha Bytes | La lista específica de PS4 atribuye el desarrollo a esta compañía. | La ficha comercial de Steam confirma la desarrolladora de la obra, no necesariamente el port de PS4. | Wikidata registra la compañía como desarrolladora. | LaunchBox registra esta desarrolladora para su ficha de PS4.",No propagar a ports o compilaciones sin comprobar sus créditos propios.,,,,,Piranha Bytes,piranha-bytes,official,2026-09-05,company-credit-ps4-pal-high-additions-1,READY_ADD_MISSING
ps4-elex-ii,Elex II,PAL España,standard,elex ii,elex ii,GAME_OR_UNKNOWN,DEVELOPER,developer,Piranha Bytes,piranha-bytes,Piranha Bytes,EXACT_NAME_OR_ALIAS,,ADD_MISSING,HIGH,NO,GAME_WORK | GAME_WORK_OR_PS4_RELEASE | PS4_RELEASE,3,LAUNCHBOX_GAMES_DB | STEAM_STORE | WIKIPEDIA_PS4_LIST,B_OTHER_PLATFORM | B_PS4_RELEASE | C_DISCOVERY,https://en.wikipedia.org/wiki/List_of_PlayStation_4_games_(A%E2%80%93L) | https://store.steampowered.com/app/900040 | https://gamesdb.launchbox-app.com/games/details/473184,"La lista específica de PS4 atribuye el desarrollo a esta compañía. | La ficha comercial de Steam confirma la desarrolladora de la obra, no necesariamente el port de PS4. | LaunchBox registra esta desarrolladora para su ficha de PS4.",No propagar a ports o compilaciones sin comprobar sus créditos propios.,,CUSA28133_00,,,Piranha Bytes,piranha-bytes,official,2026-09-05,company-credit-ps4-pal-high-additions-1,READY_ADD_MISSING
ps4-elex-ii-collector%27s-edition,Elex II [Collector's Edition],PAL España,standard,elex ii,elex ii,EDITION_VARIANT,DEVELOPER,developer,Piranha Bytes,piranha-bytes,Piranha Bytes,EXACT_NAME_OR_ALIAS,,ADD_MISSING,HIGH,NO,EXACT_PHYSICAL_EDITION | GAME_WORK | GAME_WORK_OR_PS4_RELEASE | PS4_RELEASE,4,LAUNCHBOX_GAMES_DB | PRICECHARTING_EXACT_PAL_PAGE | STEAM_STORE | WIKIPEDIA_PS4_LIST,B_EXACT_PHYSICAL | B_OTHER_PLATFORM | B_PS4_RELEASE | C_DISCOVERY,https://www.pricecharting.com/game/pal-playstation-4/elex-ii-collector%27s-edition | https://en.wikipedia.org/wiki/List_of_PlayStation_4_games_(A%E2%80%93L) | https://store.steampowered.com/app/900040 | https://gamesdb.launchbox-app.com/games/details/473184,"La ficha enlazada de la edición física PAL atribuye el desarrollo a esta compañía. | La lista específica de PS4 atribuye el desarrollo a esta compañía. | La ficha comercial de Steam confirma la desarrolladora de la obra, no necesariamente el port de PS4. | LaunchBox registra esta desarrolladora para su ficha de PS4.",No propagar a ports o compilaciones sin comprobar sus créditos propios.,,,,,Piranha Bytes,piranha-bytes,official,2026-09-05,company-credit-ps4-pal-high-additions-1,READY_ADD_MISSING
ps4-elex-ii-steelbook-edition,Elex II [Steelbook Edition],PAL España,standard,elex ii,elex ii,EDITION_VARIANT,DEVELOPER,developer,Piranha Bytes,piranha-bytes,Piranha Bytes,EXACT_NAME_OR_ALIAS,,ADD_MISSING,HIGH,NO,GAME_WORK | GAME_WORK_OR_PS4_RELEASE | PS4_RELEASE,3,LAUNCHBOX_GAMES_DB | STEAM_STORE | WIKIPEDIA_PS4_LIST,B_OTHER_PLATFORM | B_PS4_RELEASE | C_DISCOVERY,https://en.wikipedia.org/wiki/List_of_PlayStation_4_games_(A%E2%80%93L) | https://store.steampowered.com/app/900040 | https://gamesdb.launchbox-app.com/games/details/473184,"La lista específica de PS4 atribuye el desarrollo a esta compañía. | La ficha comercial de Steam confirma la desarrolladora de la obra, no necesariamente el port de PS4. | LaunchBox registra esta desarrolladora para su ficha de PS4.",No propagar a ports o compilaciones sin comprobar sus créditos propios.,,,,,Piranha Bytes,piranha-bytes,official,2026-09-05,company-credit-ps4-pal-high-additions-1,READY_ADD_MISSING
ps4-ether-one-limited-edition,Ether One [Limited Edition],PAL España,standard,ether one,ether one,EDITION_VARIANT,DEVELOPER,developer,White Paper Games,white-paper-games,White Paper Games,EXACT_NAME_OR_ALIAS,,ADD_MISSING,HIGH,NO,EXACT_PHYSICAL_EDITION | GAME_WORK | GAME_WORK_OR_PS4_RELEASE | PS4_RELEASE,5,LAUNCHBOX_GAMES_DB | PRICECHARTING_EXACT_PAL_PAGE | STEAM_STORE | WIKIDATA | WIKIPEDIA_PS4_LIST,B_EXACT_PHYSICAL | B_OTHER_PLATFORM | B_PS4_RELEASE | C_DISCOVERY,https://www.pricecharting.com/game/pal-playstation-4/ether-one-limited-edition | https://en.wikipedia.org/wiki/List_of_PlayStation_4_games_(A%E2%80%93L) | https://store.steampowered.com/app/265950 | https://www.wikidata.org/wiki/Q19636612 | https://gamesdb.launchbox-app.com/games/details/28940,"La ficha enlazada de la edición física PAL atribuye el desarrollo a esta compañía. | La lista específica de PS4 atribuye el desarrollo a esta compañía. | La ficha comercial de Steam confirma la desarrolladora de la obra, no necesariamente el port de PS4. | Wikidata registra la compañía como desarrolladora. | LaunchBox registra esta desarrolladora para su ficha de PS4.",No propagar a ports o compilaciones sin comprobar sus créditos propios.,,,CUSA03502_00,,White Paper Games,white-paper-games,official,2026-09-05,company-credit-ps4-pal-high-additions-1,READY_ADD_MISSING
ps4-everspace-stellar-edition,Everspace [Stellar Edition],PAL España,standard,everspace,everspace,GAME_OR_UNKNOWN,DEVELOPER,developer,Rockfish Games,rockfish-games,Rockfish Games | ROCKFISH Games,EXACT_NAME_OR_ALIAS,,ADD_MISSING,HIGH,NO,GAME_WORK | GAME_WORK_OR_PS4_RELEASE | PS4_RELEASE,3,LAUNCHBOX_GAMES_DB | STEAM_STORE | WIKIPEDIA_PS4_LIST,B_OTHER_PLATFORM | B_PS4_RELEASE | C_DISCOVERY,https://en.wikipedia.org/wiki/List_of_PlayStation_4_games_(A%E2%80%93L) | https://store.steampowered.com/app/396750 | https://gamesdb.launchbox-app.com/games/details/443130,"La lista específica de PS4 atribuye el desarrollo a esta compañía. | La ficha comercial de Steam confirma la desarrolladora de la obra, no necesariamente el port de PS4. | LaunchBox registra esta desarrolladora para su ficha de PS4.",No propagar a ports o compilaciones sin comprobar sus créditos propios.,,,,,Rockfish Games,rockfish-games,official,2026-09-05,company-credit-ps4-pal-high-additions-1,READY_ADD_MISSING
ps4-evil-west,Evil West,PAL España,standard,evil west,evil west,GAME_OR_UNKNOWN,DEVELOPER,developer,Flying Wild Hog,flying-wild-hog,Flying Wild Hog,EXACT_NAME_OR_ALIAS,,ADD_MISSING,HIGH,NO,GAME_WORK | GAME_WORK_OR_PS4_RELEASE | PS4_RELEASE,4,LAUNCHBOX_GAMES_DB | STEAM_STORE | WIKIDATA | WIKIPEDIA_PS4_LIST,B_OTHER_PLATFORM | B_PS4_RELEASE | C_DISCOVERY,https://en.wikipedia.org/wiki/List_of_PlayStation_4_games_(A%E2%80%93L) | https://store.steampowered.com/app/1065310 | https://www.wikidata.org/wiki/Q104568362 | https://gamesdb.launchbox-app.com/games/details/473150,"La lista específica de PS4 atribuye el desarrollo a esta compañía. | La ficha comercial de Steam confirma la desarrolladora de la obra, no necesariamente el port de PS4. | Wikidata registra la compañía como desarrolladora. | LaunchBox registra esta desarrolladora para su ficha de PS4.",No propagar a ports o compilaciones sin comprobar sus créditos propios.,,CUSA25569_00,,,Flying Wild Hog,flying-wild-hog,official,2026-09-05,company-credit-ps4-pal-high-additions-1,READY_ADD_MISSING
ps4-expeditions-a-mudrunner-game,Expeditions: A MudRunner Game,PAL España,standard,expeditions a mudrunner game,expeditions a mudrunner game,GAME_OR_UNKNOWN,DEVELOPER,developer,Saber Interactive Inc,saber-interactive,Saber Interactive,EXACT_NAME_OR_ALIAS,,ADD_MISSING,HIGH,NO,GAME_WORK | GAME_WORK_OR_PS4_RELEASE | PS4_RELEASE,4,LAUNCHBOX_GAMES_DB | STEAM_STORE | WIKIDATA | WIKIPEDIA_PS4_LIST,B_OTHER_PLATFORM | B_PS4_RELEASE | C_DISCOVERY,https://en.wikipedia.org/wiki/List_of_PlayStation_4_games_(A%E2%80%93L) | https://store.steampowered.com/app/2477340 | https://www.wikidata.org/wiki/Q121767675 | https://gamesdb.launchbox-app.com/games/details/466099,"La lista específica de PS4 atribuye el desarrollo a esta compañía. | La ficha comercial de Steam confirma la desarrolladora de la obra, no necesariamente el port de PS4. | Wikidata registra la compañía como desarrolladora. | LaunchBox registra esta desarrolladora para su ficha de PS4.",No propagar a ports o compilaciones sin comprobar sus créditos propios.,,CUSA44233_00,,,Saber Interactive Inc,saber-interactive,official,2026-09-05,company-credit-ps4-pal-high-additions-1,READY_ADD_MISSING
ps4-fallout-4-collector%27s-blue-box,Fallout 4 [Collector's Blue Box],PAL España,standard,fallout 4,fallout 4 collector s blue box,EDITION_VARIANT,DEVELOPER,developer,Bethesda Game Studios,bethesda-game-studios,Bethesda Game Studios,EXACT_NAME_OR_ALIAS,,ADD_MISSING,HIGH,NO,GAME_WORK | GAME_WORK_OR_PS4_RELEASE | PS4_RELEASE,3,LAUNCHBOX_GAMES_DB | STEAM_STORE | WIKIPEDIA_PS4_LIST,B_OTHER_PLATFORM | B_PS4_RELEASE | C_DISCOVERY,https://en.wikipedia.org/wiki/List_of_PlayStation_4_games_(A%E2%80%93L) | https://store.steampowered.com/app/377160 | https://gamesdb.launchbox-app.com/games/details/29225,"La lista específica de PS4 atribuye el desarrollo a esta compañía. | La ficha comercial de Steam confirma la desarrolladora de la obra, no necesariamente el port de PS4. | LaunchBox registra esta desarrolladora para su ficha de PS4.",No propagar a ports o compilaciones sin comprobar sus créditos propios.,,,,,Bethesda Game Studios,bethesda-game-studios,official,2026-09-05,company-credit-ps4-pal-high-additions-1,READY_ADD_MISSING
ps4-fallout-4-game-of-the-year-edition,Fallout 4 [Game of The Year Edition],PAL España,standard,fallout 4,fallout 4,GAME_OR_UNKNOWN,DEVELOPER,developer,Bethesda Game Studios,bethesda-game-studios,Bethesda Game Studios,EXACT_NAME_OR_ALIAS,,ADD_MISSING,HIGH,NO,EXACT_PHYSICAL_EDITION | GAME_WORK | GAME_WORK_OR_PS4_RELEASE | PS4_RELEASE,4,LAUNCHBOX_GAMES_DB | PRICECHARTING_EXACT_PAL_PAGE | STEAM_STORE | WIKIPEDIA_PS4_LIST,B_EXACT_PHYSICAL | B_OTHER_PLATFORM | B_PS4_RELEASE | C_DISCOVERY,https://www.pricecharting.com/game/pal-playstation-4/fallout-4-game-of-the-year-edition | https://en.wikipedia.org/wiki/List_of_PlayStation_4_games_(A%E2%80%93L) | https://store.steampowered.com/app/377160 | https://gamesdb.launchbox-app.com/games/details/162191,"La ficha enlazada de la edición física PAL atribuye el desarrollo a esta compañía. | La lista específica de PS4 atribuye el desarrollo a esta compañía. | La ficha comercial de Steam confirma la desarrolladora de la obra, no necesariamente el port de PS4. | LaunchBox registra esta desarrolladora para su ficha de PS4.",No propagar a ports o compilaciones sin comprobar sus créditos propios.,,,CUSA02962_00,,Bethesda Game Studios,bethesda-game-studios,official,2026-09-05,company-credit-ps4-pal-high-additions-1,READY_ADD_MISSING
ps4-fallout-4-game-of-the-year-edition,Fallout 4 [Game of The Year Edition],PAL España,standard,fallout 4,fallout 4,GAME_OR_UNKNOWN,PHYSICAL_PUBLISHER_OR_DISTRIBUTOR,publisher,Bethesda Softworks,bethesda-softworks,Bethesda Softworks,EXACT_NAME_OR_ALIAS,,ADD_MISSING,HIGH,NO,EXACT_PHYSICAL_EDITION | PAL_RELEASE,2,PRICECHARTING_EXACT_PAL_PAGE | WIKIPEDIA_PS4_LIST_PAL,B_EXACT_PHYSICAL | B_PAL_RELEASE,https://www.pricecharting.com/game/pal-playstation-4/fallout-4-game-of-the-year-edition | https://en.wikipedia.org/wiki/List_of_PlayStation_4_games_(A%E2%80%93L),La ficha exacta de la edición física PAL etiqueta a esta compañía como Publisher; puede representar publicación o distribución física. | La columna PAL de la lista de PS4 atribuye la publicación a esta compañía.,Confirmar si la etiqueta Publisher representa publicación o distribución en la caja PAL.,,,CUSA02962_00,,Bethesda Softworks,bethesda-softworks,pricecharting,2026-09-05,company-credit-ps4-pal-high-additions-1,READY_ADD_MISSING
ps4-fallout-4-pip-boy-edition,Fallout 4 [Pip-Boy Edition],PAL España,standard,fallout 4,fallout 4,GAME_OR_UNKNOWN,DEVELOPER,developer,Bethesda Game Studios,bethesda-game-studios,Bethesda Game Studios,EXACT_NAME_OR_ALIAS,,ADD_MISSING,HIGH,NO,GAME_WORK | GAME_WORK_OR_PS4_RELEASE | PS4_RELEASE,3,LAUNCHBOX_GAMES_DB | STEAM_STORE | WIKIPEDIA_PS4_LIST,B_OTHER_PLATFORM | B_PS4_RELEASE | C_DISCOVERY,https://en.wikipedia.org/wiki/List_of_PlayStation_4_games_(A%E2%80%93L) | https://store.steampowered.com/app/377160 | https://gamesdb.launchbox-app.com/games/details/32812,"La lista específica de PS4 atribuye el desarrollo a esta compañía. | La ficha comercial de Steam confirma la desarrolladora de la obra, no necesariamente el port de PS4. | LaunchBox registra esta desarrolladora para su ficha de PS4.",No propagar a ports o compilaciones sin comprobar sus créditos propios.,,,,,Bethesda Game Studios,bethesda-game-studios,official,2026-09-05,company-credit-ps4-pal-high-additions-1,READY_ADD_MISSING
ps4-fallout-4-playstation-hits,Fallout 4 [PlayStation Hits],PAL España,standard,fallout 4,fallout 4,EDITION_VARIANT,DEVELOPER,developer,Bethesda Game Studios,bethesda-game-studios,Bethesda Game Studios,EXACT_NAME_OR_ALIAS,,ADD_MISSING,HIGH,NO,EXACT_PHYSICAL_EDITION | GAME_WORK | GAME_WORK_OR_PS4_RELEASE | PS4_RELEASE,4,LAUNCHBOX_GAMES_DB | PRICECHARTING_EXACT_PAL_PAGE | STEAM_STORE | WIKIPEDIA_PS4_LIST,B_EXACT_PHYSICAL | B_OTHER_PLATFORM | B_PS4_RELEASE | C_DISCOVERY,https://www.pricecharting.com/game/pal-playstation-4/fallout-4-playstation-hits | https://en.wikipedia.org/wiki/List_of_PlayStation_4_games_(A%E2%80%93L) | https://store.steampowered.com/app/377160 | https://gamesdb.launchbox-app.com/games/details/29225,"La ficha enlazada de la edición física PAL atribuye el desarrollo a esta compañía. | La lista específica de PS4 atribuye el desarrollo a esta compañía. | La ficha comercial de Steam confirma la desarrolladora de la obra, no necesariamente el port de PS4. | LaunchBox registra esta desarrolladora para su ficha de PS4.",No propagar a ports o compilaciones sin comprobar sus créditos propios.,,,,,Bethesda Game Studios,bethesda-game-studios,official,2026-09-05,company-credit-ps4-pal-high-additions-1,READY_ADD_MISSING
ps4-fallout-4-playstation-hits,Fallout 4 [PlayStation Hits],PAL España,standard,fallout 4,fallout 4,EDITION_VARIANT,PHYSICAL_PUBLISHER_OR_DISTRIBUTOR,publisher,Bethesda Softworks,bethesda-softworks,Bethesda Softworks,EXACT_NAME_OR_ALIAS,,ADD_MISSING,HIGH,NO,EXACT_PHYSICAL_EDITION | PAL_RELEASE,2,PRICECHARTING_EXACT_PAL_PAGE | WIKIPEDIA_PS4_LIST_PAL,B_EXACT_PHYSICAL | B_PAL_RELEASE,https://www.pricecharting.com/game/pal-playstation-4/fallout-4-playstation-hits | https://en.wikipedia.org/wiki/List_of_PlayStation_4_games_(A%E2%80%93L),La ficha exacta de la edición física PAL etiqueta a esta compañía como Publisher; puede representar publicación o distribución física. | La columna PAL de la lista de PS4 atribuye la publicación a esta compañía.,Confirmar si la etiqueta Publisher representa publicación o distribución en la caja PAL.,,,,,Bethesda Softworks,bethesda-softworks,pricecharting,2026-09-05,company-credit-ps4-pal-high-additions-1,READY_ADD_MISSING
ps4-fallout-4-steelbook-edition,Fallout 4 [Steelbook Edition],PAL España,standard,fallout 4,fallout 4,EDITION_VARIANT,DEVELOPER,developer,Bethesda Game Studios,bethesda-game-studios,Bethesda Game Studios,EXACT_NAME_OR_ALIAS,,ADD_MISSING,HIGH,NO,EXACT_PHYSICAL_EDITION | GAME_WORK | GAME_WORK_OR_PS4_RELEASE | PS4_RELEASE,4,LAUNCHBOX_GAMES_DB | PRICECHARTING_EXACT_PAL_PAGE | STEAM_STORE | WIKIPEDIA_PS4_LIST,B_EXACT_PHYSICAL | B_OTHER_PLATFORM | B_PS4_RELEASE | C_DISCOVERY,https://www.pricecharting.com/game/pal-playstation-4/fallout-4-steelbook-edition | https://en.wikipedia.org/wiki/List_of_PlayStation_4_games_(A%E2%80%93L) | https://store.steampowered.com/app/377160 | https://gamesdb.launchbox-app.com/games/details/29225,"La ficha enlazada de la edición física PAL atribuye el desarrollo a esta compañía. | La lista específica de PS4 atribuye el desarrollo a esta compañía. | La ficha comercial de Steam confirma la desarrolladora de la obra, no necesariamente el port de PS4. | LaunchBox registra esta desarrolladora para su ficha de PS4.",No propagar a ports o compilaciones sin comprobar sus créditos propios.,,,,,Bethesda Game Studios,bethesda-game-studios,official,2026-09-05,company-credit-ps4-pal-high-additions-1,READY_ADD_MISSING
ps4-fallout-76-amazon-special-edition,Fallout 76 [Amazon S.P.E.C.I.A.L. Edition],PAL España,standard,fallout 76,fallout 76,GAME_OR_UNKNOWN,DEVELOPER,developer,Bethesda Game Studios,bethesda-game-studios,Bethesda Game Studios,EXACT_NAME_OR_ALIAS,,ADD_MISSING,HIGH,NO,GAME_WORK | GAME_WORK_OR_PS4_RELEASE | PS4_RELEASE,4,LAUNCHBOX_GAMES_DB | STEAM_STORE | WIKIDATA | WIKIPEDIA_PS4_LIST,B_OTHER_PLATFORM | B_PS4_RELEASE | C_DISCOVERY,https://en.wikipedia.org/wiki/List_of_PlayStation_4_games_(A%E2%80%93L) | https://store.steampowered.com/app/1151340 | https://www.wikidata.org/wiki/Q54497595 | https://gamesdb.launchbox-app.com/games/details/192010,"La lista específica de PS4 atribuye el desarrollo a esta compañía. | La ficha comercial de Steam confirma la desarrolladora de la obra, no necesariamente el port de PS4. | Wikidata registra la compañía como desarrolladora. | LaunchBox registra esta desarrolladora para su ficha de PS4.",No propagar a ports o compilaciones sin comprobar sus créditos propios.,,,,,Bethesda Game Studios,bethesda-game-studios,official,2026-09-05,company-credit-ps4-pal-high-additions-1,READY_ADD_MISSING
ps4-fallout-76-power-armor-edition,Fallout 76 [Power Armor Edition],PAL España,standard,fallout 76,fallout 76,GAME_OR_UNKNOWN,DEVELOPER,developer,Bethesda Game Studios,bethesda-game-studios,Bethesda Game Studios,EXACT_NAME_OR_ALIAS,,ADD_MISSING,HIGH,NO,GAME_WORK | GAME_WORK_OR_PS4_RELEASE | PS4_RELEASE,4,LAUNCHBOX_GAMES_DB | STEAM_STORE | WIKIDATA | WIKIPEDIA_PS4_LIST,B_OTHER_PLATFORM | B_PS4_RELEASE | C_DISCOVERY,https://en.wikipedia.org/wiki/List_of_PlayStation_4_games_(A%E2%80%93L) | https://store.steampowered.com/app/1151340 | https://www.wikidata.org/wiki/Q54497595 | https://gamesdb.launchbox-app.com/games/details/192010,"La lista específica de PS4 atribuye el desarrollo a esta compañía. | La ficha comercial de Steam confirma la desarrolladora de la obra, no necesariamente el port de PS4. | Wikidata registra la compañía como desarrolladora. | LaunchBox registra esta desarrolladora para su ficha de PS4.",No propagar a ports o compilaciones sin comprobar sus créditos propios.,,,,,Bethesda Game Studios,bethesda-game-studios,official,2026-09-05,company-credit-ps4-pal-high-additions-1,READY_ADD_MISSING
ps4-far-cry-4,Far Cry 4,PAL España,standard,far cry 4,far cry 4,GAME_OR_UNKNOWN,DEVELOPER,developer,Ubisoft Montreal,ubisoft-montreal,Ubisoft Montreal,EXACT_NAME_OR_ALIAS,,ADD_MISSING,HIGH,NO,GAME_WORK | GAME_WORK_OR_PS4_RELEASE | PS4_RELEASE,3,LAUNCHBOX_GAMES_DB | STEAM_STORE | WIKIPEDIA_PS4_LIST,B_OTHER_PLATFORM | B_PS4_RELEASE | C_DISCOVERY,https://en.wikipedia.org/wiki/List_of_PlayStation_4_games_(A%E2%80%93L) | https://store.steampowered.com/app/298110 | https://gamesdb.launchbox-app.com/games/details/20812,"La lista específica de PS4 atribuye el desarrollo a esta compañía. | La ficha comercial de Steam confirma la desarrolladora de la obra, no necesariamente el port de PS4. | LaunchBox registra esta desarrolladora para su ficha de PS4.",No propagar a ports o compilaciones sin comprobar sus créditos propios.,,,,,Ubisoft Montreal,ubisoft-montreal,official,2026-09-05,company-credit-ps4-pal-high-additions-1,READY_ADD_MISSING
ps4-far-cry-4-kyrat-edition,Far Cry 4 [Kyrat Edition],PAL España,standard,far cry 4,far cry 4,GAME_OR_UNKNOWN,DEVELOPER,developer,Ubisoft Montreal,ubisoft-montreal,Ubisoft Montreal,EXACT_NAME_OR_ALIAS,,ADD_MISSING,HIGH,NO,GAME_WORK | GAME_WORK_OR_PS4_RELEASE,2,STEAM_STORE | WIKIPEDIA_PS4_LIST,B_OTHER_PLATFORM | B_PS4_RELEASE,https://en.wikipedia.org/wiki/List_of_PlayStation_4_games_(A%E2%80%93L) | https://store.steampowered.com/app/298110,"La lista específica de PS4 atribuye el desarrollo a esta compañía. | La ficha comercial de Steam confirma la desarrolladora de la obra, no necesariamente el port de PS4.",No propagar a ports o compilaciones sin comprobar sus créditos propios.,,,,,Ubisoft Montreal,ubisoft-montreal,official,2026-09-05,company-credit-ps4-pal-high-additions-1,READY_ADD_MISSING
ps4-far-cry-4-limited-edition,Far Cry 4 [Limited Edition],PAL España,standard,far cry 4,far cry 4,EDITION_VARIANT,DEVELOPER,developer,Ubisoft Montreal,ubisoft-montreal,Ubisoft Montreal,EXACT_NAME_OR_ALIAS,,ADD_MISSING,HIGH,NO,GAME_WORK | GAME_WORK_OR_PS4_RELEASE | PS4_RELEASE,3,LAUNCHBOX_GAMES_DB | STEAM_STORE | WIKIPEDIA_PS4_LIST,B_OTHER_PLATFORM | B_PS4_RELEASE | C_DISCOVERY,https://en.wikipedia.org/wiki/List_of_PlayStation_4_games_(A%E2%80%93L) | https://store.steampowered.com/app/298110 | https://gamesdb.launchbox-app.com/games/details/32094,"La lista específica de PS4 atribuye el desarrollo a esta compañía. | La ficha comercial de Steam confirma la desarrolladora de la obra, no necesariamente el port de PS4. | LaunchBox registra esta desarrolladora para su ficha de PS4.",No propagar a ports o compilaciones sin comprobar sus créditos propios.,,,,,Ubisoft Montreal,ubisoft-montreal,official,2026-09-05,company-credit-ps4-pal-high-additions-1,READY_ADD_MISSING
ps4-far-cry-5-deluxe-edition,Far Cry 5 [Deluxe Edition],PAL España,standard,far cry 5,far cry 5,EDITION_VARIANT,DEVELOPER,developer,Ubisoft Montreal,ubisoft-montreal,Ubisoft Montreal,EXACT_NAME_OR_ALIAS,,ADD_MISSING,HIGH,NO,GAME_WORK | GAME_WORK_OR_PS4_RELEASE | PS4_RELEASE,3,LAUNCHBOX_GAMES_DB | STEAM_STORE | WIKIPEDIA_PS4_LIST,B_OTHER_PLATFORM | B_PS4_RELEASE | C_DISCOVERY,https://en.wikipedia.org/wiki/List_of_PlayStation_4_games_(A%E2%80%93L) | https://store.steampowered.com/app/552520 | https://gamesdb.launchbox-app.com/games/details/157806,"La lista específica de PS4 atribuye el desarrollo a esta compañía. | La ficha comercial de Steam confirma la desarrolladora de la obra, no necesariamente el port de PS4. | LaunchBox registra esta desarrolladora para su ficha de PS4.",No propagar a ports o compilaciones sin comprobar sus créditos propios.,,,CUSA05847_00,,Ubisoft Montreal,ubisoft-montreal,official,2026-09-05,company-credit-ps4-pal-high-additions-1,READY_ADD_MISSING
ps4-far-cry-5-father-edition,Far Cry 5 [Father Edition],PAL España,standard,far cry 5,far cry 5,GAME_OR_UNKNOWN,DEVELOPER,developer,Ubisoft Montreal,ubisoft-montreal,Ubisoft Montreal,EXACT_NAME_OR_ALIAS,,ADD_MISSING,HIGH,NO,EXACT_PHYSICAL_EDITION | GAME_WORK | GAME_WORK_OR_PS4_RELEASE | PS4_RELEASE,4,LAUNCHBOX_GAMES_DB | PRICECHARTING_EXACT_PAL_PAGE | STEAM_STORE | WIKIPEDIA_PS4_LIST,B_EXACT_PHYSICAL | B_OTHER_PLATFORM | B_PS4_RELEASE | C_DISCOVERY,https://www.pricecharting.com/game/pal-playstation-4/far-cry-5-father-edition | https://en.wikipedia.org/wiki/List_of_PlayStation_4_games_(A%E2%80%93L) | https://store.steampowered.com/app/552520 | https://gamesdb.launchbox-app.com/games/details/157806,"La ficha enlazada de la edición física PAL atribuye el desarrollo a esta compañía. | La lista específica de PS4 atribuye el desarrollo a esta compañía. | La ficha comercial de Steam confirma la desarrolladora de la obra, no necesariamente el port de PS4. | LaunchBox registra esta desarrolladora para su ficha de PS4.",No propagar a ports o compilaciones sin comprobar sus créditos propios.,,,CUSA05848_00,,Ubisoft Montreal,ubisoft-montreal,official,2026-09-05,company-credit-ps4-pal-high-additions-1,READY_ADD_MISSING
ps4-far-cry-5-fully-loaded-edition,Far Cry 5 [Fully Loaded Edition],PAL España,standard,far cry 5,far cry 5,GAME_OR_UNKNOWN,DEVELOPER,developer,Ubisoft Montreal,ubisoft-montreal,Ubisoft Montreal,EXACT_NAME_OR_ALIAS,,ADD_MISSING,HIGH,NO,EXACT_PHYSICAL_EDITION | GAME_WORK | GAME_WORK_OR_PS4_RELEASE | PS4_RELEASE,4,LAUNCHBOX_GAMES_DB | PRICECHARTING_EXACT_PAL_PAGE | STEAM_STORE | WIKIPEDIA_PS4_LIST,B_EXACT_PHYSICAL | B_OTHER_PLATFORM | B_PS4_RELEASE | C_DISCOVERY,https://www.pricecharting.com/game/pal-playstation-4/far-cry-5-fully-loaded-edition | https://en.wikipedia.org/wiki/List_of_PlayStation_4_games_(A%E2%80%93L) | https://store.steampowered.com/app/552520 | https://gamesdb.launchbox-app.com/games/details/157806,"La ficha enlazada de la edición física PAL atribuye el desarrollo a esta compañía. | La lista específica de PS4 atribuye el desarrollo a esta compañía. | La ficha comercial de Steam confirma la desarrolladora de la obra, no necesariamente el port de PS4. | LaunchBox registra esta desarrolladora para su ficha de PS4.",No propagar a ports o compilaciones sin comprobar sus créditos propios.,,,,,Ubisoft Montreal,ubisoft-montreal,official,2026-09-05,company-credit-ps4-pal-high-additions-1,READY_ADD_MISSING
ps4-far-cry-5-gold-edition,Far Cry 5 [Gold Edition],PAL España,standard,far cry 5,far cry 5,GAME_OR_UNKNOWN,DEVELOPER,developer,Ubisoft Montreal,ubisoft-montreal,Ubisoft Montreal,EXACT_NAME_OR_ALIAS,,ADD_MISSING,HIGH,NO,GAME_WORK | GAME_WORK_OR_PS4_RELEASE | PS4_RELEASE,3,LAUNCHBOX_GAMES_DB | STEAM_STORE | WIKIPEDIA_PS4_LIST,B_OTHER_PLATFORM | B_PS4_RELEASE | C_DISCOVERY,https://en.wikipedia.org/wiki/List_of_PlayStation_4_games_(A%E2%80%93L) | https://store.steampowered.com/app/552520 | https://gamesdb.launchbox-app.com/games/details/157806,"La lista específica de PS4 atribuye el desarrollo a esta compañía. | La ficha comercial de Steam confirma la desarrolladora de la obra, no necesariamente el port de PS4. | LaunchBox registra esta desarrolladora para su ficha de PS4.",No propagar a ports o compilaciones sin comprobar sus créditos propios.,,,,,Ubisoft Montreal,ubisoft-montreal,official,2026-09-05,company-credit-ps4-pal-high-additions-1,READY_ADD_MISSING
ps4-far-cry-5-hope-county-edition,Far Cry 5 [Hope County Edition],PAL España,standard,far cry 5,far cry 5,GAME_OR_UNKNOWN,DEVELOPER,developer,Ubisoft Montreal,ubisoft-montreal,Ubisoft Montreal,EXACT_NAME_OR_ALIAS,,ADD_MISSING,HIGH,NO,GAME_WORK | GAME_WORK_OR_PS4_RELEASE | PS4_RELEASE,3,LAUNCHBOX_GAMES_DB | STEAM_STORE | WIKIPEDIA_PS4_LIST,B_OTHER_PLATFORM | B_PS4_RELEASE | C_DISCOVERY,https://en.wikipedia.org/wiki/List_of_PlayStation_4_games_(A%E2%80%93L) | https://store.steampowered.com/app/552520 | https://gamesdb.launchbox-app.com/games/details/157806,"La lista específica de PS4 atribuye el desarrollo a esta compañía. | La ficha comercial de Steam confirma la desarrolladora de la obra, no necesariamente el port de PS4. | LaunchBox registra esta desarrolladora para su ficha de PS4.",No propagar a ports o compilaciones sin comprobar sus créditos propios.,,,,,Ubisoft Montreal,ubisoft-montreal,official,2026-09-05,company-credit-ps4-pal-high-additions-1,READY_ADD_MISSING
ps4-far-cry-5-mondo-edition,Far Cry 5 [Mondo Edition],PAL España,standard,far cry 5,far cry 5,GAME_OR_UNKNOWN,DEVELOPER,developer,Ubisoft Montreal,ubisoft-montreal,Ubisoft Montreal,EXACT_NAME_OR_ALIAS,,ADD_MISSING,HIGH,NO,GAME_WORK | GAME_WORK_OR_PS4_RELEASE | PS4_RELEASE,3,LAUNCHBOX_GAMES_DB | STEAM_STORE | WIKIPEDIA_PS4_LIST,B_OTHER_PLATFORM | B_PS4_RELEASE | C_DISCOVERY,https://en.wikipedia.org/wiki/List_of_PlayStation_4_games_(A%E2%80%93L) | https://store.steampowered.com/app/552520 | https://gamesdb.launchbox-app.com/games/details/157806,"La lista específica de PS4 atribuye el desarrollo a esta compañía. | La ficha comercial de Steam confirma la desarrolladora de la obra, no necesariamente el port de PS4. | LaunchBox registra esta desarrolladora para su ficha de PS4.",No propagar a ports o compilaciones sin comprobar sus créditos propios.,,,,,Ubisoft Montreal,ubisoft-montreal,official,2026-09-05,company-credit-ps4-pal-high-additions-1,READY_ADD_MISSING
ps4-far-cry-6-collector%27s-edition,Far Cry 6 [Collector's Edition],PAL España,standard,far cry 6,far cry 6,EDITION_VARIANT,DEVELOPER,developer,Ubisoft Toronto,ubisoft-toronto,Ubisoft Toronto,EXACT_NAME_OR_ALIAS,,ADD_MISSING,HIGH,NO,GAME_WORK | GAME_WORK_OR_PS4_RELEASE | PS4_RELEASE,4,LAUNCHBOX_GAMES_DB | STEAM_STORE | WIKIDATA | WIKIPEDIA_PS4_LIST,B_OTHER_PLATFORM | B_PS4_RELEASE | C_DISCOVERY,https://en.wikipedia.org/wiki/List_of_PlayStation_4_games_(A%E2%80%93L) | https://store.steampowered.com/app/2369390 | https://www.wikidata.org/wiki/Q97120062 | https://gamesdb.launchbox-app.com/games/details/208158,"La lista específica de PS4 atribuye el desarrollo a esta compañía. | La ficha comercial de Steam confirma la desarrolladora de la obra, no necesariamente el port de PS4. | Wikidata registra la compañía como desarrolladora. | LaunchBox registra esta desarrolladora para su ficha de PS4.",No propagar a ports o compilaciones sin comprobar sus créditos propios.,,,,,Ubisoft Toronto,ubisoft-toronto,official,2026-09-05,company-credit-ps4-pal-high-additions-1,READY_ADD_MISSING
ps4-far-cry-6-gold-edition,Far Cry 6 [Gold Edition],PAL España,standard,far cry 6,far cry 6,GAME_OR_UNKNOWN,DEVELOPER,developer,Ubisoft Toronto,ubisoft-toronto,Ubisoft Toronto,EXACT_NAME_OR_ALIAS,,ADD_MISSING,HIGH,NO,GAME_WORK | GAME_WORK_OR_PS4_RELEASE | PS4_RELEASE,4,LAUNCHBOX_GAMES_DB | STEAM_STORE | WIKIDATA | WIKIPEDIA_PS4_LIST,B_OTHER_PLATFORM | B_PS4_RELEASE | C_DISCOVERY,https://en.wikipedia.org/wiki/List_of_PlayStation_4_games_(A%E2%80%93L) | https://store.steampowered.com/app/2369390 | https://www.wikidata.org/wiki/Q97120062 | https://gamesdb.launchbox-app.com/games/details/208158,"La lista específica de PS4 atribuye el desarrollo a esta compañía. | La ficha comercial de Steam confirma la desarrolladora de la obra, no necesariamente el port de PS4. | Wikidata registra la compañía como desarrolladora. | LaunchBox registra esta desarrolladora para su ficha de PS4.",No propagar a ports o compilaciones sin comprobar sus créditos propios.,,,,,Ubisoft Toronto,ubisoft-toronto,official,2026-09-05,company-credit-ps4-pal-high-additions-1,READY_ADD_MISSING
ps4-far-cry-6-limited-edition,Far Cry 6 [Limited Edition],PAL España,standard,far cry 6,far cry 6,EDITION_VARIANT,DEVELOPER,developer,Ubisoft Toronto,ubisoft-toronto,Ubisoft Toronto,EXACT_NAME_OR_ALIAS,,ADD_MISSING,HIGH,NO,GAME_WORK | GAME_WORK_OR_PS4_RELEASE | PS4_RELEASE,4,LAUNCHBOX_GAMES_DB | STEAM_STORE | WIKIDATA | WIKIPEDIA_PS4_LIST,B_OTHER_PLATFORM | B_PS4_RELEASE | C_DISCOVERY,https://en.wikipedia.org/wiki/List_of_PlayStation_4_games_(A%E2%80%93L) | https://store.steampowered.com/app/2369390 | https://www.wikidata.org/wiki/Q97120062 | https://gamesdb.launchbox-app.com/games/details/208158,"La lista específica de PS4 atribuye el desarrollo a esta compañía. | La ficha comercial de Steam confirma la desarrolladora de la obra, no necesariamente el port de PS4. | Wikidata registra la compañía como desarrolladora. | LaunchBox registra esta desarrolladora para su ficha de PS4.",No propagar a ports o compilaciones sin comprobar sus créditos propios.,,,,,Ubisoft Toronto,ubisoft-toronto,official,2026-09-05,company-credit-ps4-pal-high-additions-1,READY_ADD_MISSING
ps4-far-cry-6-ultimate-edition,Far Cry 6 [Ultimate Edition],PAL España,standard,far cry 6,far cry 6,EDITION_VARIANT,DEVELOPER,developer,Ubisoft Toronto,ubisoft-toronto,Ubisoft Toronto,EXACT_NAME_OR_ALIAS,,ADD_MISSING,HIGH,NO,GAME_WORK | GAME_WORK_OR_PS4_RELEASE | PS4_RELEASE,4,LAUNCHBOX_GAMES_DB | STEAM_STORE | WIKIDATA | WIKIPEDIA_PS4_LIST,B_OTHER_PLATFORM | B_PS4_RELEASE | C_DISCOVERY,https://en.wikipedia.org/wiki/List_of_PlayStation_4_games_(A%E2%80%93L) | https://store.steampowered.com/app/2369390 | https://www.wikidata.org/wiki/Q97120062 | https://gamesdb.launchbox-app.com/games/details/208158,"La lista específica de PS4 atribuye el desarrollo a esta compañía. | La ficha comercial de Steam confirma la desarrolladora de la obra, no necesariamente el port de PS4. | Wikidata registra la compañía como desarrolladora. | LaunchBox registra esta desarrolladora para su ficha de PS4.",No propagar a ports o compilaciones sin comprobar sus créditos propios.,,,,,Ubisoft Toronto,ubisoft-toronto,official,2026-09-05,company-credit-ps4-pal-high-additions-1,READY_ADD_MISSING
ps4-far-cry-6-yara-edition,Far Cry 6 [Yara Edition],PAL España,standard,far cry 6,far cry 6,GAME_OR_UNKNOWN,DEVELOPER,developer,Ubisoft Toronto,ubisoft-toronto,Ubisoft Toronto,EXACT_NAME_OR_ALIAS,,ADD_MISSING,HIGH,NO,EXACT_PHYSICAL_EDITION | GAME_WORK | GAME_WORK_OR_PS4_RELEASE | PS4_RELEASE,5,LAUNCHBOX_GAMES_DB | PRICECHARTING_EXACT_PAL_PAGE | STEAM_STORE | WIKIDATA | WIKIPEDIA_PS4_LIST,B_EXACT_PHYSICAL | B_OTHER_PLATFORM | B_PS4_RELEASE | C_DISCOVERY,https://www.pricecharting.com/game/pal-playstation-4/far-cry-6-yara-edition | https://en.wikipedia.org/wiki/List_of_PlayStation_4_games_(A%E2%80%93L) | https://store.steampowered.com/app/2369390 | https://www.wikidata.org/wiki/Q97120062 | https://gamesdb.launchbox-app.com/games/details/208158,"La ficha enlazada de la edición física PAL atribuye el desarrollo a esta compañía. | La lista específica de PS4 atribuye el desarrollo a esta compañía. | La ficha comercial de Steam confirma la desarrolladora de la obra, no necesariamente el port de PS4. | Wikidata registra la compañía como desarrolladora. | LaunchBox registra esta desarrolladora para su ficha de PS4.",No propagar a ports o compilaciones sin comprobar sus créditos propios.,,,,,Ubisoft Toronto,ubisoft-toronto,official,2026-09-05,company-credit-ps4-pal-high-additions-1,READY_ADD_MISSING
ps4-far-cry-new-dawn-limited-edition,Far Cry New Dawn [Limited Edition],PAL España,standard,far cry new dawn,far cry new dawn,EDITION_VARIANT,DEVELOPER,developer,Ubisoft Montreal,ubisoft-montreal,Ubisoft Montreal,EXACT_NAME_OR_ALIAS,,ADD_MISSING,HIGH,NO,EXACT_PHYSICAL_EDITION | GAME_WORK,2,PRICECHARTING_EXACT_PAL_PAGE | STEAM_STORE,B_EXACT_PHYSICAL | B_OTHER_PLATFORM,https://www.pricecharting.com/game/pal-playstation-4/far-cry-new-dawn-limited-edition | https://store.steampowered.com/app/939960,"La ficha enlazada de la edición física PAL atribuye el desarrollo a esta compañía. | La ficha comercial de Steam confirma la desarrolladora de la obra, no necesariamente el port de PS4.",No propagar a ports o compilaciones sin comprobar sus créditos propios.,,,,,Ubisoft Montreal,ubisoft-montreal,official,2026-09-05,company-credit-ps4-pal-high-additions-1,READY_ADD_MISSING
ps4-far-cry-primal-collector%27s-edition,Far Cry Primal [Collector's Edition],PAL España,standard,far cry primal,far cry primal,EDITION_VARIANT,DEVELOPER,developer,Ubisoft Montreal,ubisoft-montreal,Ubisoft Montreal,EXACT_NAME_OR_ALIAS,,ADD_MISSING,HIGH,NO,EXACT_PHYSICAL_EDITION | GAME_WORK_OR_PS4_RELEASE,2,PRICECHARTING_EXACT_PAL_PAGE | WIKIPEDIA_PS4_LIST,B_EXACT_PHYSICAL | B_PS4_RELEASE,https://www.pricecharting.com/game/pal-playstation-4/far-cry-primal-collector%27s-edition | https://en.wikipedia.org/wiki/List_of_PlayStation_4_games_(A%E2%80%93L),La ficha enlazada de la edición física PAL atribuye el desarrollo a esta compañía. | La lista específica de PS4 atribuye el desarrollo a esta compañía.,No propagar a ports o compilaciones sin comprobar sus créditos propios.,,,,,Ubisoft Montreal,ubisoft-montreal,pricecharting,2026-09-05,company-credit-ps4-pal-high-additions-1,READY_ADD_MISSING
ps4-farming-simulator-15,Farming Simulator 15,PAL España,standard,farming simulator 15,farming simulator 15,GAME_OR_UNKNOWN,DEVELOPER,developer,GIANTS Software,giants-software,GIANTS Software | Giants Software,EXACT_NAME_OR_ALIAS,,ADD_MISSING,HIGH,NO,GAME_WORK | GAME_WORK_OR_PS4_RELEASE | MATCHED_PS4_PRODUCT | PS4_RELEASE,5,LAUNCHBOX_GAMES_DB | PLAYSTATION_STORE_EXPLICIT_CREDIT | STEAM_STORE | WIKIDATA | WIKIPEDIA_PS4_LIST,A_OFFICIAL_MATCHED_TITLE_CREDIT | B_OTHER_PLATFORM | B_PS4_RELEASE | C_DISCOVERY,https://store.playstation.com/es-es/product/EP4133-CUSA01565_00-FARMINGSIMULAT15 | https://en.wikipedia.org/wiki/List_of_PlayStation_4_games_(A%E2%80%93L) | https://store.steampowered.com/app/313160 | https://www.wikidata.org/wiki/Q20472103 | https://gamesdb.launchbox-app.com/games/details/29553,"developed by GIANTS Software | La lista específica de PS4 atribuye el desarrollo a esta compañía. | La ficha comercial de Steam confirma la desarrolladora de la obra, no necesariamente el port de PS4. | Wikidata registra la compañía como desarrolladora. | LaunchBox registra esta desarrolladora para su ficha de PS4.",No propagar a ports o compilaciones sin comprobar sus créditos propios.,,,,,GIANTS Software,giants-software,official,2026-09-05,company-credit-ps4-pal-high-additions-1,READY_ADD_MISSING
ps4-farming-simulator-17-ambassador-edition,Farming Simulator 17 [Ambassador Edition],PAL España,standard,farming simulator 17,farming simulator 17,GAME_OR_UNKNOWN,DEVELOPER,developer,GIANTS Software,giants-software,Giants Software | GIANTS Software,EXACT_NAME_OR_ALIAS,,ADD_MISSING,HIGH,NO,EXACT_PHYSICAL_EDITION | GAME_WORK | GAME_WORK_OR_PS4_RELEASE,4,PRICECHARTING_EXACT_PAL_PAGE | STEAM_STORE | WIKIDATA | WIKIPEDIA_PS4_LIST,B_EXACT_PHYSICAL | B_OTHER_PLATFORM | B_PS4_RELEASE | C_DISCOVERY,https://www.pricecharting.com/game/pal-playstation-4/farming-simulator-17-ambassador-edition | https://en.wikipedia.org/wiki/List_of_PlayStation_4_games_(A%E2%80%93L) | https://store.steampowered.com/app/447020 | https://www.wikidata.org/wiki/Q25384945,"La ficha enlazada de la edición física PAL atribuye el desarrollo a esta compañía. | La lista específica de PS4 atribuye el desarrollo a esta compañía. | La ficha comercial de Steam confirma la desarrolladora de la obra, no necesariamente el port de PS4. | Wikidata registra la compañía como desarrolladora.",No propagar a ports o compilaciones sin comprobar sus créditos propios.,,,CUSA27199_00,,GIANTS Software,giants-software,official,2026-09-05,company-credit-ps4-pal-high-additions-1,READY_ADD_MISSING
ps4-farming-simulator-17-ambassador-edition,Farming Simulator 17 [Ambassador Edition],PAL España,standard,farming simulator 17,farming simulator 17,GAME_OR_UNKNOWN,PHYSICAL_PUBLISHER_OR_DISTRIBUTOR,publisher,Focus Home Interactive,focus-home-interactive,Focus Home Interactive,EXACT_NAME_OR_ALIAS,,ADD_MISSING,HIGH,NO,EXACT_PHYSICAL_EDITION | PAL_RELEASE,2,PRICECHARTING_EXACT_PAL_PAGE | WIKIPEDIA_PS4_LIST_PAL,B_EXACT_PHYSICAL | B_PAL_RELEASE,https://www.pricecharting.com/game/pal-playstation-4/farming-simulator-17-ambassador-edition | https://en.wikipedia.org/wiki/List_of_PlayStation_4_games_(A%E2%80%93L),La ficha exacta de la edición física PAL etiqueta a esta compañía como Publisher; puede representar publicación o distribución física. | La columna PAL de la lista de PS4 atribuye la publicación a esta compañía.,Confirmar si la etiqueta Publisher representa publicación o distribución en la caja PAL.,,,CUSA27199_00,,Focus Home Interactive,focus-home-interactive,pricecharting,2026-09-05,company-credit-ps4-pal-high-additions-1,READY_ADD_MISSING
ps4-farming-simulator-17-platinum-edition,Farming Simulator 17 [Platinum Edition],PAL España,standard,farming simulator 17,farming simulator 17,GAME_OR_UNKNOWN,DEVELOPER,developer,GIANTS Software,giants-software,Giants Software | GIANTS Software,EXACT_NAME_OR_ALIAS,,ADD_MISSING,HIGH,NO,GAME_WORK | GAME_WORK_OR_PS4_RELEASE,3,STEAM_STORE | WIKIDATA | WIKIPEDIA_PS4_LIST,B_OTHER_PLATFORM | B_PS4_RELEASE | C_DISCOVERY,https://en.wikipedia.org/wiki/List_of_PlayStation_4_games_(A%E2%80%93L) | https://store.steampowered.com/app/447020 | https://www.wikidata.org/wiki/Q25384945,"La lista específica de PS4 atribuye el desarrollo a esta compañía. | La ficha comercial de Steam confirma la desarrolladora de la obra, no necesariamente el port de PS4. | Wikidata registra la compañía como desarrolladora.",No propagar a ports o compilaciones sin comprobar sus créditos propios.,,CUSA10001_00,CUSA10001_00,,GIANTS Software,giants-software,official,2026-09-05,company-credit-ps4-pal-high-additions-1,READY_ADD_MISSING
ps4-farming-simulator-19-ambassador-edition,Farming Simulator 19 [Ambassador Edition],PAL España,standard,farming simulator 19,farming simulator 19,GAME_OR_UNKNOWN,DEVELOPER,developer,GIANTS Software,giants-software,GIANTS Software Gmbh | Giants Software,EXACT_NAME_OR_ALIAS,,ADD_MISSING,HIGH,NO,GAME_WORK | GAME_WORK_OR_PS4_RELEASE | MATCHED_PS4_PRODUCT | PS4_RELEASE,5,LAUNCHBOX_GAMES_DB | PLAYSTATION_STORE_EXPLICIT_CREDIT | STEAM_STORE | WIKIDATA | WIKIPEDIA_PS4_LIST,A_OFFICIAL_MATCHED_TITLE_CREDIT | B_OTHER_PLATFORM | B_PS4_RELEASE | C_DISCOVERY,https://store.playstation.com/es-es/product/EP4133-CUSA11593_00-FARMINGSIMULAT19 | https://en.wikipedia.org/wiki/List_of_PlayStation_4_games_(A%E2%80%93L) | https://store.steampowered.com/app/787860 | https://www.wikidata.org/wiki/Q58897626 | https://gamesdb.launchbox-app.com/games/details/193195,"Developed by GIANTS Software Gmbh | La lista específica de PS4 atribuye el desarrollo a esta compañía. | La ficha comercial de Steam confirma la desarrolladora de la obra, no necesariamente el port de PS4. | Wikidata registra la compañía como desarrolladora. | LaunchBox registra esta desarrolladora para su ficha de PS4.",No propagar a ports o compilaciones sin comprobar sus créditos propios.,,,,,GIANTS Software,giants-software,official,2026-09-05,company-credit-ps4-pal-high-additions-1,READY_ADD_MISSING
ps4-farming-simulator-19-day-one-edition,Farming Simulator 19 [Day One Edition],PAL España,standard,farming simulator 19,farming simulator 19,EDITION_VARIANT,DEVELOPER,developer,GIANTS Software,giants-software,GIANTS Software Gmbh | Giants Software,EXACT_NAME_OR_ALIAS,,ADD_MISSING,HIGH,NO,GAME_WORK | GAME_WORK_OR_PS4_RELEASE | MATCHED_PS4_PRODUCT | PS4_RELEASE,5,LAUNCHBOX_GAMES_DB | PLAYSTATION_STORE_EXPLICIT_CREDIT | STEAM_STORE | WIKIDATA | WIKIPEDIA_PS4_LIST,A_OFFICIAL_MATCHED_TITLE_CREDIT | B_OTHER_PLATFORM | B_PS4_RELEASE | C_DISCOVERY,https://store.playstation.com/es-es/product/EP4133-CUSA11593_00-FARMINGSIMULAT19 | https://en.wikipedia.org/wiki/List_of_PlayStation_4_games_(A%E2%80%93L) | https://store.steampowered.com/app/787860 | https://www.wikidata.org/wiki/Q58897626 | https://gamesdb.launchbox-app.com/games/details/193195,"Developed by GIANTS Software Gmbh | La lista específica de PS4 atribuye el desarrollo a esta compañía. | La ficha comercial de Steam confirma la desarrolladora de la obra, no necesariamente el port de PS4. | Wikidata registra la compañía como desarrolladora. | LaunchBox registra esta desarrolladora para su ficha de PS4.",No propagar a ports o compilaciones sin comprobar sus créditos propios.,,,,,GIANTS Software,giants-software,official,2026-09-05,company-credit-ps4-pal-high-additions-1,READY_ADD_MISSING
ps4-farming-simulator-19-platinum-edition,Farming Simulator 19 [Platinum Edition],PAL España,standard,farming simulator 19,farming simulator 19,GAME_OR_UNKNOWN,DEVELOPER,developer,GIANTS Software,giants-software,GIANTS Software Gmbh | Giants Software,EXACT_NAME_OR_ALIAS,,ADD_MISSING,HIGH,NO,GAME_WORK | GAME_WORK_OR_PS4_RELEASE | MATCHED_PS4_PRODUCT | PS4_RELEASE,5,LAUNCHBOX_GAMES_DB | PLAYSTATION_STORE_EXPLICIT_CREDIT | STEAM_STORE | WIKIDATA | WIKIPEDIA_PS4_LIST,A_OFFICIAL_MATCHED_TITLE_CREDIT | B_OTHER_PLATFORM | B_PS4_RELEASE | C_DISCOVERY,https://store.playstation.com/es-es/product/EP4133-CUSA11593_00-FARMINGSIMULAT19 | https://en.wikipedia.org/wiki/List_of_PlayStation_4_games_(A%E2%80%93L) | https://store.steampowered.com/app/787860 | https://www.wikidata.org/wiki/Q58897626 | https://gamesdb.launchbox-app.com/games/details/193195,"Developed by GIANTS Software Gmbh | La lista específica de PS4 atribuye el desarrollo a esta compañía. | La ficha comercial de Steam confirma la desarrolladora de la obra, no necesariamente el port de PS4. | Wikidata registra la compañía como desarrolladora. | LaunchBox registra esta desarrolladora para su ficha de PS4.",No propagar a ports o compilaciones sin comprobar sus créditos propios.,,,,,GIANTS Software,giants-software,official,2026-09-05,company-credit-ps4-pal-high-additions-1,READY_ADD_MISSING
ps4-farming-simulator-19-premium-edition,Farming Simulator 19 [Premium Edition],PAL España,standard,farming simulator 19,farming simulator 19,EDITION_VARIANT,DEVELOPER,developer,GIANTS Software,giants-software,GIANTS Software Gmbh | GIANTS Software | Giants Software,EXACT_NAME_OR_ALIAS,,ADD_MISSING,HIGH,NO,EXACT_PHYSICAL_EDITION | GAME_WORK | GAME_WORK_OR_PS4_RELEASE | MATCHED_PS4_PRODUCT | PS4_RELEASE,6,LAUNCHBOX_GAMES_DB | PLAYSTATION_STORE_EXPLICIT_CREDIT | PRICECHARTING_EXACT_PAL_PAGE | STEAM_STORE | WIKIDATA | WIKIPEDIA_PS4_LIST,A_OFFICIAL_MATCHED_TITLE_CREDIT | B_EXACT_PHYSICAL | B_OTHER_PLATFORM | B_PS4_RELEASE | C_DISCOVERY,https://store.playstation.com/es-es/product/EP4133-CUSA11593_00-FARMINGSIMULAT19 | https://www.pricecharting.com/game/pal-playstation-4/farming-simulator-19-premium-edition | https://en.wikipedia.org/wiki/List_of_PlayStation_4_games_(A%E2%80%93L) | https://store.steampowered.com/app/787860 | https://www.wikidata.org/wiki/Q58897626 | https://gamesdb.launchbox-app.com/games/details/193195,"Developed by GIANTS Software Gmbh | La ficha enlazada de la edición física PAL atribuye el desarrollo a esta compañía. | La lista específica de PS4 atribuye el desarrollo a esta compañía. | La ficha comercial de Steam confirma la desarrolladora de la obra, no necesariamente el port de PS4. | Wikidata registra la compañía como desarrolladora. | LaunchBox registra esta desarrolladora para su ficha de PS4.",No propagar a ports o compilaciones sin comprobar sus créditos propios.,,,,,GIANTS Software,giants-software,official,2026-09-05,company-credit-ps4-pal-high-additions-1,READY_ADD_MISSING
ps4-farming-simulator-22,Farming Simulator 22,PAL España,standard,farming simulator 22,farming simulator 22,GAME_OR_UNKNOWN,DEVELOPER,developer,GIANTS Software,giants-software,Giants Software,EXACT_NAME_OR_ALIAS,,ADD_MISSING,HIGH,NO,GAME_WORK | GAME_WORK_OR_PS4_RELEASE,3,STEAM_STORE | WIKIDATA | WIKIPEDIA_PS4_LIST,B_OTHER_PLATFORM | B_PS4_RELEASE | C_DISCOVERY,https://en.wikipedia.org/wiki/List_of_PlayStation_4_games_(A%E2%80%93L) | https://store.steampowered.com/app/1248130 | https://www.wikidata.org/wiki/Q106764192,"La lista específica de PS4 atribuye el desarrollo a esta compañía. | La ficha comercial de Steam confirma la desarrolladora de la obra, no necesariamente el port de PS4. | Wikidata registra la compañía como desarrolladora.",No propagar a ports o compilaciones sin comprobar sus créditos propios.,,CUSA25359_00,,,GIANTS Software,giants-software,official,2026-09-05,company-credit-ps4-pal-high-additions-1,READY_ADD_MISSING
ps4-farming-simulator-22-platinum-edition,Farming Simulator 22 [Platinum Edition],PAL España,standard,farming simulator 22,farming simulator 22,GAME_OR_UNKNOWN,DEVELOPER,developer,GIANTS Software,giants-software,Giants Software,EXACT_NAME_OR_ALIAS,,ADD_MISSING,HIGH,NO,GAME_WORK | GAME_WORK_OR_PS4_RELEASE,3,STEAM_STORE | WIKIDATA | WIKIPEDIA_PS4_LIST,B_OTHER_PLATFORM | B_PS4_RELEASE | C_DISCOVERY,https://en.wikipedia.org/wiki/List_of_PlayStation_4_games_(A%E2%80%93L) | https://store.steampowered.com/app/1248130 | https://www.wikidata.org/wiki/Q106764192,"La lista específica de PS4 atribuye el desarrollo a esta compañía. | La ficha comercial de Steam confirma la desarrolladora de la obra, no necesariamente el port de PS4. | Wikidata registra la compañía como desarrolladora.",No propagar a ports o compilaciones sin comprobar sus créditos propios.,,,,,GIANTS Software,giants-software,official,2026-09-05,company-credit-ps4-pal-high-additions-1,READY_ADD_MISSING
ps4-farming-simulator-22-premium-edition,Farming Simulator 22 [Premium Edition],PAL España,standard,farming simulator 22,farming simulator 22,EDITION_VARIANT,DEVELOPER,developer,GIANTS Software,giants-software,Giants Software,EXACT_NAME_OR_ALIAS,,ADD_MISSING,HIGH,NO,GAME_WORK | GAME_WORK_OR_PS4_RELEASE,3,STEAM_STORE | WIKIDATA | WIKIPEDIA_PS4_LIST,B_OTHER_PLATFORM | B_PS4_RELEASE | C_DISCOVERY,https://en.wikipedia.org/wiki/List_of_PlayStation_4_games_(A%E2%80%93L) | https://store.steampowered.com/app/1248130 | https://www.wikidata.org/wiki/Q106764192,"La lista específica de PS4 atribuye el desarrollo a esta compañía. | La ficha comercial de Steam confirma la desarrolladora de la obra, no necesariamente el port de PS4. | Wikidata registra la compañía como desarrolladora.",No propagar a ports o compilaciones sin comprobar sus créditos propios.,,,,,GIANTS Software,giants-software,official,2026-09-05,company-credit-ps4-pal-high-additions-1,READY_ADD_MISSING
ps4-fatal-fury-city-of-the-wolves-special-edition,Fatal Fury: City of the Wolves Special Edition,PAL España,standard,fatal fury city of the wolves,fatal fury city of the wolves,EDITION_VARIANT,DEVELOPER,developer,SNK Corporation,snk,SNK | SNK CORPORATION,EXACT_NAME_OR_ALIAS,,ADD_MISSING,HIGH,NO,GAME_WORK | GAME_WORK_OR_PS4_RELEASE | PS4_RELEASE,4,LAUNCHBOX_GAMES_DB | STEAM_STORE | WIKIDATA | WIKIPEDIA_PS4_LIST,B_OTHER_PLATFORM | B_PS4_RELEASE | C_DISCOVERY,https://en.wikipedia.org/wiki/List_of_PlayStation_4_games_(A%E2%80%93L) | https://store.steampowered.com/app/2492040 | https://www.wikidata.org/wiki/Q124984952 | https://gamesdb.launchbox-app.com/games/details/462761,"La lista específica de PS4 atribuye el desarrollo a esta compañía. | La ficha comercial de Steam confirma la desarrolladora de la obra, no necesariamente el port de PS4. | Wikidata registra la compañía como desarrolladora. | LaunchBox registra esta desarrolladora para su ficha de PS4.",No propagar a ports o compilaciones sin comprobar sus créditos propios.,,,,,SNK Corporation,snk,official,2026-09-05,company-credit-ps4-pal-high-additions-1,READY_ADD_MISSING
ps4-fifa-16-deluxe-edition,FIFA 16 [Deluxe Edition],PAL España,standard,fifa 16,fifa 16,EDITION_VARIANT,PHYSICAL_PUBLISHER_OR_DISTRIBUTOR,publisher,Electronic Arts,electronic-arts,Electronic Arts,EXACT_NAME_OR_ALIAS,,ADD_MISSING,HIGH,NO,EXACT_PHYSICAL_EDITION | PAL_RELEASE,2,PRICECHARTING_EXACT_PAL_PAGE | WIKIPEDIA_PS4_LIST_PAL,B_EXACT_PHYSICAL | B_PAL_RELEASE,https://www.pricecharting.com/game/pal-playstation-4/fifa-16-deluxe-edition | https://en.wikipedia.org/wiki/List_of_PlayStation_4_games_(A%E2%80%93L),La ficha exacta de la edición física PAL etiqueta a esta compañía como Publisher; puede representar publicación o distribución física. | La columna PAL de la lista de PS4 atribuye la publicación a esta compañía.,Confirmar si la etiqueta Publisher representa publicación o distribución en la caja PAL.,,,,,Electronic Arts,electronic-arts,pricecharting,2026-09-05,company-credit-ps4-pal-high-additions-1,READY_ADD_MISSING
ps4-fifa-19-champions-edition,FIFA 19 [Champions Edition],PAL España,standard,fifa 19,fifa 19,GAME_OR_UNKNOWN,PHYSICAL_PUBLISHER_OR_DISTRIBUTOR,publisher,Electronic Arts,electronic-arts,Electronic Arts,EXACT_NAME_OR_ALIAS,,ADD_MISSING,HIGH,NO,EXACT_PHYSICAL_EDITION | PAL_RELEASE,2,PRICECHARTING_EXACT_PAL_PAGE | WIKIPEDIA_PS4_LIST_PAL,B_EXACT_PHYSICAL | B_PAL_RELEASE,https://www.pricecharting.com/game/pal-playstation-4/fifa-19-champions-edition | https://en.wikipedia.org/wiki/List_of_PlayStation_4_games_(A%E2%80%93L),La ficha exacta de la edición física PAL etiqueta a esta compañía como Publisher; puede representar publicación o distribución física. | La columna PAL de la lista de PS4 atribuye la publicación a esta compañía.,Confirmar si la etiqueta Publisher representa publicación o distribución en la caja PAL.,,,,,Electronic Arts,electronic-arts,pricecharting,2026-09-05,company-credit-ps4-pal-high-additions-1,READY_ADD_MISSING
ps4-final-vendetta-collector%27s-edition,Final Vendetta [Collector's Edition],PAL España,standard,final vendetta,final vendetta,EDITION_VARIANT,DEVELOPER,developer,Bitmap Bureau,bitmap-bureau,Bitmap Bureau,EXACT_NAME_OR_ALIAS,,ADD_MISSING,HIGH,NO,EXACT_PHYSICAL_EDITION | GAME_WORK,3,PRICECHARTING_EXACT_PAL_PAGE | STEAM_STORE | WIKIDATA,B_EXACT_PHYSICAL | B_OTHER_PLATFORM | C_DISCOVERY,https://www.pricecharting.com/game/pal-playstation-4/final-vendetta-collector%27s-edition | https://store.steampowered.com/app/1891090 | https://www.wikidata.org/wiki/Q113652894,"La ficha enlazada de la edición física PAL atribuye el desarrollo a esta compañía. | La ficha comercial de Steam confirma la desarrolladora de la obra, no necesariamente el port de PS4. | Wikidata registra la compañía como desarrolladora.",No propagar a ports o compilaciones sin comprobar sus créditos propios.,,,,,Bitmap Bureau,bitmap-bureau,official,2026-09-05,company-credit-ps4-pal-high-additions-1,READY_ADD_MISSING
ps4-final-vendetta-super-limited-edition,Final Vendetta [Super Limited Edition],PAL España,standard,final vendetta,final vendetta,EDITION_VARIANT,DEVELOPER,developer,Bitmap Bureau,bitmap-bureau,Bitmap Bureau,EXACT_NAME_OR_ALIAS,,ADD_MISSING,HIGH,NO,EXACT_PHYSICAL_EDITION | GAME_WORK,3,PRICECHARTING_EXACT_PAL_PAGE | STEAM_STORE | WIKIDATA,B_EXACT_PHYSICAL | B_OTHER_PLATFORM | C_DISCOVERY,https://www.pricecharting.com/game/pal-playstation-4/final-vendetta-super-limited-edition | https://store.steampowered.com/app/1891090 | https://www.wikidata.org/wiki/Q113652894,"La ficha enlazada de la edición física PAL atribuye el desarrollo a esta compañía. | La ficha comercial de Steam confirma la desarrolladora de la obra, no necesariamente el port de PS4. | Wikidata registra la compañía como desarrolladora.",No propagar a ports o compilaciones sin comprobar sus créditos propios.,,,,,Bitmap Bureau,bitmap-bureau,official,2026-09-05,company-credit-ps4-pal-high-additions-1,READY_ADD_MISSING
ps4-firewall-zero-hour,Firewall Zero Hour,PAL España,standard,firewall zero hour,firewall zero hour,GAME_OR_UNKNOWN,DEVELOPER,developer,First Contact Entertainment,first-contact-entertainment,First Contact Entertainment | First Contact Entertainment Inc,EXACT_NAME_OR_ALIAS,,ADD_MISSING,HIGH,NO,MATCHED_PS4_PRODUCT | PS4_RELEASE,2,LAUNCHBOX_GAMES_DB | PLAYSTATION_STORE_EXPLICIT_CREDIT,A_OFFICIAL_MATCHED_TITLE_CREDIT | C_DISCOVERY,https://store.playstation.com/es-es/product/EP9000-CUSA11182_00-FIREWALL00000000 | https://gamesdb.launchbox-app.com/games/details/193197,"Developed by First Contact Entertainment | Developed by First Contact Entertainment, Inc | LaunchBox registra esta desarrolladora para su ficha de PS4.",No propagar a ports o compilaciones sin comprobar sus créditos propios.,,,,,First Contact Entertainment,first-contact-entertainment,official,2026-09-05,company-credit-ps4-pal-high-additions-1,READY_ADD_MISSING
ps4-fishing-sim-world-pro-tour-collector%27s-edition,Fishing Sim World Pro Tour: Collector's Edition,PAL España,standard,fishing sim world pro tour,fishing sim world pro tour,EDITION_VARIANT,DEVELOPER,developer,Dovetail Games,dovetail-games,Dovetail Games,EXACT_NAME_OR_ALIAS,,ADD_MISSING,HIGH,NO,GAME_WORK | GAME_WORK_OR_PS4_RELEASE,2,STEAM_STORE | WIKIPEDIA_PS4_LIST,B_OTHER_PLATFORM | B_PS4_RELEASE,https://en.wikipedia.org/wiki/List_of_PlayStation_4_games_(A%E2%80%93L) | https://store.steampowered.com/app/834280,"La lista específica de PS4 atribuye el desarrollo a esta compañía. | La ficha comercial de Steam confirma la desarrolladora de la obra, no necesariamente el port de PS4.",No propagar a ports o compilaciones sin comprobar sus créditos propios.,,,,,Dovetail Games,dovetail-games,official,2026-09-05,company-credit-ps4-pal-high-additions-1,READY_ADD_MISSING
ps4-five-nights-at-freddy%27s-security-breach,Five Nights at Freddy's Security Breach,PAL España,standard,five nights at freddy s security breach,five nights at freddy s security breach,GAME_OR_UNKNOWN,DEVELOPER,developer,Steel Wool Studios,steel-wool-studios,Steel Wool Studios,EXACT_NAME_OR_ALIAS,,ADD_MISSING,HIGH,NO,GAME_WORK | GAME_WORK_OR_PS4_RELEASE | PS4_RELEASE,3,LAUNCHBOX_GAMES_DB | STEAM_STORE | WIKIPEDIA_PS4_LIST,B_OTHER_PLATFORM | B_PS4_RELEASE | C_DISCOVERY,https://en.wikipedia.org/wiki/List_of_PlayStation_4_games_(A%E2%80%93L) | https://store.steampowered.com/app/747660 | https://gamesdb.launchbox-app.com/games/details/473127,"La lista específica de PS4 atribuye el desarrollo a esta compañía. | La ficha comercial de Steam confirma la desarrolladora de la obra, no necesariamente el port de PS4. | LaunchBox registra esta desarrolladora para su ficha de PS4.",No propagar a ports o compilaciones sin comprobar sus créditos propios.,,CUSA24172_00,,,Steel Wool Studios,steel-wool-studios,official,2026-09-05,company-credit-ps4-pal-high-additions-1,READY_ADD_MISSING
ps4-five-nights-at-freddy%27s-security-breach-collector%27s-edition,Five Nights At Freddy's: Security Breach [Collector's Edition],PAL España,standard,five nights at freddy s security breach,five nights at freddy s security breach,EDITION_VARIANT,DEVELOPER,developer,Steel Wool Studios,steel-wool-studios,Steel Wool Studios,EXACT_NAME_OR_ALIAS,,ADD_MISSING,HIGH,NO,GAME_WORK | GAME_WORK_OR_PS4_RELEASE | PS4_RELEASE,3,LAUNCHBOX_GAMES_DB | STEAM_STORE | WIKIPEDIA_PS4_LIST,B_OTHER_PLATFORM | B_PS4_RELEASE | C_DISCOVERY,https://en.wikipedia.org/wiki/List_of_PlayStation_4_games_(A%E2%80%93L) | https://store.steampowered.com/app/747660 | https://gamesdb.launchbox-app.com/games/details/473127,"La lista específica de PS4 atribuye el desarrollo a esta compañía. | La ficha comercial de Steam confirma la desarrolladora de la obra, no necesariamente el port de PS4. | LaunchBox registra esta desarrolladora para su ficha de PS4.",No propagar a ports o compilaciones sin comprobar sus créditos propios.,,,,,Steel Wool Studios,steel-wool-studios,official,2026-09-05,company-credit-ps4-pal-high-additions-1,READY_ADD_MISSING
ps4-for-honor,For Honor,PAL España,standard,for honor,for honor,GAME_OR_UNKNOWN,DEVELOPER,developer,Ubisoft Montreal,ubisoft-montreal,Ubisoft Montreal,EXACT_NAME_OR_ALIAS,,ADD_MISSING,HIGH,NO,GAME_WORK | GAME_WORK_OR_PS4_RELEASE | PS4_RELEASE,3,LAUNCHBOX_GAMES_DB | STEAM_STORE | WIKIPEDIA_PS4_LIST,B_OTHER_PLATFORM | B_PS4_RELEASE | C_DISCOVERY,https://en.wikipedia.org/wiki/List_of_PlayStation_4_games_(A%E2%80%93L) | https://store.steampowered.com/app/304390 | https://gamesdb.launchbox-app.com/games/details/164327,"La lista específica de PS4 atribuye el desarrollo a esta compañía. | La ficha comercial de Steam confirma la desarrolladora de la obra, no necesariamente el port de PS4. | LaunchBox registra esta desarrolladora para su ficha de PS4.",No propagar a ports o compilaciones sin comprobar sus créditos propios.,,CUSA05218_00,,,Ubisoft Montreal,ubisoft-montreal,official,2026-09-05,company-credit-ps4-pal-high-additions-1,READY_ADD_MISSING
ps4-for-honor-deluxe-edition,For Honor [Deluxe Edition],PAL España,standard,for honor,for honor,EDITION_VARIANT,DEVELOPER,developer,Ubisoft Montreal,ubisoft-montreal,Ubisoft Montreal,EXACT_NAME_OR_ALIAS,,ADD_MISSING,HIGH,NO,GAME_WORK | GAME_WORK_OR_PS4_RELEASE | PS4_RELEASE,3,LAUNCHBOX_GAMES_DB | STEAM_STORE | WIKIPEDIA_PS4_LIST,B_OTHER_PLATFORM | B_PS4_RELEASE | C_DISCOVERY,https://en.wikipedia.org/wiki/List_of_PlayStation_4_games_(A%E2%80%93L) | https://store.steampowered.com/app/304390 | https://gamesdb.launchbox-app.com/games/details/164327,"La lista específica de PS4 atribuye el desarrollo a esta compañía. | La ficha comercial de Steam confirma la desarrolladora de la obra, no necesariamente el port de PS4. | LaunchBox registra esta desarrolladora para su ficha de PS4.",No propagar a ports o compilaciones sin comprobar sus créditos propios.,,,,,Ubisoft Montreal,ubisoft-montreal,official,2026-09-05,company-credit-ps4-pal-high-additions-1,READY_ADD_MISSING
ps4-for-honor-gold-edition,For Honor [Gold Edition],PAL España,standard,for honor,for honor,GAME_OR_UNKNOWN,DEVELOPER,developer,Ubisoft Montreal,ubisoft-montreal,Ubisoft Montreal,EXACT_NAME_OR_ALIAS,,ADD_MISSING,HIGH,NO,EXACT_PHYSICAL_EDITION | GAME_WORK | GAME_WORK_OR_PS4_RELEASE | PS4_RELEASE,4,LAUNCHBOX_GAMES_DB | PRICECHARTING_EXACT_PAL_PAGE | STEAM_STORE | WIKIPEDIA_PS4_LIST,B_EXACT_PHYSICAL | B_OTHER_PLATFORM | B_PS4_RELEASE | C_DISCOVERY,https://www.pricecharting.com/game/pal-playstation-4/for-honor-gold-edition | https://en.wikipedia.org/wiki/List_of_PlayStation_4_games_(A%E2%80%93L) | https://store.steampowered.com/app/304390 | https://gamesdb.launchbox-app.com/games/details/164327,"La ficha enlazada de la edición física PAL atribuye el desarrollo a esta compañía. | La lista específica de PS4 atribuye el desarrollo a esta compañía. | La ficha comercial de Steam confirma la desarrolladora de la obra, no necesariamente el port de PS4. | LaunchBox registra esta desarrolladora para su ficha de PS4.",No propagar a ports o compilaciones sin comprobar sus créditos propios.,,,,,Ubisoft Montreal,ubisoft-montreal,official,2026-09-05,company-credit-ps4-pal-high-additions-1,READY_ADD_MISSING
ps4-for-honor-limited-edition,For Honor [Limited Edition],PAL España,standard,for honor,for honor,EDITION_VARIANT,DEVELOPER,developer,Ubisoft Montreal,ubisoft-montreal,Ubisoft Montreal,EXACT_NAME_OR_ALIAS,,ADD_MISSING,HIGH,NO,GAME_WORK | GAME_WORK_OR_PS4_RELEASE | PS4_RELEASE,3,LAUNCHBOX_GAMES_DB | STEAM_STORE | WIKIPEDIA_PS4_LIST,B_OTHER_PLATFORM | B_PS4_RELEASE | C_DISCOVERY,https://en.wikipedia.org/wiki/List_of_PlayStation_4_games_(A%E2%80%93L) | https://store.steampowered.com/app/304390 | https://gamesdb.launchbox-app.com/games/details/164327,"La lista específica de PS4 atribuye el desarrollo a esta compañía. | La ficha comercial de Steam confirma la desarrolladora de la obra, no necesariamente el port de PS4. | LaunchBox registra esta desarrolladora para su ficha de PS4.",No propagar a ports o compilaciones sin comprobar sus créditos propios.,,,,,Ubisoft Montreal,ubisoft-montreal,official,2026-09-05,company-credit-ps4-pal-high-additions-1,READY_ADD_MISSING
ps4-for-the-king-signature-edition,For the King [Signature Edition],PAL España,standard,for the king,for the king,GAME_OR_UNKNOWN,DEVELOPER,developer,IronOak Games,ironoak-games,IronOak Games,EXACT_NAME_OR_ALIAS,,ADD_MISSING,HIGH,NO,EXACT_PHYSICAL_EDITION | GAME_WORK | GAME_WORK_OR_PS4_RELEASE | PS4_RELEASE,4,LAUNCHBOX_GAMES_DB | PRICECHARTING_EXACT_PAL_PAGE | STEAM_STORE | WIKIPEDIA_PS4_LIST,B_EXACT_PHYSICAL | B_OTHER_PLATFORM | B_PS4_RELEASE | C_DISCOVERY,https://www.pricecharting.com/game/pal-playstation-4/for-the-king-signature-edition | https://en.wikipedia.org/wiki/List_of_PlayStation_4_games_(A%E2%80%93L) | https://store.steampowered.com/app/527230 | https://gamesdb.launchbox-app.com/games/details/212146,"La ficha enlazada de la edición física PAL atribuye el desarrollo a esta compañía. | La lista específica de PS4 atribuye el desarrollo a esta compañía. | La ficha comercial de Steam confirma la desarrolladora de la obra, no necesariamente el port de PS4. | LaunchBox registra esta desarrolladora para su ficha de PS4.",No propagar a ports o compilaciones sin comprobar sus créditos propios.,,,,,IronOak Games,ironoak-games,official,2026-09-05,company-credit-ps4-pal-high-additions-1,READY_ADD_MISSING
ps4-frostpunk-signature-edition,Frostpunk [Signature Edition],PAL España,standard,frostpunk,frostpunk,GAME_OR_UNKNOWN,DEVELOPER,developer,11 Bit Studios,11-bit-studios,11 Bit Studios | 11 bit studios,EXACT_NAME_OR_ALIAS,,ADD_MISSING,HIGH,NO,GAME_WORK | GAME_WORK_OR_PS4_RELEASE | PS4_RELEASE,4,LAUNCHBOX_GAMES_DB | STEAM_STORE | WIKIDATA | WIKIPEDIA_PS4_LIST,B_OTHER_PLATFORM | B_PS4_RELEASE | C_DISCOVERY,https://en.wikipedia.org/wiki/List_of_PlayStation_4_games_(A%E2%80%93L) | https://store.steampowered.com/app/323190 | https://www.wikidata.org/wiki/Q50356175 | https://gamesdb.launchbox-app.com/games/details/473180,"La lista específica de PS4 atribuye el desarrollo a esta compañía. | La ficha comercial de Steam confirma la desarrolladora de la obra, no necesariamente el port de PS4. | Wikidata registra la compañía como desarrolladora. | LaunchBox registra esta desarrolladora para su ficha de PS4.",No propagar a ports o compilaciones sin comprobar sus créditos propios.,,,,,11 Bit Studios,11-bit-studios,official,2026-09-05,company-credit-ps4-pal-high-additions-1,READY_ADD_MISSING
ps4-gal-guardians-demon-purge-collector%27s-edition,Gal Guardians: Demon Purge [Collector's Edition],PAL España,standard,gal guardians demon purge,gal guardians demon purge,EDITION_VARIANT,DEVELOPER,developer,Inti Creates,inti-creates,Inti Creates | INTI CREATES Co Ltd.,EXACT_NAME_OR_ALIAS,,ADD_MISSING,HIGH,NO,EXACT_PHYSICAL_EDITION | GAME_WORK,2,PRICECHARTING_EXACT_PAL_PAGE | STEAM_STORE,B_EXACT_PHYSICAL | B_OTHER_PLATFORM,https://www.pricecharting.com/game/pal-playstation-4/gal-guardians-demon-purge-collector%27s-edition | https://store.steampowered.com/app/2081400,"La ficha enlazada de la edición física PAL atribuye el desarrollo a esta compañía. | La ficha comercial de Steam confirma la desarrolladora de la obra, no necesariamente el port de PS4.",No propagar a ports o compilaciones sin comprobar sus créditos propios.,,,,,Inti Creates,inti-creates,official,2026-09-05,company-credit-ps4-pal-high-additions-1,READY_ADD_MISSING
ps4-gekido-kintaro%27s-revenge,Gekido: Kintaro's Revenge,PAL España,standard,gekido kintaro s revenge,gekido kintaro s revenge,GAME_OR_UNKNOWN,DEVELOPER,developer,NAPS Team,naps-team,NAPS team | Naps Team,EXACT_NAME_OR_ALIAS,,ADD_MISSING,HIGH,NO,GAME_WORK | GAME_WORK_OR_PS4_RELEASE,2,STEAM_STORE | WIKIPEDIA_PS4_LIST,B_OTHER_PLATFORM | B_PS4_RELEASE,https://en.wikipedia.org/wiki/List_of_PlayStation_4_games_(A%E2%80%93L) | https://store.steampowered.com/app/1032340,"La lista específica de PS4 atribuye el desarrollo a esta compañía. | La ficha comercial de Steam confirma la desarrolladora de la obra, no necesariamente el port de PS4.",No propagar a ports o compilaciones sin comprobar sus créditos propios.,,CUSA12075_00,,,NAPS Team,naps-team,official,2026-09-05,company-credit-ps4-pal-high-additions-1,READY_ADD_MISSING
ps4-ghost-of-tsushima-collector%27s-edition,Ghost of Tsushima [Collector's Edition],PAL España,standard,ghost of tsushima,ghost of tsushima,EDITION_VARIANT,DEVELOPER,developer,Sucker Punch Productions,sucker-punch-productions,Sucker Punch Productions LLC | Sucker Punch Productions,EXACT_NAME_OR_ALIAS,,ADD_MISSING,HIGH,NO,GAME_WORK_OR_PS4_RELEASE | MATCHED_PS4_PRODUCT | PS4_RELEASE,3,LAUNCHBOX_GAMES_DB | PLAYSTATION_STORE_EXPLICIT_CREDIT | WIKIPEDIA_PS4_LIST,A_OFFICIAL_MATCHED_TITLE_CREDIT | B_PS4_RELEASE | C_DISCOVERY,https://store.playstation.com/es-es/product/EP9000-CUSA13323_00-GHOSTSHIP0000000 | https://en.wikipedia.org/wiki/List_of_PlayStation_4_games_(A%E2%80%93L) | https://gamesdb.launchbox-app.com/games/details/184978,Desarrollado por Sucker Punch Productions LLC | La lista específica de PS4 atribuye el desarrollo a esta compañía. | LaunchBox registra esta desarrolladora para su ficha de PS4.,No propagar a ports o compilaciones sin comprobar sus créditos propios.,,,,,Sucker Punch Productions,sucker-punch-productions,official,2026-09-05,company-credit-ps4-pal-high-additions-1,READY_ADD_MISSING
ps4-ghost-of-tsushima-special-edition,Ghost of Tsushima [Special Edition],PAL España,standard,ghost of tsushima,ghost of tsushima,EDITION_VARIANT,DEVELOPER,developer,Sucker Punch Productions,sucker-punch-productions,Sucker Punch Productions LLC | Sucker Punch Productions,EXACT_NAME_OR_ALIAS,,ADD_MISSING,HIGH,NO,GAME_WORK_OR_PS4_RELEASE | MATCHED_PS4_PRODUCT | PS4_RELEASE,3,LAUNCHBOX_GAMES_DB | PLAYSTATION_STORE_EXPLICIT_CREDIT | WIKIPEDIA_PS4_LIST,A_OFFICIAL_MATCHED_TITLE_CREDIT | B_PS4_RELEASE | C_DISCOVERY,https://store.playstation.com/es-es/product/EP9000-CUSA13323_00-GHOSTSHIP0000000 | https://en.wikipedia.org/wiki/List_of_PlayStation_4_games_(A%E2%80%93L) | https://gamesdb.launchbox-app.com/games/details/184978,Desarrollado por Sucker Punch Productions LLC | La lista específica de PS4 atribuye el desarrollo a esta compañía. | LaunchBox registra esta desarrolladora para su ficha de PS4.,No propagar a ports o compilaciones sin comprobar sus créditos propios.,,,,,Sucker Punch Productions,sucker-punch-productions,official,2026-09-05,company-credit-ps4-pal-high-additions-1,READY_ADD_MISSING
ps4-ghost-of-tsushima-special-edition,Ghost of Tsushima [Special Edition],PAL España,standard,ghost of tsushima,ghost of tsushima,EDITION_VARIANT,PHYSICAL_PUBLISHER_OR_DISTRIBUTOR,publisher,Sony Interactive Entertainment,sony-interactive-entertainment,Sony Interactive Entertainment,EXACT_NAME_OR_ALIAS,,ADD_MISSING,HIGH,NO,EXACT_PHYSICAL_EDITION | PAL_RELEASE,2,PRICECHARTING_EXACT_PAL_PAGE | WIKIPEDIA_PS4_LIST_PAL,B_EXACT_PHYSICAL | B_PAL_RELEASE,https://www.pricecharting.com/game/pal-playstation-4/ghost-of-tsushima-special-edition | https://en.wikipedia.org/wiki/List_of_PlayStation_4_games_(A%E2%80%93L),La ficha exacta de la edición física PAL etiqueta a esta compañía como Publisher; puede representar publicación o distribución física. | La columna PAL de la lista de PS4 atribuye la publicación a esta compañía.,Confirmar si la etiqueta Publisher representa publicación o distribución en la caja PAL.,,,,,Sony Interactive Entertainment,sony-interactive-entertainment,pricecharting,2026-09-05,company-credit-ps4-pal-high-additions-1,READY_ADD_MISSING
ps4-ginga-force-limited-collector%27s-edition,Ginga Force [Limited Collector's Edition],PAL España,standard,ginga force,ginga force,EDITION_VARIANT,DEVELOPER,developer,Qute corporation,qute,Qute Corporation | Qute,EXACT_NAME_OR_ALIAS,,ADD_MISSING,HIGH,NO,GAME_WORK | GAME_WORK_OR_PS4_RELEASE | PS4_RELEASE,3,LAUNCHBOX_GAMES_DB | STEAM_STORE | WIKIPEDIA_PS4_LIST,B_OTHER_PLATFORM | B_PS4_RELEASE | C_DISCOVERY,https://en.wikipedia.org/wiki/List_of_PlayStation_4_games_(A%E2%80%93L) | https://store.steampowered.com/app/885910 | https://gamesdb.launchbox-app.com/games/details/473226,"La lista específica de PS4 atribuye el desarrollo a esta compañía. | La ficha comercial de Steam confirma la desarrolladora de la obra, no necesariamente el port de PS4. | LaunchBox registra esta desarrolladora para su ficha de PS4.",No propagar a ports o compilaciones sin comprobar sus créditos propios.,,,,,Qute corporation,qute,official,2026-09-05,company-credit-ps4-pal-high-additions-1,READY_ADD_MISSING
ps4-giraffe-and-annika,Giraffe And Annika,PAL España,standard,giraffe and annika,giraffe and annika,GAME_OR_UNKNOWN,DEVELOPER,developer,Atelier Mimina,atelier-mimina,Atelier Mimina | atelier mimina,EXACT_NAME_OR_ALIAS,,ADD_MISSING,HIGH,NO,GAME_WORK | GAME_WORK_OR_PS4_RELEASE | PS4_RELEASE,3,LAUNCHBOX_GAMES_DB | STEAM_STORE | WIKIPEDIA_PS4_LIST,B_OTHER_PLATFORM | B_PS4_RELEASE | C_DISCOVERY,https://en.wikipedia.org/wiki/List_of_PlayStation_4_games_(A%E2%80%93L) | https://store.steampowered.com/app/1122100 | https://gamesdb.launchbox-app.com/games/details/473212,"La lista específica de PS4 atribuye el desarrollo a esta compañía. | La ficha comercial de Steam confirma la desarrolladora de la obra, no necesariamente el port de PS4. | LaunchBox registra esta desarrolladora para su ficha de PS4.",No propagar a ports o compilaciones sin comprobar sus créditos propios.,,CUSA17154_00,,,Atelier Mimina,atelier-mimina,official,2026-09-05,company-credit-ps4-pal-high-additions-1,READY_ADD_MISSING
ps4-giraffe-and-annika-musical-mayhem-edition,Giraffe And Annika [Musical Mayhem Edition],PAL España,standard,giraffe and annika,giraffe and annika,GAME_OR_UNKNOWN,DEVELOPER,developer,Atelier Mimina,atelier-mimina,Atelier Mimina | atelier mimina,EXACT_NAME_OR_ALIAS,,ADD_MISSING,HIGH,NO,GAME_WORK | GAME_WORK_OR_PS4_RELEASE | PS4_RELEASE,3,LAUNCHBOX_GAMES_DB | STEAM_STORE | WIKIPEDIA_PS4_LIST,B_OTHER_PLATFORM | B_PS4_RELEASE | C_DISCOVERY,https://en.wikipedia.org/wiki/List_of_PlayStation_4_games_(A%E2%80%93L) | https://store.steampowered.com/app/1122100 | https://gamesdb.launchbox-app.com/games/details/473212,"La lista específica de PS4 atribuye el desarrollo a esta compañía. | La ficha comercial de Steam confirma la desarrolladora de la obra, no necesariamente el port de PS4. | LaunchBox registra esta desarrolladora para su ficha de PS4.",No propagar a ports o compilaciones sin comprobar sus créditos propios.,,,,,Atelier Mimina,atelier-mimina,official,2026-09-05,company-credit-ps4-pal-high-additions-1,READY_ADD_MISSING
ps4-god-of-war-collector%27s-edition,God Of War [Collector's Edition],PAL España,standard,god of war,god of war,EDITION_VARIANT,DEVELOPER,developer,Santa Monica Studio,santa-monica-studio,Santa Monica Studio,EXACT_NAME_OR_ALIAS,,ADD_MISSING,HIGH,NO,GAME_WORK | GAME_WORK_OR_PS4_RELEASE,3,STEAM_STORE | WIKIDATA | WIKIPEDIA_PS4_LIST,B_OTHER_PLATFORM | B_PS4_RELEASE | C_DISCOVERY,https://en.wikipedia.org/wiki/List_of_PlayStation_4_games_(A%E2%80%93L) | https://store.steampowered.com/app/1593500 | https://www.wikidata.org/wiki/Q817369,"La lista específica de PS4 atribuye el desarrollo a esta compañía. | La ficha comercial de Steam confirma la desarrolladora de la obra, no necesariamente el port de PS4. | Wikidata registra la compañía como desarrolladora.",No propagar a ports o compilaciones sin comprobar sus créditos propios.,,,,,Santa Monica Studio,santa-monica-studio,official,2026-09-05,company-credit-ps4-pal-high-additions-1,READY_ADD_MISSING
ps4-god-of-war-day-one-edition,God Of War [Day One Edition],PAL España,standard,god of war,god of war,EDITION_VARIANT,DEVELOPER,developer,Santa Monica Studio,santa-monica-studio,Santa Monica Studio,EXACT_NAME_OR_ALIAS,,ADD_MISSING,HIGH,NO,GAME_WORK | GAME_WORK_OR_PS4_RELEASE,3,STEAM_STORE | WIKIDATA | WIKIPEDIA_PS4_LIST,B_OTHER_PLATFORM | B_PS4_RELEASE | C_DISCOVERY,https://en.wikipedia.org/wiki/List_of_PlayStation_4_games_(A%E2%80%93L) | https://store.steampowered.com/app/1593500 | https://www.wikidata.org/wiki/Q817369,"La lista específica de PS4 atribuye el desarrollo a esta compañía. | La ficha comercial de Steam confirma la desarrolladora de la obra, no necesariamente el port de PS4. | Wikidata registra la compañía como desarrolladora.",No propagar a ports o compilaciones sin comprobar sus créditos propios.,,,,,Santa Monica Studio,santa-monica-studio,official,2026-09-05,company-credit-ps4-pal-high-additions-1,READY_ADD_MISSING
ps4-god-of-war-iii-remastered-playstation-hits,God Of War III Remastered [Playstation Hits],PAL España,standard,god of war iii remastered,god of war iii,EDITION_VARIANT,PHYSICAL_PUBLISHER_OR_DISTRIBUTOR,publisher,Sony Interactive Entertainment,sony-interactive-entertainment,Sony Interactive Entertainment | Sony Computer Entertainment,EXACT_NAME_OR_ALIAS,,ADD_MISSING,HIGH,NO,EXACT_PHYSICAL_EDITION | PAL_RELEASE,2,PRICECHARTING_EXACT_PAL_PAGE | WIKIPEDIA_PS4_LIST_PAL,B_EXACT_PHYSICAL | B_PAL_RELEASE,https://www.pricecharting.com/game/pal-playstation-4/god-of-war-iii-remastered-playstation-hits | https://en.wikipedia.org/wiki/List_of_PlayStation_4_games_(A%E2%80%93L),La ficha exacta de la edición física PAL etiqueta a esta compañía como Publisher; puede representar publicación o distribución física. | La columna PAL de la lista de PS4 atribuye la publicación a esta compañía.,Confirmar si la etiqueta Publisher representa publicación o distribución en la caja PAL.,,,,,Sony Interactive Entertainment,sony-interactive-entertainment,pricecharting,2026-09-05,company-credit-ps4-pal-high-additions-1,READY_ADD_MISSING
ps4-god-of-war-limited-edition,God of War [Limited Edition],PAL España,standard,god of war,god of war,EDITION_VARIANT,DEVELOPER,developer,Santa Monica Studio,santa-monica-studio,Santa Monica Studio,EXACT_NAME_OR_ALIAS,,ADD_MISSING,HIGH,NO,EXACT_PHYSICAL_EDITION | GAME_WORK | GAME_WORK_OR_PS4_RELEASE,4,PRICECHARTING_EXACT_PAL_PAGE | STEAM_STORE | WIKIDATA | WIKIPEDIA_PS4_LIST,B_EXACT_PHYSICAL | B_OTHER_PLATFORM | B_PS4_RELEASE | C_DISCOVERY,https://www.pricecharting.com/game/pal-playstation-4/god-of-war-limited-edition | https://en.wikipedia.org/wiki/List_of_PlayStation_4_games_(A%E2%80%93L) | https://store.steampowered.com/app/1593500 | https://www.wikidata.org/wiki/Q817369,"La ficha enlazada de la edición física PAL atribuye el desarrollo a esta compañía. | La lista específica de PS4 atribuye el desarrollo a esta compañía. | La ficha comercial de Steam confirma la desarrolladora de la obra, no necesariamente el port de PS4. | Wikidata registra la compañía como desarrolladora.",No propagar a ports o compilaciones sin comprobar sus créditos propios.,,,,,Santa Monica Studio,santa-monica-studio,official,2026-09-05,company-credit-ps4-pal-high-additions-1,READY_ADD_MISSING
ps4-god-of-war-limited-edition,God of War [Limited Edition],PAL España,standard,god of war,god of war,EDITION_VARIANT,PHYSICAL_PUBLISHER_OR_DISTRIBUTOR,publisher,Sony Interactive Entertainment,sony-interactive-entertainment,Sony Computer Entertainment | Sony Interactive Entertainment,EXACT_NAME_OR_ALIAS,,ADD_MISSING,HIGH,NO,EXACT_PHYSICAL_EDITION | PAL_RELEASE,2,PRICECHARTING_EXACT_PAL_PAGE | WIKIPEDIA_PS4_LIST_PAL,B_EXACT_PHYSICAL | B_PAL_RELEASE,https://www.pricecharting.com/game/pal-playstation-4/god-of-war-limited-edition | https://en.wikipedia.org/wiki/List_of_PlayStation_4_games_(A%E2%80%93L),La ficha exacta de la edición física PAL etiqueta a esta compañía como Publisher; puede representar publicación o distribución física. | La columna PAL de la lista de PS4 atribuye la publicación a esta compañía.,Confirmar si la etiqueta Publisher representa publicación o distribución en la caja PAL.,,,,,Sony Interactive Entertainment,sony-interactive-entertainment,pricecharting,2026-09-05,company-credit-ps4-pal-high-additions-1,READY_ADD_MISSING
ps4-god-of-war-only-on-playstation,God Of War [Only On PlayStation],PAL España,standard,god of war,god of war only on playstation,GAME_OR_UNKNOWN,DEVELOPER,developer,Santa Monica Studio,santa-monica-studio,Santa Monica Studio,EXACT_NAME_OR_ALIAS,,ADD_MISSING,HIGH,NO,EXACT_PHYSICAL_EDITION | GAME_WORK | GAME_WORK_OR_PS4_RELEASE,4,PRICECHARTING_EXACT_PAL_PAGE | STEAM_STORE | WIKIDATA | WIKIPEDIA_PS4_LIST,B_EXACT_PHYSICAL | B_OTHER_PLATFORM | B_PS4_RELEASE | C_DISCOVERY,https://www.pricecharting.com/game/pal-playstation-4/god-of-war-only-on-playstation | https://en.wikipedia.org/wiki/List_of_PlayStation_4_games_(A%E2%80%93L) | https://store.steampowered.com/app/1593500 | https://www.wikidata.org/wiki/Q817369,"La ficha enlazada de la edición física PAL atribuye el desarrollo a esta compañía. | La lista específica de PS4 atribuye el desarrollo a esta compañía. | La ficha comercial de Steam confirma la desarrolladora de la obra, no necesariamente el port de PS4. | Wikidata registra la compañía como desarrolladora.",No propagar a ports o compilaciones sin comprobar sus créditos propios.,,,,,Santa Monica Studio,santa-monica-studio,official,2026-09-05,company-credit-ps4-pal-high-additions-1,READY_ADD_MISSING
ps4-god-of-war-only-on-playstation,God Of War [Only On PlayStation],PAL España,standard,god of war,god of war only on playstation,GAME_OR_UNKNOWN,PHYSICAL_PUBLISHER_OR_DISTRIBUTOR,publisher,Sony Interactive Entertainment,sony-interactive-entertainment,Sony Computer Entertainment | Sony Interactive Entertainment,EXACT_NAME_OR_ALIAS,,ADD_MISSING,HIGH,NO,EXACT_PHYSICAL_EDITION | PAL_RELEASE,2,PRICECHARTING_EXACT_PAL_PAGE | WIKIPEDIA_PS4_LIST_PAL,B_EXACT_PHYSICAL | B_PAL_RELEASE,https://www.pricecharting.com/game/pal-playstation-4/god-of-war-only-on-playstation | https://en.wikipedia.org/wiki/List_of_PlayStation_4_games_(A%E2%80%93L),La ficha exacta de la edición física PAL etiqueta a esta compañía como Publisher; puede representar publicación o distribución física. | La columna PAL de la lista de PS4 atribuye la publicación a esta compañía.,Confirmar si la etiqueta Publisher representa publicación o distribución en la caja PAL.,,,,,Sony Interactive Entertainment,sony-interactive-entertainment,pricecharting,2026-09-05,company-credit-ps4-pal-high-additions-1,READY_ADD_MISSING
ps4-god-of-war-playstation-hits,God of War [Playstation Hits],PAL España,standard,god of war,god of war,EDITION_VARIANT,DEVELOPER,developer,Santa Monica Studio,santa-monica-studio,Santa Monica Studio,EXACT_NAME_OR_ALIAS,,ADD_MISSING,HIGH,NO,GAME_WORK | GAME_WORK_OR_PS4_RELEASE,3,STEAM_STORE | WIKIDATA | WIKIPEDIA_PS4_LIST,B_OTHER_PLATFORM | B_PS4_RELEASE | C_DISCOVERY,https://en.wikipedia.org/wiki/List_of_PlayStation_4_games_(A%E2%80%93L) | https://store.steampowered.com/app/1593500 | https://www.wikidata.org/wiki/Q817369,"La lista específica de PS4 atribuye el desarrollo a esta compañía. | La ficha comercial de Steam confirma la desarrolladora de la obra, no necesariamente el port de PS4. | Wikidata registra la compañía como desarrolladora.",No propagar a ports o compilaciones sin comprobar sus créditos propios.,,,,,Santa Monica Studio,santa-monica-studio,official,2026-09-05,company-credit-ps4-pal-high-additions-1,READY_ADD_MISSING
ps4-god-of-war-ragnarok-launch-edition,God of War: Ragnarok [Launch Edition],PAL España,standard,god of war ragnarok,god of war ragnarok,EDITION_VARIANT,DEVELOPER,developer,Santa Monica Studio,santa-monica-studio,Santa Monica Studio,EXACT_NAME_OR_ALIAS,,ADD_MISSING,HIGH,NO,GAME_WORK | GAME_WORK_OR_PS4_RELEASE,2,STEAM_STORE | WIKIPEDIA_PS4_LIST,B_OTHER_PLATFORM | B_PS4_RELEASE,https://en.wikipedia.org/wiki/List_of_PlayStation_4_games_(A%E2%80%93L) | https://store.steampowered.com/app/2322010,"La lista específica de PS4 atribuye el desarrollo a esta compañía. | La ficha comercial de Steam confirma la desarrolladora de la obra, no necesariamente el port de PS4.",No propagar a ports o compilaciones sin comprobar sus créditos propios.,,,,,Santa Monica Studio,santa-monica-studio,official,2026-09-05,company-credit-ps4-pal-high-additions-1,READY_ADD_MISSING
ps4-golden-force,Golden Force,PAL España,standard,golden force,golden force,GAME_OR_UNKNOWN,DEVELOPER,developer,STORYBIRD Studio,storybird-studio,Storybird Studio,EXACT_NAME_OR_ALIAS,,ADD_MISSING,HIGH,NO,GAME_WORK | GAME_WORK_OR_PS4_RELEASE,3,STEAM_STORE | WIKIDATA | WIKIPEDIA_PS4_LIST,B_OTHER_PLATFORM | B_PS4_RELEASE | C_DISCOVERY,https://en.wikipedia.org/wiki/List_of_PlayStation_4_games_(A%E2%80%93L) | https://store.steampowered.com/app/1425070 | https://www.wikidata.org/wiki/Q106234861,"La lista específica de PS4 atribuye el desarrollo a esta compañía. | La ficha comercial de Steam confirma la desarrolladora de la obra, no necesariamente el port de PS4. | Wikidata registra la compañía como desarrolladora.",No propagar a ports o compilaciones sin comprobar sus créditos propios.,,CUSA25538_00,,,STORYBIRD Studio,storybird-studio,official,2026-09-05,company-credit-ps4-pal-high-additions-1,READY_ADD_MISSING
ps4-golden-force-limited-edition,Golden Force [Limited Edition],PAL España,standard,golden force,golden force,EDITION_VARIANT,DEVELOPER,developer,STORYBIRD Studio,storybird-studio,Storybird Studio,EXACT_NAME_OR_ALIAS,,ADD_MISSING,HIGH,NO,GAME_WORK | GAME_WORK_OR_PS4_RELEASE,3,STEAM_STORE | WIKIDATA | WIKIPEDIA_PS4_LIST,B_OTHER_PLATFORM | B_PS4_RELEASE | C_DISCOVERY,https://en.wikipedia.org/wiki/List_of_PlayStation_4_games_(A%E2%80%93L) | https://store.steampowered.com/app/1425070 | https://www.wikidata.org/wiki/Q106234861,"La lista específica de PS4 atribuye el desarrollo a esta compañía. | La ficha comercial de Steam confirma la desarrolladora de la obra, no necesariamente el port de PS4. | Wikidata registra la compañía como desarrolladora.",No propagar a ports o compilaciones sin comprobar sus créditos propios.,,,,,STORYBIRD Studio,storybird-studio,official,2026-09-05,company-credit-ps4-pal-high-additions-1,READY_ADD_MISSING
ps4-gran-turismo-sport-day-one-edition,Gran Turismo Sport [Day One Edition],PAL España,standard,gran turismo sport,gran turismo sport,EDITION_VARIANT,DEVELOPER,developer,Polyphony Digital,polyphony-digital,Polyphony Digital,EXACT_NAME_OR_ALIAS,,ADD_MISSING,HIGH,NO,EXACT_PHYSICAL_EDITION | GAME_WORK | GAME_WORK_OR_PS4_RELEASE | PS4_RELEASE,4,LAUNCHBOX_GAMES_DB | PRICECHARTING_EXACT_PAL_PAGE | WIKIDATA | WIKIPEDIA_PS4_LIST,B_EXACT_PHYSICAL | B_PS4_RELEASE | C_DISCOVERY,https://www.pricecharting.com/game/pal-playstation-4/gran-turismo-sport-day-one-edition | https://en.wikipedia.org/wiki/List_of_PlayStation_4_games_(A%E2%80%93L) | https://www.wikidata.org/wiki/Q21563294 | https://gamesdb.launchbox-app.com/games/details/162123,La ficha enlazada de la edición física PAL atribuye el desarrollo a esta compañía. | La lista específica de PS4 atribuye el desarrollo a esta compañía. | Wikidata registra la compañía como desarrolladora. | LaunchBox registra esta desarrolladora para su ficha de PS4.,No propagar a ports o compilaciones sin comprobar sus créditos propios.,,,CUSA02168_00,,Polyphony Digital,polyphony-digital,pricecharting,2026-09-05,company-credit-ps4-pal-high-additions-1,READY_ADD_MISSING
ps4-gran-turismo-sport-day-one-edition,Gran Turismo Sport [Day One Edition],PAL España,standard,gran turismo sport,gran turismo sport,EDITION_VARIANT,PHYSICAL_PUBLISHER_OR_DISTRIBUTOR,publisher,Sony Interactive Entertainment,sony-interactive-entertainment,Sony Interactive Entertainment,EXACT_NAME_OR_ALIAS,,ADD_MISSING,HIGH,NO,EXACT_PHYSICAL_EDITION | PAL_RELEASE,2,PRICECHARTING_EXACT_PAL_PAGE | WIKIPEDIA_PS4_LIST_PAL,B_EXACT_PHYSICAL | B_PAL_RELEASE,https://www.pricecharting.com/game/pal-playstation-4/gran-turismo-sport-day-one-edition | https://en.wikipedia.org/wiki/List_of_PlayStation_4_games_(A%E2%80%93L),La ficha exacta de la edición física PAL etiqueta a esta compañía como Publisher; puede representar publicación o distribución física. | La columna PAL de la lista de PS4 atribuye la publicación a esta compañía.,Confirmar si la etiqueta Publisher representa publicación o distribución en la caja PAL.,,,CUSA02168_00,,Sony Interactive Entertainment,sony-interactive-entertainment,pricecharting,2026-09-05,company-credit-ps4-pal-high-additions-1,READY_ADD_MISSING
ps4-gran-turismo-sport-steelbook,Gran Turismo Sport [Steelbook],PAL España,standard,gran turismo sport,gran turismo sport,EDITION_VARIANT,DEVELOPER,developer,Polyphony Digital,polyphony-digital,Polyphony Digital,EXACT_NAME_OR_ALIAS,,ADD_MISSING,HIGH,NO,EXACT_PHYSICAL_EDITION | GAME_WORK | GAME_WORK_OR_PS4_RELEASE | PS4_RELEASE,4,LAUNCHBOX_GAMES_DB | PRICECHARTING_EXACT_PAL_PAGE | WIKIDATA | WIKIPEDIA_PS4_LIST,B_EXACT_PHYSICAL | B_PS4_RELEASE | C_DISCOVERY,https://www.pricecharting.com/game/pal-playstation-4/gran-turismo-sport-steelbook | https://en.wikipedia.org/wiki/List_of_PlayStation_4_games_(A%E2%80%93L) | https://www.wikidata.org/wiki/Q21563294 | https://gamesdb.launchbox-app.com/games/details/162123,La ficha enlazada de la edición física PAL atribuye el desarrollo a esta compañía. | La lista específica de PS4 atribuye el desarrollo a esta compañía. | Wikidata registra la compañía como desarrolladora. | LaunchBox registra esta desarrolladora para su ficha de PS4.,No propagar a ports o compilaciones sin comprobar sus créditos propios.,,,,,Polyphony Digital,polyphony-digital,pricecharting,2026-09-05,company-credit-ps4-pal-high-additions-1,READY_ADD_MISSING
ps4-gran-turismo-sport-steelbook,Gran Turismo Sport [Steelbook],PAL España,standard,gran turismo sport,gran turismo sport,EDITION_VARIANT,PHYSICAL_PUBLISHER_OR_DISTRIBUTOR,publisher,Sony Interactive Entertainment,sony-interactive-entertainment,Sony Interactive Entertainment,EXACT_NAME_OR_ALIAS,,ADD_MISSING,HIGH,NO,EXACT_PHYSICAL_EDITION | PAL_RELEASE,2,PRICECHARTING_EXACT_PAL_PAGE | WIKIPEDIA_PS4_LIST_PAL,B_EXACT_PHYSICAL | B_PAL_RELEASE,https://www.pricecharting.com/game/pal-playstation-4/gran-turismo-sport-steelbook | https://en.wikipedia.org/wiki/List_of_PlayStation_4_games_(A%E2%80%93L),La ficha exacta de la edición física PAL etiqueta a esta compañía como Publisher; puede representar publicación o distribución física. | La columna PAL de la lista de PS4 atribuye la publicación a esta compañía.,Confirmar si la etiqueta Publisher representa publicación o distribución en la caja PAL.,,,,,Sony Interactive Entertainment,sony-interactive-entertainment,pricecharting,2026-09-05,company-credit-ps4-pal-high-additions-1,READY_ADD_MISSING
ps4-grand-theft-auto-v-premium-edition,Grand Theft Auto V [Premium Edition],PAL España,standard,grand theft auto v,grand theft auto v,EDITION_VARIANT,DEVELOPER,developer,Rockstar North,rockstar-north,Rockstar North,EXACT_NAME_OR_ALIAS,,ADD_MISSING,HIGH,NO,EXACT_PHYSICAL_EDITION | GAME_WORK_OR_PS4_RELEASE | PS4_RELEASE,3,LAUNCHBOX_GAMES_DB | PRICECHARTING_EXACT_PAL_PAGE | WIKIPEDIA_PS4_LIST,B_EXACT_PHYSICAL | B_PS4_RELEASE | C_DISCOVERY,https://www.pricecharting.com/game/pal-playstation-4/grand-theft-auto-v-premium-edition | https://en.wikipedia.org/wiki/List_of_PlayStation_4_games_(A%E2%80%93L) | https://gamesdb.launchbox-app.com/games/details/20954,La ficha enlazada de la edición física PAL atribuye el desarrollo a esta compañía. | La lista específica de PS4 atribuye el desarrollo a esta compañía. | LaunchBox registra esta desarrolladora para su ficha de PS4.,No propagar a ports o compilaciones sin comprobar sus créditos propios.,,,CUSA00411_00,,Rockstar North,rockstar-north,pricecharting,2026-09-05,company-credit-ps4-pal-high-additions-1,READY_ADD_MISSING
ps4-grand-theft-auto-v-premium-edition,Grand Theft Auto V [Premium Edition],PAL España,standard,grand theft auto v,grand theft auto v,EDITION_VARIANT,PHYSICAL_PUBLISHER_OR_DISTRIBUTOR,publisher,Rockstar Games,rockstar-games,Rockstar Games,EXACT_NAME_OR_ALIAS,,ADD_MISSING,HIGH,NO,EXACT_PHYSICAL_EDITION | PAL_RELEASE,2,PRICECHARTING_EXACT_PAL_PAGE | WIKIPEDIA_PS4_LIST_PAL,B_EXACT_PHYSICAL | B_PAL_RELEASE,https://www.pricecharting.com/game/pal-playstation-4/grand-theft-auto-v-premium-edition | https://en.wikipedia.org/wiki/List_of_PlayStation_4_games_(A%E2%80%93L),La ficha exacta de la edición física PAL etiqueta a esta compañía como Publisher; puede representar publicación o distribución física. | La columna PAL de la lista de PS4 atribuye la publicación a esta compañía.,Confirmar si la etiqueta Publisher representa publicación o distribución en la caja PAL.,,,CUSA00411_00,,Rockstar Games,rockstar-games,pricecharting,2026-09-05,company-credit-ps4-pal-high-additions-1,READY_ADD_MISSING
ps4-guilty-gear-strive,Guilty Gear Strive,PAL España,standard,guilty gear strive,guilty gear strive,GAME_OR_UNKNOWN,DEVELOPER,developer,Arc System Works,arc-system-works,Arc System Works,EXACT_NAME_OR_ALIAS,,ADD_MISSING,HIGH,NO,GAME_WORK | GAME_WORK_OR_PS4_RELEASE,3,STEAM_STORE | WIKIDATA | WIKIPEDIA_PS4_LIST,B_OTHER_PLATFORM | B_PS4_RELEASE | C_DISCOVERY,https://en.wikipedia.org/wiki/List_of_PlayStation_4_games_(A%E2%80%93L) | https://store.steampowered.com/app/1384160 | https://www.wikidata.org/wiki/Q85863730,"La lista específica de PS4 atribuye el desarrollo a esta compañía. | La ficha comercial de Steam confirma la desarrolladora de la obra, no necesariamente el port de PS4. | Wikidata registra la compañía como desarrolladora.",No propagar a ports o compilaciones sin comprobar sus créditos propios.,,CUSA17004_00,,,Arc System Works,arc-system-works,official,2026-09-05,company-credit-ps4-pal-high-additions-1,READY_ADD_MISSING
ps4-guilty-gear-xrd-rev-2,Guilty Gear Xrd Rev 2,PAL España,standard,guilty gear xrd rev 2,guilty gear xrd rev 2,GAME_OR_UNKNOWN,DEVELOPER,developer,Arc System Works,arc-system-works,ARC SYSTEM WORKS | Arc System Works,EXACT_NAME_OR_ALIAS,,ADD_MISSING,HIGH,NO,GAME_WORK | MATCHED_PS4_PRODUCT | PS4_RELEASE,3,LAUNCHBOX_GAMES_DB | PLAYSTATION_STORE_EXPLICIT_CREDIT | STEAM_STORE,A_OFFICIAL_MATCHED_TITLE_CREDIT | B_OTHER_PLATFORM | C_DISCOVERY,https://store.playstation.com/es-es/product/EP4293-CUSA08260_00-GGXRDREV2EU00100 | https://store.steampowered.com/app/520440 | https://gamesdb.launchbox-app.com/games/details/140979,"Developed by ARC SYSTEM WORKS | La ficha comercial de Steam confirma la desarrolladora de la obra, no necesariamente el port de PS4. | LaunchBox registra esta desarrolladora para su ficha de PS4.",No propagar a ports o compilaciones sin comprobar sus créditos propios.,,CUSA07455_00,,,Arc System Works,arc-system-works,official,2026-09-05,company-credit-ps4-pal-high-additions-1,READY_ADD_MISSING
ps4-guilty-gear-xrd-revelator,Guilty Gear Xrd Revelator,PAL España,standard,guilty gear xrd revelator,guilty gear xrd revelator,GAME_OR_UNKNOWN,DEVELOPER,developer,Arc System Works,arc-system-works,ARC SYSTEM WORKS | Arc System Works,EXACT_NAME_OR_ALIAS,,ADD_MISSING,HIGH,NO,GAME_WORK | GAME_WORK_OR_PS4_RELEASE | MATCHED_PS4_PRODUCT | PS4_RELEASE,4,LAUNCHBOX_GAMES_DB | PLAYSTATION_STORE_EXPLICIT_CREDIT | WIKIDATA | WIKIPEDIA_PS4_LIST,A_OFFICIAL_MATCHED_TITLE_CREDIT | B_PS4_RELEASE | C_DISCOVERY,https://store.playstation.com/es-es/product/EP4293-CUSA04759_00-GGXRDREVEU000100 | https://en.wikipedia.org/wiki/List_of_PlayStation_4_games_(A%E2%80%93L) | https://www.wikidata.org/wiki/Q33111192 | https://gamesdb.launchbox-app.com/games/details/140978,"Developed by ARC SYSTEM WORKS | desarrollada por Arc System Works, ha dado lugar a uno de los juegos con gráficos más impactantes hasta la fecha | La lista específica de PS4 atribuye el desarrollo a esta compañía. | Wikidata registra la compañía como desarrolladora. | LaunchBox registra esta desarrolladora para su ficha de PS4.",No propagar a ports o compilaciones sin comprobar sus créditos propios.,,,,,Arc System Works,arc-system-works,official,2026-09-05,company-credit-ps4-pal-high-additions-1,READY_ADD_MISSING
ps4-guilty-gear-xrd-revelator-let%27s-rock-edition,Guilty Gear Xrd Revelator [Let's Rock Edition],PAL España,standard,guilty gear xrd revelator,guilty gear xrd revelator,GAME_OR_UNKNOWN,DEVELOPER,developer,Arc System Works,arc-system-works,ARC SYSTEM WORKS | Arc System Works,EXACT_NAME_OR_ALIAS,,ADD_MISSING,HIGH,NO,GAME_WORK | GAME_WORK_OR_PS4_RELEASE | MATCHED_PS4_PRODUCT | PS4_RELEASE,4,LAUNCHBOX_GAMES_DB | PLAYSTATION_STORE_EXPLICIT_CREDIT | WIKIDATA | WIKIPEDIA_PS4_LIST,A_OFFICIAL_MATCHED_TITLE_CREDIT | B_PS4_RELEASE | C_DISCOVERY,https://store.playstation.com/es-es/product/EP4293-CUSA04759_00-GGXRDREVEU000100 | https://en.wikipedia.org/wiki/List_of_PlayStation_4_games_(A%E2%80%93L) | https://www.wikidata.org/wiki/Q33111192 | https://gamesdb.launchbox-app.com/games/details/140978,"Developed by ARC SYSTEM WORKS | desarrollada por Arc System Works, ha dado lugar a uno de los juegos con gráficos más impactantes hasta la fecha | La lista específica de PS4 atribuye el desarrollo a esta compañía. | Wikidata registra la compañía como desarrolladora. | LaunchBox registra esta desarrolladora para su ficha de PS4.",No propagar a ports o compilaciones sin comprobar sus créditos propios.,,,,,Arc System Works,arc-system-works,official,2026-09-05,company-credit-ps4-pal-high-additions-1,READY_ADD_MISSING
ps4-guilty-gear-xrd-sign,Guilty Gear Xrd Sign,PAL España,standard,guilty gear xrd sign,guilty gear xrd sign,GAME_OR_UNKNOWN,DEVELOPER,developer,Arc System Works,arc-system-works,ARC SYSTEM WORKS | Arc System Works,EXACT_NAME_OR_ALIAS,,ADD_MISSING,HIGH,NO,GAME_WORK | GAME_WORK_OR_PS4_RELEASE | MATCHED_PS4_PRODUCT | PS4_RELEASE,4,LAUNCHBOX_GAMES_DB | PLAYSTATION_STORE_EXPLICIT_CREDIT | STEAM_STORE | WIKIPEDIA_PS4_LIST,A_OFFICIAL_MATCHED_TITLE_CREDIT | B_OTHER_PLATFORM | B_PS4_RELEASE | C_DISCOVERY,https://store.playstation.com/es-es/product/EP9000-CUSA01689_00-GGXRDSIGNEU00100 | https://en.wikipedia.org/wiki/List_of_PlayStation_4_games_(A%E2%80%93L) | https://store.steampowered.com/app/376300 | https://gamesdb.launchbox-app.com/games/details/30198,"Developed by ARC SYSTEM WORKS | La lista específica de PS4 atribuye el desarrollo a esta compañía. | La ficha comercial de Steam confirma la desarrolladora de la obra, no necesariamente el port de PS4. | LaunchBox registra esta desarrolladora para su ficha de PS4.",No propagar a ports o compilaciones sin comprobar sus créditos propios.,,CUSA00834_00,,,Arc System Works,arc-system-works,official,2026-09-05,company-credit-ps4-pal-high-additions-1,READY_ADD_MISSING
ps4-guns-gore-and-cannoli-2-collector%27s-edition,"Guns, Gore And Cannoli 2 [Collector's Edition]",PAL España,standard,guns gore and cannoli 2,guns gore and cannoli 2,EDITION_VARIANT,DEVELOPER,developer,Crazy Monkey Studios,crazy-monkey-studios,Crazy Monkey Studios,EXACT_NAME_OR_ALIAS,,ADD_MISSING,HIGH,NO,EXACT_PHYSICAL_EDITION | GAME_WORK | GAME_WORK_OR_PS4_RELEASE | PS4_RELEASE,4,LAUNCHBOX_GAMES_DB | PRICECHARTING_EXACT_PAL_PAGE | WIKIDATA | WIKIPEDIA_PS4_LIST,B_EXACT_PHYSICAL | B_PS4_RELEASE | C_DISCOVERY,https://www.pricecharting.com/game/pal-playstation-4/guns-gore-and-cannoli-2-collector%27s-edition | https://en.wikipedia.org/wiki/List_of_PlayStation_4_games_(A%E2%80%93L) | https://www.wikidata.org/wiki/Q106917919 | https://gamesdb.launchbox-app.com/games/details/473222,La ficha enlazada de la edición física PAL atribuye el desarrollo a esta compañía. | La lista específica de PS4 atribuye el desarrollo a esta compañía. | Wikidata registra la compañía como desarrolladora. | LaunchBox registra esta desarrolladora para su ficha de PS4.,No propagar a ports o compilaciones sin comprobar sus créditos propios.,,,,,Crazy Monkey Studios,crazy-monkey-studios,pricecharting,2026-09-05,company-credit-ps4-pal-high-additions-1,READY_ADD_MISSING
ps4-handball-17,Handball 17,PAL España,standard,handball 17,handball 17,GAME_OR_UNKNOWN,DEVELOPER,developer,EKO Software,eko-software,Eko Software,EXACT_NAME_OR_ALIAS,,ADD_MISSING,HIGH,NO,GAME_WORK | GAME_WORK_OR_PS4_RELEASE | MATCHED_PS4_PRODUCT,4,PLAYSTATION_STORE_EXPLICIT_CREDIT | STEAM_STORE | WIKIDATA | WIKIPEDIA_PS4_LIST,A_OFFICIAL_MATCHED_TITLE_CREDIT | B_OTHER_PLATFORM | B_PS4_RELEASE | C_DISCOVERY,https://store.playstation.com/es-es/product/EP4008-CUSA05580_00-HANDBALL17SCEE00 | https://en.wikipedia.org/wiki/List_of_PlayStation_4_games_(A%E2%80%93L) | https://store.steampowered.com/app/526980 | https://www.wikidata.org/wiki/Q63465948,"developed by Eko Software | La lista específica de PS4 atribuye el desarrollo a esta compañía. | La ficha comercial de Steam confirma la desarrolladora de la obra, no necesariamente el port de PS4. | Wikidata registra la compañía como desarrolladora.",No propagar a ports o compilaciones sin comprobar sus créditos propios.,,,,,EKO Software,eko-software,official,2026-09-05,company-credit-ps4-pal-high-additions-1,READY_ADD_MISSING
ps4-harvest-moon-light-of-hope-collector%27s-edition,Harvest Moon Light of Hope [Collector's Edition],PAL España,standard,harvest moon light of hope,harvest moon light of hope,EDITION_VARIANT,DEVELOPER,developer,Natsume,natsume,Natsume Inc | Natsume Inc.,EXACT_NAME_OR_ALIAS,,ADD_MISSING,HIGH,NO,EXACT_PHYSICAL_EDITION | GAME_WORK | GAME_WORK_OR_PS4_RELEASE,3,PRICECHARTING_EXACT_PAL_PAGE | STEAM_STORE | WIKIPEDIA_PS4_LIST,B_EXACT_PHYSICAL | B_OTHER_PLATFORM | B_PS4_RELEASE,https://www.pricecharting.com/game/pal-playstation-4/harvest-moon-light-of-hope-collector%27s-edition | https://en.wikipedia.org/wiki/List_of_PlayStation_4_games_(A%E2%80%93L) | https://store.steampowered.com/app/585900,"La ficha enlazada de la edición física PAL atribuye el desarrollo a esta compañía. | La lista específica de PS4 atribuye el desarrollo a esta compañía. | La ficha comercial de Steam confirma la desarrolladora de la obra, no necesariamente el port de PS4.",No propagar a ports o compilaciones sin comprobar sus créditos propios.,,,,,Natsume,natsume,official,2026-09-05,company-credit-ps4-pal-high-additions-1,READY_ADD_MISSING
ps4-harvest-moon-light-of-hope-special-complete-edition,Harvest Moon: Light of Hope [Special Complete Edition],PAL España,standard,harvest moon light of hope,harvest moon light of hope,EDITION_VARIANT,DEVELOPER,developer,Natsume,natsume,Natsume Inc.,EXACT_NAME_OR_ALIAS,,ADD_MISSING,HIGH,NO,GAME_WORK | GAME_WORK_OR_PS4_RELEASE,2,STEAM_STORE | WIKIPEDIA_PS4_LIST,B_OTHER_PLATFORM | B_PS4_RELEASE,https://en.wikipedia.org/wiki/List_of_PlayStation_4_games_(A%E2%80%93L) | https://store.steampowered.com/app/585900,"La lista específica de PS4 atribuye el desarrollo a esta compañía. | La ficha comercial de Steam confirma la desarrolladora de la obra, no necesariamente el port de PS4.",No propagar a ports o compilaciones sin comprobar sus créditos propios.,,,,,Natsume,natsume,official,2026-09-05,company-credit-ps4-pal-high-additions-1,READY_ADD_MISSING
ps4-hellpoint-signature-edition,Hellpoint [Signature Edition],PAL España,standard,hellpoint,hellpoint,GAME_OR_UNKNOWN,DEVELOPER,developer,Cradle games,cradle-games,Cradle Games,EXACT_NAME_OR_ALIAS,,ADD_MISSING,HIGH,NO,EXACT_PHYSICAL_EDITION | GAME_WORK | GAME_WORK_OR_PS4_RELEASE | PS4_RELEASE,5,LAUNCHBOX_GAMES_DB | PRICECHARTING_EXACT_PAL_PAGE | STEAM_STORE | WIKIDATA | WIKIPEDIA_PS4_LIST,B_EXACT_PHYSICAL | B_OTHER_PLATFORM | B_PS4_RELEASE | C_DISCOVERY,https://www.pricecharting.com/game/pal-playstation-4/hellpoint-signature-edition | https://en.wikipedia.org/wiki/List_of_PlayStation_4_games_(A%E2%80%93L) | https://store.steampowered.com/app/628670 | https://www.wikidata.org/wiki/Q97671619 | https://gamesdb.launchbox-app.com/games/details/473300,"La ficha enlazada de la edición física PAL atribuye el desarrollo a esta compañía. | La lista específica de PS4 atribuye el desarrollo a esta compañía. | La ficha comercial de Steam confirma la desarrolladora de la obra, no necesariamente el port de PS4. | Wikidata registra la compañía como desarrolladora. | LaunchBox registra esta desarrolladora para su ficha de PS4.",No propagar a ports o compilaciones sin comprobar sus créditos propios.,,,,,Cradle games,cradle-games,official,2026-09-05,company-credit-ps4-pal-high-additions-1,READY_ADD_MISSING
ps4-helvetii-soundtrack-edition,Helvetii [Soundtrack Edition],PAL España,standard,helvetii,helvetii,EDITION_VARIANT,DEVELOPER,developer,Team KwaKwa,team-kwakwa,Team KwaKwa,EXACT_NAME_OR_ALIAS,,ADD_MISSING,HIGH,NO,EXACT_PHYSICAL_EDITION | GAME_WORK | PS4_RELEASE,3,LAUNCHBOX_GAMES_DB | PRICECHARTING_EXACT_PAL_PAGE | STEAM_STORE,B_EXACT_PHYSICAL | B_OTHER_PLATFORM | C_DISCOVERY,https://www.pricecharting.com/game/pal-playstation-4/helvetii-soundtrack-edition | https://store.steampowered.com/app/1094590 | https://gamesdb.launchbox-app.com/games/details/473266,"La ficha enlazada de la edición física PAL atribuye el desarrollo a esta compañía. | La ficha comercial de Steam confirma la desarrolladora de la obra, no necesariamente el port de PS4. | LaunchBox registra esta desarrolladora para su ficha de PS4.",No propagar a ports o compilaciones sin comprobar sus créditos propios.,,,,,Team KwaKwa,team-kwakwa,official,2026-09-05,company-credit-ps4-pal-high-additions-1,READY_ADD_MISSING
ps4-hitman-2-gold-edition,Hitman 2 [Gold Edition],PAL España,standard,hitman 2,hitman 2,GAME_OR_UNKNOWN,DEVELOPER,developer,IO Interactive,io-interactive,IO Interactive | Io-Interactive,EXACT_NAME_OR_ALIAS,,ADD_MISSING,HIGH,NO,EXACT_PHYSICAL_EDITION | GAME_WORK_OR_PS4_RELEASE | PS4_RELEASE,3,LAUNCHBOX_GAMES_DB | PRICECHARTING_EXACT_PAL_PAGE | WIKIPEDIA_PS4_LIST,B_EXACT_PHYSICAL | B_PS4_RELEASE | C_DISCOVERY,https://www.pricecharting.com/game/pal-playstation-4/hitman-2-gold-edition | https://en.wikipedia.org/wiki/List_of_PlayStation_4_games_(A%E2%80%93L) | https://gamesdb.launchbox-app.com/games/details/211616,La ficha enlazada de la edición física PAL atribuye el desarrollo a esta compañía. | La lista específica de PS4 atribuye el desarrollo a esta compañía. | LaunchBox registra esta desarrolladora para su ficha de PS4.,No propagar a ports o compilaciones sin comprobar sus créditos propios.,,,CUSA12413_00,,IO Interactive,io-interactive,pricecharting,2026-09-05,company-credit-ps4-pal-high-additions-1,READY_ADD_MISSING
ps4-horizon-forbidden-west-special-edition,Horizon Forbidden West [Special Edition],PAL España,standard,horizon forbidden west,horizon forbidden west,EDITION_VARIANT,PHYSICAL_PUBLISHER_OR_DISTRIBUTOR,publisher,Sony Interactive Entertainment,sony-interactive-entertainment,Sony Interactive Entertainment,EXACT_NAME_OR_ALIAS,,ADD_MISSING,HIGH,NO,EXACT_PHYSICAL_EDITION | PAL_RELEASE,2,PRICECHARTING_EXACT_PAL_PAGE | WIKIPEDIA_PS4_LIST_PAL,B_EXACT_PHYSICAL | B_PAL_RELEASE,https://www.pricecharting.com/game/pal-playstation-4/horizon-forbidden-west-special-edition | https://en.wikipedia.org/wiki/List_of_PlayStation_4_games_(A%E2%80%93L),La ficha exacta de la edición física PAL etiqueta a esta compañía como Publisher; puede representar publicación o distribución física. | La columna PAL de la lista de PS4 atribuye la publicación a esta compañía.,Confirmar si la etiqueta Publisher representa publicación o distribución en la caja PAL.,,,,,Sony Interactive Entertainment,sony-interactive-entertainment,pricecharting,2026-09-05,company-credit-ps4-pal-high-additions-1,READY_ADD_MISSING
ps4-horizon-zero-dawn-collector%27s-edition,Horizon Zero Dawn [Collector's Edition],PAL España,standard,horizon zero dawn,horizon zero dawn,EDITION_VARIANT,DEVELOPER,developer,Guerrilla Games,guerrilla-games,Guerrilla Games,EXACT_NAME_OR_ALIAS,,ADD_MISSING,HIGH,NO,EXACT_PHYSICAL_EDITION | GAME_WORK_OR_PS4_RELEASE,2,PRICECHARTING_EXACT_PAL_PAGE | WIKIPEDIA_PS4_LIST,B_EXACT_PHYSICAL | B_PS4_RELEASE,https://www.pricecharting.com/game/pal-playstation-4/horizon-zero-dawn-collector%27s-edition | https://en.wikipedia.org/wiki/List_of_PlayStation_4_games_(A%E2%80%93L),La ficha enlazada de la edición física PAL atribuye el desarrollo a esta compañía. | La lista específica de PS4 atribuye el desarrollo a esta compañía.,No propagar a ports o compilaciones sin comprobar sus créditos propios.,,,,,Guerrilla Games,guerrilla-games,pricecharting,2026-09-05,company-credit-ps4-pal-high-additions-1,READY_ADD_MISSING
ps4-horizon-zero-dawn-complete-edition,Horizon Zero Dawn [Complete Edition],PAL España,standard,horizon zero dawn,horizon zero dawn,GAME_OR_UNKNOWN,DEVELOPER,developer,Guerrilla Games,guerrilla-games,Guerrilla Games,EXACT_NAME_OR_ALIAS,,ADD_MISSING,HIGH,NO,EXACT_PHYSICAL_EDITION | GAME_WORK | GAME_WORK_OR_PS4_RELEASE,3,PRICECHARTING_EXACT_PAL_PAGE | WIKIDATA | WIKIPEDIA_PS4_LIST,B_EXACT_PHYSICAL | B_PS4_RELEASE | C_DISCOVERY,https://www.pricecharting.com/game/pal-playstation-4/horizon-zero-dawn-complete-edition | https://en.wikipedia.org/wiki/List_of_PlayStation_4_games_(A%E2%80%93L) | https://www.wikidata.org/wiki/Q116771326,La ficha enlazada de la edición física PAL atribuye el desarrollo a esta compañía. | La lista específica de PS4 atribuye el desarrollo a esta compañía. | Wikidata registra la compañía como desarrolladora.,No propagar a ports o compilaciones sin comprobar sus créditos propios.,,,CUSA10213_00,,Guerrilla Games,guerrilla-games,pricecharting,2026-09-05,company-credit-ps4-pal-high-additions-1,READY_ADD_MISSING
ps4-horizon-zero-dawn-complete-edition,Horizon Zero Dawn [Complete Edition],PAL España,standard,horizon zero dawn,horizon zero dawn,GAME_OR_UNKNOWN,PHYSICAL_PUBLISHER_OR_DISTRIBUTOR,publisher,Sony Interactive Entertainment,sony-interactive-entertainment,Sony Interactive Entertainment,EXACT_NAME_OR_ALIAS,,ADD_MISSING,HIGH,NO,EXACT_PHYSICAL_EDITION | PAL_RELEASE,2,PRICECHARTING_EXACT_PAL_PAGE | WIKIPEDIA_PS4_LIST_PAL,B_EXACT_PHYSICAL | B_PAL_RELEASE,https://www.pricecharting.com/game/pal-playstation-4/horizon-zero-dawn-complete-edition | https://en.wikipedia.org/wiki/List_of_PlayStation_4_games_(A%E2%80%93L),La ficha exacta de la edición física PAL etiqueta a esta compañía como Publisher; puede representar publicación o distribución física. | La columna PAL de la lista de PS4 atribuye la publicación a esta compañía.,Confirmar si la etiqueta Publisher representa publicación o distribución en la caja PAL.,,,CUSA10213_00,,Sony Interactive Entertainment,sony-interactive-entertainment,pricecharting,2026-09-05,company-credit-ps4-pal-high-additions-1,READY_ADD_MISSING
ps4-horizon-zero-dawn-complete-edition-playstation-hits,Horizon Zero Dawn [Complete Edition Playstation Hits],PAL España,standard,horizon zero dawn,horizon zero dawn,EDITION_VARIANT,DEVELOPER,developer,Guerrilla Games,guerrilla-games,Guerrilla Games,EXACT_NAME_OR_ALIAS,,ADD_MISSING,HIGH,NO,EXACT_PHYSICAL_EDITION | GAME_WORK_OR_PS4_RELEASE,2,PRICECHARTING_EXACT_PAL_PAGE | WIKIPEDIA_PS4_LIST,B_EXACT_PHYSICAL | B_PS4_RELEASE,https://www.pricecharting.com/game/pal-playstation-4/horizon-zero-dawn-complete-edition-playstation-hits | https://en.wikipedia.org/wiki/List_of_PlayStation_4_games_(A%E2%80%93L),La ficha enlazada de la edición física PAL atribuye el desarrollo a esta compañía. | La lista específica de PS4 atribuye el desarrollo a esta compañía.,No propagar a ports o compilaciones sin comprobar sus créditos propios.,,,CUSA10211_00,,Guerrilla Games,guerrilla-games,pricecharting,2026-09-05,company-credit-ps4-pal-high-additions-1,READY_ADD_MISSING
ps4-horizon-zero-dawn-only-on-playstation,Horizon Zero Dawn [Only On PlayStation],PAL España,standard,horizon zero dawn,horizon zero dawn only on playstation,GAME_OR_UNKNOWN,DEVELOPER,developer,Guerrilla Games,guerrilla-games,Guerrilla Games,EXACT_NAME_OR_ALIAS,,ADD_MISSING,HIGH,NO,EXACT_PHYSICAL_EDITION | GAME_WORK_OR_PS4_RELEASE,2,PRICECHARTING_EXACT_PAL_PAGE | WIKIPEDIA_PS4_LIST,B_EXACT_PHYSICAL | B_PS4_RELEASE,https://www.pricecharting.com/game/pal-playstation-4/horizon-zero-dawn-only-on-playstation | https://en.wikipedia.org/wiki/List_of_PlayStation_4_games_(A%E2%80%93L),La ficha enlazada de la edición física PAL atribuye el desarrollo a esta compañía. | La lista específica de PS4 atribuye el desarrollo a esta compañía.,No propagar a ports o compilaciones sin comprobar sus créditos propios.,,,,,Guerrilla Games,guerrilla-games,pricecharting,2026-09-05,company-credit-ps4-pal-high-additions-1,READY_ADD_MISSING
ps4-horizon-zero-dawn-only-on-playstation,Horizon Zero Dawn [Only On PlayStation],PAL España,standard,horizon zero dawn,horizon zero dawn only on playstation,GAME_OR_UNKNOWN,PHYSICAL_PUBLISHER_OR_DISTRIBUTOR,publisher,Sony Interactive Entertainment,sony-interactive-entertainment,Sony Computer Entertainment | Sony Interactive Entertainment,EXACT_NAME_OR_ALIAS,,ADD_MISSING,HIGH,NO,EXACT_PHYSICAL_EDITION | PAL_RELEASE,2,PRICECHARTING_EXACT_PAL_PAGE | WIKIPEDIA_PS4_LIST_PAL,B_EXACT_PHYSICAL | B_PAL_RELEASE,https://www.pricecharting.com/game/pal-playstation-4/horizon-zero-dawn-only-on-playstation | https://en.wikipedia.org/wiki/List_of_PlayStation_4_games_(A%E2%80%93L),La ficha exacta de la edición física PAL etiqueta a esta compañía como Publisher; puede representar publicación o distribución física. | La columna PAL de la lista de PS4 atribuye la publicación a esta compañía.,Confirmar si la etiqueta Publisher representa publicación o distribución en la caja PAL.,,,,,Sony Interactive Entertainment,sony-interactive-entertainment,pricecharting,2026-09-05,company-credit-ps4-pal-high-additions-1,READY_ADD_MISSING
ps4-hot-wheels-monster-trucks-stunt-mayhem,Hot Wheels Monster Trucks: Stunt Mayhem,PAL España,standard,hot wheels monster trucks stunt mayhem,hot wheels monster trucks stunt mayhem,GAME_OR_UNKNOWN,DEVELOPER,developer,3DClouds,3dclouds,3DClouds,EXACT_NAME_OR_ALIAS,,ADD_MISSING,HIGH,NO,GAME_WORK | GAME_WORK_OR_PS4_RELEASE | PS4_RELEASE,4,LAUNCHBOX_GAMES_DB | STEAM_STORE | WIKIDATA | WIKIPEDIA_PS4_LIST,B_OTHER_PLATFORM | B_PS4_RELEASE | C_DISCOVERY,https://en.wikipedia.org/wiki/List_of_PlayStation_4_games_(A%E2%80%93L) | https://store.steampowered.com/app/2468400 | https://www.wikidata.org/wiki/Q134979024 | https://gamesdb.launchbox-app.com/games/details/475812,"La lista específica de PS4 atribuye el desarrollo a esta compañía. | La ficha comercial de Steam confirma la desarrolladora de la obra, no necesariamente el port de PS4. | Wikidata registra la compañía como desarrolladora. | LaunchBox registra esta desarrolladora para su ficha de PS4.",No propagar a ports o compilaciones sin comprobar sus créditos propios.,,CUSA44880_00,,,3DClouds,3dclouds,official,2026-09-05,company-credit-ps4-pal-high-additions-1,READY_ADD_MISSING
ps4-human-fall-flat-anniversary-edition,Human Fall Flat [Anniversary Edition],PAL España,standard,human fall flat,human fall flat,EDITION_VARIANT,DEVELOPER,developer,No Brakes Games,no-brakes-games,No Brakes Games,EXACT_NAME_OR_ALIAS,,ADD_MISSING,HIGH,NO,GAME_WORK | GAME_WORK_OR_PS4_RELEASE | PS4_RELEASE,3,LAUNCHBOX_GAMES_DB | STEAM_STORE | WIKIPEDIA_PS4_LIST,B_OTHER_PLATFORM | B_PS4_RELEASE | C_DISCOVERY,https://en.wikipedia.org/wiki/List_of_PlayStation_4_games_(A%E2%80%93L) | https://store.steampowered.com/app/477160 | https://gamesdb.launchbox-app.com/games/details/212147,"La lista específica de PS4 atribuye el desarrollo a esta compañía. | La ficha comercial de Steam confirma la desarrolladora de la obra, no necesariamente el port de PS4. | LaunchBox registra esta desarrolladora para su ficha de PS4.",No propagar a ports o compilaciones sin comprobar sus créditos propios.,,,,,No Brakes Games,no-brakes-games,official,2026-09-05,company-credit-ps4-pal-high-additions-1,READY_ADD_MISSING
ps4-immortal-unchained-collector%27s-edition,Immortal Unchained [Collector's Edition],PAL España,standard,immortal unchained,immortal unchained,EDITION_VARIANT,DEVELOPER,developer,Toadman Interactive,toadman-interactive,Toadman Interactive,EXACT_NAME_OR_ALIAS,,ADD_MISSING,HIGH,NO,GAME_WORK | GAME_WORK_OR_PS4_RELEASE | PS4_RELEASE,3,LAUNCHBOX_GAMES_DB | STEAM_STORE | WIKIPEDIA_PS4_LIST,B_OTHER_PLATFORM | B_PS4_RELEASE | C_DISCOVERY,https://en.wikipedia.org/wiki/List_of_PlayStation_4_games_(A%E2%80%93L) | https://store.steampowered.com/app/369440 | https://gamesdb.launchbox-app.com/games/details/211304,"La lista específica de PS4 atribuye el desarrollo a esta compañía. | La ficha comercial de Steam confirma la desarrolladora de la obra, no necesariamente el port de PS4. | LaunchBox registra esta desarrolladora para su ficha de PS4.",No propagar a ports o compilaciones sin comprobar sus créditos propios.,,,,,Toadman Interactive,toadman-interactive,official,2026-09-05,company-credit-ps4-pal-high-additions-1,READY_ADD_MISSING
ps4-infamous-second-son-collector%27s-edition,Infamous Second Son [Collector's Edition],PAL España,standard,infamous second son,infamous second son,EDITION_VARIANT,DEVELOPER,developer,Sucker Punch Productions,sucker-punch-productions,Sucker Punch Productions LLC | Sucker Punch Productions,EXACT_NAME_OR_ALIAS,,ADD_MISSING,HIGH,NO,GAME_WORK_OR_PS4_RELEASE | MATCHED_PS4_PRODUCT,2,PLAYSTATION_STORE_EXPLICIT_CREDIT | WIKIPEDIA_PS4_LIST,A_OFFICIAL_MATCHED_TITLE_CREDIT | B_PS4_RELEASE,https://store.playstation.com/es-es/product/EP9000-CUSA00004_00-SECONDSONSHIP000 | https://en.wikipedia.org/wiki/List_of_PlayStation_4_games_(A%E2%80%93L),"Developed by Sucker Punch Productions, LLC | Developed by Sucker Punch Productions LLC | La lista específica de PS4 atribuye el desarrollo a esta compañía.",No propagar a ports o compilaciones sin comprobar sus créditos propios.,,,,,Sucker Punch Productions,sucker-punch-productions,official,2026-09-05,company-credit-ps4-pal-high-additions-1,READY_ADD_MISSING
ps4-infamous-second-son-playstation-hits,Infamous Second Son [Playstation Hits],PAL España,standard,infamous second son,infamous second son,EDITION_VARIANT,DEVELOPER,developer,Sucker Punch Productions,sucker-punch-productions,Sucker Punch Productions LLC | Sucker Punch Productions,EXACT_NAME_OR_ALIAS,,ADD_MISSING,HIGH,NO,GAME_WORK_OR_PS4_RELEASE | MATCHED_PS4_PRODUCT,2,PLAYSTATION_STORE_EXPLICIT_CREDIT | WIKIPEDIA_PS4_LIST,A_OFFICIAL_MATCHED_TITLE_CREDIT | B_PS4_RELEASE,https://store.playstation.com/es-es/product/EP9000-CUSA00004_00-SECONDSONSHIP000 | https://en.wikipedia.org/wiki/List_of_PlayStation_4_games_(A%E2%80%93L),"Developed by Sucker Punch Productions, LLC | Developed by Sucker Punch Productions LLC | La lista específica de PS4 atribuye el desarrollo a esta compañía.",No propagar a ports o compilaciones sin comprobar sus créditos propios.,,,,,Sucker Punch Productions,sucker-punch-productions,official,2026-09-05,company-credit-ps4-pal-high-additions-1,READY_ADD_MISSING
ps4-infamous-second-son-special-edition,Infamous Second Son [Special Edition],PAL España,standard,infamous second son,infamous second son,EDITION_VARIANT,DEVELOPER,developer,Sucker Punch Productions,sucker-punch-productions,Sucker Punch Productions LLC | Sucker Punch Productions,EXACT_NAME_OR_ALIAS,,ADD_MISSING,HIGH,NO,GAME_WORK_OR_PS4_RELEASE | MATCHED_PS4_PRODUCT,2,PLAYSTATION_STORE_EXPLICIT_CREDIT | WIKIPEDIA_PS4_LIST,A_OFFICIAL_MATCHED_TITLE_CREDIT | B_PS4_RELEASE,https://store.playstation.com/es-es/product/EP9000-CUSA00004_00-SECONDSONSHIP000 | https://en.wikipedia.org/wiki/List_of_PlayStation_4_games_(A%E2%80%93L),"Developed by Sucker Punch Productions, LLC | Developed by Sucker Punch Productions LLC | La lista específica de PS4 atribuye el desarrollo a esta compañía.",No propagar a ports o compilaciones sin comprobar sus créditos propios.,,,,,Sucker Punch Productions,sucker-punch-productions,official,2026-09-05,company-credit-ps4-pal-high-additions-1,READY_ADD_MISSING
ps4-injustice-2-day-one-edition-legendary-edition,Injustice 2 [Day One Edition Legendary Edition],PAL España,standard,injustice 2,injustice 2,EDITION_VARIANT,DEVELOPER,developer,NetherRealm Studios,netherrealm-studios,NetherRealm Studios,EXACT_NAME_OR_ALIAS,,ADD_MISSING,HIGH,NO,GAME_WORK | GAME_WORK_OR_PS4_RELEASE | MATCHED_PS4_PRODUCT | PS4_RELEASE,5,LAUNCHBOX_GAMES_DB | PLAYSTATION_STORE_EXPLICIT_CREDIT | STEAM_STORE | WIKIDATA | WIKIPEDIA_PS4_LIST,A_OFFICIAL_MATCHED_TITLE_CREDIT | B_OTHER_PLATFORM | B_PS4_RELEASE | C_DISCOVERY,https://store.playstation.com/es-es/product/EP1018-CUSA05459_00-INJUSTICE2000000 | https://en.wikipedia.org/wiki/List_of_PlayStation_4_games_(A%E2%80%93L) | https://store.steampowered.com/app/627270 | https://www.wikidata.org/wiki/Q24717189 | https://gamesdb.launchbox-app.com/games/details/149753,"Developed by NetherRealm Studios | La lista específica de PS4 atribuye el desarrollo a esta compañía. | La ficha comercial de Steam confirma la desarrolladora de la obra, no necesariamente el port de PS4. | Wikidata registra la compañía como desarrolladora. | LaunchBox registra esta desarrolladora para su ficha de PS4.",No propagar a ports o compilaciones sin comprobar sus créditos propios.,,,CUSA10688_00,,NetherRealm Studios,netherrealm-studios,official,2026-09-05,company-credit-ps4-pal-high-additions-1,READY_ADD_MISSING
ps4-injustice-2-deluxe-edition,Injustice 2 [Deluxe Edition],PAL España,standard,injustice 2,injustice 2,EDITION_VARIANT,DEVELOPER,developer,NetherRealm Studios,netherrealm-studios,NetherRealm Studios,EXACT_NAME_OR_ALIAS,,ADD_MISSING,HIGH,NO,GAME_WORK | GAME_WORK_OR_PS4_RELEASE | MATCHED_PS4_PRODUCT | PS4_RELEASE,5,LAUNCHBOX_GAMES_DB | PLAYSTATION_STORE_EXPLICIT_CREDIT | STEAM_STORE | WIKIDATA | WIKIPEDIA_PS4_LIST,A_OFFICIAL_MATCHED_TITLE_CREDIT | B_OTHER_PLATFORM | B_PS4_RELEASE | C_DISCOVERY,https://store.playstation.com/es-es/product/EP1018-CUSA05459_00-INJUSTICE2000000 | https://en.wikipedia.org/wiki/List_of_PlayStation_4_games_(A%E2%80%93L) | https://store.steampowered.com/app/627270 | https://www.wikidata.org/wiki/Q24717189 | https://gamesdb.launchbox-app.com/games/details/149753,"Developed by NetherRealm Studios | La lista específica de PS4 atribuye el desarrollo a esta compañía. | La ficha comercial de Steam confirma la desarrolladora de la obra, no necesariamente el port de PS4. | Wikidata registra la compañía como desarrolladora. | LaunchBox registra esta desarrolladora para su ficha de PS4.",No propagar a ports o compilaciones sin comprobar sus créditos propios.,,,,,NetherRealm Studios,netherrealm-studios,official,2026-09-05,company-credit-ps4-pal-high-additions-1,READY_ADD_MISSING
ps4-injustice-2-playstation-hits,Injustice 2 [Playstation Hits],PAL España,standard,injustice 2,injustice 2,EDITION_VARIANT,DEVELOPER,developer,NetherRealm Studios,netherrealm-studios,NetherRealm Studios,EXACT_NAME_OR_ALIAS,,ADD_MISSING,HIGH,NO,GAME_WORK | GAME_WORK_OR_PS4_RELEASE | MATCHED_PS4_PRODUCT | PS4_RELEASE,5,LAUNCHBOX_GAMES_DB | PLAYSTATION_STORE_EXPLICIT_CREDIT | STEAM_STORE | WIKIDATA | WIKIPEDIA_PS4_LIST,A_OFFICIAL_MATCHED_TITLE_CREDIT | B_OTHER_PLATFORM | B_PS4_RELEASE | C_DISCOVERY,https://store.playstation.com/es-es/product/EP1018-CUSA05459_00-INJUSTICE2000000 | https://en.wikipedia.org/wiki/List_of_PlayStation_4_games_(A%E2%80%93L) | https://store.steampowered.com/app/627270 | https://www.wikidata.org/wiki/Q24717189 | https://gamesdb.launchbox-app.com/games/details/149753,"Developed by NetherRealm Studios | La lista específica de PS4 atribuye el desarrollo a esta compañía. | La ficha comercial de Steam confirma la desarrolladora de la obra, no necesariamente el port de PS4. | Wikidata registra la compañía como desarrolladora. | LaunchBox registra esta desarrolladora para su ficha de PS4.",No propagar a ports o compilaciones sin comprobar sus créditos propios.,,,CUSA05459_00,,NetherRealm Studios,netherrealm-studios,official,2026-09-05,company-credit-ps4-pal-high-additions-1,READY_ADD_MISSING
ps4-injustice-2-ultimate-edition,Injustice 2 [Ultimate Edition],PAL España,standard,injustice 2,injustice 2,EDITION_VARIANT,DEVELOPER,developer,NetherRealm Studios,netherrealm-studios,NetherRealm Studios,EXACT_NAME_OR_ALIAS,,ADD_MISSING,HIGH,NO,GAME_WORK | GAME_WORK_OR_PS4_RELEASE | MATCHED_PS4_PRODUCT | PS4_RELEASE,5,LAUNCHBOX_GAMES_DB | PLAYSTATION_STORE_EXPLICIT_CREDIT | STEAM_STORE | WIKIDATA | WIKIPEDIA_PS4_LIST,A_OFFICIAL_MATCHED_TITLE_CREDIT | B_OTHER_PLATFORM | B_PS4_RELEASE | C_DISCOVERY,https://store.playstation.com/es-es/product/EP1018-CUSA05459_00-INJUSTICE2000000 | https://en.wikipedia.org/wiki/List_of_PlayStation_4_games_(A%E2%80%93L) | https://store.steampowered.com/app/627270 | https://www.wikidata.org/wiki/Q24717189 | https://gamesdb.launchbox-app.com/games/details/149753,"Developed by NetherRealm Studios | La lista específica de PS4 atribuye el desarrollo a esta compañía. | La ficha comercial de Steam confirma la desarrolladora de la obra, no necesariamente el port de PS4. | Wikidata registra la compañía como desarrolladora. | LaunchBox registra esta desarrolladora para su ficha de PS4.",No propagar a ports o compilaciones sin comprobar sus créditos propios.,,,,,NetherRealm Studios,netherrealm-studios,official,2026-09-05,company-credit-ps4-pal-high-additions-1,READY_ADD_MISSING
ps4-jump-force-collector%27s-edition,Jump Force [Collector's Edition],PAL España,standard,jump force,jump force,EDITION_VARIANT,PHYSICAL_PUBLISHER_OR_DISTRIBUTOR,publisher,Bandai Namco Entertainment,bandai-namco-entertainment,Bandai Namco | Bandai Namco Entertainment,EXACT_NAME_OR_ALIAS,,ADD_MISSING,HIGH,NO,EXACT_PHYSICAL_EDITION | PAL_RELEASE,2,PRICECHARTING_EXACT_PAL_PAGE | WIKIPEDIA_PS4_LIST_PAL,B_EXACT_PHYSICAL | B_PAL_RELEASE,https://www.pricecharting.com/game/pal-playstation-4/jump-force-collector%27s-edition | https://en.wikipedia.org/wiki/List_of_PlayStation_4_games_(A%E2%80%93L),La ficha exacta de la edición física PAL etiqueta a esta compañía como Publisher; puede representar publicación o distribución física. | La columna PAL de la lista de PS4 atribuye la publicación a esta compañía.,Confirmar si la etiqueta Publisher representa publicación o distribución en la caja PAL.,,,,,Bandai Namco Entertainment,bandai-namco-entertainment,pricecharting,2026-09-05,company-credit-ps4-pal-high-additions-1,READY_ADD_MISSING
ps4-just-cause-3-collector%27s-edition,Just Cause 3 [Collector's Edition],PAL España,standard,just cause 3,just cause 3,EDITION_VARIANT,DEVELOPER,developer,Avalanche Studios,avalanche-studios,Avalanche Studios,EXACT_NAME_OR_ALIAS,,ADD_MISSING,HIGH,NO,GAME_WORK | GAME_WORK_OR_PS4_RELEASE | MATCHED_PS4_PRODUCT | PS4_RELEASE,4,LAUNCHBOX_GAMES_DB | PLAYSTATION_STORE_EXPLICIT_CREDIT | STEAM_STORE | WIKIPEDIA_PS4_LIST,A_OFFICIAL_MATCHED_TITLE_CREDIT | B_OTHER_PLATFORM | B_PS4_RELEASE | C_DISCOVERY,https://store.playstation.com/es-es/product/EP0082-CUSA02747_00-JUSTCAUSE3EU0000 | https://en.wikipedia.org/wiki/List_of_PlayStation_4_games_(A%E2%80%93L) | https://store.steampowered.com/app/225540 | https://gamesdb.launchbox-app.com/games/details/34217,"Developed by Avalanche Studios | La lista específica de PS4 atribuye el desarrollo a esta compañía. | La ficha comercial de Steam confirma la desarrolladora de la obra, no necesariamente el port de PS4. | LaunchBox registra esta desarrolladora para su ficha de PS4.",No propagar a ports o compilaciones sin comprobar sus créditos propios.,,,,,Avalanche Studios,avalanche-studios,official,2026-09-05,company-credit-ps4-pal-high-additions-1,READY_ADD_MISSING
ps4-just-cause-3-gold-edition,Just Cause 3 [Gold Edition],PAL España,standard,just cause 3,just cause 3,GAME_OR_UNKNOWN,DEVELOPER,developer,Avalanche Studios,avalanche-studios,Avalanche Studios,EXACT_NAME_OR_ALIAS,,ADD_MISSING,HIGH,NO,EXACT_PHYSICAL_EDITION | GAME_WORK | GAME_WORK_OR_PS4_RELEASE | MATCHED_PS4_PRODUCT,4,PLAYSTATION_STORE_EXPLICIT_CREDIT | PRICECHARTING_EXACT_PAL_PAGE | STEAM_STORE | WIKIPEDIA_PS4_LIST,A_OFFICIAL_MATCHED_TITLE_CREDIT | B_EXACT_PHYSICAL | B_OTHER_PLATFORM | B_PS4_RELEASE,https://store.playstation.com/es-es/product/EP0082-CUSA02747_00-JUSTCAUSE3EU0000 | https://www.pricecharting.com/game/pal-playstation-4/just-cause-3-gold-edition | https://en.wikipedia.org/wiki/List_of_PlayStation_4_games_(A%E2%80%93L) | https://store.steampowered.com/app/225540,"Developed by Avalanche Studios | La ficha enlazada de la edición física PAL atribuye el desarrollo a esta compañía. | La lista específica de PS4 atribuye el desarrollo a esta compañía. | La ficha comercial de Steam confirma la desarrolladora de la obra, no necesariamente el port de PS4.",No propagar a ports o compilaciones sin comprobar sus créditos propios.,,,CUSA02747_00,,Avalanche Studios,avalanche-studios,official,2026-09-05,company-credit-ps4-pal-high-additions-1,READY_ADD_MISSING
ps4-kao-the-kangaroo-collector%27s-edition,Kao the Kangaroo [Collector's Edition],PAL España,standard,kao the kangaroo,kao the kangaroo,EDITION_VARIANT,DEVELOPER,developer,Tate Multimedia,tate-multimedia,Tate Multimedia,EXACT_NAME_OR_ALIAS,,ADD_MISSING,HIGH,NO,GAME_WORK | GAME_WORK_OR_PS4_RELEASE | PS4_RELEASE,4,LAUNCHBOX_GAMES_DB | STEAM_STORE | WIKIDATA | WIKIPEDIA_PS4_LIST,B_OTHER_PLATFORM | B_PS4_RELEASE | C_DISCOVERY,https://en.wikipedia.org/wiki/List_of_PlayStation_4_games_(A%E2%80%93L) | https://store.steampowered.com/app/1370140 | https://www.wikidata.org/wiki/Q110247557 | https://gamesdb.launchbox-app.com/games/details/473342,"La lista específica de PS4 atribuye el desarrollo a esta compañía. | La ficha comercial de Steam confirma la desarrolladora de la obra, no necesariamente el port de PS4. | Wikidata registra la compañía como desarrolladora. | LaunchBox registra esta desarrolladora para su ficha de PS4.",No propagar a ports o compilaciones sin comprobar sus créditos propios.,,,,,Tate Multimedia,tate-multimedia,official,2026-09-05,company-credit-ps4-pal-high-additions-1,READY_ADD_MISSING
ps4-kao-the-kangaroo-super-jump-edition,Kao the Kangaroo [Super Jump Edition],PAL España,standard,kao the kangaroo,kao the kangaroo,GAME_OR_UNKNOWN,DEVELOPER,developer,Tate Multimedia,tate-multimedia,Tate Multimedia,EXACT_NAME_OR_ALIAS,,ADD_MISSING,HIGH,NO,EXACT_PHYSICAL_EDITION | GAME_WORK | GAME_WORK_OR_PS4_RELEASE | PS4_RELEASE,5,LAUNCHBOX_GAMES_DB | PRICECHARTING_EXACT_PAL_PAGE | STEAM_STORE | WIKIDATA | WIKIPEDIA_PS4_LIST,B_EXACT_PHYSICAL | B_OTHER_PLATFORM | B_PS4_RELEASE | C_DISCOVERY,https://www.pricecharting.com/game/pal-playstation-4/kao-the-kangaroo-super-jump-edition | https://en.wikipedia.org/wiki/List_of_PlayStation_4_games_(A%E2%80%93L) | https://store.steampowered.com/app/1370140 | https://www.wikidata.org/wiki/Q110247557 | https://gamesdb.launchbox-app.com/games/details/473342,"La ficha enlazada de la edición física PAL atribuye el desarrollo a esta compañía. | La lista específica de PS4 atribuye el desarrollo a esta compañía. | La ficha comercial de Steam confirma la desarrolladora de la obra, no necesariamente el port de PS4. | Wikidata registra la compañía como desarrolladora. | LaunchBox registra esta desarrolladora para su ficha de PS4.",No propagar a ports o compilaciones sin comprobar sus créditos propios.,,,,,Tate Multimedia,tate-multimedia,official,2026-09-05,company-credit-ps4-pal-high-additions-1,READY_ADD_MISSING
ps4-killzone-shadow-fall-playstation-hits,Killzone Shadow Fall [Playstation Hits],PAL España,standard,killzone shadow fall,killzone shadow fall,EDITION_VARIANT,DEVELOPER,developer,Guerrilla,guerrilla,Guerrilla,EXACT_NAME_OR_ALIAS,,ADD_MISSING,HIGH,NO,MATCHED_PS4_PRODUCT | PS4_RELEASE,2,LAUNCHBOX_GAMES_DB | PLAYSTATION_STORE_EXPLICIT_CREDIT,A_OFFICIAL_MATCHED_TITLE_CREDIT | C_DISCOVERY,https://store.playstation.com/es-es/product/EP9000-CUSA00002_00-KZ4RELEASE000041 | https://gamesdb.launchbox-app.com/games/details/18223,Developed by Guerrilla | Desarrollado por Guerrilla | LaunchBox registra esta desarrolladora para su ficha de PS4.,No propagar a ports o compilaciones sin comprobar sus créditos propios.,,,,,Guerrilla,guerrilla,official,2026-09-05,company-credit-ps4-pal-high-additions-1,READY_ADD_MISSING
ps4-killzone-shadow-fall-steelbook-edition,Killzone Shadow Fall [Steelbook Edition],PAL España,standard,killzone shadow fall,killzone shadow fall,EDITION_VARIANT,DEVELOPER,developer,Guerrilla,guerrilla,Guerrilla,EXACT_NAME_OR_ALIAS,,ADD_MISSING,HIGH,NO,MATCHED_PS4_PRODUCT | PS4_RELEASE,2,LAUNCHBOX_GAMES_DB | PLAYSTATION_STORE_EXPLICIT_CREDIT,A_OFFICIAL_MATCHED_TITLE_CREDIT | C_DISCOVERY,https://store.playstation.com/es-es/product/EP9000-CUSA00002_00-KZ4RELEASE000041 | https://gamesdb.launchbox-app.com/games/details/18223,Developed by Guerrilla | Desarrollado por Guerrilla | LaunchBox registra esta desarrolladora para su ficha de PS4.,No propagar a ports o compilaciones sin comprobar sus créditos propios.,,,,,Guerrilla,guerrilla,official,2026-09-05,company-credit-ps4-pal-high-additions-1,READY_ADD_MISSING
ps4-kingdom-come-deliverance,Kingdom Come Deliverance,PAL España,standard,kingdom come deliverance,kingdom come deliverance,GAME_OR_UNKNOWN,DEVELOPER,developer,Warhorse Studios,warhorse-studios,Warhorse Studios,EXACT_NAME_OR_ALIAS,,ADD_MISSING,HIGH,NO,GAME_WORK | GAME_WORK_OR_PS4_RELEASE | PS4_RELEASE,4,LAUNCHBOX_GAMES_DB | STEAM_STORE | WIKIDATA | WIKIPEDIA_PS4_LIST,B_OTHER_PLATFORM | B_PS4_RELEASE | C_DISCOVERY,https://en.wikipedia.org/wiki/List_of_PlayStation_4_games_(A%E2%80%93L) | https://store.steampowered.com/app/379430 | https://www.wikidata.org/wiki/Q15408545 | https://gamesdb.launchbox-app.com/games/details/172230,"La lista específica de PS4 atribuye el desarrollo a esta compañía. | La ficha comercial de Steam confirma la desarrolladora de la obra, no necesariamente el port de PS4. | Wikidata registra la compañía como desarrolladora. | LaunchBox registra esta desarrolladora para su ficha de PS4.",No propagar a ports o compilaciones sin comprobar sus créditos propios.,,CUSA07180_00,,,Warhorse Studios,warhorse-studios,official,2026-09-05,company-credit-ps4-pal-high-additions-1,READY_ADD_MISSING
ps4-kingdom-come-deliverance-limited-collector%27s-edition,Kingdom Come Deliverance [Limited Collector's Edition],PAL España,standard,kingdom come deliverance,kingdom come deliverance,EDITION_VARIANT,DEVELOPER,developer,Warhorse Studios,warhorse-studios,Warhorse Studios,EXACT_NAME_OR_ALIAS,,ADD_MISSING,HIGH,NO,GAME_WORK | GAME_WORK_OR_PS4_RELEASE | PS4_RELEASE,4,LAUNCHBOX_GAMES_DB | STEAM_STORE | WIKIDATA | WIKIPEDIA_PS4_LIST,B_OTHER_PLATFORM | B_PS4_RELEASE | C_DISCOVERY,https://en.wikipedia.org/wiki/List_of_PlayStation_4_games_(A%E2%80%93L) | https://store.steampowered.com/app/379430 | https://www.wikidata.org/wiki/Q15408545 | https://gamesdb.launchbox-app.com/games/details/172230,"La lista específica de PS4 atribuye el desarrollo a esta compañía. | La ficha comercial de Steam confirma la desarrolladora de la obra, no necesariamente el port de PS4. | Wikidata registra la compañía como desarrolladora. | LaunchBox registra esta desarrolladora para su ficha de PS4.",No propagar a ports o compilaciones sin comprobar sus créditos propios.,,,,,Warhorse Studios,warhorse-studios,official,2026-09-05,company-credit-ps4-pal-high-additions-1,READY_ADD_MISSING
ps4-kingdom-come-deliverance-royal-collector%27s-edition,Kingdom Come Deliverance [Royal Collector's Edition],PAL España,standard,kingdom come deliverance,kingdom come deliverance,EDITION_VARIANT,DEVELOPER,developer,Warhorse Studios,warhorse-studios,Warhorse Studios,EXACT_NAME_OR_ALIAS,,ADD_MISSING,HIGH,NO,EXACT_PHYSICAL_EDITION | GAME_WORK | GAME_WORK_OR_PS4_RELEASE | PS4_RELEASE,5,LAUNCHBOX_GAMES_DB | PRICECHARTING_EXACT_PAL_PAGE | STEAM_STORE | WIKIDATA | WIKIPEDIA_PS4_LIST,B_EXACT_PHYSICAL | B_OTHER_PLATFORM | B_PS4_RELEASE | C_DISCOVERY,https://www.pricecharting.com/game/pal-playstation-4/kingdom-come-deliverance-royal-collector%27s-edition | https://en.wikipedia.org/wiki/List_of_PlayStation_4_games_(A%E2%80%93L) | https://store.steampowered.com/app/379430 | https://www.wikidata.org/wiki/Q15408545 | https://gamesdb.launchbox-app.com/games/details/172230,"La ficha enlazada de la edición física PAL atribuye el desarrollo a esta compañía. | La lista específica de PS4 atribuye el desarrollo a esta compañía. | La ficha comercial de Steam confirma la desarrolladora de la obra, no necesariamente el port de PS4. | Wikidata registra la compañía como desarrolladora. | LaunchBox registra esta desarrolladora para su ficha de PS4.",No propagar a ports o compilaciones sin comprobar sus créditos propios.,,,,,Warhorse Studios,warhorse-studios,official,2026-09-05,company-credit-ps4-pal-high-additions-1,READY_ADD_MISSING
ps4-kingdom-come-deliverance-royal-collector%27s-edition,Kingdom Come Deliverance [Royal Collector's Edition],PAL España,standard,kingdom come deliverance,kingdom come deliverance,EDITION_VARIANT,PHYSICAL_PUBLISHER_OR_DISTRIBUTOR,publisher,Deep SIlver,deep-silver,Deep Silver,EXACT_NAME_OR_ALIAS,,ADD_MISSING,HIGH,NO,EXACT_PHYSICAL_EDITION | PAL_RELEASE,2,PRICECHARTING_EXACT_PAL_PAGE | WIKIPEDIA_PS4_LIST_PAL,B_EXACT_PHYSICAL | B_PAL_RELEASE,https://www.pricecharting.com/game/pal-playstation-4/kingdom-come-deliverance-royal-collector%27s-edition | https://en.wikipedia.org/wiki/List_of_PlayStation_4_games_(A%E2%80%93L),La ficha exacta de la edición física PAL etiqueta a esta compañía como Publisher; puede representar publicación o distribución física. | La columna PAL de la lista de PS4 atribuye la publicación a esta compañía.,Confirmar si la etiqueta Publisher representa publicación o distribución en la caja PAL.,,,,,Deep SIlver,deep-silver,pricecharting,2026-09-05,company-credit-ps4-pal-high-additions-1,READY_ADD_MISSING
ps4-kingdom-come-deliverance-royal-edition,Kingdom Come Deliverance [Royal Edition],PAL España,standard,kingdom come deliverance,kingdom come deliverance,GAME_OR_UNKNOWN,DEVELOPER,developer,Warhorse Studios,warhorse-studios,Warhorse Studios,EXACT_NAME_OR_ALIAS,,ADD_MISSING,HIGH,NO,EXACT_PHYSICAL_EDITION | GAME_WORK | GAME_WORK_OR_PS4_RELEASE | PS4_RELEASE,5,LAUNCHBOX_GAMES_DB | PRICECHARTING_EXACT_PAL_PAGE | STEAM_STORE | WIKIDATA | WIKIPEDIA_PS4_LIST,B_EXACT_PHYSICAL | B_OTHER_PLATFORM | B_PS4_RELEASE | C_DISCOVERY,https://www.pricecharting.com/game/pal-playstation-4/kingdom-come-deliverance-royal-edition | https://en.wikipedia.org/wiki/List_of_PlayStation_4_games_(A%E2%80%93L) | https://store.steampowered.com/app/379430 | https://www.wikidata.org/wiki/Q15408545 | https://gamesdb.launchbox-app.com/games/details/452202,"La ficha enlazada de la edición física PAL atribuye el desarrollo a esta compañía. | La lista específica de PS4 atribuye el desarrollo a esta compañía. | La ficha comercial de Steam confirma la desarrolladora de la obra, no necesariamente el port de PS4. | Wikidata registra la compañía como desarrolladora. | LaunchBox registra esta desarrolladora para su ficha de PS4.",No propagar a ports o compilaciones sin comprobar sus créditos propios.,,,,,Warhorse Studios,warhorse-studios,official,2026-09-05,company-credit-ps4-pal-high-additions-1,READY_ADD_MISSING
ps4-kingdom-come-deliverance-royal-edition,Kingdom Come Deliverance [Royal Edition],PAL España,standard,kingdom come deliverance,kingdom come deliverance,GAME_OR_UNKNOWN,PHYSICAL_PUBLISHER_OR_DISTRIBUTOR,publisher,Deep SIlver,deep-silver,Deep Silver,EXACT_NAME_OR_ALIAS,,ADD_MISSING,HIGH,NO,EXACT_PHYSICAL_EDITION | PAL_RELEASE,2,PRICECHARTING_EXACT_PAL_PAGE | WIKIPEDIA_PS4_LIST_PAL,B_EXACT_PHYSICAL | B_PAL_RELEASE,https://www.pricecharting.com/game/pal-playstation-4/kingdom-come-deliverance-royal-edition | https://en.wikipedia.org/wiki/List_of_PlayStation_4_games_(A%E2%80%93L),La ficha exacta de la edición física PAL etiqueta a esta compañía como Publisher; puede representar publicación o distribución física. | La columna PAL de la lista de PS4 atribuye la publicación a esta compañía.,Confirmar si la etiqueta Publisher representa publicación o distribución en la caja PAL.,,,,,Deep SIlver,deep-silver,pricecharting,2026-09-05,company-credit-ps4-pal-high-additions-1,READY_ADD_MISSING
ps4-kingdom-come-deliverance-special-edition,Kingdom Come Deliverance [Special Edition],PAL España,standard,kingdom come deliverance,kingdom come deliverance,EDITION_VARIANT,DEVELOPER,developer,Warhorse Studios,warhorse-studios,Warhorse Studios,EXACT_NAME_OR_ALIAS,,ADD_MISSING,HIGH,NO,GAME_WORK | GAME_WORK_OR_PS4_RELEASE | PS4_RELEASE,4,LAUNCHBOX_GAMES_DB | STEAM_STORE | WIKIDATA | WIKIPEDIA_PS4_LIST,B_OTHER_PLATFORM | B_PS4_RELEASE | C_DISCOVERY,https://en.wikipedia.org/wiki/List_of_PlayStation_4_games_(A%E2%80%93L) | https://store.steampowered.com/app/379430 | https://www.wikidata.org/wiki/Q15408545 | https://gamesdb.launchbox-app.com/games/details/172230,"La lista específica de PS4 atribuye el desarrollo a esta compañía. | La ficha comercial de Steam confirma la desarrolladora de la obra, no necesariamente el port de PS4. | Wikidata registra la compañía como desarrolladora. | LaunchBox registra esta desarrolladora para su ficha de PS4.",No propagar a ports o compilaciones sin comprobar sus créditos propios.,,,,,Warhorse Studios,warhorse-studios,official,2026-09-05,company-credit-ps4-pal-high-additions-1,READY_ADD_MISSING
ps4-knack-2,Knack 2,PAL España,standard,knack 2,knack 2,GAME_OR_UNKNOWN,DEVELOPER,developer,JAPAN Studio,japan-studio,Japan Studio,EXACT_NAME_OR_ALIAS,,ADD_MISSING,HIGH,NO,GAME_WORK | GAME_WORK_OR_PS4_RELEASE | MATCHED_PS4_PRODUCT,3,PLAYSTATION_STORE_EXPLICIT_CREDIT | WIKIDATA | WIKIPEDIA_PS4_LIST,A_OFFICIAL_MATCHED_TITLE_CREDIT | B_PS4_RELEASE | C_DISCOVERY,https://store.playstation.com/es-es/product/EP9000-CUSA07670_00-KNACK20000000000 | https://en.wikipedia.org/wiki/List_of_PlayStation_4_games_(A%E2%80%93L) | https://www.wikidata.org/wiki/Q28127331,Developed by Japan Studio | La lista específica de PS4 atribuye el desarrollo a esta compañía. | Wikidata registra la compañía como desarrolladora.,No propagar a ports o compilaciones sin comprobar sus créditos propios.,,CUSA04774_00,,,JAPAN Studio,japan-studio,official,2026-09-05,company-credit-ps4-pal-high-additions-1,READY_ADD_MISSING
ps4-lara-croft-and-the-temple-of-osiris-gold-edition,Lara Croft And The Temple Of Osiris [Gold Edition],PAL España,standard,lara croft and the temple of osiris,lara croft and the temple of osiris,GAME_OR_UNKNOWN,DEVELOPER,developer,Crystal Dynamics,crystal-dynamics,Crystal Dynamics,EXACT_NAME_OR_ALIAS,,ADD_MISSING,HIGH,NO,GAME_WORK | GAME_WORK_OR_PS4_RELEASE | PS4_RELEASE,4,LAUNCHBOX_GAMES_DB | STEAM_STORE | WIKIDATA | WIKIPEDIA_PS4_LIST,B_OTHER_PLATFORM | B_PS4_RELEASE | C_DISCOVERY,https://en.wikipedia.org/wiki/List_of_PlayStation_4_games_(A%E2%80%93L) | https://store.steampowered.com/app/289690 | https://www.wikidata.org/wiki/Q17181585 | https://gamesdb.launchbox-app.com/games/details/134209,"La lista específica de PS4 atribuye el desarrollo a esta compañía. | La ficha comercial de Steam confirma la desarrolladora de la obra, no necesariamente el port de PS4. | Wikidata registra la compañía como desarrolladora. | LaunchBox registra esta desarrolladora para su ficha de PS4.",No propagar a ports o compilaciones sin comprobar sus créditos propios.,,,,,Crystal Dynamics,crystal-dynamics,official,2026-09-05,company-credit-ps4-pal-high-additions-1,READY_ADD_MISSING
ps4-legend-of-kay-anniversary,Legend of Kay Anniversary,PAL España,standard,legend of kay anniversary,legend of kay,EDITION_VARIANT,DEVELOPER,developer,Kaiko,kaiko,Kaiko | KAIKO,EXACT_NAME_OR_ALIAS,,ADD_MISSING,HIGH,NO,GAME_WORK | MATCHED_PS4_PRODUCT,2,PLAYSTATION_STORE_EXPLICIT_CREDIT | STEAM_STORE,A_OFFICIAL_MATCHED_TITLE_CREDIT | B_OTHER_PLATFORM,https://store.playstation.com/es-es/product/EP4389-CUSA01153_00-LOKHDROCKSPS4EU1 | https://store.steampowered.com/app/313810,"Developed by Kaiko | La ficha comercial de Steam confirma la desarrolladora de la obra, no necesariamente el port de PS4.",No propagar a ports o compilaciones sin comprobar sus créditos propios.,,,,,Kaiko,kaiko,official,2026-09-05,company-credit-ps4-pal-high-additions-1,READY_ADD_MISSING
ps4-lego-batman-3-beyond-gotham-playstation-hits,LEGO Batman 3: Beyond Gotham [Playstation Hits],PAL España,standard,lego batman 3 beyond gotham,lego batman 3 beyond gotham,EDITION_VARIANT,DEVELOPER,developer,TT Games Ltd,tt-games,TT Games | TT Games Ltd,EXACT_NAME_OR_ALIAS,,ADD_MISSING,HIGH,NO,GAME_WORK | GAME_WORK_OR_PS4_RELEASE,2,STEAM_STORE | WIKIPEDIA_PS4_LIST,B_OTHER_PLATFORM | B_PS4_RELEASE,https://en.wikipedia.org/wiki/List_of_PlayStation_4_games_(A%E2%80%93L) | https://store.steampowered.com/app/313690,"La lista específica de PS4 atribuye el desarrollo a esta compañía. | La ficha comercial de Steam confirma la desarrolladora de la obra, no necesariamente el port de PS4.",No propagar a ports o compilaciones sin comprobar sus créditos propios.,,,,,TT Games Ltd,tt-games,official,2026-09-05,company-credit-ps4-pal-high-additions-1,READY_ADD_MISSING
ps4-lego-dc-super-villains-deluxe-edition,LEGO DC Super-Villains [Deluxe Edition],PAL España,standard,lego dc super villains,lego dc super villains,EDITION_VARIANT,DEVELOPER,developer,TT Games Ltd,tt-games,TT Games,EXACT_NAME_OR_ALIAS,,ADD_MISSING,HIGH,NO,GAME_WORK | GAME_WORK_OR_PS4_RELEASE,2,STEAM_STORE | WIKIPEDIA_PS4_LIST,B_OTHER_PLATFORM | B_PS4_RELEASE,https://en.wikipedia.org/wiki/List_of_PlayStation_4_games_(A%E2%80%93L) | https://store.steampowered.com/app/829110,"La lista específica de PS4 atribuye el desarrollo a esta compañía. | La ficha comercial de Steam confirma la desarrolladora de la obra, no necesariamente el port de PS4.",No propagar a ports o compilaciones sin comprobar sus créditos propios.,,,,,TT Games Ltd,tt-games,official,2026-09-05,company-credit-ps4-pal-high-additions-1,READY_ADD_MISSING
ps4-lego-marvel-super-heroes-2-deluxe-edition,LEGO Marvel Super Heroes 2 [Deluxe Edition],PAL España,standard,lego marvel super heroes 2,lego marvel super heroes 2,EDITION_VARIANT,DEVELOPER,developer,TT Games Ltd,tt-games,TT Games,EXACT_NAME_OR_ALIAS,,ADD_MISSING,HIGH,NO,GAME_WORK | GAME_WORK_OR_PS4_RELEASE,3,STEAM_STORE | WIKIDATA | WIKIPEDIA_PS4_LIST,B_OTHER_PLATFORM | B_PS4_RELEASE | C_DISCOVERY,https://en.wikipedia.org/wiki/List_of_PlayStation_4_games_(A%E2%80%93L) | https://store.steampowered.com/app/647830 | https://www.wikidata.org/wiki/Q29959076,"La lista específica de PS4 atribuye el desarrollo a esta compañía. | La ficha comercial de Steam confirma la desarrolladora de la obra, no necesariamente el port de PS4. | Wikidata registra la compañía como desarrolladora.",No propagar a ports o compilaciones sin comprobar sus créditos propios.,,,,,TT Games Ltd,tt-games,official,2026-09-05,company-credit-ps4-pal-high-additions-1,READY_ADD_MISSING
ps4-lego-marvel-super-heroes-2-limited-edition-with-minifigure,LEGO Marvel Super Heroes 2 [Limited Edition With Minifigure],PAL España,standard,lego marvel super heroes 2,lego marvel super heroes 2,EDITION_VARIANT,DEVELOPER,developer,TT Games Ltd,tt-games,TT Games,EXACT_NAME_OR_ALIAS,,ADD_MISSING,HIGH,NO,EXACT_PHYSICAL_EDITION | GAME_WORK | GAME_WORK_OR_PS4_RELEASE,4,PRICECHARTING_EXACT_PAL_PAGE | STEAM_STORE | WIKIDATA | WIKIPEDIA_PS4_LIST,B_EXACT_PHYSICAL | B_OTHER_PLATFORM | B_PS4_RELEASE | C_DISCOVERY,https://www.pricecharting.com/game/pal-playstation-4/lego-marvel-super-heroes-2-limited-edition-with-minifigure | https://en.wikipedia.org/wiki/List_of_PlayStation_4_games_(A%E2%80%93L) | https://store.steampowered.com/app/647830 | https://www.wikidata.org/wiki/Q29959076,"La ficha enlazada de la edición física PAL atribuye el desarrollo a esta compañía. | La lista específica de PS4 atribuye el desarrollo a esta compañía. | La ficha comercial de Steam confirma la desarrolladora de la obra, no necesariamente el port de PS4. | Wikidata registra la compañía como desarrolladora.",No propagar a ports o compilaciones sin comprobar sus créditos propios.,,,,,TT Games Ltd,tt-games,official,2026-09-05,company-credit-ps4-pal-high-additions-1,READY_ADD_MISSING
ps4-lego-star-wars-the-force-awakens-deluxe-edition,LEGO Star Wars The Force Awakens [Deluxe Edition],PAL España,standard,lego star wars the force awakens,lego star wars the force awakens,EDITION_VARIANT,DEVELOPER,developer,TT Games Ltd,tt-games,TT Games,EXACT_NAME_OR_ALIAS,,ADD_MISSING,HIGH,NO,GAME_WORK | GAME_WORK_OR_PS4_RELEASE,2,STEAM_STORE | WIKIPEDIA_PS4_LIST,B_OTHER_PLATFORM | B_PS4_RELEASE,https://en.wikipedia.org/wiki/List_of_PlayStation_4_games_(A%E2%80%93L) | https://store.steampowered.com/app/438640,"La lista específica de PS4 atribuye el desarrollo a esta compañía. | La ficha comercial de Steam confirma la desarrolladora de la obra, no necesariamente el port de PS4.",No propagar a ports o compilaciones sin comprobar sus créditos propios.,,,,,TT Games Ltd,tt-games,official,2026-09-05,company-credit-ps4-pal-high-additions-1,READY_ADD_MISSING
ps4-lego-star-wars-the-force-awakens-deluxe-minifigure-edition,LEGO Star Wars The Force Awakens [Deluxe Minifigure Edition],PAL España,standard,lego star wars the force awakens,lego star wars the force awakens,EDITION_VARIANT,DEVELOPER,developer,TT Games Ltd,tt-games,TT-Games | TT Games,EXACT_NAME_OR_ALIAS,,ADD_MISSING,HIGH,NO,EXACT_PHYSICAL_EDITION | GAME_WORK | GAME_WORK_OR_PS4_RELEASE,3,PRICECHARTING_EXACT_PAL_PAGE | STEAM_STORE | WIKIPEDIA_PS4_LIST,B_EXACT_PHYSICAL | B_OTHER_PLATFORM | B_PS4_RELEASE,https://www.pricecharting.com/game/pal-playstation-4/lego-star-wars-the-force-awakens-deluxe-minifigure-edition | https://en.wikipedia.org/wiki/List_of_PlayStation_4_games_(A%E2%80%93L) | https://store.steampowered.com/app/438640,"La ficha enlazada de la edición física PAL atribuye el desarrollo a esta compañía. | La lista específica de PS4 atribuye el desarrollo a esta compañía. | La ficha comercial de Steam confirma la desarrolladora de la obra, no necesariamente el port de PS4.",No propagar a ports o compilaciones sin comprobar sus créditos propios.,,,,,TT Games Ltd,tt-games,official,2026-09-05,company-credit-ps4-pal-high-additions-1,READY_ADD_MISSING
ps4-lego-star-wars-the-force-awakens-special-edition,LEGO Star Wars The Force Awakens [Special Edition],PAL España,standard,lego star wars the force awakens,lego star wars the force awakens,EDITION_VARIANT,DEVELOPER,developer,TT Games Ltd,tt-games,TT Games,EXACT_NAME_OR_ALIAS,,ADD_MISSING,HIGH,NO,GAME_WORK | GAME_WORK_OR_PS4_RELEASE,2,STEAM_STORE | WIKIPEDIA_PS4_LIST,B_OTHER_PLATFORM | B_PS4_RELEASE,https://en.wikipedia.org/wiki/List_of_PlayStation_4_games_(A%E2%80%93L) | https://store.steampowered.com/app/438640,"La lista específica de PS4 atribuye el desarrollo a esta compañía. | La ficha comercial de Steam confirma la desarrolladora de la obra, no necesariamente el port de PS4.",No propagar a ports o compilaciones sin comprobar sus créditos propios.,,,CUSA03397_00,,TT Games Ltd,tt-games,official,2026-09-05,company-credit-ps4-pal-high-additions-1,READY_ADD_MISSING
ps4-lego-star-wars-the-skywalker-saga-deluxe-edition,LEGO Star Wars: The Skywalker Saga [Deluxe Edition],PAL España,standard,lego star wars the skywalker saga,lego star wars the skywalker saga,EDITION_VARIANT,DEVELOPER,developer,TT Games Ltd,tt-games,TT Games,EXACT_NAME_OR_ALIAS,,ADD_MISSING,HIGH,NO,GAME_WORK | GAME_WORK_OR_PS4_RELEASE,3,STEAM_STORE | WIKIDATA | WIKIPEDIA_PS4_LIST,B_OTHER_PLATFORM | B_PS4_RELEASE | C_DISCOVERY,https://en.wikipedia.org/wiki/List_of_PlayStation_4_games_(A%E2%80%93L) | https://store.steampowered.com/app/920210 | https://www.wikidata.org/wiki/Q111781304,"La lista específica de PS4 atribuye el desarrollo a esta compañía. | La ficha comercial de Steam confirma la desarrolladora de la obra, no necesariamente el port de PS4. | Wikidata registra la compañía como desarrolladora.",No propagar a ports o compilaciones sin comprobar sus créditos propios.,,,,,TT Games Ltd,tt-games,official,2026-09-05,company-credit-ps4-pal-high-additions-1,READY_ADD_MISSING
ps4-let%27s-sing-abba,Let's Sing - ABBA,PAL España,standard,let s sing abba,let s sing abba,GAME_OR_UNKNOWN,DEVELOPER,developer,Voxler SAS,voxler,Voxler SAS | Voxler,EXACT_NAME_OR_ALIAS,,ADD_MISSING,HIGH,NO,GAME_WORK | MATCHED_PS4_PRODUCT,2,PLAYSTATION_STORE_EXPLICIT_CREDIT | WIKIDATA,A_OFFICIAL_MATCHED_TITLE_CREDIT | C_DISCOVERY,https://store.playstation.com/es-es/product/EP3617-CUSA33140_00-VGKMLETSSINGABBA | https://www.wikidata.org/wiki/Q114564207,"Developed by Voxler SAS, 8 passage Brulon, 75012 Paris, France | Wikidata registra la compañía como desarrolladora.",No propagar a ports o compilaciones sin comprobar sus créditos propios.,,CUSA33139_00,,,Voxler SAS,voxler,official,2026-09-05,company-credit-ps4-pal-high-additions-1,READY_ADD_MISSING
ps4-life-is-strange-2-collector%27s-edition,Life Is Strange 2 [Collector's Edition],PAL España,standard,life is strange 2,life is strange 2,EDITION_VARIANT,DEVELOPER,developer,DONTNOD Entertainment,dontnod-entertainment,Dontnod Entertainment | DONTNOD Entertainment,EXACT_NAME_OR_ALIAS,,ADD_MISSING,HIGH,NO,GAME_WORK | GAME_WORK_OR_PS4_RELEASE | PS4_RELEASE,3,LAUNCHBOX_GAMES_DB | STEAM_STORE | WIKIPEDIA_PS4_LIST,B_OTHER_PLATFORM | B_PS4_RELEASE | C_DISCOVERY,https://en.wikipedia.org/wiki/List_of_PlayStation_4_games_(A%E2%80%93L) | https://store.steampowered.com/app/532210 | https://gamesdb.launchbox-app.com/games/details/448894,"La lista específica de PS4 atribuye el desarrollo a esta compañía. | La ficha comercial de Steam confirma la desarrolladora de la obra, no necesariamente el port de PS4. | LaunchBox registra esta desarrolladora para su ficha de PS4.",No propagar a ports o compilaciones sin comprobar sus créditos propios.,,,,,DONTNOD Entertainment,dontnod-entertainment,official,2026-09-05,company-credit-ps4-pal-high-additions-1,READY_ADD_MISSING
ps4-life-is-strange-limited-edition,Life Is Strange [Limited Edition],PAL España,standard,life is strange,life is strange,EDITION_VARIANT,DEVELOPER,developer,DONTNOD Entertainment,dontnod-entertainment,DONTNOD Entertainment sarl | Dontnod Entertainment | DONTNOD Entertainment,EXACT_NAME_OR_ALIAS,,ADD_MISSING,HIGH,NO,GAME_WORK_OR_PS4_RELEASE | MATCHED_PS4_PRODUCT | PS4_RELEASE,3,LAUNCHBOX_GAMES_DB | PLAYSTATION_STORE_EXPLICIT_CREDIT | WIKIPEDIA_PS4_LIST,A_OFFICIAL_MATCHED_TITLE_CREDIT | B_PS4_RELEASE | C_DISCOVERY,https://store.playstation.com/es-es/product/EP0082-CUSA01435_00-LIFEISSTRANGE001 | https://en.wikipedia.org/wiki/List_of_PlayStation_4_games_(A%E2%80%93L) | https://gamesdb.launchbox-app.com/games/details/35162,Developed by DONTNOD Entertainment sarl | La lista específica de PS4 atribuye el desarrollo a esta compañía. | LaunchBox registra esta desarrolladora para su ficha de PS4.,No propagar a ports o compilaciones sin comprobar sus créditos propios.,,,,,DONTNOD Entertainment,dontnod-entertainment,official,2026-09-05,company-credit-ps4-pal-high-additions-1,READY_ADD_MISSING
ps4-little-nightmares,Little Nightmares,PAL España,standard,little nightmares,little nightmares,GAME_OR_UNKNOWN,DEVELOPER,developer,Tarsier Studios,tarsier-studios,Tarsier Studios,EXACT_NAME_OR_ALIAS,,ADD_MISSING,HIGH,NO,GAME_WORK | GAME_WORK_OR_PS4_RELEASE | PS4_RELEASE,3,LAUNCHBOX_GAMES_DB | STEAM_STORE | WIKIPEDIA_PS4_LIST,B_OTHER_PLATFORM | B_PS4_RELEASE | C_DISCOVERY,https://en.wikipedia.org/wiki/List_of_PlayStation_4_games_(A%E2%80%93L) | https://store.steampowered.com/app/424840 | https://gamesdb.launchbox-app.com/games/details/151300,"La lista específica de PS4 atribuye el desarrollo a esta compañía. | La ficha comercial de Steam confirma la desarrolladora de la obra, no necesariamente el port de PS4. | LaunchBox registra esta desarrolladora para su ficha de PS4.",No propagar a ports o compilaciones sin comprobar sus créditos propios.,,,,,Tarsier Studios,tarsier-studios,official,2026-09-05,company-credit-ps4-pal-high-additions-1,READY_ADD_MISSING
ps4-little-nightmares-deluxe-edition,Little Nightmares [Deluxe Edition],PAL España,standard,little nightmares,little nightmares,EDITION_VARIANT,DEVELOPER,developer,Tarsier Studios,tarsier-studios,Tarsier Studios,EXACT_NAME_OR_ALIAS,,ADD_MISSING,HIGH,NO,EXACT_PHYSICAL_EDITION | GAME_WORK | GAME_WORK_OR_PS4_RELEASE | PS4_RELEASE,4,LAUNCHBOX_GAMES_DB | PRICECHARTING_EXACT_PAL_PAGE | STEAM_STORE | WIKIPEDIA_PS4_LIST,B_EXACT_PHYSICAL | B_OTHER_PLATFORM | B_PS4_RELEASE | C_DISCOVERY,https://www.pricecharting.com/game/pal-playstation-4/little-nightmares-deluxe-edition | https://en.wikipedia.org/wiki/List_of_PlayStation_4_games_(A%E2%80%93L) | https://store.steampowered.com/app/424840 | https://gamesdb.launchbox-app.com/games/details/151300,"La ficha enlazada de la edición física PAL atribuye el desarrollo a esta compañía. | La lista específica de PS4 atribuye el desarrollo a esta compañía. | La ficha comercial de Steam confirma la desarrolladora de la obra, no necesariamente el port de PS4. | LaunchBox registra esta desarrolladora para su ficha de PS4.",No propagar a ports o compilaciones sin comprobar sus créditos propios.,,,CUSA05952_00,,Tarsier Studios,tarsier-studios,official,2026-09-05,company-credit-ps4-pal-high-additions-1,READY_ADD_MISSING
ps4-little-nightmares-deluxe-edition,Little Nightmares [Deluxe Edition],PAL España,standard,little nightmares,little nightmares,EDITION_VARIANT,PHYSICAL_PUBLISHER_OR_DISTRIBUTOR,publisher,Bandai Namco Entertainment,bandai-namco-entertainment,Bandai Namco Games | Bandai Namco Entertainment,EXACT_NAME_OR_ALIAS,,ADD_MISSING,HIGH,NO,EXACT_PHYSICAL_EDITION | PAL_RELEASE,2,PRICECHARTING_EXACT_PAL_PAGE | WIKIPEDIA_PS4_LIST_PAL,B_EXACT_PHYSICAL | B_PAL_RELEASE,https://www.pricecharting.com/game/pal-playstation-4/little-nightmares-deluxe-edition | https://en.wikipedia.org/wiki/List_of_PlayStation_4_games_(A%E2%80%93L),La ficha exacta de la edición física PAL etiqueta a esta compañía como Publisher; puede representar publicación o distribución física. | La columna PAL de la lista de PS4 atribuye la publicación a esta compañía.,Confirmar si la etiqueta Publisher representa publicación o distribución en la caja PAL.,,,CUSA05952_00,,Bandai Namco Entertainment,bandai-namco-entertainment,pricecharting,2026-09-05,company-credit-ps4-pal-high-additions-1,READY_ADD_MISSING
ps4-little-nightmares-ii,Little Nightmares II,PAL España,standard,little nightmares ii,little nightmares ii,GAME_OR_UNKNOWN,DEVELOPER,developer,Tarsier Studios,tarsier-studios,Tarsier Studios,EXACT_NAME_OR_ALIAS,,ADD_MISSING,HIGH,NO,GAME_WORK | GAME_WORK_OR_PS4_RELEASE | PS4_RELEASE,3,LAUNCHBOX_GAMES_DB | STEAM_STORE | WIKIPEDIA_PS4_LIST,B_OTHER_PLATFORM | B_PS4_RELEASE | C_DISCOVERY,https://en.wikipedia.org/wiki/List_of_PlayStation_4_games_(A%E2%80%93L) | https://store.steampowered.com/app/860510 | https://gamesdb.launchbox-app.com/games/details/466179,"La lista específica de PS4 atribuye el desarrollo a esta compañía. | La ficha comercial de Steam confirma la desarrolladora de la obra, no necesariamente el port de PS4. | LaunchBox registra esta desarrolladora para su ficha de PS4.",No propagar a ports o compilaciones sin comprobar sus créditos propios.,,CUSA12779_00,,,Tarsier Studios,tarsier-studios,official,2026-09-05,company-credit-ps4-pal-high-additions-1,READY_ADD_MISSING
ps4-little-nightmares-ii-day-one-edition,Little Nightmares II [Day One Edition],PAL España,standard,little nightmares ii,little nightmares ii,EDITION_VARIANT,DEVELOPER,developer,Tarsier Studios,tarsier-studios,Tarsier Studios,EXACT_NAME_OR_ALIAS,,ADD_MISSING,HIGH,NO,GAME_WORK | GAME_WORK_OR_PS4_RELEASE | PS4_RELEASE,3,LAUNCHBOX_GAMES_DB | STEAM_STORE | WIKIPEDIA_PS4_LIST,B_OTHER_PLATFORM | B_PS4_RELEASE | C_DISCOVERY,https://en.wikipedia.org/wiki/List_of_PlayStation_4_games_(A%E2%80%93L) | https://store.steampowered.com/app/860510 | https://gamesdb.launchbox-app.com/games/details/466179,"La lista específica de PS4 atribuye el desarrollo a esta compañía. | La ficha comercial de Steam confirma la desarrolladora de la obra, no necesariamente el port de PS4. | LaunchBox registra esta desarrolladora para su ficha de PS4.",No propagar a ports o compilaciones sin comprobar sus créditos propios.,,,,,Tarsier Studios,tarsier-studios,official,2026-09-05,company-credit-ps4-pal-high-additions-1,READY_ADD_MISSING
ps4-little-nightmares-ii-tv-edition,Little Nightmares II [TV Edition],PAL España,standard,little nightmares ii,little nightmares ii,GAME_OR_UNKNOWN,DEVELOPER,developer,Tarsier Studios,tarsier-studios,Tarsier Studios,EXACT_NAME_OR_ALIAS,,ADD_MISSING,HIGH,NO,EXACT_PHYSICAL_EDITION | GAME_WORK | GAME_WORK_OR_PS4_RELEASE | PS4_RELEASE,4,LAUNCHBOX_GAMES_DB | PRICECHARTING_EXACT_PAL_PAGE | STEAM_STORE | WIKIPEDIA_PS4_LIST,B_EXACT_PHYSICAL | B_OTHER_PLATFORM | B_PS4_RELEASE | C_DISCOVERY,https://www.pricecharting.com/game/pal-playstation-4/little-nightmares-ii-tv-edition | https://en.wikipedia.org/wiki/List_of_PlayStation_4_games_(A%E2%80%93L) | https://store.steampowered.com/app/860510 | https://gamesdb.launchbox-app.com/games/details/466179,"La ficha enlazada de la edición física PAL atribuye el desarrollo a esta compañía. | La lista específica de PS4 atribuye el desarrollo a esta compañía. | La ficha comercial de Steam confirma la desarrolladora de la obra, no necesariamente el port de PS4. | LaunchBox registra esta desarrolladora para su ficha de PS4.",No propagar a ports o compilaciones sin comprobar sus créditos propios.,,,,,Tarsier Studios,tarsier-studios,official,2026-09-05,company-credit-ps4-pal-high-additions-1,READY_ADD_MISSING
ps4-little-nightmares-ii-tv-edition,Little Nightmares II [TV Edition],PAL España,standard,little nightmares ii,little nightmares ii,GAME_OR_UNKNOWN,PHYSICAL_PUBLISHER_OR_DISTRIBUTOR,publisher,Bandai Namco Entertainment,bandai-namco-entertainment,Bandai Namco | Bandai Namco Entertainment,EXACT_NAME_OR_ALIAS,,ADD_MISSING,HIGH,NO,EXACT_PHYSICAL_EDITION | PAL_RELEASE,2,PRICECHARTING_EXACT_PAL_PAGE | WIKIPEDIA_PS4_LIST_PAL,B_EXACT_PHYSICAL | B_PAL_RELEASE,https://www.pricecharting.com/game/pal-playstation-4/little-nightmares-ii-tv-edition | https://en.wikipedia.org/wiki/List_of_PlayStation_4_games_(A%E2%80%93L),La ficha exacta de la edición física PAL etiqueta a esta compañía como Publisher; puede representar publicación o distribución física. | La columna PAL de la lista de PS4 atribuye la publicación a esta compañía.,Confirmar si la etiqueta Publisher representa publicación o distribución en la caja PAL.,,,,,Bandai Namco Entertainment,bandai-namco-entertainment,pricecharting,2026-09-05,company-credit-ps4-pal-high-additions-1,READY_ADD_MISSING
ps4-little-nightmares-iii,Little Nightmares III,PAL España,standard,little nightmares iii,little nightmares iii,GAME_OR_UNKNOWN,DEVELOPER,developer,SuperMassive Games Ltd.,supermassive-games,Supermassive Games,EXACT_NAME_OR_ALIAS,,ADD_MISSING,HIGH,NO,GAME_WORK | GAME_WORK_OR_PS4_RELEASE | PS4_RELEASE,3,LAUNCHBOX_GAMES_DB | STEAM_STORE | WIKIPEDIA_PS4_LIST,B_OTHER_PLATFORM | B_PS4_RELEASE | C_DISCOVERY,https://en.wikipedia.org/wiki/List_of_PlayStation_4_games_(A%E2%80%93L) | https://store.steampowered.com/app/1392860 | https://gamesdb.launchbox-app.com/games/details/466188,"La lista específica de PS4 atribuye el desarrollo a esta compañía. | La ficha comercial de Steam confirma la desarrolladora de la obra, no necesariamente el port de PS4. | LaunchBox registra esta desarrolladora para su ficha de PS4.",No propagar a ports o compilaciones sin comprobar sus créditos propios.,,CUSA42879_00,,,SuperMassive Games Ltd.,supermassive-games,official,2026-09-05,company-credit-ps4-pal-high-additions-1,READY_ADD_MISSING
ps4-little-nightmares-iii-mirror-edition,Little Nightmares III [Mirror Edition],PAL España,standard,little nightmares iii,little nightmares iii,GAME_OR_UNKNOWN,DEVELOPER,developer,SuperMassive Games Ltd.,supermassive-games,Supermassive Games,EXACT_NAME_OR_ALIAS,,ADD_MISSING,HIGH,NO,GAME_WORK | GAME_WORK_OR_PS4_RELEASE | PS4_RELEASE,3,LAUNCHBOX_GAMES_DB | STEAM_STORE | WIKIPEDIA_PS4_LIST,B_OTHER_PLATFORM | B_PS4_RELEASE | C_DISCOVERY,https://en.wikipedia.org/wiki/List_of_PlayStation_4_games_(A%E2%80%93L) | https://store.steampowered.com/app/1392860 | https://gamesdb.launchbox-app.com/games/details/466188,"La lista específica de PS4 atribuye el desarrollo a esta compañía. | La ficha comercial de Steam confirma la desarrolladora de la obra, no necesariamente el port de PS4. | LaunchBox registra esta desarrolladora para su ficha de PS4.",No propagar a ports o compilaciones sin comprobar sus créditos propios.,,,,,SuperMassive Games Ltd.,supermassive-games,official,2026-09-05,company-credit-ps4-pal-high-additions-1,READY_ADD_MISSING
ps4-littlebigplanet-3-extras-edition,LittleBigPlanet 3 [Extras Edition],PAL España,standard,littlebigplanet 3,littlebigplanet 3,GAME_OR_UNKNOWN,DEVELOPER,developer,SUMO Digital,sumo-digital,Sumo Digital,EXACT_NAME_OR_ALIAS,,ADD_MISSING,HIGH,NO,EXACT_PHYSICAL_EDITION | GAME_WORK | GAME_WORK_OR_PS4_RELEASE | PS4_RELEASE,4,LAUNCHBOX_GAMES_DB | PRICECHARTING_EXACT_PAL_PAGE | WIKIDATA | WIKIPEDIA_PS4_LIST,B_EXACT_PHYSICAL | B_PS4_RELEASE | C_DISCOVERY,https://www.pricecharting.com/game/pal-playstation-4/littlebigplanet-3-extras-edition | https://en.wikipedia.org/wiki/List_of_PlayStation_4_games_(A%E2%80%93L) | https://www.wikidata.org/wiki/Q17194812 | https://gamesdb.launchbox-app.com/games/details/22354,La ficha enlazada de la edición física PAL atribuye el desarrollo a esta compañía. | La lista específica de PS4 atribuye el desarrollo a esta compañía. | Wikidata registra la compañía como desarrolladora. | LaunchBox registra esta desarrolladora para su ficha de PS4.,No propagar a ports o compilaciones sin comprobar sus créditos propios.,,,,,SUMO Digital,sumo-digital,pricecharting,2026-09-05,company-credit-ps4-pal-high-additions-1,READY_ADD_MISSING
ps4-lode-runner-legacy,Lode Runner Legacy,PAL España,standard,lode runner legacy,lode runner legacy,GAME_OR_UNKNOWN,DEVELOPER,developer,Tozai Games,tozai-games,Tozai Games | Tozai Games Inc.,EXACT_NAME_OR_ALIAS,,ADD_MISSING,HIGH,NO,GAME_WORK | GAME_WORK_OR_PS4_RELEASE,2,STEAM_STORE | WIKIPEDIA_PS4_LIST,B_OTHER_PLATFORM | B_PS4_RELEASE,https://en.wikipedia.org/wiki/List_of_PlayStation_4_games_(A%E2%80%93L) | https://store.steampowered.com/app/628660,"La lista específica de PS4 atribuye el desarrollo a esta compañía. | La ficha comercial de Steam confirma la desarrolladora de la obra, no necesariamente el port de PS4.",No propagar a ports o compilaciones sin comprobar sus créditos propios.,,CUSA17568_00,,,Tozai Games,tozai-games,official,2026-09-05,company-credit-ps4-pal-high-additions-1,READY_ADD_MISSING
ps4-lode-runner-legacy-collector%27s-edition,Lode Runner Legacy [Collector's Edition],PAL España,standard,lode runner legacy,lode runner legacy,EDITION_VARIANT,DEVELOPER,developer,Tozai Games,tozai-games,Tozai Games | Tozai Games Inc.,EXACT_NAME_OR_ALIAS,,ADD_MISSING,HIGH,NO,GAME_WORK | GAME_WORK_OR_PS4_RELEASE,2,STEAM_STORE | WIKIPEDIA_PS4_LIST,B_OTHER_PLATFORM | B_PS4_RELEASE,https://en.wikipedia.org/wiki/List_of_PlayStation_4_games_(A%E2%80%93L) | https://store.steampowered.com/app/628660,"La lista específica de PS4 atribuye el desarrollo a esta compañía. | La ficha comercial de Steam confirma la desarrolladora de la obra, no necesariamente el port de PS4.",No propagar a ports o compilaciones sin comprobar sus créditos propios.,,,,,Tozai Games,tozai-games,official,2026-09-05,company-credit-ps4-pal-high-additions-1,READY_ADD_MISSING
ps4-mad-games-tycoon,Mad Games Tycoon,PAL España,standard,mad games tycoon,mad games tycoon,GAME_OR_UNKNOWN,DEVELOPER,developer,Eggcode,eggcode,Eggcode,EXACT_NAME_OR_ALIAS,,ADD_MISSING,HIGH,NO,GAME_WORK | GAME_WORK_OR_PS4_RELEASE | PS4_RELEASE,3,LAUNCHBOX_GAMES_DB | STEAM_STORE | WIKIPEDIA_PS4_LIST,B_OTHER_PLATFORM | B_PS4_RELEASE | C_DISCOVERY,https://en.wikipedia.org/wiki/List_of_PlayStation_4_games_(M%E2%80%93Z) | https://store.steampowered.com/app/341000 | https://gamesdb.launchbox-app.com/games/details/476420,"La lista específica de PS4 atribuye el desarrollo a esta compañía. | La ficha comercial de Steam confirma la desarrolladora de la obra, no necesariamente el port de PS4. | LaunchBox registra esta desarrolladora para su ficha de PS4.",No propagar a ports o compilaciones sin comprobar sus créditos propios.,,CUSA16795_00,CUSA16795_00,,Eggcode,eggcode,official,2026-09-05,company-credit-ps4-pal-high-additions-1,READY_ADD_MISSING
ps4-mad-max-playstation-hits,Mad Max [PlayStation Hits],PAL España,standard,mad max,mad max,EDITION_VARIANT,DEVELOPER,developer,Avalanche Studios,avalanche-studios,Avalanche Studios,EXACT_NAME_OR_ALIAS,,ADD_MISSING,HIGH,NO,GAME_WORK | GAME_WORK_OR_PS4_RELEASE | MATCHED_PS4_PRODUCT | PS4_RELEASE,4,LAUNCHBOX_GAMES_DB | PLAYSTATION_STORE_EXPLICIT_CREDIT | STEAM_STORE | WIKIPEDIA_PS4_LIST,A_OFFICIAL_MATCHED_TITLE_CREDIT | B_OTHER_PLATFORM | B_PS4_RELEASE | C_DISCOVERY,https://store.playstation.com/es-es/product/EP1018-CUSA00054_00-MADMAXTHEGAME001 | https://en.wikipedia.org/wiki/List_of_PlayStation_4_games_(M%E2%80%93Z) | https://store.steampowered.com/app/234140 | https://gamesdb.launchbox-app.com/games/details/18576,"Desarrollado por Avalanche Studios | La lista específica de PS4 atribuye el desarrollo a esta compañía. | La ficha comercial de Steam confirma la desarrolladora de la obra, no necesariamente el port de PS4. | LaunchBox registra esta desarrolladora para su ficha de PS4.",No propagar a ports o compilaciones sin comprobar sus créditos propios.,,,,,Avalanche Studios,avalanche-studios,official,2026-09-05,company-credit-ps4-pal-high-additions-1,READY_ADD_MISSING
ps4-mad-max-ripper-special-edition,Mad Max [Ripper Special Edition],PAL España,standard,mad max,mad max,EDITION_VARIANT,DEVELOPER,developer,Avalanche Studios,avalanche-studios,Avalanche Studios,EXACT_NAME_OR_ALIAS,,ADD_MISSING,HIGH,NO,EXACT_PHYSICAL_EDITION | GAME_WORK | GAME_WORK_OR_PS4_RELEASE | MATCHED_PS4_PRODUCT | PS4_RELEASE,5,LAUNCHBOX_GAMES_DB | PLAYSTATION_STORE_EXPLICIT_CREDIT | PRICECHARTING_EXACT_PAL_PAGE | STEAM_STORE | WIKIPEDIA_PS4_LIST,A_OFFICIAL_MATCHED_TITLE_CREDIT | B_EXACT_PHYSICAL | B_OTHER_PLATFORM | B_PS4_RELEASE | C_DISCOVERY,https://store.playstation.com/es-es/product/EP1018-CUSA00054_00-MADMAXTHEGAME001 | https://www.pricecharting.com/game/pal-playstation-4/mad-max-ripper-special-edition | https://en.wikipedia.org/wiki/List_of_PlayStation_4_games_(M%E2%80%93Z) | https://store.steampowered.com/app/234140 | https://gamesdb.launchbox-app.com/games/details/18576,"Desarrollado por Avalanche Studios | La ficha enlazada de la edición física PAL atribuye el desarrollo a esta compañía. | La lista específica de PS4 atribuye el desarrollo a esta compañía. | La ficha comercial de Steam confirma la desarrolladora de la obra, no necesariamente el port de PS4. | LaunchBox registra esta desarrolladora para su ficha de PS4.",No propagar a ports o compilaciones sin comprobar sus créditos propios.,,,,,Avalanche Studios,avalanche-studios,official,2026-09-05,company-credit-ps4-pal-high-additions-1,READY_ADD_MISSING
ps4-maid-of-sker-vinyl-edition,Maid of Sker [Vinyl Edition],PAL España,standard,maid of sker,maid of sker,GAME_OR_UNKNOWN,DEVELOPER,developer,Wales Interactive,wales-interactive,Wales Interactive,EXACT_NAME_OR_ALIAS,,ADD_MISSING,HIGH,NO,EXACT_PHYSICAL_EDITION | GAME_WORK,2,PRICECHARTING_EXACT_PAL_PAGE | STEAM_STORE,B_EXACT_PHYSICAL | B_OTHER_PLATFORM,https://www.pricecharting.com/game/pal-playstation-4/maid-of-sker-vinyl-edition | https://store.steampowered.com/app/826940,"La ficha enlazada de la edición física PAL atribuye el desarrollo a esta compañía. | La ficha comercial de Steam confirma la desarrolladora de la obra, no necesariamente el port de PS4.",No propagar a ports o compilaciones sin comprobar sus créditos propios.,,,,,Wales Interactive,wales-interactive,official,2026-09-05,company-credit-ps4-pal-high-additions-1,READY_ADD_MISSING
ps4-maneater-apex-edition,Maneater [Apex Edition],PAL España,standard,maneater,maneater,GAME_OR_UNKNOWN,DEVELOPER,developer,Tripwire Interactive,tripwire-interactive,Tripwire Interactive,EXACT_NAME_OR_ALIAS,,ADD_MISSING,HIGH,NO,EXACT_PHYSICAL_EDITION | GAME_WORK | PS4_RELEASE,4,LAUNCHBOX_GAMES_DB | PRICECHARTING_EXACT_PAL_PAGE | STEAM_STORE | WIKIDATA,B_EXACT_PHYSICAL | B_OTHER_PLATFORM | C_DISCOVERY,https://www.pricecharting.com/game/pal-playstation-4/maneater-apex-edition | https://store.steampowered.com/app/629820 | https://www.wikidata.org/wiki/Q62393478 | https://gamesdb.launchbox-app.com/games/details/473488,"La ficha enlazada de la edición física PAL atribuye el desarrollo a esta compañía. | La ficha comercial de Steam confirma la desarrolladora de la obra, no necesariamente el port de PS4. | Wikidata registra la compañía como desarrolladora. | LaunchBox registra esta desarrolladora para su ficha de PS4.",No propagar a ports o compilaciones sin comprobar sus créditos propios.,,,,,Tripwire Interactive,tripwire-interactive,official,2026-09-05,company-credit-ps4-pal-high-additions-1,READY_ADD_MISSING
ps4-maneater-day-one-edition,Maneater [Day One Edition],PAL España,standard,maneater,maneater,EDITION_VARIANT,PHYSICAL_PUBLISHER_OR_DISTRIBUTOR,publisher,Tripwire Interactive,tripwire-interactive,Tripwire Interactive,EXACT_NAME_OR_ALIAS,,ADD_MISSING,HIGH,NO,EXACT_PHYSICAL_EDITION | PAL_RELEASE,2,PRICECHARTING_EXACT_PAL_PAGE | WIKIPEDIA_PS4_LIST_PAL,B_EXACT_PHYSICAL | B_PAL_RELEASE,https://www.pricecharting.com/game/pal-playstation-4/maneater-day-one-edition | https://en.wikipedia.org/wiki/List_of_PlayStation_4_games_(M%E2%80%93Z),La ficha exacta de la edición física PAL etiqueta a esta compañía como Publisher; puede representar publicación o distribución física. | La columna PAL de la lista de PS4 atribuye la publicación a esta compañía.,Confirmar si la etiqueta Publisher representa publicación o distribución en la caja PAL.,,,,,Tripwire Interactive,tripwire-interactive,pricecharting,2026-09-05,company-credit-ps4-pal-high-additions-1,READY_ADD_MISSING
ps4-marvel%27s-guardians-of-the-galaxy-cosmic-deluxe-edition,Marvel's Guardians of the Galaxy [Cosmic Deluxe Edition],PAL España,standard,marvel s guardians of the galaxy,marvel s guardians of the galaxy,EDITION_VARIANT,DEVELOPER,developer,Eidos Montreal,eidos-montreal,Eidos Montréal | Eidos-Montréal | Eidos Montreal,EXACT_NAME_OR_ALIAS,,ADD_MISSING,HIGH,NO,GAME_WORK | GAME_WORK_OR_PS4_RELEASE | PS4_RELEASE,3,LAUNCHBOX_GAMES_DB | STEAM_STORE | WIKIPEDIA_PS4_LIST,B_OTHER_PLATFORM | B_PS4_RELEASE | C_DISCOVERY,https://en.wikipedia.org/wiki/List_of_PlayStation_4_games_(A%E2%80%93L) | https://store.steampowered.com/app/1088850 | https://gamesdb.launchbox-app.com/games/details/209344,"La lista específica de PS4 atribuye el desarrollo a esta compañía. | La ficha comercial de Steam confirma la desarrolladora de la obra, no necesariamente el port de PS4. | LaunchBox registra esta desarrolladora para su ficha de PS4.",No propagar a ports o compilaciones sin comprobar sus créditos propios.,,,,,Eidos Montreal,eidos-montreal,official,2026-09-05,company-credit-ps4-pal-high-additions-1,READY_ADD_MISSING
ps4-marvel%27s-spider-man-only-on-playstation,Marvel's Spider-Man [Only On PlayStation],PAL España,standard,marvel s spider man,marvel s spider man only on playstation,GAME_OR_UNKNOWN,DEVELOPER,developer,Insomniac Games,insomniac-games,Insomniac Games,EXACT_NAME_OR_ALIAS,,ADD_MISSING,HIGH,NO,EXACT_PHYSICAL_EDITION | GAME_WORK_OR_PS4_RELEASE | PS4_RELEASE,3,LAUNCHBOX_GAMES_DB | PRICECHARTING_EXACT_PAL_PAGE | WIKIPEDIA_PS4_LIST,B_EXACT_PHYSICAL | B_PS4_RELEASE | C_DISCOVERY,https://www.pricecharting.com/game/pal-playstation-4/marvel%27s-spider-man-only-on-playstation | https://en.wikipedia.org/wiki/List_of_PlayStation_4_games_(M%E2%80%93Z) | https://gamesdb.launchbox-app.com/games/details/148142,La ficha enlazada de la edición física PAL atribuye el desarrollo a esta compañía. | La lista específica de PS4 atribuye el desarrollo a esta compañía. | LaunchBox registra esta desarrolladora para su ficha de PS4.,No propagar a ports o compilaciones sin comprobar sus créditos propios.,,,,,Insomniac Games,insomniac-games,pricecharting,2026-09-05,company-credit-ps4-pal-high-additions-1,READY_ADD_MISSING
ps4-marvel%27s-spider-man-only-on-playstation,Marvel's Spider-Man [Only On PlayStation],PAL España,standard,marvel s spider man,marvel s spider man only on playstation,GAME_OR_UNKNOWN,PHYSICAL_PUBLISHER_OR_DISTRIBUTOR,publisher,Sony Interactive Entertainment,sony-interactive-entertainment,Sony Computer Entertainment | Sony Interactive Entertainment,EXACT_NAME_OR_ALIAS,,ADD_MISSING,HIGH,NO,EXACT_PHYSICAL_EDITION | PAL_RELEASE,2,PRICECHARTING_EXACT_PAL_PAGE | WIKIPEDIA_PS4_LIST_PAL,B_EXACT_PHYSICAL | B_PAL_RELEASE,https://www.pricecharting.com/game/pal-playstation-4/marvel%27s-spider-man-only-on-playstation | https://en.wikipedia.org/wiki/List_of_PlayStation_4_games_(M%E2%80%93Z),La ficha exacta de la edición física PAL etiqueta a esta compañía como Publisher; puede representar publicación o distribución física. | La columna PAL de la lista de PS4 atribuye la publicación a esta compañía.,Confirmar si la etiqueta Publisher representa publicación o distribución en la caja PAL.,,,,,Sony Interactive Entertainment,sony-interactive-entertainment,pricecharting,2026-09-05,company-credit-ps4-pal-high-additions-1,READY_ADD_MISSING
ps4-marvel-vs-capcom-infinite-deluxe-edition,Marvel vs. Capcom: Infinite [Deluxe Edition],PAL España,standard,marvel vs capcom infinite,marvel vs capcom infinite,EDITION_VARIANT,DEVELOPER,developer,Capcom,capcom,Capcom,EXACT_NAME_OR_ALIAS,,ADD_MISSING,HIGH,NO,GAME_WORK | GAME_WORK_OR_PS4_RELEASE | PS4_RELEASE,4,LAUNCHBOX_GAMES_DB | STEAM_STORE | WIKIDATA | WIKIPEDIA_PS4_LIST,B_OTHER_PLATFORM | B_PS4_RELEASE | C_DISCOVERY,https://en.wikipedia.org/wiki/List_of_PlayStation_4_games_(M%E2%80%93Z) | https://store.steampowered.com/app/493840 | https://www.wikidata.org/wiki/Q27971937 | https://gamesdb.launchbox-app.com/games/details/452229,"La lista específica de PS4 atribuye el desarrollo a esta compañía. | La ficha comercial de Steam confirma la desarrolladora de la obra, no necesariamente el port de PS4. | Wikidata registra la compañía como desarrolladora. | LaunchBox registra esta desarrolladora para su ficha de PS4.",No propagar a ports o compilaciones sin comprobar sus créditos propios.,,,,,Capcom,capcom,official,2026-09-05,company-credit-ps4-pal-high-additions-1,READY_ADD_MISSING
ps4-mass-effect-andromeda-steelbook-edition,Mass Effect: Andromeda [Steelbook Edition],PAL España,standard,mass effect andromeda,mass effect andromeda,EDITION_VARIANT,DEVELOPER,developer,BioWare Corporation,bioware,BioWare,EXACT_NAME_OR_ALIAS,,ADD_MISSING,HIGH,NO,GAME_WORK | GAME_WORK_OR_PS4_RELEASE | PS4_RELEASE,3,LAUNCHBOX_GAMES_DB | STEAM_STORE | WIKIPEDIA_PS4_LIST,B_OTHER_PLATFORM | B_PS4_RELEASE | C_DISCOVERY,https://en.wikipedia.org/wiki/List_of_PlayStation_4_games_(M%E2%80%93Z) | https://store.steampowered.com/app/1238000 | https://gamesdb.launchbox-app.com/games/details/138574,"La lista específica de PS4 atribuye el desarrollo a esta compañía. | La ficha comercial de Steam confirma la desarrolladora de la obra, no necesariamente el port de PS4. | LaunchBox registra esta desarrolladora para su ficha de PS4.",No propagar a ports o compilaciones sin comprobar sus créditos propios.,,,,,BioWare Corporation,bioware,official,2026-09-05,company-credit-ps4-pal-high-additions-1,READY_ADD_MISSING
ps4-matchpoint-tennis-championships,Matchpoint Tennis Championships,PAL España,standard,matchpoint tennis championships,matchpoint tennis championships,GAME_OR_UNKNOWN,DEVELOPER,developer,Torus Games,torus-games,Torus Games,EXACT_NAME_OR_ALIAS,,ADD_MISSING,HIGH,NO,GAME_WORK | GAME_WORK_OR_PS4_RELEASE | PS4_RELEASE,4,LAUNCHBOX_GAMES_DB | STEAM_STORE | WIKIDATA | WIKIPEDIA_PS4_LIST,B_OTHER_PLATFORM | B_PS4_RELEASE | C_DISCOVERY,https://en.wikipedia.org/wiki/List_of_PlayStation_4_games_(M%E2%80%93Z) | https://store.steampowered.com/app/1345760 | https://www.wikidata.org/wiki/Q113952338 | https://gamesdb.launchbox-app.com/games/details/476422,"La lista específica de PS4 atribuye el desarrollo a esta compañía. | La ficha comercial de Steam confirma la desarrolladora de la obra, no necesariamente el port de PS4. | Wikidata registra la compañía como desarrolladora. | LaunchBox registra esta desarrolladora para su ficha de PS4.",No propagar a ports o compilaciones sin comprobar sus créditos propios.,,,,,Torus Games,torus-games,official,2026-09-05,company-credit-ps4-pal-high-additions-1,READY_ADD_MISSING
ps4-matchpoint-tennis-championships-legends-edition,Matchpoint: Tennis Championships [Legends Edition],PAL España,standard,matchpoint tennis championships,matchpoint tennis championships,GAME_OR_UNKNOWN,DEVELOPER,developer,Torus Games,torus-games,Torus Games,EXACT_NAME_OR_ALIAS,,ADD_MISSING,HIGH,NO,GAME_WORK | GAME_WORK_OR_PS4_RELEASE | PS4_RELEASE,4,LAUNCHBOX_GAMES_DB | STEAM_STORE | WIKIDATA | WIKIPEDIA_PS4_LIST,B_OTHER_PLATFORM | B_PS4_RELEASE | C_DISCOVERY,https://en.wikipedia.org/wiki/List_of_PlayStation_4_games_(M%E2%80%93Z) | https://store.steampowered.com/app/1345760 | https://www.wikidata.org/wiki/Q113952338 | https://gamesdb.launchbox-app.com/games/details/476422,"La lista específica de PS4 atribuye el desarrollo a esta compañía. | La ficha comercial de Steam confirma la desarrolladora de la obra, no necesariamente el port de PS4. | Wikidata registra la compañía como desarrolladora. | LaunchBox registra esta desarrolladora para su ficha de PS4.",No propagar a ports o compilaciones sin comprobar sus créditos propios.,,,,,Torus Games,torus-games,official,2026-09-05,company-credit-ps4-pal-high-additions-1,READY_ADD_MISSING
ps4-mega-man-11-limited-collector%27s-edition,Mega Man 11 [Limited Collector's Edition],PAL España,standard,mega man 11,mega man 11,EDITION_VARIANT,DEVELOPER,developer,Capcom,capcom,Capcom | CAPCOM Co Ltd.,EXACT_NAME_OR_ALIAS,,ADD_MISSING,HIGH,NO,GAME_WORK | GAME_WORK_OR_PS4_RELEASE | PS4_RELEASE,3,LAUNCHBOX_GAMES_DB | STEAM_STORE | WIKIPEDIA_PS4_LIST,B_OTHER_PLATFORM | B_PS4_RELEASE | C_DISCOVERY,https://en.wikipedia.org/wiki/List_of_PlayStation_4_games_(M%E2%80%93Z) | https://store.steampowered.com/app/742300 | https://gamesdb.launchbox-app.com/games/details/155910,"La lista específica de PS4 atribuye el desarrollo a esta compañía. | La ficha comercial de Steam confirma la desarrolladora de la obra, no necesariamente el port de PS4. | LaunchBox registra esta desarrolladora para su ficha de PS4.",No propagar a ports o compilaciones sin comprobar sus créditos propios.,,,,,Capcom,capcom,official,2026-09-05,company-credit-ps4-pal-high-additions-1,READY_ADD_MISSING
ps4-metal-gear-solid-v-the-definitive-experience-playstation-hits,Metal Gear Solid V: The Definitive Experience [Playstation Hits],PAL España,standard,metal gear solid v the definitive experience,metal gear solid v the definitive experience,EDITION_VARIANT,DEVELOPER,developer,Konami Digital Entertainment,konami-digital-entertainment,Konami Digital Entertainment Co Ltd,EXACT_NAME_OR_ALIAS,,ADD_MISSING,HIGH,NO,MATCHED_PS4_PRODUCT,1,PLAYSTATION_STORE_EXPLICIT_CREDIT,A_OFFICIAL_MATCHED_TITLE_CREDIT,https://store.playstation.com/es-es/product/EP0101-CUSA05597_00-MAINGAME00000000,Developed by Konami Digital Entertainment Co Ltd,No propagar a ports o compilaciones sin comprobar sus créditos propios.,,,CUSA05597_00,,Konami Digital Entertainment,konami-digital-entertainment,official,2026-09-05,company-credit-ps4-pal-high-additions-1,READY_ADD_MISSING
ps4-metal-gear-solid-v-the-phantom-pain-collector%27s-edition,Metal Gear Solid V: The Phantom Pain [Collector's Edition],PAL España,standard,metal gear solid v the phantom pain,metal gear solid v the phantom pain,EDITION_VARIANT,PHYSICAL_PUBLISHER_OR_DISTRIBUTOR,publisher,Konami,konami,Konami,EXACT_NAME_OR_ALIAS,,ADD_MISSING,HIGH,NO,EXACT_PHYSICAL_EDITION | PAL_RELEASE,2,PRICECHARTING_EXACT_PAL_PAGE | WIKIPEDIA_PS4_LIST_PAL,B_EXACT_PHYSICAL | B_PAL_RELEASE,https://www.pricecharting.com/game/pal-playstation-4/metal-gear-solid-v-the-phantom-pain-collector%27s-edition | https://en.wikipedia.org/wiki/List_of_PlayStation_4_games_(M%E2%80%93Z),La ficha exacta de la edición física PAL etiqueta a esta compañía como Publisher; puede representar publicación o distribución física. | La columna PAL de la lista de PS4 atribuye la publicación a esta compañía.,Confirmar si la etiqueta Publisher representa publicación o distribución en la caja PAL.,,,CUSA01154_00,,Konami,konami,pricecharting,2026-09-05,company-credit-ps4-pal-high-additions-1,READY_ADD_MISSING
ps4-metal-max-xeno-reborn-limited-edition,Metal Max Xeno Reborn [Limited Edition],PAL España,standard,metal max xeno reborn,metal max xeno reborn,EDITION_VARIANT,PHYSICAL_PUBLISHER_OR_DISTRIBUTOR,publisher,PQube Ltd.,pqube,PQube,EXACT_NAME_OR_ALIAS,,ADD_MISSING,HIGH,NO,EXACT_PHYSICAL_EDITION | PAL_RELEASE,2,PRICECHARTING_EXACT_PAL_PAGE | WIKIPEDIA_PS4_LIST_PAL,B_EXACT_PHYSICAL | B_PAL_RELEASE,https://www.pricecharting.com/game/pal-playstation-4/metal-max-xeno-reborn-limited-edition | https://en.wikipedia.org/wiki/List_of_PlayStation_4_games_(M%E2%80%93Z),La ficha exacta de la edición física PAL etiqueta a esta compañía como Publisher; puede representar publicación o distribución física. | La columna PAL de la lista de PS4 atribuye la publicación a esta compañía.,Confirmar si la etiqueta Publisher representa publicación o distribución en la caja PAL.,,,,,PQube Ltd.,pqube,pricecharting,2026-09-05,company-credit-ps4-pal-high-additions-1,READY_ADD_MISSING
ps4-metal-slug-xx-pix%27n-love-edition,Metal Slug XX [Pix'n Love Edition],PAL España,standard,metal slug xx,metal slug xx,GAME_OR_UNKNOWN,DEVELOPER,developer,SNK Corporation,snk,SNK | SNK CORPORATION,EXACT_NAME_OR_ALIAS,,ADD_MISSING,HIGH,NO,EXACT_PHYSICAL_EDITION | GAME_WORK,2,PRICECHARTING_EXACT_PAL_PAGE | STEAM_STORE,B_EXACT_PHYSICAL | B_OTHER_PLATFORM,https://www.pricecharting.com/game/pal-playstation-4/metal-slug-xx-pix%27n-love-edition | https://store.steampowered.com/app/975680,"La ficha enlazada de la edición física PAL atribuye el desarrollo a esta compañía. | La ficha comercial de Steam confirma la desarrolladora de la obra, no necesariamente el port de PS4.",No propagar a ports o compilaciones sin comprobar sus créditos propios.,,,,,SNK Corporation,snk,official,2026-09-05,company-credit-ps4-pal-high-additions-1,READY_ADD_MISSING
ps4-metro-exodus-aurora-limited-edition,Metro Exodus [Aurora Limited Edition],PAL España,standard,metro exodus,metro exodus,EDITION_VARIANT,DEVELOPER,developer,4A Games,4a-games,4A Games,EXACT_NAME_OR_ALIAS,,ADD_MISSING,HIGH,NO,GAME_WORK | GAME_WORK_OR_PS4_RELEASE | PS4_RELEASE,3,LAUNCHBOX_GAMES_DB | STEAM_STORE | WIKIPEDIA_PS4_LIST,B_OTHER_PLATFORM | B_PS4_RELEASE | C_DISCOVERY,https://en.wikipedia.org/wiki/List_of_PlayStation_4_games_(M%E2%80%93Z) | https://store.steampowered.com/app/412020 | https://gamesdb.launchbox-app.com/games/details/167995,"La lista específica de PS4 atribuye el desarrollo a esta compañía. | La ficha comercial de Steam confirma la desarrolladora de la obra, no necesariamente el port de PS4. | LaunchBox registra esta desarrolladora para su ficha de PS4.",No propagar a ports o compilaciones sin comprobar sus créditos propios.,,,,,4A Games,4a-games,official,2026-09-05,company-credit-ps4-pal-high-additions-1,READY_ADD_MISSING
ps4-metro-exodus-spartan-edition,Metro Exodus [Spartan Edition],PAL España,standard,metro exodus,metro exodus,GAME_OR_UNKNOWN,DEVELOPER,developer,4A Games,4a-games,4A Games,EXACT_NAME_OR_ALIAS,,ADD_MISSING,HIGH,NO,GAME_WORK | GAME_WORK_OR_PS4_RELEASE | PS4_RELEASE,3,LAUNCHBOX_GAMES_DB | STEAM_STORE | WIKIPEDIA_PS4_LIST,B_OTHER_PLATFORM | B_PS4_RELEASE | C_DISCOVERY,https://en.wikipedia.org/wiki/List_of_PlayStation_4_games_(M%E2%80%93Z) | https://store.steampowered.com/app/412020 | https://gamesdb.launchbox-app.com/games/details/167995,"La lista específica de PS4 atribuye el desarrollo a esta compañía. | La ficha comercial de Steam confirma la desarrolladora de la obra, no necesariamente el port de PS4. | LaunchBox registra esta desarrolladora para su ficha de PS4.",No propagar a ports o compilaciones sin comprobar sus créditos propios.,,,,,4A Games,4a-games,official,2026-09-05,company-credit-ps4-pal-high-additions-1,READY_ADD_MISSING
ps4-middle-earth-shadow-of-mordor-playstation-hits,Middle-Earth: Shadow Of Mordor [Playstation Hits],PAL España,standard,middle earth shadow of mordor,middle earth shadow of mordor,EDITION_VARIANT,PHYSICAL_PUBLISHER_OR_DISTRIBUTOR,publisher,WB Games,wb-games,WB Games,EXACT_NAME_OR_ALIAS,,ADD_MISSING,HIGH,NO,EXACT_PHYSICAL_EDITION | PAL_RELEASE,2,PRICECHARTING_EXACT_PAL_PAGE | WIKIPEDIA_PS4_LIST_PAL,B_EXACT_PHYSICAL | B_PAL_RELEASE,https://www.pricecharting.com/game/pal-playstation-4/middle-earth-shadow-of-mordor-playstation-hits | https://en.wikipedia.org/wiki/List_of_PlayStation_4_games_(M%E2%80%93Z),La ficha exacta de la edición física PAL etiqueta a esta compañía como Publisher; puede representar publicación o distribución física. | La columna PAL de la lista de PS4 atribuye la publicación a esta compañía.,Confirmar si la etiqueta Publisher representa publicación o distribución en la caja PAL.,,,,,WB Games,wb-games,pricecharting,2026-09-05,company-credit-ps4-pal-high-additions-1,READY_ADD_MISSING
ps4-middle-earth-shadow-of-mordor-steelbook-edition,Middle Earth: Shadow Of Mordor [Steelbook Edition],PAL España,standard,middle earth shadow of mordor,middle earth shadow of mordor,EDITION_VARIANT,PHYSICAL_PUBLISHER_OR_DISTRIBUTOR,publisher,WB Games,wb-games,WB Games,EXACT_NAME_OR_ALIAS,,ADD_MISSING,HIGH,NO,EXACT_PHYSICAL_EDITION | PAL_RELEASE,2,PRICECHARTING_EXACT_PAL_PAGE | WIKIPEDIA_PS4_LIST_PAL,B_EXACT_PHYSICAL | B_PAL_RELEASE,https://www.pricecharting.com/game/pal-playstation-4/middle-earth-shadow-of-mordor-steelbook-edition | https://en.wikipedia.org/wiki/List_of_PlayStation_4_games_(M%E2%80%93Z),La ficha exacta de la edición física PAL etiqueta a esta compañía como Publisher; puede representar publicación o distribución física. | La columna PAL de la lista de PS4 atribuye la publicación a esta compañía.,Confirmar si la etiqueta Publisher representa publicación o distribución en la caja PAL.,,,,,WB Games,wb-games,pricecharting,2026-09-05,company-credit-ps4-pal-high-additions-1,READY_ADD_MISSING
ps4-middle-earth-shadow-of-war-definitive-edition,Middle Earth: Shadow Of War [Definitive Edition],PAL España,standard,middle earth shadow of war,middle earth shadow of war,GAME_OR_UNKNOWN,DEVELOPER,developer,Monolith Productions,monolith-productions,Monolith Productions,EXACT_NAME_OR_ALIAS,,ADD_MISSING,HIGH,NO,EXACT_PHYSICAL_EDITION | GAME_WORK | GAME_WORK_OR_PS4_RELEASE | PS4_RELEASE,5,LAUNCHBOX_GAMES_DB | PRICECHARTING_EXACT_PAL_PAGE | STEAM_STORE | WIKIDATA | WIKIPEDIA_PS4_LIST,B_EXACT_PHYSICAL | B_OTHER_PLATFORM | B_PS4_RELEASE | C_DISCOVERY,https://www.pricecharting.com/game/pal-playstation-4/middle-earth-shadow-of-war-definitive-edition | https://en.wikipedia.org/wiki/List_of_PlayStation_4_games_(M%E2%80%93Z) | https://store.steampowered.com/app/356190 | https://www.wikidata.org/wiki/Q28859887 | https://gamesdb.launchbox-app.com/games/details/162530,"La ficha enlazada de la edición física PAL atribuye el desarrollo a esta compañía. | La lista específica de PS4 atribuye el desarrollo a esta compañía. | La ficha comercial de Steam confirma la desarrolladora de la obra, no necesariamente el port de PS4. | Wikidata registra la compañía como desarrolladora. | LaunchBox registra esta desarrolladora para su ficha de PS4.",No propagar a ports o compilaciones sin comprobar sus créditos propios.,,,,,Monolith Productions,monolith-productions,official,2026-09-05,company-credit-ps4-pal-high-additions-1,READY_ADD_MISSING
ps4-middle-earth-shadow-of-war-gold-edition,Middle Earth: Shadow of War [Gold Edition],PAL España,standard,middle earth shadow of war,middle earth shadow of war,GAME_OR_UNKNOWN,DEVELOPER,developer,Monolith Productions,monolith-productions,Monolith Productions,EXACT_NAME_OR_ALIAS,,ADD_MISSING,HIGH,NO,GAME_WORK | GAME_WORK_OR_PS4_RELEASE,3,STEAM_STORE | WIKIDATA | WIKIPEDIA_PS4_LIST,B_OTHER_PLATFORM | B_PS4_RELEASE | C_DISCOVERY,https://en.wikipedia.org/wiki/List_of_PlayStation_4_games_(M%E2%80%93Z) | https://store.steampowered.com/app/356190 | https://www.wikidata.org/wiki/Q28859887,"La lista específica de PS4 atribuye el desarrollo a esta compañía. | La ficha comercial de Steam confirma la desarrolladora de la obra, no necesariamente el port de PS4. | Wikidata registra la compañía como desarrolladora.",No propagar a ports o compilaciones sin comprobar sus créditos propios.,,,,,Monolith Productions,monolith-productions,official,2026-09-05,company-credit-ps4-pal-high-additions-1,READY_ADD_MISSING
ps4-middle-earth-shadow-of-war-mithril-edition,Middle Earth: Shadow Of War [Mithril Edition],PAL España,standard,middle earth shadow of war,middle earth shadow of war,GAME_OR_UNKNOWN,DEVELOPER,developer,Monolith Productions,monolith-productions,Monolith Productions,EXACT_NAME_OR_ALIAS,,ADD_MISSING,HIGH,NO,GAME_WORK | GAME_WORK_OR_PS4_RELEASE,3,STEAM_STORE | WIKIDATA | WIKIPEDIA_PS4_LIST,B_OTHER_PLATFORM | B_PS4_RELEASE | C_DISCOVERY,https://en.wikipedia.org/wiki/List_of_PlayStation_4_games_(M%E2%80%93Z) | https://store.steampowered.com/app/356190 | https://www.wikidata.org/wiki/Q28859887,"La lista específica de PS4 atribuye el desarrollo a esta compañía. | La ficha comercial de Steam confirma la desarrolladora de la obra, no necesariamente el port de PS4. | Wikidata registra la compañía como desarrolladora.",No propagar a ports o compilaciones sin comprobar sus créditos propios.,,,,,Monolith Productions,monolith-productions,official,2026-09-05,company-credit-ps4-pal-high-additions-1,READY_ADD_MISSING
ps4-middle-earth-shadow-of-war-silver-edition,Middle Earth: Shadow of War [Silver Edition],PAL España,standard,middle earth shadow of war,middle earth shadow of war,GAME_OR_UNKNOWN,DEVELOPER,developer,Monolith Productions,monolith-productions,Monolith Productions,EXACT_NAME_OR_ALIAS,,ADD_MISSING,HIGH,NO,EXACT_PHYSICAL_EDITION | GAME_WORK | GAME_WORK_OR_PS4_RELEASE,4,PRICECHARTING_EXACT_PAL_PAGE | STEAM_STORE | WIKIDATA | WIKIPEDIA_PS4_LIST,B_EXACT_PHYSICAL | B_OTHER_PLATFORM | B_PS4_RELEASE | C_DISCOVERY,https://www.pricecharting.com/game/pal-playstation-4/middle-earth-shadow-of-war-silver-edition | https://en.wikipedia.org/wiki/List_of_PlayStation_4_games_(M%E2%80%93Z) | https://store.steampowered.com/app/356190 | https://www.wikidata.org/wiki/Q28859887,"La ficha enlazada de la edición física PAL atribuye el desarrollo a esta compañía. | La lista específica de PS4 atribuye el desarrollo a esta compañía. | La ficha comercial de Steam confirma la desarrolladora de la obra, no necesariamente el port de PS4. | Wikidata registra la compañía como desarrolladora.",No propagar a ports o compilaciones sin comprobar sus créditos propios.,,,CUSA04402_00,,Monolith Productions,monolith-productions,official,2026-09-05,company-credit-ps4-pal-high-additions-1,READY_ADD_MISSING
ps4-middle-earth-shadow-of-war-special-edition,Middle Earth: Shadow Of War [Special Edition],PAL España,standard,middle earth shadow of war,middle earth shadow of war,EDITION_VARIANT,DEVELOPER,developer,Monolith Productions,monolith-productions,Monolith Productions,EXACT_NAME_OR_ALIAS,,ADD_MISSING,HIGH,NO,EXACT_PHYSICAL_EDITION | GAME_WORK | GAME_WORK_OR_PS4_RELEASE,4,PRICECHARTING_EXACT_PAL_PAGE | STEAM_STORE | WIKIDATA | WIKIPEDIA_PS4_LIST,B_EXACT_PHYSICAL | B_OTHER_PLATFORM | B_PS4_RELEASE | C_DISCOVERY,https://www.pricecharting.com/game/pal-playstation-4/middle-earth-shadow-of-war-special-edition | https://en.wikipedia.org/wiki/List_of_PlayStation_4_games_(M%E2%80%93Z) | https://store.steampowered.com/app/356190 | https://www.wikidata.org/wiki/Q28859887,"La ficha enlazada de la edición física PAL atribuye el desarrollo a esta compañía. | La lista específica de PS4 atribuye el desarrollo a esta compañía. | La ficha comercial de Steam confirma la desarrolladora de la obra, no necesariamente el port de PS4. | Wikidata registra la compañía como desarrolladora.",No propagar a ports o compilaciones sin comprobar sus créditos propios.,,,CUSA04402_00,,Monolith Productions,monolith-productions,official,2026-09-05,company-credit-ps4-pal-high-additions-1,READY_ADD_MISSING
ps4-monark-deluxe-edition,Monark [Deluxe Edition],PAL España,standard,monark,monark,EDITION_VARIANT,DEVELOPER,developer,FURYU Corporation,furyu,FuRyu | FURYU Corporation,EXACT_NAME_OR_ALIAS,,ADD_MISSING,HIGH,NO,EXACT_PHYSICAL_EDITION | GAME_WORK,2,PRICECHARTING_EXACT_PAL_PAGE | STEAM_STORE,B_EXACT_PHYSICAL | B_OTHER_PLATFORM,https://www.pricecharting.com/game/pal-playstation-4/monark-deluxe-edition | https://store.steampowered.com/app/1539620,"La ficha enlazada de la edición física PAL atribuye el desarrollo a esta compañía. | La ficha comercial de Steam confirma la desarrolladora de la obra, no necesariamente el port de PS4.",No propagar a ports o compilaciones sin comprobar sus créditos propios.,,,CUSA28598_00,,FURYU Corporation,furyu,official,2026-09-05,company-credit-ps4-pal-high-additions-1,READY_ADD_MISSING
ps4-monopoly-madness,Monopoly Madness,PAL España,standard,monopoly madness,monopoly madness,GAME_OR_UNKNOWN,DEVELOPER,developer,Engine Software,engine-software,Engine Software,EXACT_NAME_OR_ALIAS,,ADD_MISSING,HIGH,NO,GAME_WORK | GAME_WORK_OR_PS4_RELEASE,3,STEAM_STORE | WIKIDATA | WIKIPEDIA_PS4_LIST,B_OTHER_PLATFORM | B_PS4_RELEASE | C_DISCOVERY,https://en.wikipedia.org/wiki/List_of_PlayStation_4_games_(M%E2%80%93Z) | https://store.steampowered.com/app/2383760 | https://www.wikidata.org/wiki/Q110013865,"La lista específica de PS4 atribuye el desarrollo a esta compañía. | La ficha comercial de Steam confirma la desarrolladora de la obra, no necesariamente el port de PS4. | Wikidata registra la compañía como desarrolladora.",No propagar a ports o compilaciones sin comprobar sus créditos propios.,,CUSA26329_00,,,Engine Software,engine-software,official,2026-09-05,company-credit-ps4-pal-high-additions-1,READY_ADD_MISSING
ps4-monster-hunter-world,Monster Hunter World,PAL España,standard,monster hunter world,monster hunter world,GAME_OR_UNKNOWN,DEVELOPER,developer,Capcom,capcom,Capcom | CAPCOM Co Ltd.,EXACT_NAME_OR_ALIAS,,ADD_MISSING,HIGH,NO,GAME_WORK | GAME_WORK_OR_PS4_RELEASE | PS4_RELEASE,3,LAUNCHBOX_GAMES_DB | STEAM_STORE | WIKIPEDIA_PS4_LIST,B_OTHER_PLATFORM | B_PS4_RELEASE | C_DISCOVERY,https://en.wikipedia.org/wiki/List_of_PlayStation_4_games_(M%E2%80%93Z) | https://store.steampowered.com/app/582010 | https://gamesdb.launchbox-app.com/games/details/129100,"La lista específica de PS4 atribuye el desarrollo a esta compañía. | La ficha comercial de Steam confirma la desarrolladora de la obra, no necesariamente el port de PS4. | LaunchBox registra esta desarrolladora para su ficha de PS4.",No propagar a ports o compilaciones sin comprobar sus créditos propios.,,CUSA06027_00,,,Capcom,capcom,official,2026-09-05,company-credit-ps4-pal-high-additions-1,READY_ADD_MISSING
ps4-monster-hunter-world-collector%27s-edition,Monster Hunter: World [Collector's Edition],PAL España,standard,monster hunter world,monster hunter world,EDITION_VARIANT,DEVELOPER,developer,Capcom,capcom,Capcom | CAPCOM Co Ltd.,EXACT_NAME_OR_ALIAS,,ADD_MISSING,HIGH,NO,GAME_WORK | GAME_WORK_OR_PS4_RELEASE | PS4_RELEASE,3,LAUNCHBOX_GAMES_DB | STEAM_STORE | WIKIPEDIA_PS4_LIST,B_OTHER_PLATFORM | B_PS4_RELEASE | C_DISCOVERY,https://en.wikipedia.org/wiki/List_of_PlayStation_4_games_(M%E2%80%93Z) | https://store.steampowered.com/app/582010 | https://gamesdb.launchbox-app.com/games/details/129100,"La lista específica de PS4 atribuye el desarrollo a esta compañía. | La ficha comercial de Steam confirma la desarrolladora de la obra, no necesariamente el port de PS4. | LaunchBox registra esta desarrolladora para su ficha de PS4.",No propagar a ports o compilaciones sin comprobar sus créditos propios.,,,,,Capcom,capcom,official,2026-09-05,company-credit-ps4-pal-high-additions-1,READY_ADD_MISSING
ps4-monster-hunter-world-playstation-hits,Monster Hunter World [Playstation Hits],PAL España,standard,monster hunter world,monster hunter world,EDITION_VARIANT,DEVELOPER,developer,Capcom,capcom,Capcom | CAPCOM Co Ltd.,EXACT_NAME_OR_ALIAS,,ADD_MISSING,HIGH,NO,EXACT_PHYSICAL_EDITION | GAME_WORK | GAME_WORK_OR_PS4_RELEASE | PS4_RELEASE,4,LAUNCHBOX_GAMES_DB | PRICECHARTING_EXACT_PAL_PAGE | STEAM_STORE | WIKIPEDIA_PS4_LIST,B_EXACT_PHYSICAL | B_OTHER_PLATFORM | B_PS4_RELEASE | C_DISCOVERY,https://www.pricecharting.com/game/pal-playstation-4/monster-hunter-world-playstation-hits | https://en.wikipedia.org/wiki/List_of_PlayStation_4_games_(M%E2%80%93Z) | https://store.steampowered.com/app/582010 | https://gamesdb.launchbox-app.com/games/details/129100,"La ficha enlazada de la edición física PAL atribuye el desarrollo a esta compañía. | La lista específica de PS4 atribuye el desarrollo a esta compañía. | La ficha comercial de Steam confirma la desarrolladora de la obra, no necesariamente el port de PS4. | LaunchBox registra esta desarrolladora para su ficha de PS4.",No propagar a ports o compilaciones sin comprobar sus créditos propios.,,,,,Capcom,capcom,official,2026-09-05,company-credit-ps4-pal-high-additions-1,READY_ADD_MISSING
ps4-monster-hunter-world-playstation-hits,Monster Hunter World [Playstation Hits],PAL España,standard,monster hunter world,monster hunter world,EDITION_VARIANT,PHYSICAL_PUBLISHER_OR_DISTRIBUTOR,publisher,Capcom,capcom,Capcom,EXACT_NAME_OR_ALIAS,,ADD_MISSING,HIGH,NO,EXACT_PHYSICAL_EDITION | PAL_RELEASE,2,PRICECHARTING_EXACT_PAL_PAGE | WIKIPEDIA_PS4_LIST_PAL,B_EXACT_PHYSICAL | B_PAL_RELEASE,https://www.pricecharting.com/game/pal-playstation-4/monster-hunter-world-playstation-hits | https://en.wikipedia.org/wiki/List_of_PlayStation_4_games_(M%E2%80%93Z),La ficha exacta de la edición física PAL etiqueta a esta compañía como Publisher; puede representar publicación o distribución física. | La columna PAL de la lista de PS4 atribuye la publicación a esta compañía.,Confirmar si la etiqueta Publisher representa publicación o distribución en la caja PAL.,,,,,Capcom,capcom,pricecharting,2026-09-05,company-credit-ps4-pal-high-additions-1,READY_ADD_MISSING
ps4-monster-hunter-world-steelbook,Monster Hunter: World [Steelbook],PAL España,standard,monster hunter world,monster hunter world,EDITION_VARIANT,DEVELOPER,developer,Capcom,capcom,Capcom | CAPCOM Co Ltd.,EXACT_NAME_OR_ALIAS,,ADD_MISSING,HIGH,NO,GAME_WORK | GAME_WORK_OR_PS4_RELEASE | PS4_RELEASE,3,LAUNCHBOX_GAMES_DB | STEAM_STORE | WIKIPEDIA_PS4_LIST,B_OTHER_PLATFORM | B_PS4_RELEASE | C_DISCOVERY,https://en.wikipedia.org/wiki/List_of_PlayStation_4_games_(M%E2%80%93Z) | https://store.steampowered.com/app/582010 | https://gamesdb.launchbox-app.com/games/details/129100,"La lista específica de PS4 atribuye el desarrollo a esta compañía. | La ficha comercial de Steam confirma la desarrolladora de la obra, no necesariamente el port de PS4. | LaunchBox registra esta desarrolladora para su ficha de PS4.",No propagar a ports o compilaciones sin comprobar sus créditos propios.,,,,,Capcom,capcom,official,2026-09-05,company-credit-ps4-pal-high-additions-1,READY_ADD_MISSING
ps4-monster-jam-steel-titans-collector%27s-edition,Monster Jam: Steel Titans [Collector's Edition],PAL España,standard,monster jam steel titans,monster jam steel titans,EDITION_VARIANT,DEVELOPER,developer,Rainbow Studios,rainbow-studios,Rainbow Studios,EXACT_NAME_OR_ALIAS,,ADD_MISSING,HIGH,NO,EXACT_PHYSICAL_EDITION | GAME_WORK | GAME_WORK_OR_PS4_RELEASE | MATCHED_PS4_PRODUCT | PS4_RELEASE,5,LAUNCHBOX_GAMES_DB | PLAYSTATION_STORE_EXPLICIT_CREDIT | PRICECHARTING_EXACT_PAL_PAGE | STEAM_STORE | WIKIPEDIA_PS4_LIST,A_OFFICIAL_MATCHED_TITLE_CREDIT | B_EXACT_PHYSICAL | B_OTHER_PLATFORM | B_PS4_RELEASE | C_DISCOVERY,https://store.playstation.com/es-es/product/EP4389-CUSA13260_00-MONSTERJAM1EU000 | https://www.pricecharting.com/game/pal-playstation-4/monster-jam-steel-titans-collector%27s-edition | https://en.wikipedia.org/wiki/List_of_PlayStation_4_games_(M%E2%80%93Z) | https://store.steampowered.com/app/824280 | https://gamesdb.launchbox-app.com/games/details/212671,"Developed by Rainbow Studios | La ficha enlazada de la edición física PAL atribuye el desarrollo a esta compañía. | La lista específica de PS4 atribuye el desarrollo a esta compañía. | La ficha comercial de Steam confirma la desarrolladora de la obra, no necesariamente el port de PS4. | LaunchBox registra esta desarrolladora para su ficha de PS4.",No propagar a ports o compilaciones sin comprobar sus créditos propios.,,,CUSA13260_00,,Rainbow Studios,rainbow-studios,official,2026-09-05,company-credit-ps4-pal-high-additions-1,READY_ADD_MISSING
ps4-moonlighter-signature-edition,Moonlighter [Signature Edition],PAL España,standard,moonlighter,moonlighter,GAME_OR_UNKNOWN,DEVELOPER,developer,Digital Sun,digital-sun,Digital Sun,EXACT_NAME_OR_ALIAS,,ADD_MISSING,HIGH,NO,EXACT_PHYSICAL_EDITION | GAME_WORK,3,PRICECHARTING_EXACT_PAL_PAGE | STEAM_STORE | WIKIDATA,B_EXACT_PHYSICAL | B_OTHER_PLATFORM | C_DISCOVERY,https://www.pricecharting.com/game/pal-playstation-4/moonlighter-signature-edition | https://store.steampowered.com/app/606150 | https://www.wikidata.org/wiki/Q55641138,"La ficha enlazada de la edición física PAL atribuye el desarrollo a esta compañía. | La ficha comercial de Steam confirma la desarrolladora de la obra, no necesariamente el port de PS4. | Wikidata registra la compañía como desarrolladora.",No propagar a ports o compilaciones sin comprobar sus créditos propios.,,,,,Digital Sun,digital-sun,official,2026-09-05,company-credit-ps4-pal-high-additions-1,READY_ADD_MISSING
ps4-morbid-the-seven-acolytes-signature-edition,Morbid: The Seven Acolytes [Signature Edition],PAL España,standard,morbid the seven acolytes,morbid the seven acolytes,GAME_OR_UNKNOWN,DEVELOPER,developer,Still Running,still-running,Still Running,EXACT_NAME_OR_ALIAS,,ADD_MISSING,HIGH,NO,EXACT_PHYSICAL_EDITION | GAME_WORK | GAME_WORK_OR_PS4_RELEASE | MATCHED_PS4_PRODUCT | PS4_RELEASE,5,LAUNCHBOX_GAMES_DB | PLAYSTATION_STORE_EXPLICIT_CREDIT | PRICECHARTING_EXACT_PAL_PAGE | STEAM_STORE | WIKIPEDIA_PS4_LIST,A_OFFICIAL_MATCHED_TITLE_CREDIT | B_EXACT_PHYSICAL | B_OTHER_PLATFORM | B_PS4_RELEASE | C_DISCOVERY,https://store.playstation.com/es-es/product/EP1121-CUSA20417_00-0000000MORBIDEU1 | https://www.pricecharting.com/game/pal-playstation-4/morbid-the-seven-acolytes-signature-edition | https://en.wikipedia.org/wiki/List_of_PlayStation_4_games_(M%E2%80%93Z) | https://store.steampowered.com/app/1140890 | https://gamesdb.launchbox-app.com/games/details/473533,"Developed by Still Running | La ficha enlazada de la edición física PAL atribuye el desarrollo a esta compañía. | La lista específica de PS4 atribuye el desarrollo a esta compañía. | La ficha comercial de Steam confirma la desarrolladora de la obra, no necesariamente el port de PS4. | LaunchBox registra esta desarrolladora para su ficha de PS4.",No propagar a ports o compilaciones sin comprobar sus créditos propios.,,,,,Still Running,still-running,official,2026-09-05,company-credit-ps4-pal-high-additions-1,READY_ADD_MISSING
ps4-mortal-kombat-11-kollector%27s-edition,Mortal Kombat 11 [Kollector's Edition],PAL España,standard,mortal kombat 11,mortal kombat 11,GAME_OR_UNKNOWN,DEVELOPER,developer,NetherRealm Studios,netherrealm-studios,NetherRealm Studios,EXACT_NAME_OR_ALIAS,,ADD_MISSING,HIGH,NO,GAME_WORK | GAME_WORK_OR_PS4_RELEASE | PS4_RELEASE,4,LAUNCHBOX_GAMES_DB | STEAM_STORE | WIKIDATA | WIKIPEDIA_PS4_LIST,B_OTHER_PLATFORM | B_PS4_RELEASE | C_DISCOVERY,https://en.wikipedia.org/wiki/List_of_PlayStation_4_games_(M%E2%80%93Z) | https://store.steampowered.com/app/976310 | https://www.wikidata.org/wiki/Q59511757 | https://gamesdb.launchbox-app.com/games/details/187256,"La lista específica de PS4 atribuye el desarrollo a esta compañía. | La ficha comercial de Steam confirma la desarrolladora de la obra, no necesariamente el port de PS4. | Wikidata registra la compañía como desarrolladora. | LaunchBox registra esta desarrolladora para su ficha de PS4.",No propagar a ports o compilaciones sin comprobar sus créditos propios.,,,,,NetherRealm Studios,netherrealm-studios,official,2026-09-05,company-credit-ps4-pal-high-additions-1,READY_ADD_MISSING
ps4-mortal-kombat-11-omake-edition,Mortal Kombat 11 [Omake Edition],PAL España,standard,mortal kombat 11,mortal kombat 11,GAME_OR_UNKNOWN,DEVELOPER,developer,NetherRealm Studios,netherrealm-studios,NetherRealm Studios,EXACT_NAME_OR_ALIAS,,ADD_MISSING,HIGH,NO,GAME_WORK | GAME_WORK_OR_PS4_RELEASE | PS4_RELEASE,4,LAUNCHBOX_GAMES_DB | STEAM_STORE | WIKIDATA | WIKIPEDIA_PS4_LIST,B_OTHER_PLATFORM | B_PS4_RELEASE | C_DISCOVERY,https://en.wikipedia.org/wiki/List_of_PlayStation_4_games_(M%E2%80%93Z) | https://store.steampowered.com/app/976310 | https://www.wikidata.org/wiki/Q59511757 | https://gamesdb.launchbox-app.com/games/details/187256,"La lista específica de PS4 atribuye el desarrollo a esta compañía. | La ficha comercial de Steam confirma la desarrolladora de la obra, no necesariamente el port de PS4. | Wikidata registra la compañía como desarrolladora. | LaunchBox registra esta desarrolladora para su ficha de PS4.",No propagar a ports o compilaciones sin comprobar sus créditos propios.,,,,,NetherRealm Studios,netherrealm-studios,official,2026-09-05,company-credit-ps4-pal-high-additions-1,READY_ADD_MISSING
ps4-mortal-kombat-11-premium-edition,Mortal Kombat 11 [Premium Edition],PAL España,standard,mortal kombat 11,mortal kombat 11,EDITION_VARIANT,DEVELOPER,developer,NetherRealm Studios,netherrealm-studios,NetherRealm Studios,EXACT_NAME_OR_ALIAS,,ADD_MISSING,HIGH,NO,GAME_WORK | GAME_WORK_OR_PS4_RELEASE | PS4_RELEASE,4,LAUNCHBOX_GAMES_DB | STEAM_STORE | WIKIDATA | WIKIPEDIA_PS4_LIST,B_OTHER_PLATFORM | B_PS4_RELEASE | C_DISCOVERY,https://en.wikipedia.org/wiki/List_of_PlayStation_4_games_(M%E2%80%93Z) | https://store.steampowered.com/app/976310 | https://www.wikidata.org/wiki/Q59511757 | https://gamesdb.launchbox-app.com/games/details/187256,"La lista específica de PS4 atribuye el desarrollo a esta compañía. | La ficha comercial de Steam confirma la desarrolladora de la obra, no necesariamente el port de PS4. | Wikidata registra la compañía como desarrolladora. | LaunchBox registra esta desarrolladora para su ficha de PS4.",No propagar a ports o compilaciones sin comprobar sus créditos propios.,,,,,NetherRealm Studios,netherrealm-studios,official,2026-09-05,company-credit-ps4-pal-high-additions-1,READY_ADD_MISSING
ps4-mortal-kombat-11-special-edition,Mortal Kombat 11 [Special Edition],PAL España,standard,mortal kombat 11,mortal kombat 11,EDITION_VARIANT,DEVELOPER,developer,NetherRealm Studios,netherrealm-studios,NetherRealm Studios,EXACT_NAME_OR_ALIAS,,ADD_MISSING,HIGH,NO,GAME_WORK | GAME_WORK_OR_PS4_RELEASE | PS4_RELEASE,4,LAUNCHBOX_GAMES_DB | STEAM_STORE | WIKIDATA | WIKIPEDIA_PS4_LIST,B_OTHER_PLATFORM | B_PS4_RELEASE | C_DISCOVERY,https://en.wikipedia.org/wiki/List_of_PlayStation_4_games_(M%E2%80%93Z) | https://store.steampowered.com/app/976310 | https://www.wikidata.org/wiki/Q59511757 | https://gamesdb.launchbox-app.com/games/details/187256,"La lista específica de PS4 atribuye el desarrollo a esta compañía. | La ficha comercial de Steam confirma la desarrolladora de la obra, no necesariamente el port de PS4. | Wikidata registra la compañía como desarrolladora. | LaunchBox registra esta desarrolladora para su ficha de PS4.",No propagar a ports o compilaciones sin comprobar sus créditos propios.,,,,,NetherRealm Studios,netherrealm-studios,official,2026-09-05,company-credit-ps4-pal-high-additions-1,READY_ADD_MISSING
ps4-mortal-kombat-11-steelbook-edition,Mortal Kombat 11 [Steelbook Edition],PAL España,standard,mortal kombat 11,mortal kombat 11,EDITION_VARIANT,DEVELOPER,developer,NetherRealm Studios,netherrealm-studios,NetherRealm Studios,EXACT_NAME_OR_ALIAS,,ADD_MISSING,HIGH,NO,GAME_WORK | GAME_WORK_OR_PS4_RELEASE | PS4_RELEASE,4,LAUNCHBOX_GAMES_DB | STEAM_STORE | WIKIDATA | WIKIPEDIA_PS4_LIST,B_OTHER_PLATFORM | B_PS4_RELEASE | C_DISCOVERY,https://en.wikipedia.org/wiki/List_of_PlayStation_4_games_(M%E2%80%93Z) | https://store.steampowered.com/app/976310 | https://www.wikidata.org/wiki/Q59511757 | https://gamesdb.launchbox-app.com/games/details/187256,"La lista específica de PS4 atribuye el desarrollo a esta compañía. | La ficha comercial de Steam confirma la desarrolladora de la obra, no necesariamente el port de PS4. | Wikidata registra la compañía como desarrolladora. | LaunchBox registra esta desarrolladora para su ficha de PS4.",No propagar a ports o compilaciones sin comprobar sus créditos propios.,,,,,NetherRealm Studios,netherrealm-studios,official,2026-09-05,company-credit-ps4-pal-high-additions-1,READY_ADD_MISSING
ps4-mortal-kombat-x-kollector%27s-edition,Mortal Kombat X [Kollector's Edition],PAL España,standard,mortal kombat x,mortal kombat x,GAME_OR_UNKNOWN,DEVELOPER,developer,NetherRealm Studios,netherrealm-studios,NetherRealm Studios,EXACT_NAME_OR_ALIAS,,ADD_MISSING,HIGH,NO,GAME_WORK | GAME_WORK_OR_PS4_RELEASE | MATCHED_PS4_PRODUCT | PS4_RELEASE,5,LAUNCHBOX_GAMES_DB | PLAYSTATION_STORE_EXPLICIT_CREDIT | STEAM_STORE | WIKIDATA | WIKIPEDIA_PS4_LIST,A_OFFICIAL_MATCHED_TITLE_CREDIT | B_OTHER_PLATFORM | B_PS4_RELEASE | C_DISCOVERY,https://store.playstation.com/es-es/product/EP1018-CUSA00970_00-MORTALKOMBATX000 | https://en.wikipedia.org/wiki/List_of_PlayStation_4_games_(M%E2%80%93Z) | https://store.steampowered.com/app/307780 | https://www.wikidata.org/wiki/Q17118361 | https://gamesdb.launchbox-app.com/games/details/23433,"Developed by NetherRealm Studios | La lista específica de PS4 atribuye el desarrollo a esta compañía. | La ficha comercial de Steam confirma la desarrolladora de la obra, no necesariamente el port de PS4. | Wikidata registra la compañía como desarrolladora. | LaunchBox registra esta desarrolladora para su ficha de PS4.",No propagar a ports o compilaciones sin comprobar sus créditos propios.,,,,,NetherRealm Studios,netherrealm-studios,official,2026-09-05,company-credit-ps4-pal-high-additions-1,READY_ADD_MISSING
ps4-mortal-kombat-x-kollector%27s-edition-by-coarse,Mortal Kombat X [Kollector's Edition By Coarse],PAL España,standard,mortal kombat x,mortal kombat x,GAME_OR_UNKNOWN,DEVELOPER,developer,NetherRealm Studios,netherrealm-studios,NetherRealm Studios,EXACT_NAME_OR_ALIAS,,ADD_MISSING,HIGH,NO,GAME_WORK | GAME_WORK_OR_PS4_RELEASE | MATCHED_PS4_PRODUCT | PS4_RELEASE,5,LAUNCHBOX_GAMES_DB | PLAYSTATION_STORE_EXPLICIT_CREDIT | STEAM_STORE | WIKIDATA | WIKIPEDIA_PS4_LIST,A_OFFICIAL_MATCHED_TITLE_CREDIT | B_OTHER_PLATFORM | B_PS4_RELEASE | C_DISCOVERY,https://store.playstation.com/es-es/product/EP1018-CUSA00970_00-MORTALKOMBATX000 | https://en.wikipedia.org/wiki/List_of_PlayStation_4_games_(M%E2%80%93Z) | https://store.steampowered.com/app/307780 | https://www.wikidata.org/wiki/Q17118361 | https://gamesdb.launchbox-app.com/games/details/23433,"Developed by NetherRealm Studios | La lista específica de PS4 atribuye el desarrollo a esta compañía. | La ficha comercial de Steam confirma la desarrolladora de la obra, no necesariamente el port de PS4. | Wikidata registra la compañía como desarrolladora. | LaunchBox registra esta desarrolladora para su ficha de PS4.",No propagar a ports o compilaciones sin comprobar sus créditos propios.,,,,,NetherRealm Studios,netherrealm-studios,official,2026-09-05,company-credit-ps4-pal-high-additions-1,READY_ADD_MISSING
ps4-mortal-kombat-x-kollector%27s-edition-steelbook,Mortal Kombat X [Kollector's Edition Steelbook],PAL España,standard,mortal kombat x,mortal kombat x,EDITION_VARIANT,DEVELOPER,developer,NetherRealm Studios,netherrealm-studios,NetherRealm Studios,EXACT_NAME_OR_ALIAS,,ADD_MISSING,HIGH,NO,GAME_WORK | GAME_WORK_OR_PS4_RELEASE | MATCHED_PS4_PRODUCT | PS4_RELEASE,5,LAUNCHBOX_GAMES_DB | PLAYSTATION_STORE_EXPLICIT_CREDIT | STEAM_STORE | WIKIDATA | WIKIPEDIA_PS4_LIST,A_OFFICIAL_MATCHED_TITLE_CREDIT | B_OTHER_PLATFORM | B_PS4_RELEASE | C_DISCOVERY,https://store.playstation.com/es-es/product/EP1018-CUSA00970_00-MORTALKOMBATX000 | https://en.wikipedia.org/wiki/List_of_PlayStation_4_games_(M%E2%80%93Z) | https://store.steampowered.com/app/307780 | https://www.wikidata.org/wiki/Q17118361 | https://gamesdb.launchbox-app.com/games/details/23433,"Developed by NetherRealm Studios | La lista específica de PS4 atribuye el desarrollo a esta compañía. | La ficha comercial de Steam confirma la desarrolladora de la obra, no necesariamente el port de PS4. | Wikidata registra la compañía como desarrolladora. | LaunchBox registra esta desarrolladora para su ficha de PS4.",No propagar a ports o compilaciones sin comprobar sus créditos propios.,,,,,NetherRealm Studios,netherrealm-studios,official,2026-09-05,company-credit-ps4-pal-high-additions-1,READY_ADD_MISSING
ps4-mortal-kombat-x-playstation-hits,Mortal Kombat X [Playstation Hits],PAL España,standard,mortal kombat x,mortal kombat x,EDITION_VARIANT,DEVELOPER,developer,NetherRealm Studios,netherrealm-studios,NetherRealm Studios,EXACT_NAME_OR_ALIAS,,ADD_MISSING,HIGH,NO,GAME_WORK | GAME_WORK_OR_PS4_RELEASE | MATCHED_PS4_PRODUCT | PS4_RELEASE,5,LAUNCHBOX_GAMES_DB | PLAYSTATION_STORE_EXPLICIT_CREDIT | STEAM_STORE | WIKIDATA | WIKIPEDIA_PS4_LIST,A_OFFICIAL_MATCHED_TITLE_CREDIT | B_OTHER_PLATFORM | B_PS4_RELEASE | C_DISCOVERY,https://store.playstation.com/es-es/product/EP1018-CUSA00970_00-MORTALKOMBATX000 | https://en.wikipedia.org/wiki/List_of_PlayStation_4_games_(M%E2%80%93Z) | https://store.steampowered.com/app/307780 | https://www.wikidata.org/wiki/Q17118361 | https://gamesdb.launchbox-app.com/games/details/23433,"Developed by NetherRealm Studios | La lista específica de PS4 atribuye el desarrollo a esta compañía. | La ficha comercial de Steam confirma la desarrolladora de la obra, no necesariamente el port de PS4. | Wikidata registra la compañía como desarrolladora. | LaunchBox registra esta desarrolladora para su ficha de PS4.",No propagar a ports o compilaciones sin comprobar sus créditos propios.,,,,,NetherRealm Studios,netherrealm-studios,official,2026-09-05,company-credit-ps4-pal-high-additions-1,READY_ADD_MISSING
ps4-mortal-kombat-x-special-edition,Mortal Kombat X [Special Edition],PAL España,standard,mortal kombat x,mortal kombat x,EDITION_VARIANT,DEVELOPER,developer,NetherRealm Studios,netherrealm-studios,NetherRealm Studios,EXACT_NAME_OR_ALIAS,,ADD_MISSING,HIGH,NO,EXACT_PHYSICAL_EDITION | GAME_WORK | GAME_WORK_OR_PS4_RELEASE | MATCHED_PS4_PRODUCT | PS4_RELEASE,6,LAUNCHBOX_GAMES_DB | PLAYSTATION_STORE_EXPLICIT_CREDIT | PRICECHARTING_EXACT_PAL_PAGE | STEAM_STORE | WIKIDATA | WIKIPEDIA_PS4_LIST,A_OFFICIAL_MATCHED_TITLE_CREDIT | B_EXACT_PHYSICAL | B_OTHER_PLATFORM | B_PS4_RELEASE | C_DISCOVERY,https://store.playstation.com/es-es/product/EP1018-CUSA00970_00-MORTALKOMBATX000 | https://www.pricecharting.com/game/pal-playstation-4/mortal-kombat-x-special-edition | https://en.wikipedia.org/wiki/List_of_PlayStation_4_games_(M%E2%80%93Z) | https://store.steampowered.com/app/307780 | https://www.wikidata.org/wiki/Q17118361 | https://gamesdb.launchbox-app.com/games/details/23433,"Developed by NetherRealm Studios | La ficha enlazada de la edición física PAL atribuye el desarrollo a esta compañía. | La lista específica de PS4 atribuye el desarrollo a esta compañía. | La ficha comercial de Steam confirma la desarrolladora de la obra, no necesariamente el port de PS4. | Wikidata registra la compañía como desarrolladora. | LaunchBox registra esta desarrolladora para su ficha de PS4.",No propagar a ports o compilaciones sin comprobar sus créditos propios.,,,,,NetherRealm Studios,netherrealm-studios,official,2026-09-05,company-credit-ps4-pal-high-additions-1,READY_ADD_MISSING
ps4-mortal-kombat-xl-ultimate-fight-bundle,Mortal Kombat XL [Ultimate Fight Bundle],PAL España,standard,mortal kombat xl,mortal kombat xl,EDITION_VARIANT,DEVELOPER,developer,NetherRealm Studios,netherrealm-studios,NetherRealm Studios,EXACT_NAME_OR_ALIAS,,ADD_MISSING,HIGH,NO,MATCHED_PS4_PRODUCT | PS4_RELEASE,2,LAUNCHBOX_GAMES_DB | PLAYSTATION_STORE_EXPLICIT_CREDIT,A_OFFICIAL_MATCHED_TITLE_CREDIT | C_DISCOVERY,https://store.playstation.com/es-es/product/EP1018-CUSA03679_00-MORTALKOMBATXL00 | https://gamesdb.launchbox-app.com/games/details/145579,Desarrollado por NetherRealm Studios | LaunchBox registra esta desarrolladora para su ficha de PS4.,No propagar a ports o compilaciones sin comprobar sus créditos propios.,,,,,NetherRealm Studios,netherrealm-studios,official,2026-09-05,company-credit-ps4-pal-high-additions-1,READY_ADD_MISSING
ps4-mortal-shell-game-of-the-year-edition,Mortal Shell [Game of the Year Edition],PAL España,standard,mortal shell,mortal shell,GAME_OR_UNKNOWN,DEVELOPER,developer,Cold Symmetry,cold-symmetry,Cold Symmetry,EXACT_NAME_OR_ALIAS,,ADD_MISSING,HIGH,NO,GAME_WORK | GAME_WORK_OR_PS4_RELEASE,2,STEAM_STORE | WIKIPEDIA_PS4_LIST,B_OTHER_PLATFORM | B_PS4_RELEASE,https://en.wikipedia.org/wiki/List_of_PlayStation_4_games_(M%E2%80%93Z) | https://store.steampowered.com/app/1110910,"La lista específica de PS4 atribuye el desarrollo a esta compañía. | La ficha comercial de Steam confirma la desarrolladora de la obra, no necesariamente el port de PS4.",No propagar a ports o compilaciones sin comprobar sus créditos propios.,,,CUSA20133_00,,Cold Symmetry,cold-symmetry,official,2026-09-05,company-credit-ps4-pal-high-additions-1,READY_ADD_MISSING
ps4-moto-racer-4-deluxe-edition,Moto Racer 4 [Deluxe Edition],PAL España,standard,moto racer 4,moto racer 4,EDITION_VARIANT,DEVELOPER,developer,Artefacts Studio,artefacts-studio,Artefacts Studio,EXACT_NAME_OR_ALIAS,,ADD_MISSING,HIGH,NO,GAME_WORK | GAME_WORK_OR_PS4_RELEASE | MATCHED_PS4_PRODUCT,3,PLAYSTATION_STORE_EXPLICIT_CREDIT | STEAM_STORE | WIKIPEDIA_PS4_LIST,A_OFFICIAL_MATCHED_TITLE_CREDIT | B_OTHER_PLATFORM | B_PS4_RELEASE,https://store.playstation.com/es-es/product/EP4295-CUSA05029_00-AI201610MR400001 | https://en.wikipedia.org/wiki/List_of_PlayStation_4_games_(M%E2%80%93Z) | https://store.steampowered.com/app/417430,"Developed by Artefacts Studio | La lista específica de PS4 atribuye el desarrollo a esta compañía. | La ficha comercial de Steam confirma la desarrolladora de la obra, no necesariamente el port de PS4.",No propagar a ports o compilaciones sin comprobar sus créditos propios.,,,,,Artefacts Studio,artefacts-studio,official,2026-09-05,company-credit-ps4-pal-high-additions-1,READY_ADD_MISSING
ps4-moto-racer-4-deluxe-edition,Moto Racer 4 [Deluxe Edition],PAL España,standard,moto racer 4,moto racer 4,EDITION_VARIANT,PHYSICAL_PUBLISHER_OR_DISTRIBUTOR,publisher,Microids,microids,Microïds | Microids,EXACT_NAME_OR_ALIAS,,ADD_MISSING,HIGH,NO,EXACT_PHYSICAL_EDITION | PAL_RELEASE,2,PRICECHARTING_EXACT_PAL_PAGE | WIKIPEDIA_PS4_LIST_PAL,B_EXACT_PHYSICAL | B_PAL_RELEASE,https://www.pricecharting.com/game/pal-playstation-4/moto-racer-4-deluxe-edition | https://en.wikipedia.org/wiki/List_of_PlayStation_4_games_(M%E2%80%93Z),La ficha exacta de la edición física PAL etiqueta a esta compañía como Publisher; puede representar publicación o distribución física. | La columna PAL de la lista de PS4 atribuye la publicación a esta compañía.,Confirmar si la etiqueta Publisher representa publicación o distribución en la caja PAL.,,,,,Microids,microids,pricecharting,2026-09-05,company-credit-ps4-pal-high-additions-1,READY_ADD_MISSING
ps4-motogp-14,MotoGP 14,PAL España,standard,motogp 14,motogp 14,GAME_OR_UNKNOWN,DEVELOPER,developer,Milestone srl,milestone-srl,Milestone SRL | Milestone srl,EXACT_NAME_OR_ALIAS,,ADD_MISSING,HIGH,NO,GAME_WORK_OR_PS4_RELEASE | MATCHED_PS4_PRODUCT,2,PLAYSTATION_STORE_EXPLICIT_CREDIT | WIKIPEDIA_PS4_LIST,A_OFFICIAL_MATCHED_TITLE_CREDIT | B_PS4_RELEASE,https://store.playstation.com/es-es/product/EP4356-CUSA00318_00-MOTOGP1400000000 | https://en.wikipedia.org/wiki/List_of_PlayStation_4_games_(M%E2%80%93Z),Developed by Milestone SRL All rights reserved | La lista específica de PS4 atribuye el desarrollo a esta compañía.,No propagar a ports o compilaciones sin comprobar sus créditos propios.,,,,,Milestone srl,milestone-srl,official,2026-09-05,company-credit-ps4-pal-high-additions-1,READY_ADD_MISSING
ps4-motogp-15,MotoGP 15,PAL España,standard,motogp 15,motogp 15,GAME_OR_UNKNOWN,DEVELOPER,developer,Milestone srl,milestone-srl,Milestone SRL | Milestone srl,EXACT_NAME_OR_ALIAS,,ADD_MISSING,HIGH,NO,GAME_WORK_OR_PS4_RELEASE | MATCHED_PS4_PRODUCT,2,PLAYSTATION_STORE_EXPLICIT_CREDIT | WIKIPEDIA_PS4_LIST,A_OFFICIAL_MATCHED_TITLE_CREDIT | B_PS4_RELEASE,https://store.playstation.com/es-es/product/EP4356-CUSA02041_00-MOTOGP15FULLGAME | https://en.wikipedia.org/wiki/List_of_PlayStation_4_games_(M%E2%80%93Z),Developed by Milestone SRL All rights reserved | La lista específica de PS4 atribuye el desarrollo a esta compañía.,No propagar a ports o compilaciones sin comprobar sus créditos propios.,,,,,Milestone srl,milestone-srl,official,2026-09-05,company-credit-ps4-pal-high-additions-1,READY_ADD_MISSING
ps4-motogp-25,MotoGP 25,PAL España,standard,motogp 25,motogp 25,GAME_OR_UNKNOWN,DEVELOPER,developer,Milestone srl,milestone-srl,Milestone SRL,EXACT_NAME_OR_ALIAS,,ADD_MISSING,HIGH,NO,MATCHED_PS4_PRODUCT,1,PLAYSTATION_STORE_EXPLICIT_CREDIT,A_OFFICIAL_MATCHED_TITLE_CREDIT,https://store.playstation.com/es-es/product/EP4356-CUSA53165_00-MOTOGP25FULLGAME,Developed by Milestone SRL All rights reserved,No propagar a ports o compilaciones sin comprobar sus créditos propios.,,,,,Milestone srl,milestone-srl,official,2026-09-05,company-credit-ps4-pal-high-additions-1,READY_ADD_MISSING
ps4-motogp-25-day-one-edition,MotoGP 25 [Day One Edition],PAL España,standard,motogp 25,motogp 25,EDITION_VARIANT,DEVELOPER,developer,Milestone srl,milestone-srl,Milestone SRL,EXACT_NAME_OR_ALIAS,,ADD_MISSING,HIGH,NO,MATCHED_PS4_PRODUCT,1,PLAYSTATION_STORE_EXPLICIT_CREDIT,A_OFFICIAL_MATCHED_TITLE_CREDIT,https://store.playstation.com/es-es/product/EP4356-CUSA53165_00-MOTOGP25FULLGAME,Developed by Milestone SRL All rights reserved,No propagar a ports o compilaciones sin comprobar sus créditos propios.,,,,,Milestone srl,milestone-srl,official,2026-09-05,company-credit-ps4-pal-high-additions-1,READY_ADD_MISSING
ps4-mx-vs-atv-supercross-encore,MX vs. ATV Supercross Encore,PAL España,standard,mx vs atv supercross encore,mx vs atv supercross encore,GAME_OR_UNKNOWN,DEVELOPER,developer,Rainbow Studios,rainbow-studios,Rainbow Studios,EXACT_NAME_OR_ALIAS,,ADD_MISSING,HIGH,NO,GAME_WORK | GAME_WORK_OR_PS4_RELEASE | MATCHED_PS4_PRODUCT,3,PLAYSTATION_STORE_EXPLICIT_CREDIT | STEAM_STORE | WIKIPEDIA_PS4_LIST,A_OFFICIAL_MATCHED_TITLE_CREDIT | B_OTHER_PLATFORM | B_PS4_RELEASE,https://store.playstation.com/es-es/product/EP4389-CUSA01768_00-MXSXEEPSNHDDEU01 | https://en.wikipedia.org/wiki/List_of_PlayStation_4_games_(M%E2%80%93Z) | https://store.steampowered.com/app/282050,"Developed by Rainbow Studios | La lista específica de PS4 atribuye el desarrollo a esta compañía. | La ficha comercial de Steam confirma la desarrolladora de la obra, no necesariamente el port de PS4.",No propagar a ports o compilaciones sin comprobar sus créditos propios.,,CUSA01704_00,,,Rainbow Studios,rainbow-studios,official,2026-09-05,company-credit-ps4-pal-high-additions-1,READY_ADD_MISSING
ps4-my-hero-one%27s-justice-2-collector%27s-edition,My Hero One's Justice 2 [Collector's Edition],PAL España,standard,my hero one s justice 2,my hero one s justice 2,EDITION_VARIANT,PHYSICAL_PUBLISHER_OR_DISTRIBUTOR,publisher,Bandai Namco Entertainment,bandai-namco-entertainment,Bandai Namco | Bandai Namco Entertainment,EXACT_NAME_OR_ALIAS,,ADD_MISSING,HIGH,NO,EXACT_PHYSICAL_EDITION | PAL_RELEASE,2,PRICECHARTING_EXACT_PAL_PAGE | WIKIPEDIA_PS4_LIST_PAL,B_EXACT_PHYSICAL | B_PAL_RELEASE,https://www.pricecharting.com/game/pal-playstation-4/my-hero-one%27s-justice-2-collector%27s-edition | https://en.wikipedia.org/wiki/List_of_PlayStation_4_games_(M%E2%80%93Z),La ficha exacta de la edición física PAL etiqueta a esta compañía como Publisher; puede representar publicación o distribución física. | La columna PAL de la lista de PS4 atribuye la publicación a esta compañía.,Confirmar si la etiqueta Publisher representa publicación o distribución en la caja PAL.,,,,,Bandai Namco Entertainment,bandai-namco-entertainment,pricecharting,2026-09-05,company-credit-ps4-pal-high-additions-1,READY_ADD_MISSING
ps4-my-hero-one%27s-justice-hero-vs-villain-collector-bundle,My Hero One's Justice [Hero vs Villain Collector Bundle],PAL España,standard,my hero one s justice,my hero one s justice,EDITION_VARIANT,PHYSICAL_PUBLISHER_OR_DISTRIBUTOR,publisher,Bandai Namco Entertainment,bandai-namco-entertainment,Bandai Namco | Bandai Namco Entertainment,EXACT_NAME_OR_ALIAS,,ADD_MISSING,HIGH,NO,EXACT_PHYSICAL_EDITION | PAL_RELEASE,2,PRICECHARTING_EXACT_PAL_PAGE | WIKIPEDIA_PS4_LIST_PAL,B_EXACT_PHYSICAL | B_PAL_RELEASE,https://www.pricecharting.com/game/pal-playstation-4/my-hero-one%27s-justice-hero-vs-villain-collector-bundle | https://en.wikipedia.org/wiki/List_of_PlayStation_4_games_(M%E2%80%93Z),La ficha exacta de la edición física PAL etiqueta a esta compañía como Publisher; puede representar publicación o distribución física. | La columna PAL de la lista de PS4 atribuye la publicación a esta compañía.,Confirmar si la etiqueta Publisher representa publicación o distribución en la caja PAL.,,,,,Bandai Namco Entertainment,bandai-namco-entertainment,pricecharting,2026-09-05,company-credit-ps4-pal-high-additions-1,READY_ADD_MISSING
ps4-my-riding-stables-2-a-new-adventure,My Riding Stables 2: A New Adventure,PAL España,standard,my riding stables 2 a new adventure,my riding stables 2 a new adventure,GAME_OR_UNKNOWN,DEVELOPER,developer,Independent Arts Software GmbH,independent-arts-software,Independent Arts Software GmbH | Independent Arts Software,EXACT_NAME_OR_ALIAS,,ADD_MISSING,HIGH,NO,MATCHED_PS4_PRODUCT | PS4_RELEASE,2,LAUNCHBOX_GAMES_DB | PLAYSTATION_STORE_EXPLICIT_CREDIT,A_OFFICIAL_MATCHED_TITLE_CREDIT | C_DISCOVERY,https://store.playstation.com/es-es/product/EP3024-CUSA17887_00-MYRIDINGFARMEURO | https://gamesdb.launchbox-app.com/games/details/476477,Developed by Independent Arts Software GmbH | LaunchBox registra esta desarrolladora para su ficha de PS4.,No propagar a ports o compilaciones sin comprobar sus créditos propios.,,CUSA17843_00,,,Independent Arts Software GmbH,independent-arts-software,official,2026-09-05,company-credit-ps4-pal-high-additions-1,READY_ADD_MISSING
ps4-my-time-at-sandrock,My Time at Sandrock,PAL España,standard,my time at sandrock,my time at sandrock,GAME_OR_UNKNOWN,DEVELOPER,developer,Pathea Games,pathea-games,Pathea Games,EXACT_NAME_OR_ALIAS,,ADD_MISSING,HIGH,NO,GAME_WORK | GAME_WORK_OR_PS4_RELEASE | PS4_RELEASE,4,LAUNCHBOX_GAMES_DB | STEAM_STORE | WIKIDATA | WIKIPEDIA_PS4_LIST,B_OTHER_PLATFORM | B_PS4_RELEASE | C_DISCOVERY,https://en.wikipedia.org/wiki/List_of_PlayStation_4_games_(M%E2%80%93Z) | https://store.steampowered.com/app/1084600 | https://www.wikidata.org/wiki/Q111968979 | https://gamesdb.launchbox-app.com/games/details/476484,"La lista específica de PS4 atribuye el desarrollo a esta compañía. | La ficha comercial de Steam confirma la desarrolladora de la obra, no necesariamente el port de PS4. | Wikidata registra la compañía como desarrolladora. | LaunchBox registra esta desarrolladora para su ficha de PS4.",No propagar a ports o compilaciones sin comprobar sus créditos propios.,,CUSA41729_00,,,Pathea Games,pathea-games,official,2026-09-05,company-credit-ps4-pal-high-additions-1,READY_ADD_MISSING
ps4-my-time-at-sandrock-collector%27s-edition,My Time at Sandrock [Collector's Edition],PAL España,standard,my time at sandrock,my time at sandrock,EDITION_VARIANT,DEVELOPER,developer,Pathea Games,pathea-games,Pathea Games,EXACT_NAME_OR_ALIAS,,ADD_MISSING,HIGH,NO,GAME_WORK | GAME_WORK_OR_PS4_RELEASE | PS4_RELEASE,4,LAUNCHBOX_GAMES_DB | STEAM_STORE | WIKIDATA | WIKIPEDIA_PS4_LIST,B_OTHER_PLATFORM | B_PS4_RELEASE | C_DISCOVERY,https://en.wikipedia.org/wiki/List_of_PlayStation_4_games_(M%E2%80%93Z) | https://store.steampowered.com/app/1084600 | https://www.wikidata.org/wiki/Q111968979 | https://gamesdb.launchbox-app.com/games/details/476484,"La lista específica de PS4 atribuye el desarrollo a esta compañía. | La ficha comercial de Steam confirma la desarrolladora de la obra, no necesariamente el port de PS4. | Wikidata registra la compañía como desarrolladora. | LaunchBox registra esta desarrolladora para su ficha de PS4.",No propagar a ports o compilaciones sin comprobar sus créditos propios.,,,,,Pathea Games,pathea-games,official,2026-09-05,company-credit-ps4-pal-high-additions-1,READY_ADD_MISSING
ps4-narita-boy,Narita Boy,PAL España,standard,narita boy,narita boy,GAME_OR_UNKNOWN,DEVELOPER,developer,Studio Koba,studio-koba,Studio Koba,EXACT_NAME_OR_ALIAS,,ADD_MISSING,HIGH,NO,GAME_WORK | GAME_WORK_OR_PS4_RELEASE | PS4_RELEASE,4,LAUNCHBOX_GAMES_DB | STEAM_STORE | WIKIDATA | WIKIPEDIA_PS4_LIST,B_OTHER_PLATFORM | B_PS4_RELEASE | C_DISCOVERY,https://en.wikipedia.org/wiki/List_of_PlayStation_4_games_(M%E2%80%93Z) | https://store.steampowered.com/app/1069530 | https://www.wikidata.org/wiki/Q60997576 | https://gamesdb.launchbox-app.com/games/details/473537,"La lista específica de PS4 atribuye el desarrollo a esta compañía. | La ficha comercial de Steam confirma la desarrolladora de la obra, no necesariamente el port de PS4. | Wikidata registra la compañía como desarrolladora. | LaunchBox registra esta desarrolladora para su ficha de PS4.",No propagar a ports o compilaciones sin comprobar sus créditos propios.,,CUSA25801_00,,,Studio Koba,studio-koba,official,2026-09-05,company-credit-ps4-pal-high-additions-1,READY_ADD_MISSING
ps4-narita-boy-collector%27s-edition,Narita Boy [Collector's Edition],PAL España,standard,narita boy,narita boy,EDITION_VARIANT,DEVELOPER,developer,Studio Koba,studio-koba,Studio Koba,EXACT_NAME_OR_ALIAS,,ADD_MISSING,HIGH,NO,GAME_WORK | GAME_WORK_OR_PS4_RELEASE | PS4_RELEASE,4,LAUNCHBOX_GAMES_DB | STEAM_STORE | WIKIDATA | WIKIPEDIA_PS4_LIST,B_OTHER_PLATFORM | B_PS4_RELEASE | C_DISCOVERY,https://en.wikipedia.org/wiki/List_of_PlayStation_4_games_(M%E2%80%93Z) | https://store.steampowered.com/app/1069530 | https://www.wikidata.org/wiki/Q60997576 | https://gamesdb.launchbox-app.com/games/details/473537,"La lista específica de PS4 atribuye el desarrollo a esta compañía. | La ficha comercial de Steam confirma la desarrolladora de la obra, no necesariamente el port de PS4. | Wikidata registra la compañía como desarrolladora. | LaunchBox registra esta desarrolladora para su ficha de PS4.",No propagar a ports o compilaciones sin comprobar sus créditos propios.,,,,,Studio Koba,studio-koba,official,2026-09-05,company-credit-ps4-pal-high-additions-1,READY_ADD_MISSING
ps4-naruto-to-boruto-shinobi-striker,Naruto to Boruto Shinobi Striker,PAL España,standard,naruto to boruto shinobi striker,naruto to boruto shinobi striker,GAME_OR_UNKNOWN,DEVELOPER,developer,Soleil Ltd,soleil,Soleil Ltd. | Soleil,EXACT_NAME_OR_ALIAS,,ADD_MISSING,HIGH,NO,GAME_WORK | GAME_WORK_OR_PS4_RELEASE | PS4_RELEASE,4,LAUNCHBOX_GAMES_DB | STEAM_STORE | WIKIDATA | WIKIPEDIA_PS4_LIST,B_OTHER_PLATFORM | B_PS4_RELEASE | C_DISCOVERY,https://en.wikipedia.org/wiki/List_of_PlayStation_4_games_(M%E2%80%93Z) | https://store.steampowered.com/app/633230 | https://www.wikidata.org/wiki/Q50404471 | https://gamesdb.launchbox-app.com/games/details/212889,"La lista específica de PS4 atribuye el desarrollo a esta compañía. | La ficha comercial de Steam confirma la desarrolladora de la obra, no necesariamente el port de PS4. | Wikidata registra la compañía como desarrolladora. | LaunchBox registra esta desarrolladora para su ficha de PS4.",No propagar a ports o compilaciones sin comprobar sus créditos propios.,,CUSA08767_00,,,Soleil Ltd,soleil,official,2026-09-05,company-credit-ps4-pal-high-additions-1,READY_ADD_MISSING
ps4-naruto-to-boruto-shinobi-striker-uzumaki-edition,Naruto to Boruto: Shinobi Striker [Uzumaki Edition],PAL España,standard,naruto to boruto shinobi striker,naruto to boruto shinobi striker,GAME_OR_UNKNOWN,DEVELOPER,developer,Soleil Ltd,soleil,Soleil Ltd. | Soleil,EXACT_NAME_OR_ALIAS,,ADD_MISSING,HIGH,NO,GAME_WORK | GAME_WORK_OR_PS4_RELEASE | PS4_RELEASE,4,LAUNCHBOX_GAMES_DB | STEAM_STORE | WIKIDATA | WIKIPEDIA_PS4_LIST,B_OTHER_PLATFORM | B_PS4_RELEASE | C_DISCOVERY,https://en.wikipedia.org/wiki/List_of_PlayStation_4_games_(M%E2%80%93Z) | https://store.steampowered.com/app/633230 | https://www.wikidata.org/wiki/Q50404471 | https://gamesdb.launchbox-app.com/games/details/212889,"La lista específica de PS4 atribuye el desarrollo a esta compañía. | La ficha comercial de Steam confirma la desarrolladora de la obra, no necesariamente el port de PS4. | Wikidata registra la compañía como desarrolladora. | LaunchBox registra esta desarrolladora para su ficha de PS4.",No propagar a ports o compilaciones sin comprobar sus créditos propios.,,,,,Soleil Ltd,soleil,official,2026-09-05,company-credit-ps4-pal-high-additions-1,READY_ADD_MISSING
ps4-natsuki-chronicles-limited-collector%27s-edition,Natsuki Chronicles [Limited Collector's Edition],PAL España,standard,natsuki chronicles,natsuki chronicles,EDITION_VARIANT,DEVELOPER,developer,Qute corporation,qute,Qute Corporation | Qute,EXACT_NAME_OR_ALIAS,,ADD_MISSING,HIGH,NO,GAME_WORK | GAME_WORK_OR_PS4_RELEASE | PS4_RELEASE,3,LAUNCHBOX_GAMES_DB | STEAM_STORE | WIKIPEDIA_PS4_LIST,B_OTHER_PLATFORM | B_PS4_RELEASE | C_DISCOVERY,https://en.wikipedia.org/wiki/List_of_PlayStation_4_games_(M%E2%80%93Z) | https://store.steampowered.com/app/1175190 | https://gamesdb.launchbox-app.com/games/details/473551,"La lista específica de PS4 atribuye el desarrollo a esta compañía. | La ficha comercial de Steam confirma la desarrolladora de la obra, no necesariamente el port de PS4. | LaunchBox registra esta desarrolladora para su ficha de PS4.",No propagar a ports o compilaciones sin comprobar sus créditos propios.,,,,,Qute corporation,qute,official,2026-09-05,company-credit-ps4-pal-high-additions-1,READY_ADD_MISSING
ps4-need-for-speed-heat-deluxe-edition,Need for Speed Heat [Deluxe Edition],PAL España,standard,need for speed heat,need for speed heat,EDITION_VARIANT,DEVELOPER,developer,Ghost Games,ghost-games,Ghost Games,EXACT_NAME_OR_ALIAS,,ADD_MISSING,HIGH,NO,GAME_WORK | GAME_WORK_OR_PS4_RELEASE,2,STEAM_STORE | WIKIPEDIA_PS4_LIST,B_OTHER_PLATFORM | B_PS4_RELEASE,https://en.wikipedia.org/wiki/List_of_PlayStation_4_games_(M%E2%80%93Z) | https://store.steampowered.com/app/1222680,"La lista específica de PS4 atribuye el desarrollo a esta compañía. | La ficha comercial de Steam confirma la desarrolladora de la obra, no necesariamente el port de PS4.",No propagar a ports o compilaciones sin comprobar sus créditos propios.,,,,,Ghost Games,ghost-games,official,2026-09-05,company-credit-ps4-pal-high-additions-1,READY_ADD_MISSING
ps4-need-for-speed-payback-playstation-hits,Need For Speed Payback [Playstation Hits],PAL España,standard,need for speed payback,need for speed payback,EDITION_VARIANT,DEVELOPER,developer,Ghost Games,ghost-games,Ghost Games,EXACT_NAME_OR_ALIAS,,ADD_MISSING,HIGH,NO,GAME_WORK | GAME_WORK_OR_PS4_RELEASE | PS4_RELEASE,3,LAUNCHBOX_GAMES_DB | STEAM_STORE | WIKIPEDIA_PS4_LIST,B_OTHER_PLATFORM | B_PS4_RELEASE | C_DISCOVERY,https://en.wikipedia.org/wiki/List_of_PlayStation_4_games_(M%E2%80%93Z) | https://store.steampowered.com/app/1262580 | https://gamesdb.launchbox-app.com/games/details/186983,"La lista específica de PS4 atribuye el desarrollo a esta compañía. | La ficha comercial de Steam confirma la desarrolladora de la obra, no necesariamente el port de PS4. | LaunchBox registra esta desarrolladora para su ficha de PS4.",No propagar a ports o compilaciones sin comprobar sus créditos propios.,,,,,Ghost Games,ghost-games,official,2026-09-05,company-credit-ps4-pal-high-additions-1,READY_ADD_MISSING
ps4-need-for-speed-playstation-hits,Need For Speed [Playstation Hits],PAL España,standard,need for speed,need for speed,EDITION_VARIANT,DEVELOPER,developer,Ghost Games,ghost-games,Ghost Games,EXACT_NAME_OR_ALIAS,,ADD_MISSING,HIGH,NO,GAME_WORK | GAME_WORK_OR_PS4_RELEASE,2,STEAM_STORE | WIKIPEDIA_PS4_LIST,B_OTHER_PLATFORM | B_PS4_RELEASE,https://en.wikipedia.org/wiki/List_of_PlayStation_4_games_(M%E2%80%93Z) | https://store.steampowered.com/app/1262540,"La lista específica de PS4 atribuye el desarrollo a esta compañía. | La ficha comercial de Steam confirma la desarrolladora de la obra, no necesariamente el port de PS4.",No propagar a ports o compilaciones sin comprobar sus créditos propios.,,,,,Ghost Games,ghost-games,official,2026-09-05,company-credit-ps4-pal-high-additions-1,READY_ADD_MISSING
ps4-need-for-speed-playstation-hits,Need For Speed [Playstation Hits],PAL España,standard,need for speed,need for speed,EDITION_VARIANT,PHYSICAL_PUBLISHER_OR_DISTRIBUTOR,publisher,Electronic Arts,electronic-arts,Electronic Arts,EXACT_NAME_OR_ALIAS,,ADD_MISSING,HIGH,NO,EXACT_PHYSICAL_EDITION | PAL_RELEASE,2,PRICECHARTING_EXACT_PAL_PAGE | WIKIPEDIA_PS4_LIST_PAL,B_EXACT_PHYSICAL | B_PAL_RELEASE,https://www.pricecharting.com/game/pal-playstation-4/need-for-speed-playstation-hits | https://en.wikipedia.org/wiki/List_of_PlayStation_4_games_(M%E2%80%93Z),La ficha exacta de la edición física PAL etiqueta a esta compañía como Publisher; puede representar publicación o distribución física. | La columna PAL de la lista de PS4 atribuye la publicación a esta compañía.,Confirmar si la etiqueta Publisher representa publicación o distribución en la caja PAL.,,,,,Electronic Arts,electronic-arts,pricecharting,2026-09-05,company-credit-ps4-pal-high-additions-1,READY_ADD_MISSING
ps4-neptunia-riders-vs-dogoos-magazine-edition,Neptunia Riders VS Dogoos [Magazine Edition],PAL España,standard,neptunia riders vs dogoos,neptunia riders vs dogoos,EDITION_VARIANT,PHYSICAL_PUBLISHER_OR_DISTRIBUTOR,publisher,"Idea Factory Co., Ltd.",idea-factory,Idea Factory,EXACT_NAME_OR_ALIAS,,ADD_MISSING,HIGH,NO,EXACT_PHYSICAL_EDITION | PAL_RELEASE,2,PRICECHARTING_EXACT_PAL_PAGE | WIKIPEDIA_PS4_LIST_PAL,B_EXACT_PHYSICAL | B_PAL_RELEASE,https://www.pricecharting.com/game/pal-playstation-4/neptunia-riders-vs-dogoos-magazine-edition | https://en.wikipedia.org/wiki/List_of_PlayStation_4_games_(M%E2%80%93Z),La ficha exacta de la edición física PAL etiqueta a esta compañía como Publisher; puede representar publicación o distribución física. | La columna PAL de la lista de PS4 atribuye la publicación a esta compañía.,Confirmar si la etiqueta Publisher representa publicación o distribución en la caja PAL.,,,CUSA48860_00,,"Idea Factory Co., Ltd.",idea-factory,pricecharting,2026-09-05,company-credit-ps4-pal-high-additions-1,READY_ADD_MISSING
ps4-neversong-collector%27s-edition,Neversong [Collector's Edition],PAL España,standard,neversong,neversong,EDITION_VARIANT,PHYSICAL_PUBLISHER_OR_DISTRIBUTOR,publisher,Serenity Forge,serenity-forge,Serenity Forge,EXACT_NAME_OR_ALIAS,,ADD_MISSING,HIGH,NO,EXACT_PHYSICAL_EDITION | PAL_RELEASE,2,PRICECHARTING_EXACT_PAL_PAGE | WIKIPEDIA_PS4_LIST_PAL,B_EXACT_PHYSICAL | B_PAL_RELEASE,https://www.pricecharting.com/game/pal-playstation-4/neversong-collector%27s-edition | https://en.wikipedia.org/wiki/List_of_PlayStation_4_games_(M%E2%80%93Z),La ficha exacta de la edición física PAL etiqueta a esta compañía como Publisher; puede representar publicación o distribución física. | La columna PAL de la lista de PS4 atribuye la publicación a esta compañía.,Confirmar si la etiqueta Publisher representa publicación o distribución en la caja PAL.,,,,,Serenity Forge,serenity-forge,pricecharting,2026-09-05,company-credit-ps4-pal-high-additions-1,READY_ADD_MISSING
ps4-neverwinter-nights-enhanced-edition,Neverwinter Nights: Enhanced Edition,PAL España,standard,neverwinter nights enhanced edition,neverwinter nights,EDITION_VARIANT,DEVELOPER,developer,Beamdog,beamdog,Beamdog,EXACT_NAME_OR_ALIAS,,ADD_MISSING,HIGH,NO,GAME_WORK | GAME_WORK_OR_PS4_RELEASE,2,STEAM_STORE | WIKIPEDIA_PS4_LIST,B_OTHER_PLATFORM | B_PS4_RELEASE,https://en.wikipedia.org/wiki/List_of_PlayStation_4_games_(M%E2%80%93Z) | https://store.steampowered.com/app/704450,"La lista específica de PS4 atribuye el desarrollo a esta compañía. | La ficha comercial de Steam confirma la desarrolladora de la obra, no necesariamente el port de PS4.",No propagar a ports o compilaciones sin comprobar sus créditos propios.,,CUSA15670_00,,,Beamdog,beamdog,official,2026-09-05,company-credit-ps4-pal-high-additions-1,READY_ADD_MISSING
ps4-neverwinter-nights-enhanced-edition-collector%27s-edition,Neverwinter Nights: Enhanced Edition [Collector's Edition],PAL España,standard,neverwinter nights enhanced edition,neverwinter nights,EDITION_VARIANT,DEVELOPER,developer,Beamdog,beamdog,Beamdog,EXACT_NAME_OR_ALIAS,,ADD_MISSING,HIGH,NO,GAME_WORK | GAME_WORK_OR_PS4_RELEASE,2,STEAM_STORE | WIKIPEDIA_PS4_LIST,B_OTHER_PLATFORM | B_PS4_RELEASE,https://en.wikipedia.org/wiki/List_of_PlayStation_4_games_(M%E2%80%93Z) | https://store.steampowered.com/app/704450,"La lista específica de PS4 atribuye el desarrollo a esta compañía. | La ficha comercial de Steam confirma la desarrolladora de la obra, no necesariamente el port de PS4.",No propagar a ports o compilaciones sin comprobar sus créditos propios.,,,,,Beamdog,beamdog,official,2026-09-05,company-credit-ps4-pal-high-additions-1,READY_ADD_MISSING
ps4-ni-no-kuni-ii-revenant-kingdom-prince%27s-edition,Ni No Kuni II: Revenant Kingdom [Prince's Edition],PAL España,standard,ni no kuni ii revenant kingdom,ni no kuni ii revenant kingdom,GAME_OR_UNKNOWN,DEVELOPER,developer,Level 5,level-5,Level-5,EXACT_NAME_OR_ALIAS,,ADD_MISSING,HIGH,NO,EXACT_PHYSICAL_EDITION | GAME_WORK | GAME_WORK_OR_PS4_RELEASE | PS4_RELEASE,4,LAUNCHBOX_GAMES_DB | PRICECHARTING_EXACT_PAL_PAGE | WIKIDATA | WIKIPEDIA_PS4_LIST,B_EXACT_PHYSICAL | B_PS4_RELEASE | C_DISCOVERY,https://www.pricecharting.com/game/pal-playstation-4/ni-no-kuni-ii-revenant-kingdom-prince%27s-edition | https://en.wikipedia.org/wiki/List_of_PlayStation_4_games_(M%E2%80%93Z) | https://www.wikidata.org/wiki/Q23952658 | https://gamesdb.launchbox-app.com/games/details/150665,La ficha enlazada de la edición física PAL atribuye el desarrollo a esta compañía. | La lista específica de PS4 atribuye el desarrollo a esta compañía. | Wikidata registra la compañía como desarrolladora. | LaunchBox registra esta desarrolladora para su ficha de PS4.,No propagar a ports o compilaciones sin comprobar sus créditos propios.,,,,,Level 5,level-5,pricecharting,2026-09-05,company-credit-ps4-pal-high-additions-1,READY_ADD_MISSING
ps4-ni-no-kuni-ii-revenant-kingdom-steelbook-edition,Ni No Kuni II Revenant Kingdom [Steelbook Edition],PAL España,standard,ni no kuni ii revenant kingdom,ni no kuni ii revenant kingdom,EDITION_VARIANT,DEVELOPER,developer,Level 5,level-5,Level-5,EXACT_NAME_OR_ALIAS,,ADD_MISSING,HIGH,NO,EXACT_PHYSICAL_EDITION | GAME_WORK | GAME_WORK_OR_PS4_RELEASE | PS4_RELEASE,4,LAUNCHBOX_GAMES_DB | PRICECHARTING_EXACT_PAL_PAGE | WIKIDATA | WIKIPEDIA_PS4_LIST,B_EXACT_PHYSICAL | B_PS4_RELEASE | C_DISCOVERY,https://www.pricecharting.com/game/pal-playstation-4/ni-no-kuni-ii-revenant-kingdom-steelbook-edition | https://en.wikipedia.org/wiki/List_of_PlayStation_4_games_(M%E2%80%93Z) | https://www.wikidata.org/wiki/Q23952658 | https://gamesdb.launchbox-app.com/games/details/150665,La ficha enlazada de la edición física PAL atribuye el desarrollo a esta compañía. | La lista específica de PS4 atribuye el desarrollo a esta compañía. | Wikidata registra la compañía como desarrolladora. | LaunchBox registra esta desarrolladora para su ficha de PS4.,No propagar a ports o compilaciones sin comprobar sus créditos propios.,,,CUSA09243_00,,Level 5,level-5,pricecharting,2026-09-05,company-credit-ps4-pal-high-additions-1,READY_ADD_MISSING
ps4-ni-no-kuni-ii-revenant-kingdom-steelbook-edition,Ni No Kuni II Revenant Kingdom [Steelbook Edition],PAL España,standard,ni no kuni ii revenant kingdom,ni no kuni ii revenant kingdom,EDITION_VARIANT,PHYSICAL_PUBLISHER_OR_DISTRIBUTOR,publisher,Bandai Namco Entertainment,bandai-namco-entertainment,Bandai Namco,EXACT_NAME_OR_ALIAS,,ADD_MISSING,HIGH,NO,EXACT_PHYSICAL_EDITION | PAL_RELEASE,2,PRICECHARTING_EXACT_PAL_PAGE | WIKIPEDIA_PS4_LIST_PAL,B_EXACT_PHYSICAL | B_PAL_RELEASE,https://www.pricecharting.com/game/pal-playstation-4/ni-no-kuni-ii-revenant-kingdom-steelbook-edition | https://en.wikipedia.org/wiki/List_of_PlayStation_4_games_(M%E2%80%93Z),La ficha exacta de la edición física PAL etiqueta a esta compañía como Publisher; puede representar publicación o distribución física. | La columna PAL de la lista de PS4 atribuye la publicación a esta compañía.,Confirmar si la etiqueta Publisher representa publicación o distribución en la caja PAL.,,,CUSA09243_00,,Bandai Namco Entertainment,bandai-namco-entertainment,pricecharting,2026-09-05,company-credit-ps4-pal-high-additions-1,READY_ADD_MISSING
ps4-nickelodeon-kart-racers-3-slime-speedway,Nickelodeon Kart Racers 3: Slime Speedway,PAL España,standard,nickelodeon kart racers 3 slime speedway,nickelodeon kart racers 3 slime speedway,GAME_OR_UNKNOWN,DEVELOPER,developer,Bamtang Games,bamtang-games,Bamtang Games,EXACT_NAME_OR_ALIAS,,ADD_MISSING,HIGH,NO,GAME_WORK | GAME_WORK_OR_PS4_RELEASE | PS4_RELEASE,4,LAUNCHBOX_GAMES_DB | STEAM_STORE | WIKIDATA | WIKIPEDIA_PS4_LIST,B_OTHER_PLATFORM | B_PS4_RELEASE | C_DISCOVERY,https://en.wikipedia.org/wiki/List_of_PlayStation_4_games_(M%E2%80%93Z) | https://store.steampowered.com/app/1620040 | https://www.wikidata.org/wiki/Q113090534 | https://gamesdb.launchbox-app.com/games/details/451849,"La lista específica de PS4 atribuye el desarrollo a esta compañía. | La ficha comercial de Steam confirma la desarrolladora de la obra, no necesariamente el port de PS4. | Wikidata registra la compañía como desarrolladora. | LaunchBox registra esta desarrolladora para su ficha de PS4.",No propagar a ports o compilaciones sin comprobar sus créditos propios.,,CUSA28989_00,,,Bamtang Games,bamtang-games,official,2026-09-05,company-credit-ps4-pal-high-additions-1,READY_ADD_MISSING
ps4-nier-automata-game-of-the-yorha-edition,Nier Automata [Game of the Yorha Edition],PAL España,standard,nier automata,nier automata,GAME_OR_UNKNOWN,DEVELOPER,developer,PlatinumGames Inc,platinumgames,PlatinumGames | PlatinumGames Inc.,EXACT_NAME_OR_ALIAS,,ADD_MISSING,HIGH,NO,EXACT_PHYSICAL_EDITION | GAME_WORK | GAME_WORK_OR_PS4_RELEASE | PS4_RELEASE,4,LAUNCHBOX_GAMES_DB | PRICECHARTING_EXACT_PAL_PAGE | STEAM_STORE | WIKIPEDIA_PS4_LIST,B_EXACT_PHYSICAL | B_OTHER_PLATFORM | B_PS4_RELEASE | C_DISCOVERY,https://www.pricecharting.com/game/pal-playstation-4/nier-automata-game-of-the-yorha-edition | https://en.wikipedia.org/wiki/List_of_PlayStation_4_games_(M%E2%80%93Z) | https://store.steampowered.com/app/524220 | https://gamesdb.launchbox-app.com/games/details/35050,"La ficha enlazada de la edición física PAL atribuye el desarrollo a esta compañía. | La lista específica de PS4 atribuye el desarrollo a esta compañía. | La ficha comercial de Steam confirma la desarrolladora de la obra, no necesariamente el port de PS4. | LaunchBox registra esta desarrolladora para su ficha de PS4.",No propagar a ports o compilaciones sin comprobar sus créditos propios.,,,CUSA04480_00,,PlatinumGames Inc,platinumgames,official,2026-09-05,company-credit-ps4-pal-high-additions-1,READY_ADD_MISSING
ps4-nier-automata-limited-edition,Nier: Automata [Limited Edition],PAL España,standard,nier automata,nier automata,EDITION_VARIANT,DEVELOPER,developer,PlatinumGames Inc,platinumgames,PlatinumGames | PlatinumGames Inc.,EXACT_NAME_OR_ALIAS,,ADD_MISSING,HIGH,NO,EXACT_PHYSICAL_EDITION | GAME_WORK | GAME_WORK_OR_PS4_RELEASE | PS4_RELEASE,4,LAUNCHBOX_GAMES_DB | PRICECHARTING_EXACT_PAL_PAGE | STEAM_STORE | WIKIPEDIA_PS4_LIST,B_EXACT_PHYSICAL | B_OTHER_PLATFORM | B_PS4_RELEASE | C_DISCOVERY,https://www.pricecharting.com/game/pal-playstation-4/nier-automata-limited-edition | https://en.wikipedia.org/wiki/List_of_PlayStation_4_games_(M%E2%80%93Z) | https://store.steampowered.com/app/524220 | https://gamesdb.launchbox-app.com/games/details/35050,"La ficha enlazada de la edición física PAL atribuye el desarrollo a esta compañía. | La lista específica de PS4 atribuye el desarrollo a esta compañía. | La ficha comercial de Steam confirma la desarrolladora de la obra, no necesariamente el port de PS4. | LaunchBox registra esta desarrolladora para su ficha de PS4.",No propagar a ports o compilaciones sin comprobar sus créditos propios.,,,CUSA04480_00,,PlatinumGames Inc,platinumgames,official,2026-09-05,company-credit-ps4-pal-high-additions-1,READY_ADD_MISSING
ps4-nier-replicant-ver122474487139-white-snow-edition,NieR Replicant Ver.1.22474487139 [White Snow Edition],PAL España,standard,nier replicant ver 1 22474487139,nier replicant ver 1 22474487139,GAME_OR_UNKNOWN,DEVELOPER,developer,Toylogic,toylogic,Toylogic Inc | Toylogic | Toylogic Inc.,EXACT_NAME_OR_ALIAS,,ADD_MISSING,HIGH,NO,GAME_WORK | GAME_WORK_OR_PS4_RELEASE | MATCHED_PS4_PRODUCT,4,PLAYSTATION_STORE_EXPLICIT_CREDIT | STEAM_STORE | WIKIDATA | WIKIPEDIA_PS4_LIST,A_OFFICIAL_MATCHED_TITLE_CREDIT | B_OTHER_PLATFORM | B_PS4_RELEASE | C_DISCOVERY,https://store.playstation.com/es-es/product/EP0082-CUSA18742_00-0000000000000000 | https://en.wikipedia.org/wiki/List_of_PlayStation_4_games_(M%E2%80%93Z) | https://store.steampowered.com/app/1113560 | https://www.wikidata.org/wiki/Q106645039,"Developed by Toylogic Inc | La lista específica de PS4 atribuye el desarrollo a esta compañía. | La ficha comercial de Steam confirma la desarrolladora de la obra, no necesariamente el port de PS4. | Wikidata registra la compañía como desarrolladora.",No propagar a ports o compilaciones sin comprobar sus créditos propios.,,,,,Toylogic,toylogic,official,2026-09-05,company-credit-ps4-pal-high-additions-1,READY_ADD_MISSING
ps4-nioh-2-special-edition,Nioh 2 [Special Edition],PAL España,standard,nioh 2,nioh 2,EDITION_VARIANT,DEVELOPER,developer,Team NINJA,team-ninja,Team Ninja,EXACT_NAME_OR_ALIAS,,ADD_MISSING,HIGH,NO,EXACT_PHYSICAL_EDITION | GAME_WORK | GAME_WORK_OR_PS4_RELEASE | PS4_RELEASE,4,LAUNCHBOX_GAMES_DB | PRICECHARTING_EXACT_PAL_PAGE | WIKIDATA | WIKIPEDIA_PS4_LIST,B_EXACT_PHYSICAL | B_PS4_RELEASE | C_DISCOVERY,https://www.pricecharting.com/game/pal-playstation-4/nioh-2-special-edition | https://en.wikipedia.org/wiki/List_of_PlayStation_4_games_(M%E2%80%93Z) | https://www.wikidata.org/wiki/Q67482292 | https://gamesdb.launchbox-app.com/games/details/176737,La ficha enlazada de la edición física PAL atribuye el desarrollo a esta compañía. | La lista específica de PS4 atribuye el desarrollo a esta compañía. | Wikidata registra la compañía como desarrolladora. | LaunchBox registra esta desarrolladora para su ficha de PS4.,No propagar a ports o compilaciones sin comprobar sus créditos propios.,,,CUSA15526_00,,Team NINJA,team-ninja,pricecharting,2026-09-05,company-credit-ps4-pal-high-additions-1,READY_ADD_MISSING
ps4-no-man%27s-sky-limited-edition,No Man's Sky [Limited Edition],PAL España,standard,no man s sky,no man s sky,EDITION_VARIANT,DEVELOPER,developer,Hello Games Ltd.,hello-games,Hello Games,EXACT_NAME_OR_ALIAS,,ADD_MISSING,HIGH,NO,GAME_WORK | GAME_WORK_OR_PS4_RELEASE | PS4_RELEASE,4,LAUNCHBOX_GAMES_DB | STEAM_STORE | WIKIDATA | WIKIPEDIA_PS4_LIST,B_OTHER_PLATFORM | B_PS4_RELEASE | C_DISCOVERY,https://en.wikipedia.org/wiki/List_of_PlayStation_4_games_(M%E2%80%93Z) | https://store.steampowered.com/app/275850 | https://www.wikidata.org/wiki/Q15297043 | https://gamesdb.launchbox-app.com/games/details/29274,"La lista específica de PS4 atribuye el desarrollo a esta compañía. | La ficha comercial de Steam confirma la desarrolladora de la obra, no necesariamente el port de PS4. | Wikidata registra la compañía como desarrolladora. | LaunchBox registra esta desarrolladora para su ficha de PS4.",No propagar a ports o compilaciones sin comprobar sus créditos propios.,,,CUSA03952_00,,Hello Games Ltd.,hello-games,official,2026-09-05,company-credit-ps4-pal-high-additions-1,READY_ADD_MISSING
ps4-no-straight-roads-collector%27s-edition,No Straight Roads [Collector's Edition],PAL España,standard,no straight roads,no straight roads,EDITION_VARIANT,DEVELOPER,developer,Metronomik,metronomik,Metronomik,EXACT_NAME_OR_ALIAS,,ADD_MISSING,HIGH,NO,EXACT_PHYSICAL_EDITION | GAME_WORK | GAME_WORK_OR_PS4_RELEASE | PS4_RELEASE,4,LAUNCHBOX_GAMES_DB | PRICECHARTING_EXACT_PAL_PAGE | WIKIDATA | WIKIPEDIA_PS4_LIST,B_EXACT_PHYSICAL | B_PS4_RELEASE | C_DISCOVERY,https://www.pricecharting.com/game/pal-playstation-4/no-straight-roads-collector%27s-edition | https://en.wikipedia.org/wiki/List_of_PlayStation_4_games_(M%E2%80%93Z) | https://www.wikidata.org/wiki/Q66912610 | https://gamesdb.launchbox-app.com/games/details/473622,La ficha enlazada de la edición física PAL atribuye el desarrollo a esta compañía. | La lista específica de PS4 atribuye el desarrollo a esta compañía. | Wikidata registra la compañía como desarrolladora. | LaunchBox registra esta desarrolladora para su ficha de PS4.,No propagar a ports o compilaciones sin comprobar sus créditos propios.,,,,,Metronomik,metronomik,pricecharting,2026-09-05,company-credit-ps4-pal-high-additions-1,READY_ADD_MISSING
ps4-no-straight-roads-collector%27s-edition,No Straight Roads [Collector's Edition],PAL España,standard,no straight roads,no straight roads,EDITION_VARIANT,PHYSICAL_PUBLISHER_OR_DISTRIBUTOR,publisher,Sold Out,sold-out,Sold Out,EXACT_NAME_OR_ALIAS,,ADD_MISSING,HIGH,NO,EXACT_PHYSICAL_EDITION | PAL_RELEASE,2,PRICECHARTING_EXACT_PAL_PAGE | WIKIPEDIA_PS4_LIST_PAL,B_EXACT_PHYSICAL | B_PAL_RELEASE,https://www.pricecharting.com/game/pal-playstation-4/no-straight-roads-collector%27s-edition | https://en.wikipedia.org/wiki/List_of_PlayStation_4_games_(M%E2%80%93Z),La ficha exacta de la edición física PAL etiqueta a esta compañía como Publisher; puede representar publicación o distribución física. | La columna PAL de la lista de PS4 atribuye la publicación a esta compañía.,Confirmar si la etiqueta Publisher representa publicación o distribución en la caja PAL.,,,,,Sold Out,sold-out,pricecharting,2026-09-05,company-credit-ps4-pal-high-additions-1,READY_ADD_MISSING
ps4-octodad-dadliest-catch,Octodad Dadliest Catch,PAL España,standard,octodad dadliest catch,octodad dadliest catch,GAME_OR_UNKNOWN,DEVELOPER,developer,Young Horses,young-horses,Young Horses,EXACT_NAME_OR_ALIAS,,ADD_MISSING,HIGH,NO,GAME_WORK | GAME_WORK_OR_PS4_RELEASE | PS4_RELEASE,4,LAUNCHBOX_GAMES_DB | STEAM_STORE | WIKIDATA | WIKIPEDIA_PS4_LIST,B_OTHER_PLATFORM | B_PS4_RELEASE | C_DISCOVERY,https://en.wikipedia.org/wiki/List_of_PlayStation_4_games_(M%E2%80%93Z) | https://store.steampowered.com/app/224480 | https://www.wikidata.org/wiki/Q16975080 | https://gamesdb.launchbox-app.com/games/details/22689,"La lista específica de PS4 atribuye el desarrollo a esta compañía. | La ficha comercial de Steam confirma la desarrolladora de la obra, no necesariamente el port de PS4. | Wikidata registra la compañía como desarrolladora. | LaunchBox registra esta desarrolladora para su ficha de PS4.",No propagar a ports o compilaciones sin comprobar sus créditos propios.,,CUSA00196_00,,,Young Horses,young-horses,official,2026-09-05,company-credit-ps4-pal-high-additions-1,READY_ADD_MISSING
ps4-odin-sphere-leifthrasir-storybook-edition,Odin Sphere Leifthrasir [Storybook Edition],PAL España,standard,odin sphere leifthrasir,odin sphere leifthrasir,GAME_OR_UNKNOWN,PHYSICAL_PUBLISHER_OR_DISTRIBUTOR,publisher,Atlus Co Ltd.,atlus,Atlus,EXACT_NAME_OR_ALIAS,,ADD_MISSING,HIGH,NO,EXACT_PHYSICAL_EDITION | PAL_RELEASE,2,PRICECHARTING_EXACT_PAL_PAGE | WIKIPEDIA_PS4_LIST_PAL,B_EXACT_PHYSICAL | B_PAL_RELEASE,https://www.pricecharting.com/game/pal-playstation-4/odin-sphere-leifthrasir-storybook-edition | https://en.wikipedia.org/wiki/List_of_PlayStation_4_games_(M%E2%80%93Z),La ficha exacta de la edición física PAL etiqueta a esta compañía como Publisher; puede representar publicación o distribución física. | La columna PAL de la lista de PS4 atribuye la publicación a esta compañía.,Confirmar si la etiqueta Publisher representa publicación o distribución en la caja PAL.,,,,,Atlus Co Ltd.,atlus,pricecharting,2026-09-05,company-credit-ps4-pal-high-additions-1,READY_ADD_MISSING
ps4-one-piece-pirate-warriors-3-playstation-hits,One Piece Pirate Warriors 3 [Playstation Hits],PAL España,standard,one piece pirate warriors 3,one piece pirate warriors 3,EDITION_VARIANT,PHYSICAL_PUBLISHER_OR_DISTRIBUTOR,publisher,Bandai Namco Entertainment,bandai-namco-entertainment,Bandai Namco | Bandai Namco Entertainment,EXACT_NAME_OR_ALIAS,,ADD_MISSING,HIGH,NO,EXACT_PHYSICAL_EDITION | PAL_RELEASE,2,PRICECHARTING_EXACT_PAL_PAGE | WIKIPEDIA_PS4_LIST_PAL,B_EXACT_PHYSICAL | B_PAL_RELEASE,https://www.pricecharting.com/game/pal-playstation-4/one-piece-pirate-warriors-3-playstation-hits | https://en.wikipedia.org/wiki/List_of_PlayStation_4_games_(M%E2%80%93Z),La ficha exacta de la edición física PAL etiqueta a esta compañía como Publisher; puede representar publicación o distribución física. | La columna PAL de la lista de PS4 atribuye la publicación a esta compañía.,Confirmar si la etiqueta Publisher representa publicación o distribución en la caja PAL.,,,,,Bandai Namco Entertainment,bandai-namco-entertainment,pricecharting,2026-09-05,company-credit-ps4-pal-high-additions-1,READY_ADD_MISSING
ps4-one-piece-pirate-warriors-4,One Piece: Pirate Warriors 4,PAL España,standard,one piece pirate warriors 4,one piece pirate warriors 4,GAME_OR_UNKNOWN,DEVELOPER,developer,Koei Tecmo,koei-tecmo,Koei Tecmo,EXACT_NAME_OR_ALIAS,,ADD_MISSING,HIGH,NO,GAME_WORK | GAME_WORK_OR_PS4_RELEASE,2,STEAM_STORE | WIKIPEDIA_PS4_LIST,B_OTHER_PLATFORM | B_PS4_RELEASE,https://en.wikipedia.org/wiki/List_of_PlayStation_4_games_(M%E2%80%93Z) | https://store.steampowered.com/app/1089090,"La lista específica de PS4 atribuye el desarrollo a esta compañía. | La ficha comercial de Steam confirma la desarrolladora de la obra, no necesariamente el port de PS4.",No propagar a ports o compilaciones sin comprobar sus créditos propios.,,CUSA16646_00,,,Koei Tecmo,koei-tecmo,official,2026-09-05,company-credit-ps4-pal-high-additions-1,READY_ADD_MISSING
ps4-one-piece-pirate-warriors-4-kaido-edition,One Piece: Pirate Warriors 4 [Kaido Edition],PAL España,standard,one piece pirate warriors 4,one piece pirate warriors 4,GAME_OR_UNKNOWN,DEVELOPER,developer,Koei Tecmo,koei-tecmo,Koei Tecmo,EXACT_NAME_OR_ALIAS,,ADD_MISSING,HIGH,NO,GAME_WORK | GAME_WORK_OR_PS4_RELEASE,2,STEAM_STORE | WIKIPEDIA_PS4_LIST,B_OTHER_PLATFORM | B_PS4_RELEASE,https://en.wikipedia.org/wiki/List_of_PlayStation_4_games_(M%E2%80%93Z) | https://store.steampowered.com/app/1089090,"La lista específica de PS4 atribuye el desarrollo a esta compañía. | La ficha comercial de Steam confirma la desarrolladora de la obra, no necesariamente el port de PS4.",No propagar a ports o compilaciones sin comprobar sus créditos propios.,,,,,Koei Tecmo,koei-tecmo,official,2026-09-05,company-credit-ps4-pal-high-additions-1,READY_ADD_MISSING
ps4-onechanbara-z2-chaos,Onechanbara Z2 Chaos,PAL España,standard,onechanbara z2 chaos,onechanbara z2 chaos,GAME_OR_UNKNOWN,DEVELOPER,developer,Tamsoft Corporation,tamsoft,Tamsoft,EXACT_NAME_OR_ALIAS,,ADD_MISSING,HIGH,NO,GAME_WORK | GAME_WORK_OR_PS4_RELEASE,3,STEAM_STORE | WIKIDATA | WIKIPEDIA_PS4_LIST,B_OTHER_PLATFORM | B_PS4_RELEASE | C_DISCOVERY,https://en.wikipedia.org/wiki/List_of_PlayStation_4_games_(M%E2%80%93Z) | https://store.steampowered.com/app/446390 | https://www.wikidata.org/wiki/Q20874452,"La lista específica de PS4 atribuye el desarrollo a esta compañía. | La ficha comercial de Steam confirma la desarrolladora de la obra, no necesariamente el port de PS4. | Wikidata registra la compañía como desarrolladora.",No propagar a ports o compilaciones sin comprobar sus créditos propios.,,CUSA00889_00,,,Tamsoft Corporation,tamsoft,official,2026-09-05,company-credit-ps4-pal-high-additions-1,READY_ADD_MISSING
ps4-our-world-is-ended-day-one-edition,Our World Is Ended [Day One Edition],PAL España,standard,our world is ended,our world is ended,EDITION_VARIANT,DEVELOPER,developer,Red Entertainment,red-entertainment,Red Entertainment,EXACT_NAME_OR_ALIAS,,ADD_MISSING,HIGH,NO,EXACT_PHYSICAL_EDITION | GAME_WORK | GAME_WORK_OR_PS4_RELEASE | MATCHED_PS4_PRODUCT | PS4_RELEASE,6,LAUNCHBOX_GAMES_DB | PLAYSTATION_STORE_EXPLICIT_CREDIT | PRICECHARTING_EXACT_PAL_PAGE | STEAM_STORE | WIKIDATA | WIKIPEDIA_PS4_LIST,A_OFFICIAL_MATCHED_TITLE_CREDIT | B_EXACT_PHYSICAL | B_OTHER_PLATFORM | B_PS4_RELEASE | C_DISCOVERY,https://store.playstation.com/es-es/product/EP4293-CUSA13894_00-JUDGEMENTSEVEN00 | https://www.pricecharting.com/game/pal-playstation-4/our-world-is-ended-day-one-edition | https://en.wikipedia.org/wiki/List_of_PlayStation_4_games_(M%E2%80%93Z) | https://store.steampowered.com/app/940650 | https://www.wikidata.org/wiki/Q48758690 | https://gamesdb.launchbox-app.com/games/details/473768,"Developed by Red Entertainment | La ficha enlazada de la edición física PAL atribuye el desarrollo a esta compañía. | La lista específica de PS4 atribuye el desarrollo a esta compañía. | La ficha comercial de Steam confirma la desarrolladora de la obra, no necesariamente el port de PS4. | Wikidata registra la compañía como desarrolladora. | LaunchBox registra esta desarrolladora para su ficha de PS4.",No propagar a ports o compilaciones sin comprobar sus créditos propios.,,,,,Red Entertainment,red-entertainment,official,2026-09-05,company-credit-ps4-pal-high-additions-1,READY_ADD_MISSING
ps4-our-world-is-ended-day-one-edition,Our World Is Ended [Day One Edition],PAL España,standard,our world is ended,our world is ended,EDITION_VARIANT,PHYSICAL_PUBLISHER_OR_DISTRIBUTOR,publisher,PQube Ltd.,pqube,PQube Ltd. | PQube,EXACT_NAME_OR_ALIAS,,ADD_MISSING,HIGH,NO,EXACT_PHYSICAL_EDITION | PAL_RELEASE,2,PRICECHARTING_EXACT_PAL_PAGE | WIKIPEDIA_PS4_LIST_PAL,B_EXACT_PHYSICAL | B_PAL_RELEASE,https://www.pricecharting.com/game/pal-playstation-4/our-world-is-ended-day-one-edition | https://en.wikipedia.org/wiki/List_of_PlayStation_4_games_(M%E2%80%93Z),La ficha exacta de la edición física PAL etiqueta a esta compañía como Publisher; puede representar publicación o distribución física. | La columna PAL de la lista de PS4 atribuye la publicación a esta compañía.,Confirmar si la etiqueta Publisher representa publicación o distribución en la caja PAL.,,,,,PQube Ltd.,pqube,pricecharting,2026-09-05,company-credit-ps4-pal-high-additions-1,READY_ADD_MISSING
ps4-oure-collector%27s-edition,Oure [Collector's Edition],PAL España,standard,oure,oure,EDITION_VARIANT,DEVELOPER,developer,Heavy Spectrum,heavy-spectrum,Heavy Spectrum | Heavy Spectrum Limited,EXACT_NAME_OR_ALIAS,,ADD_MISSING,HIGH,NO,GAME_WORK | GAME_WORK_OR_PS4_RELEASE | PS4_RELEASE,3,LAUNCHBOX_GAMES_DB | STEAM_STORE | WIKIPEDIA_PS4_LIST,B_OTHER_PLATFORM | B_PS4_RELEASE | C_DISCOVERY,https://en.wikipedia.org/wiki/List_of_PlayStation_4_games_(M%E2%80%93Z) | https://store.steampowered.com/app/694950 | https://gamesdb.launchbox-app.com/games/details/166601,"La lista específica de PS4 atribuye el desarrollo a esta compañía. | La ficha comercial de Steam confirma la desarrolladora de la obra, no necesariamente el port de PS4. | LaunchBox registra esta desarrolladora para su ficha de PS4.",No propagar a ports o compilaciones sin comprobar sus créditos propios.,,,,,Heavy Spectrum,heavy-spectrum,official,2026-09-05,company-credit-ps4-pal-high-additions-1,READY_ADD_MISSING
ps4-outriders,Outriders,PAL España,standard,outriders,outriders,GAME_OR_UNKNOWN,DEVELOPER,developer,People Can Fly,people-can-fly,People Can Fly,EXACT_NAME_OR_ALIAS,,ADD_MISSING,HIGH,NO,GAME_WORK | GAME_WORK_OR_PS4_RELEASE,3,STEAM_STORE | WIKIDATA | WIKIPEDIA_PS4_LIST,B_OTHER_PLATFORM | B_PS4_RELEASE | C_DISCOVERY,https://en.wikipedia.org/wiki/List_of_PlayStation_4_games_(M%E2%80%93Z) | https://store.steampowered.com/app/680420 | https://www.wikidata.org/wiki/Q86252643,"La lista específica de PS4 atribuye el desarrollo a esta compañía. | La ficha comercial de Steam confirma la desarrolladora de la obra, no necesariamente el port de PS4. | Wikidata registra la compañía como desarrolladora.",No propagar a ports o compilaciones sin comprobar sus créditos propios.,,CUSA07371_00,,,People Can Fly,people-can-fly,official,2026-09-05,company-credit-ps4-pal-high-additions-1,READY_ADD_MISSING
ps4-outriders-day-one-edition,Outriders [Day One Edition],PAL España,standard,outriders,outriders,EDITION_VARIANT,DEVELOPER,developer,People Can Fly,people-can-fly,People Can Fly,EXACT_NAME_OR_ALIAS,,ADD_MISSING,HIGH,NO,GAME_WORK | GAME_WORK_OR_PS4_RELEASE,3,STEAM_STORE | WIKIDATA | WIKIPEDIA_PS4_LIST,B_OTHER_PLATFORM | B_PS4_RELEASE | C_DISCOVERY,https://en.wikipedia.org/wiki/List_of_PlayStation_4_games_(M%E2%80%93Z) | https://store.steampowered.com/app/680420 | https://www.wikidata.org/wiki/Q86252643,"La lista específica de PS4 atribuye el desarrollo a esta compañía. | La ficha comercial de Steam confirma la desarrolladora de la obra, no necesariamente el port de PS4. | Wikidata registra la compañía como desarrolladora.",No propagar a ports o compilaciones sin comprobar sus créditos propios.,,,,,People Can Fly,people-can-fly,official,2026-09-05,company-credit-ps4-pal-high-additions-1,READY_ADD_MISSING
ps4-pac-man-world-re-pac,Pac-Man World Re-PAC,PAL España,standard,pac man world re pac,pac man world re pac,GAME_OR_UNKNOWN,DEVELOPER,developer,NOW Production,now-production,Now Production | NOW PRODUCTION,EXACT_NAME_OR_ALIAS,,ADD_MISSING,HIGH,NO,GAME_WORK | GAME_WORK_OR_PS4_RELEASE | PS4_RELEASE,4,LAUNCHBOX_GAMES_DB | STEAM_STORE | WIKIDATA | WIKIPEDIA_PS4_LIST,B_OTHER_PLATFORM | B_PS4_RELEASE | C_DISCOVERY,https://en.wikipedia.org/wiki/List_of_PlayStation_4_games_(M%E2%80%93Z) | https://store.steampowered.com/app/1859470 | https://www.wikidata.org/wiki/Q115988394 | https://gamesdb.launchbox-app.com/games/details/473737,"La lista específica de PS4 atribuye el desarrollo a esta compañía. | La ficha comercial de Steam confirma la desarrolladora de la obra, no necesariamente el port de PS4. | Wikidata registra la compañía como desarrolladora. | LaunchBox registra esta desarrolladora para su ficha de PS4.",No propagar a ports o compilaciones sin comprobar sus créditos propios.,,CUSA29370_00,,,NOW Production,now-production,official,2026-09-05,company-credit-ps4-pal-high-additions-1,READY_ADD_MISSING
ps4-panorama-cotton-collector%27s-edition,Panorama Cotton [Collector's Edition],PAL España,standard,panorama cotton,panorama cotton,EDITION_VARIANT,DEVELOPER,developer,Success,success,Success,EXACT_NAME_OR_ALIAS,,ADD_MISSING,HIGH,NO,EXACT_PHYSICAL_EDITION | GAME_WORK | GAME_WORK_OR_PS4_RELEASE,3,PRICECHARTING_EXACT_PAL_PAGE | WIKIDATA | WIKIPEDIA_PS4_LIST,B_EXACT_PHYSICAL | B_PS4_RELEASE | C_DISCOVERY,https://www.pricecharting.com/game/pal-playstation-4/panorama-cotton-collector%27s-edition | https://en.wikipedia.org/wiki/List_of_PlayStation_4_games_(M%E2%80%93Z) | https://www.wikidata.org/wiki/Q783493,La ficha enlazada de la edición física PAL atribuye el desarrollo a esta compañía. | La lista específica de PS4 atribuye el desarrollo a esta compañía. | Wikidata registra la compañía como desarrolladora.,No propagar a ports o compilaciones sin comprobar sus créditos propios.,,,CUSA30875_00,,Success,success,pricecharting,2026-09-05,company-credit-ps4-pal-high-additions-1,READY_ADD_MISSING
ps4-paw-patrol-mighty-pups-save-adventure-bay,Paw Patrol: Mighty Pups Save Adventure Bay,PAL España,standard,paw patrol mighty pups save adventure bay,paw patrol mighty pups save adventure bay,GAME_OR_UNKNOWN,DEVELOPER,developer,Drakhar Studio,drakhar-studio,Drakhar Studio | DRAKHAR STUDIO,EXACT_NAME_OR_ALIAS,,ADD_MISSING,HIGH,NO,GAME_WORK | GAME_WORK_OR_PS4_RELEASE | PS4_RELEASE,4,LAUNCHBOX_GAMES_DB | STEAM_STORE | WIKIDATA | WIKIPEDIA_PS4_LIST,B_OTHER_PLATFORM | B_PS4_RELEASE | C_DISCOVERY,https://en.wikipedia.org/wiki/List_of_PlayStation_4_games_(M%E2%80%93Z) | https://store.steampowered.com/app/1374990 | https://www.wikidata.org/wiki/Q99913153 | https://gamesdb.launchbox-app.com/games/details/473679,"La lista específica de PS4 atribuye el desarrollo a esta compañía. | La ficha comercial de Steam confirma la desarrolladora de la obra, no necesariamente el port de PS4. | Wikidata registra la compañía como desarrolladora. | LaunchBox registra esta desarrolladora para su ficha de PS4.",No propagar a ports o compilaciones sin comprobar sus créditos propios.,,CUSA23349_00,,,Drakhar Studio,drakhar-studio,official,2026-09-05,company-credit-ps4-pal-high-additions-1,READY_ADD_MISSING
ps4-paw-patrol-on-a-roll,PAW Patrol On a Roll,PAL España,standard,paw patrol on a roll,paw patrol on a roll,GAME_OR_UNKNOWN,DEVELOPER,developer,Torus Games,torus-games,Torus Games Pty | Torus Games,EXACT_NAME_OR_ALIAS,,ADD_MISSING,HIGH,NO,GAME_WORK | GAME_WORK_OR_PS4_RELEASE | MATCHED_PS4_PRODUCT | PS4_RELEASE,5,LAUNCHBOX_GAMES_DB | PLAYSTATION_STORE_EXPLICIT_CREDIT | STEAM_STORE | WIKIDATA | WIKIPEDIA_PS4_LIST,A_OFFICIAL_MATCHED_TITLE_CREDIT | B_OTHER_PLATFORM | B_PS4_RELEASE | C_DISCOVERY,https://store.playstation.com/es-es/product/EP3678-CUSA11095_00-PP10000000000000 | https://en.wikipedia.org/wiki/List_of_PlayStation_4_games_(M%E2%80%93Z) | https://store.steampowered.com/app/758730 | https://www.wikidata.org/wiki/Q99913111 | https://gamesdb.launchbox-app.com/games/details/212139,"Developed by Torus Games Pty | La lista específica de PS4 atribuye el desarrollo a esta compañía. | La ficha comercial de Steam confirma la desarrolladora de la obra, no necesariamente el port de PS4. | Wikidata registra la compañía como desarrolladora. | LaunchBox registra esta desarrolladora para su ficha de PS4.",No propagar a ports o compilaciones sin comprobar sus créditos propios.,,CUSA10445_00,,,Torus Games,torus-games,official,2026-09-05,company-credit-ps4-pal-high-additions-1,READY_ADD_MISSING
ps4-pharaonic-deluxe-edition,Pharaonic: Deluxe Edition,PAL España,standard,pharaonic,pharaonic,EDITION_VARIANT,DEVELOPER,developer,Milkstone Studios,milkstone-studios,Milkstone Studios,EXACT_NAME_OR_ALIAS,,ADD_MISSING,HIGH,NO,GAME_WORK | GAME_WORK_OR_PS4_RELEASE,2,STEAM_STORE | WIKIPEDIA_PS4_LIST,B_OTHER_PLATFORM | B_PS4_RELEASE,https://en.wikipedia.org/wiki/List_of_PlayStation_4_games_(M%E2%80%93Z) | https://store.steampowered.com/app/386080,"La lista específica de PS4 atribuye el desarrollo a esta compañía. | La ficha comercial de Steam confirma la desarrolladora de la obra, no necesariamente el port de PS4.",No propagar a ports o compilaciones sin comprobar sus créditos propios.,,,,,Milkstone Studios,milkstone-studios,official,2026-09-05,company-credit-ps4-pal-high-additions-1,READY_ADD_MISSING
ps4-pillars-of-eternity-ii-deadfire-ultimate-edition,Pillars of Eternity II: Deadfire [Ultimate Edition],PAL España,standard,pillars of eternity ii deadfire,pillars of eternity ii deadfire,EDITION_VARIANT,DEVELOPER,developer,Obsidian Entertainment,obsidian-entertainment,Obsidian Entertainment Inc. | Obsidian Entertainment,EXACT_NAME_OR_ALIAS,,ADD_MISSING,HIGH,NO,EXACT_PHYSICAL_EDITION | GAME_WORK | GAME_WORK_OR_PS4_RELEASE,4,PRICECHARTING_EXACT_PAL_PAGE | STEAM_STORE | WIKIDATA | WIKIPEDIA_PS4_LIST,B_EXACT_PHYSICAL | B_OTHER_PLATFORM | B_PS4_RELEASE | C_DISCOVERY,https://www.pricecharting.com/game/pal-playstation-4/pillars-of-eternity-ii-deadfire-ultimate-edition | https://en.wikipedia.org/wiki/List_of_PlayStation_4_games_(M%E2%80%93Z) | https://store.steampowered.com/app/560130 | https://www.wikidata.org/wiki/Q28871558,"La ficha enlazada de la edición física PAL atribuye el desarrollo a esta compañía. | La lista específica de PS4 atribuye el desarrollo a esta compañía. | La ficha comercial de Steam confirma la desarrolladora de la obra, no necesariamente el port de PS4. | Wikidata registra la compañía como desarrolladora.",No propagar a ports o compilaciones sin comprobar sus créditos propios.,,,CUSA13480_00,,Obsidian Entertainment,obsidian-entertainment,official,2026-09-05,company-credit-ps4-pal-high-additions-1,READY_ADD_MISSING
ps4-portal-knights-gold-throne-edition,Portal Knights [Gold Throne Edition],PAL España,standard,portal knights,portal knights,GAME_OR_UNKNOWN,DEVELOPER,developer,Keen Games,keen-games,Keen Games | Keen Games GmbH,EXACT_NAME_OR_ALIAS,,ADD_MISSING,HIGH,NO,GAME_WORK | GAME_WORK_OR_PS4_RELEASE | MATCHED_PS4_PRODUCT | PS4_RELEASE,5,LAUNCHBOX_GAMES_DB | PLAYSTATION_STORE_EXPLICIT_CREDIT | STEAM_STORE | WIKIDATA | WIKIPEDIA_PS4_LIST,A_OFFICIAL_MATCHED_TITLE_CREDIT | B_OTHER_PLATFORM | B_PS4_RELEASE | C_DISCOVERY,https://store.playstation.com/es-es/product/EP4040-CUSA06287_00-PORTALKNIGHTS000 | https://en.wikipedia.org/wiki/List_of_PlayStation_4_games_(M%E2%80%93Z) | https://store.steampowered.com/app/374040 | https://www.wikidata.org/wiki/Q23303399 | https://gamesdb.launchbox-app.com/games/details/183155,"Desarrollado por Keen Games | La lista específica de PS4 atribuye el desarrollo a esta compañía. | La ficha comercial de Steam confirma la desarrolladora de la obra, no necesariamente el port de PS4. | Wikidata registra la compañía como desarrolladora. | LaunchBox registra esta desarrolladora para su ficha de PS4.",No propagar a ports o compilaciones sin comprobar sus créditos propios.,,,,,Keen Games,keen-games,official,2026-09-05,company-credit-ps4-pal-high-additions-1,READY_ADD_MISSING
ps4-pressure-overdrive-collector%27s-edition,Pressure Overdrive [Collector's Edition],PAL España,standard,pressure overdrive,pressure overdrive,EDITION_VARIANT,DEVELOPER,developer,Chasing Carrots,chasing-carrots,Chasing Carrots,EXACT_NAME_OR_ALIAS,,ADD_MISSING,HIGH,NO,EXACT_PHYSICAL_EDITION | GAME_WORK | GAME_WORK_OR_PS4_RELEASE,3,PRICECHARTING_EXACT_PAL_PAGE | STEAM_STORE | WIKIPEDIA_PS4_LIST,B_EXACT_PHYSICAL | B_OTHER_PLATFORM | B_PS4_RELEASE,https://www.pricecharting.com/game/pal-playstation-4/pressure-overdrive-collector%27s-edition | https://en.wikipedia.org/wiki/List_of_PlayStation_4_games_(M%E2%80%93Z) | https://store.steampowered.com/app/425240,"La ficha enlazada de la edición física PAL atribuye el desarrollo a esta compañía. | La lista específica de PS4 atribuye el desarrollo a esta compañía. | La ficha comercial de Steam confirma la desarrolladora de la obra, no necesariamente el port de PS4.",No propagar a ports o compilaciones sin comprobar sus créditos propios.,,,CUSA05200_00,,Chasing Carrots,chasing-carrots,official,2026-09-05,company-credit-ps4-pal-high-additions-1,READY_ADD_MISSING
ps4-prey-deluxe-edition,Prey [Deluxe Edition],PAL España,standard,prey,prey,EDITION_VARIANT,DEVELOPER,developer,Arkane Studios,arkane-studios,Arkane Studios,EXACT_NAME_OR_ALIAS,,ADD_MISSING,HIGH,NO,GAME_WORK | GAME_WORK_OR_PS4_RELEASE | PS4_RELEASE,4,LAUNCHBOX_GAMES_DB | STEAM_STORE | WIKIDATA | WIKIPEDIA_PS4_LIST,B_OTHER_PLATFORM | B_PS4_RELEASE | C_DISCOVERY,https://en.wikipedia.org/wiki/List_of_PlayStation_4_games_(M%E2%80%93Z) | https://store.steampowered.com/app/480490 | https://www.wikidata.org/wiki/Q4047343 | https://gamesdb.launchbox-app.com/games/details/165146,"La lista específica de PS4 atribuye el desarrollo a esta compañía. | La ficha comercial de Steam confirma la desarrolladora de la obra, no necesariamente el port de PS4. | Wikidata registra la compañía como desarrolladora. | LaunchBox registra esta desarrolladora para su ficha de PS4.",No propagar a ports o compilaciones sin comprobar sus créditos propios.,,,,,Arkane Studios,arkane-studios,official,2026-09-05,company-credit-ps4-pal-high-additions-1,READY_ADD_MISSING
ps4-prey-steelbook-edition,Prey [Steelbook Edition],PAL España,standard,prey,prey,EDITION_VARIANT,DEVELOPER,developer,Arkane Studios,arkane-studios,Arkane Studios,EXACT_NAME_OR_ALIAS,,ADD_MISSING,HIGH,NO,GAME_WORK | GAME_WORK_OR_PS4_RELEASE | PS4_RELEASE,4,LAUNCHBOX_GAMES_DB | STEAM_STORE | WIKIDATA | WIKIPEDIA_PS4_LIST,B_OTHER_PLATFORM | B_PS4_RELEASE | C_DISCOVERY,https://en.wikipedia.org/wiki/List_of_PlayStation_4_games_(M%E2%80%93Z) | https://store.steampowered.com/app/480490 | https://www.wikidata.org/wiki/Q4047343 | https://gamesdb.launchbox-app.com/games/details/165146,"La lista específica de PS4 atribuye el desarrollo a esta compañía. | La ficha comercial de Steam confirma la desarrolladora de la obra, no necesariamente el port de PS4. | Wikidata registra la compañía como desarrolladora. | LaunchBox registra esta desarrolladora para su ficha de PS4.",No propagar a ports o compilaciones sin comprobar sus créditos propios.,,,,,Arkane Studios,arkane-studios,official,2026-09-05,company-credit-ps4-pal-high-additions-1,READY_ADD_MISSING
ps4-prison-architect,Prison Architect,PAL España,standard,prison architect,prison architect,GAME_OR_UNKNOWN,DEVELOPER,developer,Double Eleven,double-eleven,Double Eleven,EXACT_NAME_OR_ALIAS,,ADD_MISSING,HIGH,NO,GAME_WORK | GAME_WORK_OR_PS4_RELEASE,2,STEAM_STORE | WIKIPEDIA_PS4_LIST,B_OTHER_PLATFORM | B_PS4_RELEASE,https://en.wikipedia.org/wiki/List_of_PlayStation_4_games_(M%E2%80%93Z) | https://store.steampowered.com/app/233450,"La lista específica de PS4 atribuye el desarrollo a esta compañía. | La ficha comercial de Steam confirma la desarrolladora de la obra, no necesariamente el port de PS4.",No propagar a ports o compilaciones sin comprobar sus créditos propios.,,CUSA03481_00,,,Double Eleven,double-eleven,official,2026-09-05,company-credit-ps4-pal-high-additions-1,READY_ADD_MISSING
ps4-pro-evolution-soccer-2017-steelbook-edition,Pro Evolution Soccer 2017 [Steelbook Edition],PAL España,standard,pro evolution soccer 2017,pro evolution soccer 2017,EDITION_VARIANT,PHYSICAL_PUBLISHER_OR_DISTRIBUTOR,publisher,Konami,konami,Konami,EXACT_NAME_OR_ALIAS,,ADD_MISSING,HIGH,NO,EXACT_PHYSICAL_EDITION | PAL_RELEASE,2,PRICECHARTING_EXACT_PAL_PAGE | WIKIPEDIA_PS4_LIST_PAL,B_EXACT_PHYSICAL | B_PAL_RELEASE,https://www.pricecharting.com/game/pal-playstation-4/pro-evolution-soccer-2017-steelbook-edition | https://en.wikipedia.org/wiki/List_of_PlayStation_4_games_(M%E2%80%93Z),La ficha exacta de la edición física PAL etiqueta a esta compañía como Publisher; puede representar publicación o distribución física. | La columna PAL de la lista de PS4 atribuye la publicación a esta compañía.,Confirmar si la etiqueta Publisher representa publicación o distribución en la caja PAL.,,,,,Konami,konami,pricecharting,2026-09-05,company-credit-ps4-pal-high-additions-1,READY_ADD_MISSING
ps4-pro-evolution-soccer-2019-celtic-football-club-edition,Pro Evolution Soccer 2019 [Celtic Football Club Edition],PAL España,standard,pro evolution soccer 2019,pro evolution soccer 2019,GAME_OR_UNKNOWN,PHYSICAL_PUBLISHER_OR_DISTRIBUTOR,publisher,Konami,konami,Konami,EXACT_NAME_OR_ALIAS,,ADD_MISSING,HIGH,NO,EXACT_PHYSICAL_EDITION | PAL_RELEASE,2,PRICECHARTING_EXACT_PAL_PAGE | WIKIPEDIA_PS4_LIST_PAL,B_EXACT_PHYSICAL | B_PAL_RELEASE,https://www.pricecharting.com/game/pal-playstation-4/pro-evolution-soccer-2019-celtic-football-club-edition | https://en.wikipedia.org/wiki/List_of_PlayStation_4_games_(M%E2%80%93Z),La ficha exacta de la edición física PAL etiqueta a esta compañía como Publisher; puede representar publicación o distribución física. | La columna PAL de la lista de PS4 atribuye la publicación a esta compañía.,Confirmar si la etiqueta Publisher representa publicación o distribución en la caja PAL.,,,,,Konami,konami,pricecharting,2026-09-05,company-credit-ps4-pal-high-additions-1,READY_ADD_MISSING
ps4-pro-fishing-simulator,Pro Fishing Simulator,PAL España,standard,pro fishing simulator,pro fishing simulator,GAME_OR_UNKNOWN,DEVELOPER,developer,Sanuk Games,sanuk-games,Sanuk Games,EXACT_NAME_OR_ALIAS,,ADD_MISSING,HIGH,NO,GAME_WORK | GAME_WORK_OR_PS4_RELEASE,3,STEAM_STORE | WIKIDATA | WIKIPEDIA_PS4_LIST,B_OTHER_PLATFORM | B_PS4_RELEASE | C_DISCOVERY,https://en.wikipedia.org/wiki/List_of_PlayStation_4_games_(M%E2%80%93Z) | https://store.steampowered.com/app/794180 | https://www.wikidata.org/wiki/Q122308754,"La lista específica de PS4 atribuye el desarrollo a esta compañía. | La ficha comercial de Steam confirma la desarrolladora de la obra, no necesariamente el port de PS4. | Wikidata registra la compañía como desarrolladora.",No propagar a ports o compilaciones sin comprobar sus créditos propios.,,CUSA12214_00,,,Sanuk Games,sanuk-games,official,2026-09-05,company-credit-ps4-pal-high-additions-1,READY_ADD_MISSING
ps4-professional-farmer-2017-gold-edition,Professional Farmer 2017 [Gold Edition],PAL España,standard,professional farmer 2017,professional farmer 2017,GAME_OR_UNKNOWN,DEVELOPER,developer,Visual Imagination Software,visual-imagination-software,Visual Imagination Software,EXACT_NAME_OR_ALIAS,,ADD_MISSING,HIGH,NO,MATCHED_PS4_PRODUCT,1,PLAYSTATION_STORE_EXPLICIT_CREDIT,A_OFFICIAL_MATCHED_TITLE_CREDIT,https://store.playstation.com/es-es/product/EP8935-CUSA04690_00-FARM17PS4EU00000,developed by Visual Imagination Software,No propagar a ports o compilaciones sin comprobar sus créditos propios.,,,,,Visual Imagination Software,visual-imagination-software,official,2026-09-05,company-credit-ps4-pal-high-additions-1,READY_ADD_MISSING
ps4-professor-rubik%27s-brain-fitness,Professor Rubik's Brain Fitness,PAL España,standard,professor rubik s brain fitness,professor rubik s brain fitness,GAME_OR_UNKNOWN,DEVELOPER,developer,Magic Pockets,magic-pockets,Magic Pockets,EXACT_NAME_OR_ALIAS,,ADD_MISSING,HIGH,NO,GAME_WORK | GAME_WORK_OR_PS4_RELEASE,3,STEAM_STORE | WIKIDATA | WIKIPEDIA_PS4_LIST,B_OTHER_PLATFORM | B_PS4_RELEASE | C_DISCOVERY,https://en.wikipedia.org/wiki/List_of_PlayStation_4_games_(M%E2%80%93Z) | https://store.steampowered.com/app/1377890 | https://www.wikidata.org/wiki/Q122372659,"La lista específica de PS4 atribuye el desarrollo a esta compañía. | La ficha comercial de Steam confirma la desarrolladora de la obra, no necesariamente el port de PS4. | Wikidata registra la compañía como desarrolladora.",No propagar a ports o compilaciones sin comprobar sus créditos propios.,,CUSA20378_00,,,Magic Pockets,magic-pockets,official,2026-09-05,company-credit-ps4-pal-high-additions-1,READY_ADD_MISSING
ps4-project-cars-2-collector%27s-edition,Project Cars 2 [Collector's Edition],PAL España,standard,project cars 2,project cars 2,EDITION_VARIANT,DEVELOPER,developer,Slightly Mad Studios,slightly-mad-studios,Slightly Mad Studios,EXACT_NAME_OR_ALIAS,,ADD_MISSING,HIGH,NO,EXACT_PHYSICAL_EDITION | GAME_WORK | GAME_WORK_OR_PS4_RELEASE | PS4_RELEASE,4,LAUNCHBOX_GAMES_DB | PRICECHARTING_EXACT_PAL_PAGE | WIKIDATA | WIKIPEDIA_PS4_LIST,B_EXACT_PHYSICAL | B_PS4_RELEASE | C_DISCOVERY,https://www.pricecharting.com/game/pal-playstation-4/project-cars-2-collector%27s-edition | https://en.wikipedia.org/wiki/List_of_PlayStation_4_games_(M%E2%80%93Z) | https://www.wikidata.org/wiki/Q31086405 | https://gamesdb.launchbox-app.com/games/details/164686,La ficha enlazada de la edición física PAL atribuye el desarrollo a esta compañía. | La lista específica de PS4 atribuye el desarrollo a esta compañía. | Wikidata registra la compañía como desarrolladora. | LaunchBox registra esta desarrolladora para su ficha de PS4.,No propagar a ports o compilaciones sin comprobar sus créditos propios.,,,,,Slightly Mad Studios,slightly-mad-studios,pricecharting,2026-09-05,company-credit-ps4-pal-high-additions-1,READY_ADD_MISSING
ps4-promenade-deluxe-edition,Promenade [Deluxe Edition],PAL España,standard,promenade,promenade,EDITION_VARIANT,DEVELOPER,developer,Holy Cap,holy-cap,Holy Cap,EXACT_NAME_OR_ALIAS,,ADD_MISSING,HIGH,NO,EXACT_PHYSICAL_EDITION | GAME_WORK,2,PRICECHARTING_EXACT_PAL_PAGE | STEAM_STORE,B_EXACT_PHYSICAL | B_OTHER_PLATFORM,https://www.pricecharting.com/game/pal-playstation-4/promenade-deluxe-edition | https://store.steampowered.com/app/1781260,"La ficha enlazada de la edición física PAL atribuye el desarrollo a esta compañía. | La ficha comercial de Steam confirma la desarrolladora de la obra, no necesariamente el port de PS4.",No propagar a ports o compilaciones sin comprobar sus créditos propios.,,,CUSA40465_00,,Holy Cap,holy-cap,official,2026-09-05,company-credit-ps4-pal-high-additions-1,READY_ADD_MISSING
ps4-pure-pool,Pure Pool,PAL España,standard,pure pool,pure pool,GAME_OR_UNKNOWN,DEVELOPER,developer,VooFoo Studios,voofoo-studios,Voofoo Studios Ltd | VooFoo Studios,EXACT_NAME_OR_ALIAS,,ADD_MISSING,HIGH,NO,GAME_WORK | GAME_WORK_OR_PS4_RELEASE | MATCHED_PS4_PRODUCT | PS4_RELEASE,5,LAUNCHBOX_GAMES_DB | PLAYSTATION_STORE_EXPLICIT_CREDIT | STEAM_STORE | WIKIDATA | WIKIPEDIA_PS4_LIST,A_OFFICIAL_MATCHED_TITLE_CREDIT | B_OTHER_PLATFORM | B_PS4_RELEASE | C_DISCOVERY,https://store.playstation.com/es-es/product/EP4435-CUSA00332_00-UPUREPOOL0000001 | https://en.wikipedia.org/wiki/List_of_PlayStation_4_games_(M%E2%80%93Z) | https://store.steampowered.com/app/300610 | https://www.wikidata.org/wiki/Q18155027 | https://gamesdb.launchbox-app.com/games/details/25814,"Developed by Voofoo Studios Ltd | La lista específica de PS4 atribuye el desarrollo a esta compañía. | La ficha comercial de Steam confirma la desarrolladora de la obra, no necesariamente el port de PS4. | Wikidata registra la compañía como desarrolladora. | LaunchBox registra esta desarrolladora para su ficha de PS4.",No propagar a ports o compilaciones sin comprobar sus créditos propios.,,CUSA00328_00,,,VooFoo Studios,voofoo-studios,official,2026-09-05,company-credit-ps4-pal-high-additions-1,READY_ADD_MISSING
ps4-r-type-final-2-inaugural-flight-edition,R-Type Final 2 [Inaugural Flight Edition],PAL España,standard,r type final 2,r type final 2,GAME_OR_UNKNOWN,DEVELOPER,developer,Granzella Inc.,granzella,Granzella | Granzella Inc.,EXACT_NAME_OR_ALIAS,,ADD_MISSING,HIGH,NO,EXACT_PHYSICAL_EDITION | GAME_WORK | GAME_WORK_OR_PS4_RELEASE | PS4_RELEASE,5,LAUNCHBOX_GAMES_DB | PRICECHARTING_EXACT_PAL_PAGE | STEAM_STORE | WIKIDATA | WIKIPEDIA_PS4_LIST,B_EXACT_PHYSICAL | B_OTHER_PLATFORM | B_PS4_RELEASE | C_DISCOVERY,https://www.pricecharting.com/game/pal-playstation-4/r-type-final-2-inaugural-flight-edition | https://en.wikipedia.org/wiki/List_of_PlayStation_4_games_(M%E2%80%93Z) | https://store.steampowered.com/app/1442820 | https://www.wikidata.org/wiki/Q65040579 | https://gamesdb.launchbox-app.com/games/details/208565,"La ficha enlazada de la edición física PAL atribuye el desarrollo a esta compañía. | La lista específica de PS4 atribuye el desarrollo a esta compañía. | La ficha comercial de Steam confirma la desarrolladora de la obra, no necesariamente el port de PS4. | Wikidata registra la compañía como desarrolladora. | LaunchBox registra esta desarrolladora para su ficha de PS4.",No propagar a ports o compilaciones sin comprobar sus créditos propios.,,,,,Granzella Inc.,granzella,official,2026-09-05,company-credit-ps4-pal-high-additions-1,READY_ADD_MISSING
ps4-rabi-ribi,Rabi Ribi,PAL España,standard,rabi ribi,rabi ribi,GAME_OR_UNKNOWN,DEVELOPER,developer,Crespirit,crespirit,CreSpirit,EXACT_NAME_OR_ALIAS,,ADD_MISSING,HIGH,NO,GAME_WORK | GAME_WORK_OR_PS4_RELEASE | PS4_RELEASE,4,LAUNCHBOX_GAMES_DB | STEAM_STORE | WIKIDATA | WIKIPEDIA_PS4_LIST,B_OTHER_PLATFORM | B_PS4_RELEASE | C_DISCOVERY,https://en.wikipedia.org/wiki/List_of_PlayStation_4_games_(M%E2%80%93Z) | https://store.steampowered.com/app/400910 | https://www.wikidata.org/wiki/Q60991351 | https://gamesdb.launchbox-app.com/games/details/163311,"La lista específica de PS4 atribuye el desarrollo a esta compañía. | La ficha comercial de Steam confirma la desarrolladora de la obra, no necesariamente el port de PS4. | Wikidata registra la compañía como desarrolladora. | LaunchBox registra esta desarrolladora para su ficha de PS4.",No propagar a ports o compilaciones sin comprobar sus créditos propios.,,CUSA08233_00,CUSA08233_00,,Crespirit,crespirit,official,2026-09-05,company-credit-ps4-pal-high-additions-1,READY_ADD_MISSING
ps4-rage-2-collector%27s-edition,Rage 2 [Collector's Edition],PAL España,standard,rage 2,rage 2,EDITION_VARIANT,PHYSICAL_PUBLISHER_OR_DISTRIBUTOR,publisher,Bethesda Softworks,bethesda-softworks,Bethesda Softworks,EXACT_NAME_OR_ALIAS,,ADD_MISSING,HIGH,NO,EXACT_PHYSICAL_EDITION | PAL_RELEASE,2,PRICECHARTING_EXACT_PAL_PAGE | WIKIPEDIA_PS4_LIST_PAL,B_EXACT_PHYSICAL | B_PAL_RELEASE,https://www.pricecharting.com/game/pal-playstation-4/rage-2-collector%27s-edition | https://en.wikipedia.org/wiki/List_of_PlayStation_4_games_(M%E2%80%93Z),La ficha exacta de la edición física PAL etiqueta a esta compañía como Publisher; puede representar publicación o distribución física. | La columna PAL de la lista de PS4 atribuye la publicación a esta compañía.,Confirmar si la etiqueta Publisher representa publicación o distribución en la caja PAL.,,,,,Bethesda Softworks,bethesda-softworks,pricecharting,2026-09-05,company-credit-ps4-pal-high-additions-1,READY_ADD_MISSING
ps4-rage-2-deluxe-edition,Rage 2 [Deluxe Edition],PAL España,standard,rage 2,rage 2,EDITION_VARIANT,DEVELOPER,developer,Avalanche Studios,avalanche-studios,Avalanche Studios,EXACT_NAME_OR_ALIAS,,ADD_MISSING,HIGH,NO,GAME_WORK | GAME_WORK_OR_PS4_RELEASE,2,STEAM_STORE | WIKIPEDIA_PS4_LIST,B_OTHER_PLATFORM | B_PS4_RELEASE,https://en.wikipedia.org/wiki/List_of_PlayStation_4_games_(M%E2%80%93Z) | https://store.steampowered.com/app/548570,"La lista específica de PS4 atribuye el desarrollo a esta compañía. | La ficha comercial de Steam confirma la desarrolladora de la obra, no necesariamente el port de PS4.",No propagar a ports o compilaciones sin comprobar sus créditos propios.,,,,,Avalanche Studios,avalanche-studios,official,2026-09-05,company-credit-ps4-pal-high-additions-1,READY_ADD_MISSING
ps4-ratchet-&amp;-clank,Ratchet & Clank,PAL España,standard,ratchet and clank,ratchet and clank,GAME_OR_UNKNOWN,DEVELOPER,developer,Insomniac Games,insomniac-games,Insomniac Games | Insomniac Games Inc.,EXACT_NAME_OR_ALIAS,,ADD_MISSING,HIGH,NO,EXACT_PHYSICAL_EDITION | GAME_WORK | GAME_WORK_OR_PS4_RELEASE | MATCHED_PS4_PRODUCT | PS4_RELEASE,5,LAUNCHBOX_GAMES_DB | PLAYSTATION_STORE_EXPLICIT_CREDIT | PRICECHARTING_EXACT_PAL_PAGE | WIKIDATA | WIKIPEDIA_PS4_LIST,A_OFFICIAL_MATCHED_TITLE_CREDIT | B_EXACT_PHYSICAL | B_PS4_RELEASE | C_DISCOVERY,https://store.playstation.com/es-es/product/EP9000-CUSA01073_00-RCPS400000000000 | https://www.pricecharting.com/game/pal-playstation-4/ratchet-&-clank | https://en.wikipedia.org/wiki/List_of_PlayStation_4_games_(M%E2%80%93Z) | https://www.wikidata.org/wiki/Q17183048 | https://gamesdb.launchbox-app.com/games/details/29275,Developed by Insomniac Games | La ficha enlazada de la edición física PAL atribuye el desarrollo a esta compañía. | La lista específica de PS4 atribuye el desarrollo a esta compañía. | Wikidata registra la compañía como desarrolladora. | LaunchBox registra esta desarrolladora para su ficha de PS4.,No propagar a ports o compilaciones sin comprobar sus créditos propios.,,,CUSA01073_00,,Insomniac Games,insomniac-games,official,2026-09-05,company-credit-ps4-pal-high-additions-1,READY_ADD_MISSING
ps4-ratchet-&amp;-clank-only-on-playstation,Ratchet & Clank [Only On PlayStation],PAL España,standard,ratchet and clank,ratchet and clank only on playstation,GAME_OR_UNKNOWN,DEVELOPER,developer,Insomniac Games,insomniac-games,Insomniac Games,EXACT_NAME_OR_ALIAS,,ADD_MISSING,HIGH,NO,EXACT_PHYSICAL_EDITION | GAME_WORK | GAME_WORK_OR_PS4_RELEASE | MATCHED_PS4_PRODUCT | PS4_RELEASE,5,LAUNCHBOX_GAMES_DB | PLAYSTATION_STORE_EXPLICIT_CREDIT | PRICECHARTING_EXACT_PAL_PAGE | WIKIDATA | WIKIPEDIA_PS4_LIST,A_OFFICIAL_MATCHED_TITLE_CREDIT | B_EXACT_PHYSICAL | B_PS4_RELEASE | C_DISCOVERY,https://store.playstation.com/es-es/product/EP9000-CUSA01073_00-RCPS400000000000 | https://www.pricecharting.com/game/pal-playstation-4/ratchet-&-clank-only-on-playstation | https://en.wikipedia.org/wiki/List_of_PlayStation_4_games_(M%E2%80%93Z) | https://www.wikidata.org/wiki/Q17183048 | https://gamesdb.launchbox-app.com/games/details/29275,Developed by Insomniac Games | La ficha enlazada de la edición física PAL atribuye el desarrollo a esta compañía. | La lista específica de PS4 atribuye el desarrollo a esta compañía. | Wikidata registra la compañía como desarrolladora. | LaunchBox registra esta desarrolladora para su ficha de PS4.,No propagar a ports o compilaciones sin comprobar sus créditos propios.,,,,,Insomniac Games,insomniac-games,official,2026-09-05,company-credit-ps4-pal-high-additions-1,READY_ADD_MISSING
ps4-ratchet-&amp;-clank-only-on-playstation,Ratchet & Clank [Only On PlayStation],PAL España,standard,ratchet and clank,ratchet and clank only on playstation,GAME_OR_UNKNOWN,PHYSICAL_PUBLISHER_OR_DISTRIBUTOR,publisher,Sony Interactive Entertainment,sony-interactive-entertainment,Sony Computer Entertainment,EXACT_NAME_OR_ALIAS,,ADD_MISSING,HIGH,NO,EXACT_PHYSICAL_EDITION | PAL_RELEASE,2,PRICECHARTING_EXACT_PAL_PAGE | WIKIPEDIA_PS4_LIST_PAL,B_EXACT_PHYSICAL | B_PAL_RELEASE,https://www.pricecharting.com/game/pal-playstation-4/ratchet-&-clank-only-on-playstation | https://en.wikipedia.org/wiki/List_of_PlayStation_4_games_(M%E2%80%93Z),La ficha exacta de la edición física PAL etiqueta a esta compañía como Publisher; puede representar publicación o distribución física. | La columna PAL de la lista de PS4 atribuye la publicación a esta compañía.,Confirmar si la etiqueta Publisher representa publicación o distribución en la caja PAL.,,,,,Sony Interactive Entertainment,sony-interactive-entertainment,pricecharting,2026-09-05,company-credit-ps4-pal-high-additions-1,READY_ADD_MISSING
ps4-ratchet-&amp;-clank-playstation-hits,Ratchet & Clank [PlayStation Hits],PAL España,standard,ratchet and clank,ratchet and clank,EDITION_VARIANT,DEVELOPER,developer,Insomniac Games,insomniac-games,Insomniac Games,EXACT_NAME_OR_ALIAS,,ADD_MISSING,HIGH,NO,EXACT_PHYSICAL_EDITION | GAME_WORK | GAME_WORK_OR_PS4_RELEASE | MATCHED_PS4_PRODUCT | PS4_RELEASE,5,LAUNCHBOX_GAMES_DB | PLAYSTATION_STORE_EXPLICIT_CREDIT | PRICECHARTING_EXACT_PAL_PAGE | WIKIDATA | WIKIPEDIA_PS4_LIST,A_OFFICIAL_MATCHED_TITLE_CREDIT | B_EXACT_PHYSICAL | B_PS4_RELEASE | C_DISCOVERY,https://store.playstation.com/es-es/product/EP9000-CUSA01073_00-RCPS400000000000 | https://www.pricecharting.com/game/pal-playstation-4/ratchet-&-clank-playstation-hits | https://en.wikipedia.org/wiki/List_of_PlayStation_4_games_(M%E2%80%93Z) | https://www.wikidata.org/wiki/Q17183048 | https://gamesdb.launchbox-app.com/games/details/29275,Developed by Insomniac Games | La ficha enlazada de la edición física PAL atribuye el desarrollo a esta compañía. | La lista específica de PS4 atribuye el desarrollo a esta compañía. | Wikidata registra la compañía como desarrolladora. | LaunchBox registra esta desarrolladora para su ficha de PS4.,No propagar a ports o compilaciones sin comprobar sus créditos propios.,,,,,Insomniac Games,insomniac-games,official,2026-09-05,company-credit-ps4-pal-high-additions-1,READY_ADD_MISSING
ps4-ratchet-clank,Ratchet & Clank,PAL España,standard,ratchet and clank,ratchet and clank,GAME_OR_UNKNOWN,DEVELOPER,developer,Insomniac Games,insomniac-games,Insomniac Games,EXACT_NAME_OR_ALIAS,,ADD_MISSING,HIGH,NO,GAME_WORK | GAME_WORK_OR_PS4_RELEASE | MATCHED_PS4_PRODUCT | PS4_RELEASE,4,LAUNCHBOX_GAMES_DB | PLAYSTATION_STORE_EXPLICIT_CREDIT | WIKIDATA | WIKIPEDIA_PS4_LIST,A_OFFICIAL_MATCHED_TITLE_CREDIT | B_PS4_RELEASE | C_DISCOVERY,https://store.playstation.com/es-es/product/EP9000-CUSA01073_00-RCPS400000000000 | https://en.wikipedia.org/wiki/List_of_PlayStation_4_games_(M%E2%80%93Z) | https://www.wikidata.org/wiki/Q17183048 | https://gamesdb.launchbox-app.com/games/details/29275,Developed by Insomniac Games | La lista específica de PS4 atribuye el desarrollo a esta compañía. | Wikidata registra la compañía como desarrolladora. | LaunchBox registra esta desarrolladora para su ficha de PS4.,No propagar a ports o compilaciones sin comprobar sus créditos propios.,,CUSA01047_00,,,Insomniac Games,insomniac-games,official,2026-09-05,company-credit-ps4-pal-high-additions-1,READY_ADD_MISSING
ps4-rayman-legends-playstation-hits,Rayman Legends [Playstation Hits],PAL España,standard,rayman legends,rayman legends,EDITION_VARIANT,DEVELOPER,developer,Ubisoft Montpellier,ubisoft-montpellier,Ubisoft Montpellier,EXACT_NAME_OR_ALIAS,,ADD_MISSING,HIGH,NO,GAME_WORK | GAME_WORK_OR_PS4_RELEASE | PS4_RELEASE,3,LAUNCHBOX_GAMES_DB | STEAM_STORE | WIKIPEDIA_PS4_LIST,B_OTHER_PLATFORM | B_PS4_RELEASE | C_DISCOVERY,https://en.wikipedia.org/wiki/List_of_PlayStation_4_games_(M%E2%80%93Z) | https://store.steampowered.com/app/242550 | https://gamesdb.launchbox-app.com/games/details/19529,"La lista específica de PS4 atribuye el desarrollo a esta compañía. | La ficha comercial de Steam confirma la desarrolladora de la obra, no necesariamente el port de PS4. | LaunchBox registra esta desarrolladora para su ficha de PS4.",No propagar a ports o compilaciones sin comprobar sus créditos propios.,,,,,Ubisoft Montpellier,ubisoft-montpellier,official,2026-09-05,company-credit-ps4-pal-high-additions-1,READY_ADD_MISSING
ps4-red-dead-redemption-2-special-edition,Red Dead Redemption 2 [Special Edition],PAL España,standard,red dead redemption 2,red dead redemption 2,EDITION_VARIANT,DEVELOPER,developer,Rockstar Games,rockstar-games,Rockstar Games,EXACT_NAME_OR_ALIAS,,ADD_MISSING,HIGH,NO,GAME_WORK | GAME_WORK_OR_PS4_RELEASE,2,STEAM_STORE | WIKIPEDIA_PS4_LIST,B_OTHER_PLATFORM | B_PS4_RELEASE,https://en.wikipedia.org/wiki/List_of_PlayStation_4_games_(M%E2%80%93Z) | https://store.steampowered.com/app/1174180,"La lista específica de PS4 atribuye el desarrollo a esta compañía. | La ficha comercial de Steam confirma la desarrolladora de la obra, no necesariamente el port de PS4.",No propagar a ports o compilaciones sin comprobar sus créditos propios.,,,,,Rockstar Games,rockstar-games,official,2026-09-05,company-credit-ps4-pal-high-additions-1,READY_ADD_MISSING
ps4-red-dead-redemption-2-steelbook-edition,Red Dead Redemption 2 [Steelbook Edition],PAL España,standard,red dead redemption 2,red dead redemption 2,EDITION_VARIANT,DEVELOPER,developer,Rockstar Games,rockstar-games,Rockstar Games,EXACT_NAME_OR_ALIAS,,ADD_MISSING,HIGH,NO,GAME_WORK | GAME_WORK_OR_PS4_RELEASE,2,STEAM_STORE | WIKIPEDIA_PS4_LIST,B_OTHER_PLATFORM | B_PS4_RELEASE,https://en.wikipedia.org/wiki/List_of_PlayStation_4_games_(M%E2%80%93Z) | https://store.steampowered.com/app/1174180,"La lista específica de PS4 atribuye el desarrollo a esta compañía. | La ficha comercial de Steam confirma la desarrolladora de la obra, no necesariamente el port de PS4.",No propagar a ports o compilaciones sin comprobar sus créditos propios.,,,,,Rockstar Games,rockstar-games,official,2026-09-05,company-credit-ps4-pal-high-additions-1,READY_ADD_MISSING
ps4-red-dead-redemption-2-ultimate-edition,Red Dead Redemption 2 [Ultimate Edition],PAL España,standard,red dead redemption 2,red dead redemption 2,EDITION_VARIANT,DEVELOPER,developer,Rockstar Games,rockstar-games,Rockstar Games,EXACT_NAME_OR_ALIAS,,ADD_MISSING,HIGH,NO,EXACT_PHYSICAL_EDITION | GAME_WORK | GAME_WORK_OR_PS4_RELEASE,3,PRICECHARTING_EXACT_PAL_PAGE | STEAM_STORE | WIKIPEDIA_PS4_LIST,B_EXACT_PHYSICAL | B_OTHER_PLATFORM | B_PS4_RELEASE,https://www.pricecharting.com/game/pal-playstation-4/red-dead-redemption-2-ultimate-edition | https://en.wikipedia.org/wiki/List_of_PlayStation_4_games_(M%E2%80%93Z) | https://store.steampowered.com/app/1174180,"La ficha enlazada de la edición física PAL atribuye el desarrollo a esta compañía. | La lista específica de PS4 atribuye el desarrollo a esta compañía. | La ficha comercial de Steam confirma la desarrolladora de la obra, no necesariamente el port de PS4.",No propagar a ports o compilaciones sin comprobar sus créditos propios.,,,,,Rockstar Games,rockstar-games,official,2026-09-05,company-credit-ps4-pal-high-additions-1,READY_ADD_MISSING
ps4-red-dead-redemption-2-ultimate-edition,Red Dead Redemption 2 [Ultimate Edition],PAL España,standard,red dead redemption 2,red dead redemption 2,EDITION_VARIANT,PHYSICAL_PUBLISHER_OR_DISTRIBUTOR,publisher,Take-Two Interactive,take-two-interactive,Take-Two Interactive,EXACT_NAME_OR_ALIAS,,ADD_MISSING,HIGH,NO,EXACT_PHYSICAL_EDITION | PAL_RELEASE,2,PRICECHARTING_EXACT_PAL_PAGE | WIKIPEDIA_PS4_LIST_PAL,B_EXACT_PHYSICAL | B_PAL_RELEASE,https://www.pricecharting.com/game/pal-playstation-4/red-dead-redemption-2-ultimate-edition | https://en.wikipedia.org/wiki/List_of_PlayStation_4_games_(M%E2%80%93Z),La ficha exacta de la edición física PAL etiqueta a esta compañía como Publisher; puede representar publicación o distribución física. | La columna PAL de la lista de PS4 atribuye la publicación a esta compañía.,Confirmar si la etiqueta Publisher representa publicación o distribución en la caja PAL.,,,,,Take-Two Interactive,take-two-interactive,pricecharting,2026-09-05,company-credit-ps4-pal-high-additions-1,READY_ADD_MISSING
ps4-remothered-broken-porcelain,Remothered Broken Porcelain,PAL España,standard,remothered broken porcelain,remothered broken porcelain,GAME_OR_UNKNOWN,DEVELOPER,developer,Stormind Games,stormind-games,Stormind Games,EXACT_NAME_OR_ALIAS,,ADD_MISSING,HIGH,NO,GAME_WORK | GAME_WORK_OR_PS4_RELEASE | MATCHED_PS4_PRODUCT,4,PLAYSTATION_STORE_EXPLICIT_CREDIT | STEAM_STORE | WIKIDATA | WIKIPEDIA_PS4_LIST,A_OFFICIAL_MATCHED_TITLE_CREDIT | B_OTHER_PLATFORM | B_PS4_RELEASE | C_DISCOVERY,https://store.playstation.com/es-es/product/EP4908-CUSA18360_00-REMOTHEREDBROPOR | https://en.wikipedia.org/wiki/List_of_PlayStation_4_games_(M%E2%80%93Z) | https://store.steampowered.com/app/1142390 | https://www.wikidata.org/wiki/Q65040590,"Developed by Stormind Games | La lista específica de PS4 atribuye el desarrollo a esta compañía. | La ficha comercial de Steam confirma la desarrolladora de la obra, no necesariamente el port de PS4. | Wikidata registra la compañía como desarrolladora.",No propagar a ports o compilaciones sin comprobar sus créditos propios.,,CUSA18357_00,,,Stormind Games,stormind-games,official,2026-09-05,company-credit-ps4-pal-high-additions-1,READY_ADD_MISSING
ps4-resident-evil-2-collector%27s-edition,Resident Evil 2 [Collector's Edition],PAL España,standard,resident evil 2,resident evil 2,EDITION_VARIANT,DEVELOPER,developer,Capcom,capcom,Capcom | CAPCOM Co Ltd.,EXACT_NAME_OR_ALIAS,,ADD_MISSING,HIGH,NO,GAME_WORK | GAME_WORK_OR_PS4_RELEASE | PS4_RELEASE,3,LAUNCHBOX_GAMES_DB | STEAM_STORE | WIKIPEDIA_PS4_LIST,B_OTHER_PLATFORM | B_PS4_RELEASE | C_DISCOVERY,https://en.wikipedia.org/wiki/List_of_PlayStation_4_games_(M%E2%80%93Z) | https://store.steampowered.com/app/883710 | https://gamesdb.launchbox-app.com/games/details/152940,"La lista específica de PS4 atribuye el desarrollo a esta compañía. | La ficha comercial de Steam confirma la desarrolladora de la obra, no necesariamente el port de PS4. | LaunchBox registra esta desarrolladora para su ficha de PS4.",No propagar a ports o compilaciones sin comprobar sus créditos propios.,,,,,Capcom,capcom,official,2026-09-05,company-credit-ps4-pal-high-additions-1,READY_ADD_MISSING
ps4-resident-evil-2-lenticular-edition,Resident Evil 2 [Lenticular Edition],PAL España,standard,resident evil 2,resident evil 2,GAME_OR_UNKNOWN,DEVELOPER,developer,Capcom,capcom,Capcom | CAPCOM Co Ltd.,EXACT_NAME_OR_ALIAS,,ADD_MISSING,HIGH,NO,EXACT_PHYSICAL_EDITION | GAME_WORK | GAME_WORK_OR_PS4_RELEASE | PS4_RELEASE,4,LAUNCHBOX_GAMES_DB | PRICECHARTING_EXACT_PAL_PAGE | STEAM_STORE | WIKIPEDIA_PS4_LIST,B_EXACT_PHYSICAL | B_OTHER_PLATFORM | B_PS4_RELEASE | C_DISCOVERY,https://www.pricecharting.com/game/pal-playstation-4/resident-evil-2-lenticular-edition | https://en.wikipedia.org/wiki/List_of_PlayStation_4_games_(M%E2%80%93Z) | https://store.steampowered.com/app/883710 | https://gamesdb.launchbox-app.com/games/details/152940,"La ficha enlazada de la edición física PAL atribuye el desarrollo a esta compañía. | La lista específica de PS4 atribuye el desarrollo a esta compañía. | La ficha comercial de Steam confirma la desarrolladora de la obra, no necesariamente el port de PS4. | LaunchBox registra esta desarrolladora para su ficha de PS4.",No propagar a ports o compilaciones sin comprobar sus créditos propios.,,,CUSA09171_00,,Capcom,capcom,official,2026-09-05,company-credit-ps4-pal-high-additions-1,READY_ADD_MISSING
ps4-resident-evil-2-lenticular-edition,Resident Evil 2 [Lenticular Edition],PAL España,standard,resident evil 2,resident evil 2,GAME_OR_UNKNOWN,PHYSICAL_PUBLISHER_OR_DISTRIBUTOR,publisher,Capcom,capcom,Capcom,EXACT_NAME_OR_ALIAS,,ADD_MISSING,HIGH,NO,EXACT_PHYSICAL_EDITION | PAL_RELEASE,2,PRICECHARTING_EXACT_PAL_PAGE | WIKIPEDIA_PS4_LIST_PAL,B_EXACT_PHYSICAL | B_PAL_RELEASE,https://www.pricecharting.com/game/pal-playstation-4/resident-evil-2-lenticular-edition | https://en.wikipedia.org/wiki/List_of_PlayStation_4_games_(M%E2%80%93Z),La ficha exacta de la edición física PAL etiqueta a esta compañía como Publisher; puede representar publicación o distribución física. | La columna PAL de la lista de PS4 atribuye la publicación a esta compañía.,Confirmar si la etiqueta Publisher representa publicación o distribución en la caja PAL.,,,CUSA09171_00,,Capcom,capcom,pricecharting,2026-09-05,company-credit-ps4-pal-high-additions-1,READY_ADD_MISSING
ps4-resident-evil-2-pix%27n-love-edition,Resident Evil 2 [Pix'n Love Edition],PAL España,standard,resident evil 2,resident evil 2,GAME_OR_UNKNOWN,DEVELOPER,developer,Capcom,capcom,Capcom | CAPCOM Co Ltd.,EXACT_NAME_OR_ALIAS,,ADD_MISSING,HIGH,NO,GAME_WORK | GAME_WORK_OR_PS4_RELEASE | PS4_RELEASE,3,LAUNCHBOX_GAMES_DB | STEAM_STORE | WIKIPEDIA_PS4_LIST,B_OTHER_PLATFORM | B_PS4_RELEASE | C_DISCOVERY,https://en.wikipedia.org/wiki/List_of_PlayStation_4_games_(M%E2%80%93Z) | https://store.steampowered.com/app/883710 | https://gamesdb.launchbox-app.com/games/details/152940,"La lista específica de PS4 atribuye el desarrollo a esta compañía. | La ficha comercial de Steam confirma la desarrolladora de la obra, no necesariamente el port de PS4. | LaunchBox registra esta desarrolladora para su ficha de PS4.",No propagar a ports o compilaciones sin comprobar sus créditos propios.,,,,,Capcom,capcom,official,2026-09-05,company-credit-ps4-pal-high-additions-1,READY_ADD_MISSING
ps4-resident-evil-2-steelbook-edition,Resident Evil 2 [Steelbook Edition],PAL España,standard,resident evil 2,resident evil 2,EDITION_VARIANT,DEVELOPER,developer,Capcom,capcom,Capcom | CAPCOM Co Ltd.,EXACT_NAME_OR_ALIAS,,ADD_MISSING,HIGH,NO,EXACT_PHYSICAL_EDITION | GAME_WORK | GAME_WORK_OR_PS4_RELEASE | PS4_RELEASE,4,LAUNCHBOX_GAMES_DB | PRICECHARTING_EXACT_PAL_PAGE | STEAM_STORE | WIKIPEDIA_PS4_LIST,B_EXACT_PHYSICAL | B_OTHER_PLATFORM | B_PS4_RELEASE | C_DISCOVERY,https://www.pricecharting.com/game/pal-playstation-4/resident-evil-2-steelbook-edition | https://en.wikipedia.org/wiki/List_of_PlayStation_4_games_(M%E2%80%93Z) | https://store.steampowered.com/app/883710 | https://gamesdb.launchbox-app.com/games/details/152940,"La ficha enlazada de la edición física PAL atribuye el desarrollo a esta compañía. | La lista específica de PS4 atribuye el desarrollo a esta compañía. | La ficha comercial de Steam confirma la desarrolladora de la obra, no necesariamente el port de PS4. | LaunchBox registra esta desarrolladora para su ficha de PS4.",No propagar a ports o compilaciones sin comprobar sus créditos propios.,,,,,Capcom,capcom,official,2026-09-05,company-credit-ps4-pal-high-additions-1,READY_ADD_MISSING
ps4-resident-evil-2-steelbook-edition,Resident Evil 2 [Steelbook Edition],PAL España,standard,resident evil 2,resident evil 2,EDITION_VARIANT,PHYSICAL_PUBLISHER_OR_DISTRIBUTOR,publisher,Capcom,capcom,Capcom,EXACT_NAME_OR_ALIAS,,ADD_MISSING,HIGH,NO,EXACT_PHYSICAL_EDITION | PAL_RELEASE,2,PRICECHARTING_EXACT_PAL_PAGE | WIKIPEDIA_PS4_LIST_PAL,B_EXACT_PHYSICAL | B_PAL_RELEASE,https://www.pricecharting.com/game/pal-playstation-4/resident-evil-2-steelbook-edition | https://en.wikipedia.org/wiki/List_of_PlayStation_4_games_(M%E2%80%93Z),La ficha exacta de la edición física PAL etiqueta a esta compañía como Publisher; puede representar publicación o distribución física. | La columna PAL de la lista de PS4 atribuye la publicación a esta compañía.,Confirmar si la etiqueta Publisher representa publicación o distribución en la caja PAL.,,,,,Capcom,capcom,pricecharting,2026-09-05,company-credit-ps4-pal-high-additions-1,READY_ADD_MISSING
ps4-resident-evil-3-collector%27s-edition,Resident Evil 3 [Collector's Edition],PAL España,standard,resident evil 3,resident evil 3,EDITION_VARIANT,DEVELOPER,developer,Capcom,capcom,Capcom | CAPCOM Co Ltd.,EXACT_NAME_OR_ALIAS,,ADD_MISSING,HIGH,NO,GAME_WORK | GAME_WORK_OR_PS4_RELEASE | PS4_RELEASE,3,LAUNCHBOX_GAMES_DB | STEAM_STORE | WIKIPEDIA_PS4_LIST,B_OTHER_PLATFORM | B_PS4_RELEASE | C_DISCOVERY,https://en.wikipedia.org/wiki/List_of_PlayStation_4_games_(M%E2%80%93Z) | https://store.steampowered.com/app/952060 | https://gamesdb.launchbox-app.com/games/details/173443,"La lista específica de PS4 atribuye el desarrollo a esta compañía. | La ficha comercial de Steam confirma la desarrolladora de la obra, no necesariamente el port de PS4. | LaunchBox registra esta desarrolladora para su ficha de PS4.",No propagar a ports o compilaciones sin comprobar sus créditos propios.,,,,,Capcom,capcom,official,2026-09-05,company-credit-ps4-pal-high-additions-1,READY_ADD_MISSING
ps4-resident-evil-3-lenticular-edition,Resident Evil 3 [Lenticular Edition],PAL España,standard,resident evil 3,resident evil 3,GAME_OR_UNKNOWN,DEVELOPER,developer,Capcom,capcom,CAPCOM | Capcom | CAPCOM Co Ltd.,EXACT_NAME_OR_ALIAS,,ADD_MISSING,HIGH,NO,EXACT_PHYSICAL_EDITION | GAME_WORK | GAME_WORK_OR_PS4_RELEASE | PS4_RELEASE,4,LAUNCHBOX_GAMES_DB | PRICECHARTING_EXACT_PAL_PAGE | STEAM_STORE | WIKIPEDIA_PS4_LIST,B_EXACT_PHYSICAL | B_OTHER_PLATFORM | B_PS4_RELEASE | C_DISCOVERY,https://www.pricecharting.com/game/pal-playstation-4/resident-evil-3-lenticular-edition | https://en.wikipedia.org/wiki/List_of_PlayStation_4_games_(M%E2%80%93Z) | https://store.steampowered.com/app/952060 | https://gamesdb.launchbox-app.com/games/details/173443,"La ficha enlazada de la edición física PAL atribuye el desarrollo a esta compañía. | La lista específica de PS4 atribuye el desarrollo a esta compañía. | La ficha comercial de Steam confirma la desarrolladora de la obra, no necesariamente el port de PS4. | LaunchBox registra esta desarrolladora para su ficha de PS4.",No propagar a ports o compilaciones sin comprobar sus créditos propios.,,,,,Capcom,capcom,official,2026-09-05,company-credit-ps4-pal-high-additions-1,READY_ADD_MISSING
ps4-resident-evil-3-lenticular-edition,Resident Evil 3 [Lenticular Edition],PAL España,standard,resident evil 3,resident evil 3,GAME_OR_UNKNOWN,PHYSICAL_PUBLISHER_OR_DISTRIBUTOR,publisher,Capcom,capcom,CAPCOM | Capcom,EXACT_NAME_OR_ALIAS,,ADD_MISSING,HIGH,NO,EXACT_PHYSICAL_EDITION | PAL_RELEASE,2,PRICECHARTING_EXACT_PAL_PAGE | WIKIPEDIA_PS4_LIST_PAL,B_EXACT_PHYSICAL | B_PAL_RELEASE,https://www.pricecharting.com/game/pal-playstation-4/resident-evil-3-lenticular-edition | https://en.wikipedia.org/wiki/List_of_PlayStation_4_games_(M%E2%80%93Z),La ficha exacta de la edición física PAL etiqueta a esta compañía como Publisher; puede representar publicación o distribución física. | La columna PAL de la lista de PS4 atribuye la publicación a esta compañía.,Confirmar si la etiqueta Publisher representa publicación o distribución en la caja PAL.,,,,,Capcom,capcom,pricecharting,2026-09-05,company-credit-ps4-pal-high-additions-1,READY_ADD_MISSING
ps4-resident-evil-3-limited-edition-keyring-&amp;-badge-bundle,Resident Evil 3 [Limited Edition Keyring & Badge Bundle],PAL España,standard,resident evil 3,resident evil 3,EDITION_VARIANT,DEVELOPER,developer,Capcom,capcom,Capcom | CAPCOM Co Ltd.,EXACT_NAME_OR_ALIAS,,ADD_MISSING,HIGH,NO,EXACT_PHYSICAL_EDITION | GAME_WORK | GAME_WORK_OR_PS4_RELEASE | PS4_RELEASE,4,LAUNCHBOX_GAMES_DB | PRICECHARTING_EXACT_PAL_PAGE | STEAM_STORE | WIKIPEDIA_PS4_LIST,B_EXACT_PHYSICAL | B_OTHER_PLATFORM | B_PS4_RELEASE | C_DISCOVERY,https://www.pricecharting.com/game/pal-playstation-4/resident-evil-3-limited-edition-keyring-&-badge-bundle | https://en.wikipedia.org/wiki/List_of_PlayStation_4_games_(M%E2%80%93Z) | https://store.steampowered.com/app/952060 | https://gamesdb.launchbox-app.com/games/details/173443,"La ficha enlazada de la edición física PAL atribuye el desarrollo a esta compañía. | La lista específica de PS4 atribuye el desarrollo a esta compañía. | La ficha comercial de Steam confirma la desarrolladora de la obra, no necesariamente el port de PS4. | LaunchBox registra esta desarrolladora para su ficha de PS4.",No propagar a ports o compilaciones sin comprobar sus créditos propios.,,,,,Capcom,capcom,official,2026-09-05,company-credit-ps4-pal-high-additions-1,READY_ADD_MISSING
ps4-resident-evil-3-limited-edition-keyring-&amp;-badge-bundle,Resident Evil 3 [Limited Edition Keyring & Badge Bundle],PAL España,standard,resident evil 3,resident evil 3,EDITION_VARIANT,PHYSICAL_PUBLISHER_OR_DISTRIBUTOR,publisher,Capcom,capcom,Capcom,EXACT_NAME_OR_ALIAS,,ADD_MISSING,HIGH,NO,EXACT_PHYSICAL_EDITION | PAL_RELEASE,2,PRICECHARTING_EXACT_PAL_PAGE | WIKIPEDIA_PS4_LIST_PAL,B_EXACT_PHYSICAL | B_PAL_RELEASE,https://www.pricecharting.com/game/pal-playstation-4/resident-evil-3-limited-edition-keyring-&-badge-bundle | https://en.wikipedia.org/wiki/List_of_PlayStation_4_games_(M%E2%80%93Z),La ficha exacta de la edición física PAL etiqueta a esta compañía como Publisher; puede representar publicación o distribución física. | La columna PAL de la lista de PS4 atribuye la publicación a esta compañía.,Confirmar si la etiqueta Publisher representa publicación o distribución en la caja PAL.,,,,,Capcom,capcom,pricecharting,2026-09-05,company-credit-ps4-pal-high-additions-1,READY_ADD_MISSING
ps4-resident-evil-4-remake-collector%27s-edition,Resident Evil 4 Remake [Collector's Edition],PAL España,standard,resident evil 4 remake,resident evil 4 remake,EDITION_VARIANT,PHYSICAL_PUBLISHER_OR_DISTRIBUTOR,publisher,Capcom,capcom,Capcom,EXACT_NAME_OR_ALIAS,,ADD_MISSING,HIGH,NO,EXACT_PHYSICAL_EDITION | PAL_RELEASE,2,PRICECHARTING_EXACT_PAL_PAGE | WIKIPEDIA_PS4_LIST_PAL,B_EXACT_PHYSICAL | B_PAL_RELEASE,https://www.pricecharting.com/game/pal-playstation-4/resident-evil-4-remake-collector%27s-edition | https://en.wikipedia.org/wiki/List_of_PlayStation_4_games_(M%E2%80%93Z),La ficha exacta de la edición física PAL etiqueta a esta compañía como Publisher; puede representar publicación o distribución física. | La columna PAL de la lista de PS4 atribuye la publicación a esta compañía.,Confirmar si la etiqueta Publisher representa publicación o distribución en la caja PAL.,,,,,Capcom,capcom,pricecharting,2026-09-05,company-credit-ps4-pal-high-additions-1,READY_ADD_MISSING
ps4-resident-evil-4-remake-steelbook-edition,Resident Evil 4 Remake [Steelbook Edition],PAL España,standard,resident evil 4 remake,resident evil 4 remake,EDITION_VARIANT,DEVELOPER,developer,Capcom,capcom,Capcom,EXACT_NAME_OR_ALIAS,,ADD_MISSING,HIGH,NO,EXACT_PHYSICAL_EDITION | GAME_WORK_OR_PS4_RELEASE,2,PRICECHARTING_EXACT_PAL_PAGE | WIKIPEDIA_PS4_LIST,B_EXACT_PHYSICAL | B_PS4_RELEASE,https://www.pricecharting.com/game/pal-playstation-4/resident-evil-4-remake-steelbook-edition | https://en.wikipedia.org/wiki/List_of_PlayStation_4_games_(M%E2%80%93Z),La ficha enlazada de la edición física PAL atribuye el desarrollo a esta compañía. | La lista específica de PS4 atribuye el desarrollo a esta compañía.,No propagar a ports o compilaciones sin comprobar sus créditos propios.,,,,,Capcom,capcom,pricecharting,2026-09-05,company-credit-ps4-pal-high-additions-1,READY_ADD_MISSING
ps4-resident-evil-4-remake-steelbook-edition,Resident Evil 4 Remake [Steelbook Edition],PAL España,standard,resident evil 4 remake,resident evil 4 remake,EDITION_VARIANT,PHYSICAL_PUBLISHER_OR_DISTRIBUTOR,publisher,Capcom,capcom,Capcom,EXACT_NAME_OR_ALIAS,,ADD_MISSING,HIGH,NO,EXACT_PHYSICAL_EDITION | PAL_RELEASE,2,PRICECHARTING_EXACT_PAL_PAGE | WIKIPEDIA_PS4_LIST_PAL,B_EXACT_PHYSICAL | B_PAL_RELEASE,https://www.pricecharting.com/game/pal-playstation-4/resident-evil-4-remake-steelbook-edition | https://en.wikipedia.org/wiki/List_of_PlayStation_4_games_(M%E2%80%93Z),La ficha exacta de la edición física PAL etiqueta a esta compañía como Publisher; puede representar publicación o distribución física. | La columna PAL de la lista de PS4 atribuye la publicación a esta compañía.,Confirmar si la etiqueta Publisher representa publicación o distribución en la caja PAL.,,,,,Capcom,capcom,pricecharting,2026-09-05,company-credit-ps4-pal-high-additions-1,READY_ADD_MISSING
ps4-resident-evil-7-biohazard-collector%27s-edition,Resident Evil 7 Biohazard [Collector's Edition],PAL España,standard,resident evil 7 biohazard,resident evil 7 biohazard,EDITION_VARIANT,DEVELOPER,developer,Capcom,capcom,Capcom | CAPCOM Co Ltd.,EXACT_NAME_OR_ALIAS,,ADD_MISSING,HIGH,NO,GAME_WORK | GAME_WORK_OR_PS4_RELEASE,2,STEAM_STORE | WIKIPEDIA_PS4_LIST,B_OTHER_PLATFORM | B_PS4_RELEASE,https://en.wikipedia.org/wiki/List_of_PlayStation_4_games_(M%E2%80%93Z) | https://store.steampowered.com/app/418370,"La lista específica de PS4 atribuye el desarrollo a esta compañía. | La ficha comercial de Steam confirma la desarrolladora de la obra, no necesariamente el port de PS4.",No propagar a ports o compilaciones sin comprobar sus créditos propios.,,,,,Capcom,capcom,official,2026-09-05,company-credit-ps4-pal-high-additions-1,READY_ADD_MISSING
ps4-resident-evil-7-biohazard-lenticular-edition,Resident Evil 7 Biohazard [Lenticular Edition],PAL España,standard,resident evil 7 biohazard,resident evil 7 biohazard,GAME_OR_UNKNOWN,DEVELOPER,developer,Capcom,capcom,Capcom | CAPCOM Co Ltd.,EXACT_NAME_OR_ALIAS,,ADD_MISSING,HIGH,NO,GAME_WORK | GAME_WORK_OR_PS4_RELEASE,2,STEAM_STORE | WIKIPEDIA_PS4_LIST,B_OTHER_PLATFORM | B_PS4_RELEASE,https://en.wikipedia.org/wiki/List_of_PlayStation_4_games_(M%E2%80%93Z) | https://store.steampowered.com/app/418370,"La lista específica de PS4 atribuye el desarrollo a esta compañía. | La ficha comercial de Steam confirma la desarrolladora de la obra, no necesariamente el port de PS4.",No propagar a ports o compilaciones sin comprobar sus créditos propios.,,,,,Capcom,capcom,official,2026-09-05,company-credit-ps4-pal-high-additions-1,READY_ADD_MISSING
ps4-resident-evil-7-biohazard-playstation-hits,Resident Evil 7 Biohazard [Playstation Hits],PAL España,standard,resident evil 7 biohazard,resident evil 7 biohazard,EDITION_VARIANT,DEVELOPER,developer,Capcom,capcom,Capcom | CAPCOM Co Ltd.,EXACT_NAME_OR_ALIAS,,ADD_MISSING,HIGH,NO,EXACT_PHYSICAL_EDITION | GAME_WORK | GAME_WORK_OR_PS4_RELEASE,3,PRICECHARTING_EXACT_PAL_PAGE | STEAM_STORE | WIKIPEDIA_PS4_LIST,B_EXACT_PHYSICAL | B_OTHER_PLATFORM | B_PS4_RELEASE,https://www.pricecharting.com/game/pal-playstation-4/resident-evil-7-biohazard-playstation-hits | https://en.wikipedia.org/wiki/List_of_PlayStation_4_games_(M%E2%80%93Z) | https://store.steampowered.com/app/418370,"La ficha enlazada de la edición física PAL atribuye el desarrollo a esta compañía. | La lista específica de PS4 atribuye el desarrollo a esta compañía. | La ficha comercial de Steam confirma la desarrolladora de la obra, no necesariamente el port de PS4.",No propagar a ports o compilaciones sin comprobar sus créditos propios.,,,CUSA03842_00,,Capcom,capcom,official,2026-09-05,company-credit-ps4-pal-high-additions-1,READY_ADD_MISSING
ps4-resident-evil-7-biohazard-playstation-hits,Resident Evil 7 Biohazard [Playstation Hits],PAL España,standard,resident evil 7 biohazard,resident evil 7 biohazard,EDITION_VARIANT,PHYSICAL_PUBLISHER_OR_DISTRIBUTOR,publisher,Capcom,capcom,Capcom,EXACT_NAME_OR_ALIAS,,ADD_MISSING,HIGH,NO,EXACT_PHYSICAL_EDITION | PAL_RELEASE,2,PRICECHARTING_EXACT_PAL_PAGE | WIKIPEDIA_PS4_LIST_PAL,B_EXACT_PHYSICAL | B_PAL_RELEASE,https://www.pricecharting.com/game/pal-playstation-4/resident-evil-7-biohazard-playstation-hits | https://en.wikipedia.org/wiki/List_of_PlayStation_4_games_(M%E2%80%93Z),La ficha exacta de la edición física PAL etiqueta a esta compañía como Publisher; puede representar publicación o distribución física. | La columna PAL de la lista de PS4 atribuye la publicación a esta compañía.,Confirmar si la etiqueta Publisher representa publicación o distribución en la caja PAL.,,,CUSA03842_00,,Capcom,capcom,pricecharting,2026-09-05,company-credit-ps4-pal-high-additions-1,READY_ADD_MISSING
ps4-resident-evil-7-biohazard-steelbook-edition,Resident Evil 7 Biohazard [Steelbook Edition],PAL España,standard,resident evil 7 biohazard,resident evil 7 biohazard,EDITION_VARIANT,DEVELOPER,developer,Capcom,capcom,Capcom | CAPCOM Co Ltd.,EXACT_NAME_OR_ALIAS,,ADD_MISSING,HIGH,NO,EXACT_PHYSICAL_EDITION | GAME_WORK | GAME_WORK_OR_PS4_RELEASE,3,PRICECHARTING_EXACT_PAL_PAGE | STEAM_STORE | WIKIPEDIA_PS4_LIST,B_EXACT_PHYSICAL | B_OTHER_PLATFORM | B_PS4_RELEASE,https://www.pricecharting.com/game/pal-playstation-4/resident-evil-7-biohazard-steelbook-edition | https://en.wikipedia.org/wiki/List_of_PlayStation_4_games_(M%E2%80%93Z) | https://store.steampowered.com/app/418370,"La ficha enlazada de la edición física PAL atribuye el desarrollo a esta compañía. | La lista específica de PS4 atribuye el desarrollo a esta compañía. | La ficha comercial de Steam confirma la desarrolladora de la obra, no necesariamente el port de PS4.",No propagar a ports o compilaciones sin comprobar sus créditos propios.,,,,,Capcom,capcom,official,2026-09-05,company-credit-ps4-pal-high-additions-1,READY_ADD_MISSING
ps4-resident-evil-7-biohazard-steelbook-edition,Resident Evil 7 Biohazard [Steelbook Edition],PAL España,standard,resident evil 7 biohazard,resident evil 7 biohazard,EDITION_VARIANT,PHYSICAL_PUBLISHER_OR_DISTRIBUTOR,publisher,Capcom,capcom,Capcom,EXACT_NAME_OR_ALIAS,,ADD_MISSING,HIGH,NO,EXACT_PHYSICAL_EDITION | PAL_RELEASE,2,PRICECHARTING_EXACT_PAL_PAGE | WIKIPEDIA_PS4_LIST_PAL,B_EXACT_PHYSICAL | B_PAL_RELEASE,https://www.pricecharting.com/game/pal-playstation-4/resident-evil-7-biohazard-steelbook-edition | https://en.wikipedia.org/wiki/List_of_PlayStation_4_games_(M%E2%80%93Z),La ficha exacta de la edición física PAL etiqueta a esta compañía como Publisher; puede representar publicación o distribución física. | La columna PAL de la lista de PS4 atribuye la publicación a esta compañía.,Confirmar si la etiqueta Publisher representa publicación o distribución en la caja PAL.,,,,,Capcom,capcom,pricecharting,2026-09-05,company-credit-ps4-pal-high-additions-1,READY_ADD_MISSING
ps4-resident-evil-village-collector%27s-edition,Resident Evil Village [Collector's Edition],PAL España,standard,resident evil village,resident evil village,EDITION_VARIANT,DEVELOPER,developer,Capcom,capcom,Capcom | CAPCOM Co Ltd.,EXACT_NAME_OR_ALIAS,,ADD_MISSING,HIGH,NO,GAME_WORK | GAME_WORK_OR_PS4_RELEASE | PS4_RELEASE,3,LAUNCHBOX_GAMES_DB | STEAM_STORE | WIKIPEDIA_PS4_LIST,B_OTHER_PLATFORM | B_PS4_RELEASE | C_DISCOVERY,https://en.wikipedia.org/wiki/List_of_PlayStation_4_games_(M%E2%80%93Z) | https://store.steampowered.com/app/1196590 | https://gamesdb.launchbox-app.com/games/details/201876,"La lista específica de PS4 atribuye el desarrollo a esta compañía. | La ficha comercial de Steam confirma la desarrolladora de la obra, no necesariamente el port de PS4. | LaunchBox registra esta desarrolladora para su ficha de PS4.",No propagar a ports o compilaciones sin comprobar sus créditos propios.,,,,,Capcom,capcom,official,2026-09-05,company-credit-ps4-pal-high-additions-1,READY_ADD_MISSING
ps4-resident-evil-village-gold-edition,Resident Evil Village [Gold Edition],PAL España,standard,resident evil village,resident evil village,GAME_OR_UNKNOWN,DEVELOPER,developer,Capcom,capcom,Capcom | CAPCOM Co Ltd.,EXACT_NAME_OR_ALIAS,,ADD_MISSING,HIGH,NO,GAME_WORK | GAME_WORK_OR_PS4_RELEASE | PS4_RELEASE,3,LAUNCHBOX_GAMES_DB | STEAM_STORE | WIKIPEDIA_PS4_LIST,B_OTHER_PLATFORM | B_PS4_RELEASE | C_DISCOVERY,https://en.wikipedia.org/wiki/List_of_PlayStation_4_games_(M%E2%80%93Z) | https://store.steampowered.com/app/1196590 | https://gamesdb.launchbox-app.com/games/details/201876,"La lista específica de PS4 atribuye el desarrollo a esta compañía. | La ficha comercial de Steam confirma la desarrolladora de la obra, no necesariamente el port de PS4. | LaunchBox registra esta desarrolladora para su ficha de PS4.",No propagar a ports o compilaciones sin comprobar sus créditos propios.,,,,,Capcom,capcom,official,2026-09-05,company-credit-ps4-pal-high-additions-1,READY_ADD_MISSING
ps4-resident-evil-village-steelbook-edition,Resident Evil Village [Steelbook Edition],PAL España,standard,resident evil village,resident evil village,EDITION_VARIANT,DEVELOPER,developer,Capcom,capcom,Capcom | CAPCOM Co Ltd.,EXACT_NAME_OR_ALIAS,,ADD_MISSING,HIGH,NO,EXACT_PHYSICAL_EDITION | GAME_WORK | GAME_WORK_OR_PS4_RELEASE | PS4_RELEASE,4,LAUNCHBOX_GAMES_DB | PRICECHARTING_EXACT_PAL_PAGE | STEAM_STORE | WIKIPEDIA_PS4_LIST,B_EXACT_PHYSICAL | B_OTHER_PLATFORM | B_PS4_RELEASE | C_DISCOVERY,https://www.pricecharting.com/game/pal-playstation-4/resident-evil-village-steelbook-edition | https://en.wikipedia.org/wiki/List_of_PlayStation_4_games_(M%E2%80%93Z) | https://store.steampowered.com/app/1196590 | https://gamesdb.launchbox-app.com/games/details/201876,"La ficha enlazada de la edición física PAL atribuye el desarrollo a esta compañía. | La lista específica de PS4 atribuye el desarrollo a esta compañía. | La ficha comercial de Steam confirma la desarrolladora de la obra, no necesariamente el port de PS4. | LaunchBox registra esta desarrolladora para su ficha de PS4.",No propagar a ports o compilaciones sin comprobar sus créditos propios.,,,,,Capcom,capcom,official,2026-09-05,company-credit-ps4-pal-high-additions-1,READY_ADD_MISSING
ps4-resident-evil-village-steelbook-edition,Resident Evil Village [Steelbook Edition],PAL España,standard,resident evil village,resident evil village,EDITION_VARIANT,PHYSICAL_PUBLISHER_OR_DISTRIBUTOR,publisher,Capcom,capcom,Capcom,EXACT_NAME_OR_ALIAS,,ADD_MISSING,HIGH,NO,EXACT_PHYSICAL_EDITION | PAL_RELEASE,2,PRICECHARTING_EXACT_PAL_PAGE | WIKIPEDIA_PS4_LIST_PAL,B_EXACT_PHYSICAL | B_PAL_RELEASE,https://www.pricecharting.com/game/pal-playstation-4/resident-evil-village-steelbook-edition | https://en.wikipedia.org/wiki/List_of_PlayStation_4_games_(M%E2%80%93Z),La ficha exacta de la edición física PAL etiqueta a esta compañía como Publisher; puede representar publicación o distribución física. | La columna PAL de la lista de PS4 atribuye la publicación a esta compañía.,Confirmar si la etiqueta Publisher representa publicación o distribución en la caja PAL.,,,,,Capcom,capcom,pricecharting,2026-09-05,company-credit-ps4-pal-high-additions-1,READY_ADD_MISSING
ps4-rezero-starting-life-in-another-world-the-prophecy-of-the-throne-collector%27s-edition,Re:ZERO - Starting Life in Another World: The Prophecy of the Throne [Collector's Edition],PAL España,standard,re zero starting life in another world the prophecy of the throne,re zero starting life in another world the prophecy of the throne,EDITION_VARIANT,DEVELOPER,developer,Chime,chime,Chime | Chime Corporation,EXACT_NAME_OR_ALIAS,,ADD_MISSING,HIGH,NO,GAME_WORK | GAME_WORK_OR_PS4_RELEASE,2,STEAM_STORE | WIKIPEDIA_PS4_LIST,B_OTHER_PLATFORM | B_PS4_RELEASE,https://en.wikipedia.org/wiki/List_of_PlayStation_4_games_(M%E2%80%93Z) | https://store.steampowered.com/app/1277510,"La lista específica de PS4 atribuye el desarrollo a esta compañía. | La ficha comercial de Steam confirma la desarrolladora de la obra, no necesariamente el port de PS4.",No propagar a ports o compilaciones sin comprobar sus créditos propios.,,,,,Chime,chime,official,2026-09-05,company-credit-ps4-pal-high-additions-1,READY_ADD_MISSING
ps4-rico,RICO,PAL España,standard,rico,rico,GAME_OR_UNKNOWN,DEVELOPER,developer,Ground Shatter,ground-shatter,Ground Shatter,EXACT_NAME_OR_ALIAS,,ADD_MISSING,HIGH,NO,GAME_WORK | GAME_WORK_OR_PS4_RELEASE | PS4_RELEASE,3,LAUNCHBOX_GAMES_DB | STEAM_STORE | WIKIPEDIA_PS4_LIST,B_OTHER_PLATFORM | B_PS4_RELEASE | C_DISCOVERY,https://en.wikipedia.org/wiki/List_of_PlayStation_4_games_(M%E2%80%93Z) | https://store.steampowered.com/app/656700 | https://gamesdb.launchbox-app.com/games/details/473686,"La lista específica de PS4 atribuye el desarrollo a esta compañía. | La ficha comercial de Steam confirma la desarrolladora de la obra, no necesariamente el port de PS4. | LaunchBox registra esta desarrolladora para su ficha de PS4.",No propagar a ports o compilaciones sin comprobar sus créditos propios.,,CUSA11248_00,,,Ground Shatter,ground-shatter,official,2026-09-05,company-credit-ps4-pal-high-additions-1,READY_ADD_MISSING
ps4-ride,Ride,PAL España,standard,ride,ride,GAME_OR_UNKNOWN,DEVELOPER,developer,Milestone srl,milestone-srl,Milestone SRL | Milestone srl,EXACT_NAME_OR_ALIAS,,ADD_MISSING,HIGH,NO,GAME_WORK_OR_PS4_RELEASE | MATCHED_PS4_PRODUCT,2,PLAYSTATION_STORE_EXPLICIT_CREDIT | WIKIPEDIA_PS4_LIST,A_OFFICIAL_MATCHED_TITLE_CREDIT | B_PS4_RELEASE,https://store.playstation.com/es-es/product/EP4356-CUSA01558_00-RIDEFULLGAME0000 | https://en.wikipedia.org/wiki/List_of_PlayStation_4_games_(M%E2%80%93Z),Developed by Milestone SRL All rights reserved | Developed by Milestone SRL All Rights Reserved | La lista específica de PS4 atribuye el desarrollo a esta compañía.,No propagar a ports o compilaciones sin comprobar sus créditos propios.,,CUSA57495_00,,,Milestone srl,milestone-srl,official,2026-09-05,company-credit-ps4-pal-high-additions-1,READY_ADD_MISSING
ps4-ride-3,Ride 3,PAL España,standard,ride 3,ride 3,GAME_OR_UNKNOWN,DEVELOPER,developer,Milestone srl,milestone-srl,Milestone SRL | Milestone srl,EXACT_NAME_OR_ALIAS,,ADD_MISSING,HIGH,NO,GAME_WORK_OR_PS4_RELEASE | MATCHED_PS4_PRODUCT,2,PLAYSTATION_STORE_EXPLICIT_CREDIT | WIKIPEDIA_PS4_LIST,A_OFFICIAL_MATCHED_TITLE_CREDIT | B_PS4_RELEASE,https://store.playstation.com/es-es/product/EP4356-CUSA10100_00-RIDE3FULLGAME000 | https://en.wikipedia.org/wiki/List_of_PlayStation_4_games_(M%E2%80%93Z),Developed by Milestone SRL All rights reserved | La lista específica de PS4 atribuye el desarrollo a esta compañía.,No propagar a ports o compilaciones sin comprobar sus créditos propios.,,CUSA10074_00,,,Milestone srl,milestone-srl,official,2026-09-05,company-credit-ps4-pal-high-additions-1,READY_ADD_MISSING
ps4-riders-republic-freeride-edition,Riders Republic [Freeride Edition],PAL España,standard,riders republic,riders republic,GAME_OR_UNKNOWN,DEVELOPER,developer,Ubisoft Annecy,ubisoft-annecy,Ubisoft Annecy,EXACT_NAME_OR_ALIAS,,ADD_MISSING,HIGH,NO,GAME_WORK | GAME_WORK_OR_PS4_RELEASE | PS4_RELEASE,4,LAUNCHBOX_GAMES_DB | STEAM_STORE | WIKIDATA | WIKIPEDIA_PS4_LIST,B_OTHER_PLATFORM | B_PS4_RELEASE | C_DISCOVERY,https://en.wikipedia.org/wiki/List_of_PlayStation_4_games_(M%E2%80%93Z) | https://store.steampowered.com/app/2290180 | https://www.wikidata.org/wiki/Q99316640 | https://gamesdb.launchbox-app.com/games/details/473842,"La lista específica de PS4 atribuye el desarrollo a esta compañía. | La ficha comercial de Steam confirma la desarrolladora de la obra, no necesariamente el port de PS4. | Wikidata registra la compañía como desarrolladora. | LaunchBox registra esta desarrolladora para su ficha de PS4.",No propagar a ports o compilaciones sin comprobar sus créditos propios.,,,,,Ubisoft Annecy,ubisoft-annecy,official,2026-09-05,company-credit-ps4-pal-high-additions-1,READY_ADD_MISSING
ps4-riders-republic-gold-edition,Riders Republic [Gold Edition],PAL España,standard,riders republic,riders republic,GAME_OR_UNKNOWN,DEVELOPER,developer,Ubisoft Annecy,ubisoft-annecy,Ubisoft Annecy,EXACT_NAME_OR_ALIAS,,ADD_MISSING,HIGH,NO,GAME_WORK | GAME_WORK_OR_PS4_RELEASE | PS4_RELEASE,4,LAUNCHBOX_GAMES_DB | STEAM_STORE | WIKIDATA | WIKIPEDIA_PS4_LIST,B_OTHER_PLATFORM | B_PS4_RELEASE | C_DISCOVERY,https://en.wikipedia.org/wiki/List_of_PlayStation_4_games_(M%E2%80%93Z) | https://store.steampowered.com/app/2290180 | https://www.wikidata.org/wiki/Q99316640 | https://gamesdb.launchbox-app.com/games/details/473842,"La lista específica de PS4 atribuye el desarrollo a esta compañía. | La ficha comercial de Steam confirma la desarrolladora de la obra, no necesariamente el port de PS4. | Wikidata registra la compañía como desarrolladora. | LaunchBox registra esta desarrolladora para su ficha de PS4.",No propagar a ports o compilaciones sin comprobar sus créditos propios.,,,,,Ubisoft Annecy,ubisoft-annecy,official,2026-09-05,company-credit-ps4-pal-high-additions-1,READY_ADD_MISSING
ps4-riders-republic-limited-edition,Riders Republic [Limited Edition],PAL España,standard,riders republic,riders republic,EDITION_VARIANT,DEVELOPER,developer,Ubisoft Annecy,ubisoft-annecy,Ubisoft Annecy,EXACT_NAME_OR_ALIAS,,ADD_MISSING,HIGH,NO,GAME_WORK | GAME_WORK_OR_PS4_RELEASE | PS4_RELEASE,4,LAUNCHBOX_GAMES_DB | STEAM_STORE | WIKIDATA | WIKIPEDIA_PS4_LIST,B_OTHER_PLATFORM | B_PS4_RELEASE | C_DISCOVERY,https://en.wikipedia.org/wiki/List_of_PlayStation_4_games_(M%E2%80%93Z) | https://store.steampowered.com/app/2290180 | https://www.wikidata.org/wiki/Q99316640 | https://gamesdb.launchbox-app.com/games/details/473842,"La lista específica de PS4 atribuye el desarrollo a esta compañía. | La ficha comercial de Steam confirma la desarrolladora de la obra, no necesariamente el port de PS4. | Wikidata registra la compañía como desarrolladora. | LaunchBox registra esta desarrolladora para su ficha de PS4.",No propagar a ports o compilaciones sin comprobar sus créditos propios.,,,,,Ubisoft Annecy,ubisoft-annecy,official,2026-09-05,company-credit-ps4-pal-high-additions-1,READY_ADD_MISSING
ps4-riders-republic-ultimate-edition,Riders Republic [Ultimate Edition],PAL España,standard,riders republic,riders republic,EDITION_VARIANT,DEVELOPER,developer,Ubisoft Annecy,ubisoft-annecy,Ubisoft Annecy,EXACT_NAME_OR_ALIAS,,ADD_MISSING,HIGH,NO,GAME_WORK | GAME_WORK_OR_PS4_RELEASE | PS4_RELEASE,4,LAUNCHBOX_GAMES_DB | STEAM_STORE | WIKIDATA | WIKIPEDIA_PS4_LIST,B_OTHER_PLATFORM | B_PS4_RELEASE | C_DISCOVERY,https://en.wikipedia.org/wiki/List_of_PlayStation_4_games_(M%E2%80%93Z) | https://store.steampowered.com/app/2290180 | https://www.wikidata.org/wiki/Q99316640 | https://gamesdb.launchbox-app.com/games/details/473842,"La lista específica de PS4 atribuye el desarrollo a esta compañía. | La ficha comercial de Steam confirma la desarrolladora de la obra, no necesariamente el port de PS4. | Wikidata registra la compañía como desarrolladora. | LaunchBox registra esta desarrolladora para su ficha de PS4.",No propagar a ports o compilaciones sin comprobar sus créditos propios.,,,,,Ubisoft Annecy,ubisoft-annecy,official,2026-09-05,company-credit-ps4-pal-high-additions-1,READY_ADD_MISSING
ps4-rime-collector%27s-edition,Rime [Collector's Edition],PAL España,standard,rime,rime,EDITION_VARIANT,DEVELOPER,developer,Tequila Works,tequila-works,Tequila Works,EXACT_NAME_OR_ALIAS,,ADD_MISSING,HIGH,NO,EXACT_PHYSICAL_EDITION | GAME_WORK | GAME_WORK_OR_PS4_RELEASE | PS4_RELEASE,4,LAUNCHBOX_GAMES_DB | PRICECHARTING_EXACT_PAL_PAGE | STEAM_STORE | WIKIPEDIA_PS4_LIST,B_EXACT_PHYSICAL | B_OTHER_PLATFORM | B_PS4_RELEASE | C_DISCOVERY,https://www.pricecharting.com/game/pal-playstation-4/rime-collector%27s-edition | https://en.wikipedia.org/wiki/List_of_PlayStation_4_games_(M%E2%80%93Z) | https://store.steampowered.com/app/493200 | https://gamesdb.launchbox-app.com/games/details/23231,"La ficha enlazada de la edición física PAL atribuye el desarrollo a esta compañía. | La lista específica de PS4 atribuye el desarrollo a esta compañía. | La ficha comercial de Steam confirma la desarrolladora de la obra, no necesariamente el port de PS4. | LaunchBox registra esta desarrolladora para su ficha de PS4.",No propagar a ports o compilaciones sin comprobar sus créditos propios.,,,,,Tequila Works,tequila-works,official,2026-09-05,company-credit-ps4-pal-high-additions-1,READY_ADD_MISSING
ps4-rocket-league-collector%27s-edition,Rocket League [Collector's Edition],PAL España,standard,rocket league,rocket league,EDITION_VARIANT,DEVELOPER,developer,Psyonix,psyonix,Psyonix | Psyonix LLC,EXACT_NAME_OR_ALIAS,,ADD_MISSING,HIGH,NO,EXACT_PHYSICAL_EDITION | GAME_WORK | GAME_WORK_OR_PS4_RELEASE | PS4_RELEASE,5,LAUNCHBOX_GAMES_DB | PRICECHARTING_EXACT_PAL_PAGE | STEAM_STORE | WIKIDATA | WIKIPEDIA_PS4_LIST,B_EXACT_PHYSICAL | B_OTHER_PLATFORM | B_PS4_RELEASE | C_DISCOVERY,https://www.pricecharting.com/game/pal-playstation-4/rocket-league-collector%27s-edition | https://en.wikipedia.org/wiki/List_of_PlayStation_4_games_(M%E2%80%93Z) | https://store.steampowered.com/app/252950 | https://www.wikidata.org/wiki/Q20031743 | https://gamesdb.launchbox-app.com/games/details/29479,"La ficha enlazada de la edición física PAL atribuye el desarrollo a esta compañía. | La lista específica de PS4 atribuye el desarrollo a esta compañía. | La ficha comercial de Steam confirma la desarrolladora de la obra, no necesariamente el port de PS4. | Wikidata registra la compañía como desarrolladora. | LaunchBox registra esta desarrolladora para su ficha de PS4.",No propagar a ports o compilaciones sin comprobar sus créditos propios.,,,,,Psyonix,psyonix,official,2026-09-05,company-credit-ps4-pal-high-additions-1,READY_ADD_MISSING
ps4-rocket-league-ultimate-edition,Rocket League [Ultimate Edition],PAL España,standard,rocket league,rocket league,EDITION_VARIANT,DEVELOPER,developer,Psyonix,psyonix,Psyonix | Psyonix LLC,EXACT_NAME_OR_ALIAS,,ADD_MISSING,HIGH,NO,GAME_WORK | GAME_WORK_OR_PS4_RELEASE | PS4_RELEASE,4,LAUNCHBOX_GAMES_DB | STEAM_STORE | WIKIDATA | WIKIPEDIA_PS4_LIST,B_OTHER_PLATFORM | B_PS4_RELEASE | C_DISCOVERY,https://en.wikipedia.org/wiki/List_of_PlayStation_4_games_(M%E2%80%93Z) | https://store.steampowered.com/app/252950 | https://www.wikidata.org/wiki/Q20031743 | https://gamesdb.launchbox-app.com/games/details/29479,"La lista específica de PS4 atribuye el desarrollo a esta compañía. | La ficha comercial de Steam confirma la desarrolladora de la obra, no necesariamente el port de PS4. | Wikidata registra la compañía como desarrolladora. | LaunchBox registra esta desarrolladora para su ficha de PS4.",No propagar a ports o compilaciones sin comprobar sus créditos propios.,,,,,Psyonix,psyonix,official,2026-09-05,company-credit-ps4-pal-high-additions-1,READY_ADD_MISSING
ps4-rogue-stormers,Rogue Stormers,PAL España,standard,rogue stormers,rogue stormers,GAME_OR_UNKNOWN,DEVELOPER,developer,Black Forest Games,black-forest-games,Black Forest Games GmbH | Black Forest Games,EXACT_NAME_OR_ALIAS,,ADD_MISSING,HIGH,NO,GAME_WORK | GAME_WORK_OR_PS4_RELEASE | MATCHED_PS4_PRODUCT,4,PLAYSTATION_STORE_EXPLICIT_CREDIT | STEAM_STORE | WIKIDATA | WIKIPEDIA_PS4_LIST,A_OFFICIAL_MATCHED_TITLE_CREDIT | B_OTHER_PLATFORM | B_PS4_RELEASE | C_DISCOVERY,https://store.playstation.com/es-es/product/EP4402-CUSA06072_00-ROGUESTORMERS000 | https://en.wikipedia.org/wiki/List_of_PlayStation_4_games_(M%E2%80%93Z) | https://store.steampowered.com/app/299480 | https://www.wikidata.org/wiki/Q7296481,"Desarrollado y publicado por Black Forest Games GmbH | La lista específica de PS4 atribuye el desarrollo a esta compañía. | La ficha comercial de Steam confirma la desarrolladora de la obra, no necesariamente el port de PS4. | Wikidata registra la compañía como desarrolladora.",No propagar a ports o compilaciones sin comprobar sus créditos propios.,,CUSA06052_00,,,Black Forest Games,black-forest-games,official,2026-09-05,company-credit-ps4-pal-high-additions-1,READY_ADD_MISSING
ps4-root-letter-limited-edition,Root Letter [Limited Edition],PAL España,standard,root letter,root letter,EDITION_VARIANT,DEVELOPER,developer,Kadokawa Games,kadokawa-games,Kadokawa Games LTD | Kadokawa Games,EXACT_NAME_OR_ALIAS,,ADD_MISSING,HIGH,NO,EXACT_PHYSICAL_EDITION | GAME_WORK_OR_PS4_RELEASE,2,PRICECHARTING_EXACT_PAL_PAGE | WIKIPEDIA_PS4_LIST,B_EXACT_PHYSICAL | B_PS4_RELEASE,https://www.pricecharting.com/game/pal-playstation-4/root-letter-limited-edition | https://en.wikipedia.org/wiki/List_of_PlayStation_4_games_(M%E2%80%93Z),La ficha enlazada de la edición física PAL atribuye el desarrollo a esta compañía. | La lista específica de PS4 atribuye el desarrollo a esta compañía.,No propagar a ports o compilaciones sin comprobar sus créditos propios.,,,,,Kadokawa Games,kadokawa-games,pricecharting,2026-09-05,company-credit-ps4-pal-high-additions-1,READY_ADD_MISSING
ps4-root-letter-limited-edition,Root Letter [Limited Edition],PAL España,standard,root letter,root letter,EDITION_VARIANT,PHYSICAL_PUBLISHER_OR_DISTRIBUTOR,publisher,PQube Ltd.,pqube,Pqube | PQube,EXACT_NAME_OR_ALIAS,,ADD_MISSING,HIGH,NO,EXACT_PHYSICAL_EDITION | PAL_RELEASE,2,PRICECHARTING_EXACT_PAL_PAGE | WIKIPEDIA_PS4_LIST_PAL,B_EXACT_PHYSICAL | B_PAL_RELEASE,https://www.pricecharting.com/game/pal-playstation-4/root-letter-limited-edition | https://en.wikipedia.org/wiki/List_of_PlayStation_4_games_(M%E2%80%93Z),La ficha exacta de la edición física PAL etiqueta a esta compañía como Publisher; puede representar publicación o distribución física. | La columna PAL de la lista de PS4 atribuye la publicación a esta compañía.,Confirmar si la etiqueta Publisher representa publicación o distribución en la caja PAL.,,,,,PQube Ltd.,pqube,pricecharting,2026-09-05,company-credit-ps4-pal-high-additions-1,READY_ADD_MISSING
ps4-runbow-deluxe-edition,Runbow Deluxe Edition,PAL España,standard,runbow,runbow,EDITION_VARIANT,DEVELOPER,developer,13AM Games,13am-games,13AM Games,EXACT_NAME_OR_ALIAS,,ADD_MISSING,HIGH,NO,GAME_WORK | GAME_WORK_OR_PS4_RELEASE,2,STEAM_STORE | WIKIPEDIA_PS4_LIST,B_OTHER_PLATFORM | B_PS4_RELEASE,https://en.wikipedia.org/wiki/List_of_PlayStation_4_games_(M%E2%80%93Z) | https://store.steampowered.com/app/464650,"La lista específica de PS4 atribuye el desarrollo a esta compañía. | La ficha comercial de Steam confirma la desarrolladora de la obra, no necesariamente el port de PS4.",No propagar a ports o compilaciones sin comprobar sus créditos propios.,,,,,13AM Games,13am-games,official,2026-09-05,company-credit-ps4-pal-high-additions-1,READY_ADD_MISSING
ps4-sackboy-a-big-adventure-special-edition,Sackboy: A Big Adventure [Special Edition],PAL España,standard,sackboy a big adventure,sackboy a big adventure,EDITION_VARIANT,DEVELOPER,developer,SUMO Digital,sumo-digital,Sumo Digital,EXACT_NAME_OR_ALIAS,,ADD_MISSING,HIGH,NO,EXACT_PHYSICAL_EDITION | GAME_WORK | GAME_WORK_OR_PS4_RELEASE | PS4_RELEASE,5,LAUNCHBOX_GAMES_DB | PRICECHARTING_EXACT_PAL_PAGE | STEAM_STORE | WIKIDATA | WIKIPEDIA_PS4_LIST,B_EXACT_PHYSICAL | B_OTHER_PLATFORM | B_PS4_RELEASE | C_DISCOVERY,https://www.pricecharting.com/game/pal-playstation-4/sackboy-a-big-adventure-special-edition | https://en.wikipedia.org/wiki/List_of_PlayStation_4_games_(M%E2%80%93Z) | https://store.steampowered.com/app/1599660 | https://www.wikidata.org/wiki/Q96215907 | https://gamesdb.launchbox-app.com/games/details/208583,"La ficha enlazada de la edición física PAL atribuye el desarrollo a esta compañía. | La lista específica de PS4 atribuye el desarrollo a esta compañía. | La ficha comercial de Steam confirma la desarrolladora de la obra, no necesariamente el port de PS4. | Wikidata registra la compañía como desarrolladora. | LaunchBox registra esta desarrolladora para su ficha de PS4.",No propagar a ports o compilaciones sin comprobar sus créditos propios.,,,,,SUMO Digital,sumo-digital,official,2026-09-05,company-credit-ps4-pal-high-additions-1,READY_ADD_MISSING
ps4-sakuna-of-rice-and-ruin-golden-harvest-edition,Sakuna of Rice and Ruin [Golden Harvest Edition],PAL España,standard,sakuna of rice and ruin,sakuna of rice and ruin,GAME_OR_UNKNOWN,DEVELOPER,developer,Edelweiss,edelweiss,Edelweiss,EXACT_NAME_OR_ALIAS,,ADD_MISSING,HIGH,NO,EXACT_PHYSICAL_EDITION | GAME_WORK | GAME_WORK_OR_PS4_RELEASE | PS4_RELEASE,5,LAUNCHBOX_GAMES_DB | PRICECHARTING_EXACT_PAL_PAGE | STEAM_STORE | WIKIDATA | WIKIPEDIA_PS4_LIST,B_EXACT_PHYSICAL | B_OTHER_PLATFORM | B_PS4_RELEASE | C_DISCOVERY,https://www.pricecharting.com/game/pal-playstation-4/sakuna-of-rice-and-ruin-golden-harvest-edition | https://en.wikipedia.org/wiki/List_of_PlayStation_4_games_(M%E2%80%93Z) | https://store.steampowered.com/app/1356670 | https://www.wikidata.org/wiki/Q97590136 | https://gamesdb.launchbox-app.com/games/details/473775,"La ficha enlazada de la edición física PAL atribuye el desarrollo a esta compañía. | La lista específica de PS4 atribuye el desarrollo a esta compañía. | La ficha comercial de Steam confirma la desarrolladora de la obra, no necesariamente el port de PS4. | Wikidata registra la compañía como desarrolladora. | LaunchBox registra esta desarrolladora para su ficha de PS4.",No propagar a ports o compilaciones sin comprobar sus créditos propios.,,,CUSA17052_00,,Edelweiss,edelweiss,official,2026-09-05,company-credit-ps4-pal-high-additions-1,READY_ADD_MISSING
ps4-samurai-shodown,Samurai Shodown,PAL España,standard,samurai shodown,samurai shodown,GAME_OR_UNKNOWN,DEVELOPER,developer,SNK Corporation,snk,SNK | SNK CORPORATION,EXACT_NAME_OR_ALIAS,,ADD_MISSING,HIGH,NO,GAME_WORK | GAME_WORK_OR_PS4_RELEASE | PS4_RELEASE,4,LAUNCHBOX_GAMES_DB | STEAM_STORE | WIKIDATA | WIKIPEDIA_PS4_LIST,B_OTHER_PLATFORM | B_PS4_RELEASE | C_DISCOVERY,https://en.wikipedia.org/wiki/List_of_PlayStation_4_games_(M%E2%80%93Z) | https://store.steampowered.com/app/1342260 | https://www.wikidata.org/wiki/Q60743293 | https://gamesdb.launchbox-app.com/games/details/193210,"La lista específica de PS4 atribuye el desarrollo a esta compañía. | La ficha comercial de Steam confirma la desarrolladora de la obra, no necesariamente el port de PS4. | Wikidata registra la compañía como desarrolladora. | LaunchBox registra esta desarrolladora para su ficha de PS4.",No propagar a ports o compilaciones sin comprobar sus créditos propios.,,CUSA06804_00,,,SNK Corporation,snk,official,2026-09-05,company-credit-ps4-pal-high-additions-1,READY_ADD_MISSING
ps4-samurai-shodown-neogeo-collection-collector%27s-edition,Samurai Shodown NeoGeo Collection [Collector's Edition],PAL España,standard,samurai shodown neogeo collection,samurai shodown neogeo collection,EDITION_VARIANT,DEVELOPER,developer,Digital Eclipse,digital-eclipse,Digital Eclipse | DIGITAL ECLIPSE,EXACT_NAME_OR_ALIAS,,ADD_MISSING,HIGH,NO,GAME_WORK | GAME_WORK_OR_PS4_RELEASE,2,STEAM_STORE | WIKIPEDIA_PS4_LIST,B_OTHER_PLATFORM | B_PS4_RELEASE,https://en.wikipedia.org/wiki/List_of_PlayStation_4_games_(M%E2%80%93Z) | https://store.steampowered.com/app/999660,"La lista específica de PS4 atribuye el desarrollo a esta compañía. | La ficha comercial de Steam confirma la desarrolladora de la obra, no necesariamente el port de PS4.",No propagar a ports o compilaciones sin comprobar sus créditos propios.,,,,,Digital Eclipse,digital-eclipse,official,2026-09-05,company-credit-ps4-pal-high-additions-1,READY_ADD_MISSING
ps4-samurai-shodown-pix%27n-love-edition,Samurai Shodown [Pix'N Love Edition],PAL España,standard,samurai shodown,samurai shodown,GAME_OR_UNKNOWN,DEVELOPER,developer,SNK Corporation,snk,SNK | SNK CORPORATION,EXACT_NAME_OR_ALIAS,,ADD_MISSING,HIGH,NO,GAME_WORK | GAME_WORK_OR_PS4_RELEASE | PS4_RELEASE,4,LAUNCHBOX_GAMES_DB | STEAM_STORE | WIKIDATA | WIKIPEDIA_PS4_LIST,B_OTHER_PLATFORM | B_PS4_RELEASE | C_DISCOVERY,https://en.wikipedia.org/wiki/List_of_PlayStation_4_games_(M%E2%80%93Z) | https://store.steampowered.com/app/1342260 | https://www.wikidata.org/wiki/Q60743293 | https://gamesdb.launchbox-app.com/games/details/193210,"La lista específica de PS4 atribuye el desarrollo a esta compañía. | La ficha comercial de Steam confirma la desarrolladora de la obra, no necesariamente el port de PS4. | Wikidata registra la compañía como desarrolladora. | LaunchBox registra esta desarrolladora para su ficha de PS4.",No propagar a ports o compilaciones sin comprobar sus créditos propios.,,,,,SNK Corporation,snk,official,2026-09-05,company-credit-ps4-pal-high-additions-1,READY_ADD_MISSING
ps4-sebastien-loeb-rally-evo,Sebastien Loeb Rally Evo,PAL España,standard,sebastien loeb rally evo,sebastien loeb rally evo,GAME_OR_UNKNOWN,DEVELOPER,developer,Milestone srl,milestone-srl,Milestone SRL | Milestone srl,EXACT_NAME_OR_ALIAS,,ADD_MISSING,HIGH,NO,GAME_WORK_OR_PS4_RELEASE | MATCHED_PS4_PRODUCT,2,PLAYSTATION_STORE_EXPLICIT_CREDIT | WIKIPEDIA_PS4_LIST,A_OFFICIAL_MATCHED_TITLE_CREDIT | B_PS4_RELEASE,https://store.playstation.com/es-es/product/EP4356-CUSA02021_00-SLREVOFULLGAME00 | https://en.wikipedia.org/wiki/List_of_PlayStation_4_games_(M%E2%80%93Z),Developed by Milestone SRL All rights reserved | La lista específica de PS4 atribuye el desarrollo a esta compañía.,No propagar a ports o compilaciones sin comprobar sus créditos propios.,,,,,Milestone srl,milestone-srl,official,2026-09-05,company-credit-ps4-pal-high-additions-1,READY_ADD_MISSING
ps4-sekiro-shadows-die-twice-collector%27s-edition,Sekiro: Shadows Die Twice [Collector's Edition],PAL España,standard,sekiro shadows die twice,sekiro shadows die twice,EDITION_VARIANT,PHYSICAL_PUBLISHER_OR_DISTRIBUTOR,publisher,Activision,activision,Activision,EXACT_NAME_OR_ALIAS,,ADD_MISSING,HIGH,NO,EXACT_PHYSICAL_EDITION | PAL_RELEASE,2,PRICECHARTING_EXACT_PAL_PAGE | WIKIPEDIA_PS4_LIST_PAL,B_EXACT_PHYSICAL | B_PAL_RELEASE,https://www.pricecharting.com/game/pal-playstation-4/sekiro-shadows-die-twice-collector%27s-edition | https://en.wikipedia.org/wiki/List_of_PlayStation_4_games_(M%E2%80%93Z),La ficha exacta de la edición física PAL etiqueta a esta compañía como Publisher; puede representar publicación o distribución física. | La columna PAL de la lista de PS4 atribuye la publicación a esta compañía.,Confirmar si la etiqueta Publisher representa publicación o distribución en la caja PAL.,,,,,Activision,activision,pricecharting,2026-09-05,company-credit-ps4-pal-high-additions-1,READY_ADD_MISSING
ps4-senran-kagura-estival-versus-bahonkas-edition,Senran Kagura Estival Versus [Bahonkas Edition],PAL España,standard,senran kagura estival versus,senran kagura estival versus,GAME_OR_UNKNOWN,DEVELOPER,developer,Tamsoft Corporation,tamsoft,Tamsoft,EXACT_NAME_OR_ALIAS,,ADD_MISSING,HIGH,NO,GAME_WORK | GAME_WORK_OR_PS4_RELEASE | PS4_RELEASE,4,LAUNCHBOX_GAMES_DB | STEAM_STORE | WIKIDATA | WIKIPEDIA_PS4_LIST,B_OTHER_PLATFORM | B_PS4_RELEASE | C_DISCOVERY,https://en.wikipedia.org/wiki/List_of_PlayStation_4_games_(M%E2%80%93Z) | https://store.steampowered.com/app/502800 | https://www.wikidata.org/wiki/Q20038970 | https://gamesdb.launchbox-app.com/games/details/135986,"La lista específica de PS4 atribuye el desarrollo a esta compañía. | La ficha comercial de Steam confirma la desarrolladora de la obra, no necesariamente el port de PS4. | Wikidata registra la compañía como desarrolladora. | LaunchBox registra esta desarrolladora para su ficha de PS4.",No propagar a ports o compilaciones sin comprobar sus créditos propios.,,,,,Tamsoft Corporation,tamsoft,official,2026-09-05,company-credit-ps4-pal-high-additions-1,READY_ADD_MISSING
ps4-senran-kagura-estival-versus-festival-edition,Senran Kagura Estival Versus [Festival Edition],PAL España,standard,senran kagura estival versus,senran kagura estival versus,GAME_OR_UNKNOWN,DEVELOPER,developer,Tamsoft Corporation,tamsoft,Tamsoft,EXACT_NAME_OR_ALIAS,,ADD_MISSING,HIGH,NO,GAME_WORK | GAME_WORK_OR_PS4_RELEASE | PS4_RELEASE,4,LAUNCHBOX_GAMES_DB | STEAM_STORE | WIKIDATA | WIKIPEDIA_PS4_LIST,B_OTHER_PLATFORM | B_PS4_RELEASE | C_DISCOVERY,https://en.wikipedia.org/wiki/List_of_PlayStation_4_games_(M%E2%80%93Z) | https://store.steampowered.com/app/502800 | https://www.wikidata.org/wiki/Q20038970 | https://gamesdb.launchbox-app.com/games/details/135986,"La lista específica de PS4 atribuye el desarrollo a esta compañía. | La ficha comercial de Steam confirma la desarrolladora de la obra, no necesariamente el port de PS4. | Wikidata registra la compañía como desarrolladora. | LaunchBox registra esta desarrolladora para su ficha de PS4.",No propagar a ports o compilaciones sin comprobar sus créditos propios.,,,,,Tamsoft Corporation,tamsoft,official,2026-09-05,company-credit-ps4-pal-high-additions-1,READY_ADD_MISSING
ps4-senran-kagura-estival-versus-sports-special,Senran Kagura Estival Versus [Sports Special],PAL España,standard,senran kagura estival versus,senran kagura estival versus sports special,EDITION_VARIANT,DEVELOPER,developer,Tamsoft Corporation,tamsoft,Tamsoft,EXACT_NAME_OR_ALIAS,,ADD_MISSING,HIGH,NO,GAME_WORK | GAME_WORK_OR_PS4_RELEASE | PS4_RELEASE,4,LAUNCHBOX_GAMES_DB | STEAM_STORE | WIKIDATA | WIKIPEDIA_PS4_LIST,B_OTHER_PLATFORM | B_PS4_RELEASE | C_DISCOVERY,https://en.wikipedia.org/wiki/List_of_PlayStation_4_games_(M%E2%80%93Z) | https://store.steampowered.com/app/502800 | https://www.wikidata.org/wiki/Q20038970 | https://gamesdb.launchbox-app.com/games/details/135986,"La lista específica de PS4 atribuye el desarrollo a esta compañía. | La ficha comercial de Steam confirma la desarrolladora de la obra, no necesariamente el port de PS4. | Wikidata registra la compañía como desarrolladora. | LaunchBox registra esta desarrolladora para su ficha de PS4.",No propagar a ports o compilaciones sin comprobar sus créditos propios.,,,,,Tamsoft Corporation,tamsoft,official,2026-09-05,company-credit-ps4-pal-high-additions-1,READY_ADD_MISSING
ps4-shadow-of-the-colossus-only-on-playstation,Shadow Of The Colossus [Only On PlayStation],PAL España,standard,shadow of the colossus,shadow of the colossus only on playstation,GAME_OR_UNKNOWN,PHYSICAL_PUBLISHER_OR_DISTRIBUTOR,publisher,Sony Interactive Entertainment,sony-interactive-entertainment,Sony Computer Entertainment | Sony Interactive Entertainment,EXACT_NAME_OR_ALIAS,,ADD_MISSING,HIGH,NO,EXACT_PHYSICAL_EDITION | PAL_RELEASE,2,PRICECHARTING_EXACT_PAL_PAGE | WIKIPEDIA_PS4_LIST_PAL,B_EXACT_PHYSICAL | B_PAL_RELEASE,https://www.pricecharting.com/game/pal-playstation-4/shadow-of-the-colossus-only-on-playstation | https://en.wikipedia.org/wiki/List_of_PlayStation_4_games_(M%E2%80%93Z),La ficha exacta de la edición física PAL etiqueta a esta compañía como Publisher; puede representar publicación o distribución física. | La columna PAL de la lista de PS4 atribuye la publicación a esta compañía.,Confirmar si la etiqueta Publisher representa publicación o distribución en la caja PAL.,,,,,Sony Interactive Entertainment,sony-interactive-entertainment,pricecharting,2026-09-05,company-credit-ps4-pal-high-additions-1,READY_ADD_MISSING
ps4-shadow-warrior,Shadow Warrior,PAL España,standard,shadow warrior,shadow warrior,GAME_OR_UNKNOWN,DEVELOPER,developer,Flying Wild Hog,flying-wild-hog,Flying Wild Hog,EXACT_NAME_OR_ALIAS,,ADD_MISSING,HIGH,NO,GAME_WORK | GAME_WORK_OR_PS4_RELEASE | PS4_RELEASE,3,LAUNCHBOX_GAMES_DB | STEAM_STORE | WIKIPEDIA_PS4_LIST,B_OTHER_PLATFORM | B_PS4_RELEASE | C_DISCOVERY,https://en.wikipedia.org/wiki/List_of_PlayStation_4_games_(M%E2%80%93Z) | https://store.steampowered.com/app/233130 | https://gamesdb.launchbox-app.com/games/details/22349,"La lista específica de PS4 atribuye el desarrollo a esta compañía. | La ficha comercial de Steam confirma la desarrolladora de la obra, no necesariamente el port de PS4. | LaunchBox registra esta desarrolladora para su ficha de PS4.",No propagar a ports o compilaciones sin comprobar sus créditos propios.,,CUSA00627_00,,,Flying Wild Hog,flying-wild-hog,official,2026-09-05,company-credit-ps4-pal-high-additions-1,READY_ADD_MISSING
ps4-shadows-awakening,Shadows Awakening,PAL España,standard,shadows awakening,shadows awakening,GAME_OR_UNKNOWN,DEVELOPER,developer,Games Farm,games-farm,Games Farm,EXACT_NAME_OR_ALIAS,,ADD_MISSING,HIGH,NO,GAME_WORK | GAME_WORK_OR_PS4_RELEASE | PS4_RELEASE,4,LAUNCHBOX_GAMES_DB | STEAM_STORE | WIKIDATA | WIKIPEDIA_PS4_LIST,B_OTHER_PLATFORM | B_PS4_RELEASE | C_DISCOVERY,https://en.wikipedia.org/wiki/List_of_PlayStation_4_games_(M%E2%80%93Z) | https://store.steampowered.com/app/585450 | https://www.wikidata.org/wiki/Q68354852 | https://gamesdb.launchbox-app.com/games/details/208669,"La lista específica de PS4 atribuye el desarrollo a esta compañía. | La ficha comercial de Steam confirma la desarrolladora de la obra, no necesariamente el port de PS4. | Wikidata registra la compañía como desarrolladora. | LaunchBox registra esta desarrolladora para su ficha de PS4.",No propagar a ports o compilaciones sin comprobar sus créditos propios.,,CUSA10346_00,,,Games Farm,games-farm,official,2026-09-05,company-credit-ps4-pal-high-additions-1,READY_ADD_MISSING
ps4-shenmue-i-&amp;-ii,Shenmue I & II,PAL España,standard,shenmue i and ii,shenmue i and ii,GAME_OR_UNKNOWN,PHYSICAL_PUBLISHER_OR_DISTRIBUTOR,publisher,Sega,sega,Sega,EXACT_NAME_OR_ALIAS,,ADD_MISSING,HIGH,NO,EXACT_PHYSICAL_EDITION | PAL_RELEASE,2,PRICECHARTING_EXACT_PAL_PAGE | WIKIPEDIA_PS4_LIST_PAL,B_EXACT_PHYSICAL | B_PAL_RELEASE,https://www.pricecharting.com/game/pal-playstation-4/shenmue-i-&-ii | https://en.wikipedia.org/wiki/List_of_PlayStation_4_games_(M%E2%80%93Z),La ficha exacta de la edición física PAL etiqueta a esta compañía como Publisher; puede representar publicación o distribución física. | La columna PAL de la lista de PS4 atribuye la publicación a esta compañía.,Confirmar si la etiqueta Publisher representa publicación o distribución en la caja PAL.,,,CUSA10559_00,,Sega,sega,pricecharting,2026-09-05,company-credit-ps4-pal-high-additions-1,READY_ADD_MISSING
ps4-shenmue-iii-collector%27s-edition,Shenmue III [Collector's Edition],PAL España,standard,shenmue iii,shenmue iii,EDITION_VARIANT,DEVELOPER,developer,Ys Net Inc.,ys-net,YS Net Inc | Ys Net | YS Net,EXACT_NAME_OR_ALIAS,,ADD_MISSING,HIGH,NO,GAME_WORK | GAME_WORK_OR_PS4_RELEASE | MATCHED_PS4_PRODUCT | PS4_RELEASE,4,LAUNCHBOX_GAMES_DB | PLAYSTATION_STORE_EXPLICIT_CREDIT | STEAM_STORE | WIKIPEDIA_PS4_LIST,A_OFFICIAL_MATCHED_TITLE_CREDIT | B_OTHER_PLATFORM | B_PS4_RELEASE | C_DISCOVERY,https://store.playstation.com/es-es/product/EP4062-CUSA12257_00-SHENMUEIII0000EU | https://en.wikipedia.org/wiki/List_of_PlayStation_4_games_(M%E2%80%93Z) | https://store.steampowered.com/app/878670 | https://gamesdb.launchbox-app.com/games/details/172775,"Developed by YS Net Inc | La lista específica de PS4 atribuye el desarrollo a esta compañía. | La ficha comercial de Steam confirma la desarrolladora de la obra, no necesariamente el port de PS4. | LaunchBox registra esta desarrolladora para su ficha de PS4.",No propagar a ports o compilaciones sin comprobar sus créditos propios.,,,,,Ys Net Inc.,ys-net,official,2026-09-05,company-credit-ps4-pal-high-additions-1,READY_ADD_MISSING
ps4-shenmue-iii-kickstarter-edition,Shenmue III [Kickstarter Edition],PAL España,standard,shenmue iii,shenmue iii,GAME_OR_UNKNOWN,DEVELOPER,developer,Ys Net Inc.,ys-net,YS Net Inc | Ys Net | YS Net,EXACT_NAME_OR_ALIAS,,ADD_MISSING,HIGH,NO,GAME_WORK | GAME_WORK_OR_PS4_RELEASE | MATCHED_PS4_PRODUCT | PS4_RELEASE,4,LAUNCHBOX_GAMES_DB | PLAYSTATION_STORE_EXPLICIT_CREDIT | STEAM_STORE | WIKIPEDIA_PS4_LIST,A_OFFICIAL_MATCHED_TITLE_CREDIT | B_OTHER_PLATFORM | B_PS4_RELEASE | C_DISCOVERY,https://store.playstation.com/es-es/product/EP4062-CUSA12257_00-SHENMUEIII0000EU | https://en.wikipedia.org/wiki/List_of_PlayStation_4_games_(M%E2%80%93Z) | https://store.steampowered.com/app/878670 | https://gamesdb.launchbox-app.com/games/details/172775,"Developed by YS Net Inc | La lista específica de PS4 atribuye el desarrollo a esta compañía. | La ficha comercial de Steam confirma la desarrolladora de la obra, no necesariamente el port de PS4. | LaunchBox registra esta desarrolladora para su ficha de PS4.",No propagar a ports o compilaciones sin comprobar sus créditos propios.,,,,,Ys Net Inc.,ys-net,official,2026-09-05,company-credit-ps4-pal-high-additions-1,READY_ADD_MISSING
ps4-sherlock-holmes-crimes-&amp;-punishments,Sherlock Holmes: Crimes & Punishments,PAL España,standard,sherlock holmes crimes and punishments,sherlock holmes crimes and punishments,GAME_OR_UNKNOWN,DEVELOPER,developer,Frogwares,frogwares,Frogwares,EXACT_NAME_OR_ALIAS,,ADD_MISSING,HIGH,NO,EXACT_PHYSICAL_EDITION | GAME_WORK | GAME_WORK_OR_PS4_RELEASE,3,PRICECHARTING_EXACT_PAL_PAGE | STEAM_STORE | WIKIPEDIA_PS4_LIST,B_EXACT_PHYSICAL | B_OTHER_PLATFORM | B_PS4_RELEASE,https://www.pricecharting.com/game/pal-playstation-4/sherlock-holmes-crimes-&-punishments | https://en.wikipedia.org/wiki/List_of_PlayStation_4_games_(M%E2%80%93Z) | https://store.steampowered.com/app/241260,"La ficha enlazada de la edición física PAL atribuye el desarrollo a esta compañía. | La lista específica de PS4 atribuye el desarrollo a esta compañía. | La ficha comercial de Steam confirma la desarrolladora de la obra, no necesariamente el port de PS4.",No propagar a ports o compilaciones sin comprobar sus créditos propios.,,,CUSA00469_00,,Frogwares,frogwares,official,2026-09-05,company-credit-ps4-pal-high-additions-1,READY_ADD_MISSING
ps4-sherlock-holmes-crimes-&amp;-punishments,Sherlock Holmes: Crimes & Punishments,PAL España,standard,sherlock holmes crimes and punishments,sherlock holmes crimes and punishments,GAME_OR_UNKNOWN,PHYSICAL_PUBLISHER_OR_DISTRIBUTOR,publisher,Focus Home Interactive,focus-home-interactive,Focus Home Interactive,EXACT_NAME_OR_ALIAS,,ADD_MISSING,HIGH,NO,EXACT_PHYSICAL_EDITION | PAL_RELEASE,2,PRICECHARTING_EXACT_PAL_PAGE | WIKIPEDIA_PS4_LIST_PAL,B_EXACT_PHYSICAL | B_PAL_RELEASE,https://www.pricecharting.com/game/pal-playstation-4/sherlock-holmes-crimes-&-punishments | https://en.wikipedia.org/wiki/List_of_PlayStation_4_games_(M%E2%80%93Z),La ficha exacta de la edición física PAL etiqueta a esta compañía como Publisher; puede representar publicación o distribución física. | La columna PAL de la lista de PS4 atribuye la publicación a esta compañía.,Confirmar si la etiqueta Publisher representa publicación o distribución en la caja PAL.,,,CUSA00469_00,,Focus Home Interactive,focus-home-interactive,pricecharting,2026-09-05,company-credit-ps4-pal-high-additions-1,READY_ADD_MISSING
ps4-sherlock-holmes-the-devil%27s-daughter,Sherlock Holmes The Devil's Daughter,PAL España,standard,sherlock holmes the devil s daughter,sherlock holmes the devil s daughter,GAME_OR_UNKNOWN,DEVELOPER,developer,Frogwares,frogwares,Frogwares,EXACT_NAME_OR_ALIAS,,ADD_MISSING,HIGH,NO,GAME_WORK | GAME_WORK_OR_PS4_RELEASE | PS4_RELEASE,4,LAUNCHBOX_GAMES_DB | STEAM_STORE | WIKIDATA | WIKIPEDIA_PS4_LIST,B_OTHER_PLATFORM | B_PS4_RELEASE | C_DISCOVERY,https://en.wikipedia.org/wiki/List_of_PlayStation_4_games_(M%E2%80%93Z) | https://store.steampowered.com/app/350640 | https://www.wikidata.org/wiki/Q22009602 | https://gamesdb.launchbox-app.com/games/details/200505,"La lista específica de PS4 atribuye el desarrollo a esta compañía. | La ficha comercial de Steam confirma la desarrolladora de la obra, no necesariamente el port de PS4. | Wikidata registra la compañía como desarrolladora. | LaunchBox registra esta desarrolladora para su ficha de PS4.",No propagar a ports o compilaciones sin comprobar sus créditos propios.,,CUSA03773_00,,,Frogwares,frogwares,official,2026-09-05,company-credit-ps4-pal-high-additions-1,READY_ADD_MISSING
ps4-shining-resonance-refrain-draconic-launch-edition,Shining Resonance Refrain [Draconic Launch Edition],PAL España,standard,shining resonance refrain,shining resonance refrain,EDITION_VARIANT,DEVELOPER,developer,Sega,sega,SEGA,EXACT_NAME_OR_ALIAS,,ADD_MISSING,HIGH,NO,EXACT_PHYSICAL_EDITION | GAME_WORK,2,PRICECHARTING_EXACT_PAL_PAGE | STEAM_STORE,B_EXACT_PHYSICAL | B_OTHER_PLATFORM,https://www.pricecharting.com/game/pal-playstation-4/shining-resonance-refrain-draconic-launch-edition | https://store.steampowered.com/app/809890,"La ficha enlazada de la edición física PAL atribuye el desarrollo a esta compañía. | La ficha comercial de Steam confirma la desarrolladora de la obra, no necesariamente el port de PS4.",No propagar a ports o compilaciones sin comprobar sus créditos propios.,,,CUSA10902_00,,Sega,sega,official,2026-09-05,company-credit-ps4-pal-high-additions-1,READY_ADD_MISSING
ps4-shining-resonance-refrain-draconic-launch-edition,Shining Resonance Refrain [Draconic Launch Edition],PAL España,standard,shining resonance refrain,shining resonance refrain,EDITION_VARIANT,PHYSICAL_PUBLISHER_OR_DISTRIBUTOR,publisher,Sega,sega,SEGA | Sega,EXACT_NAME_OR_ALIAS,,ADD_MISSING,HIGH,NO,EXACT_PHYSICAL_EDITION | PAL_RELEASE,2,PRICECHARTING_EXACT_PAL_PAGE | WIKIPEDIA_PS4_LIST_PAL,B_EXACT_PHYSICAL | B_PAL_RELEASE,https://www.pricecharting.com/game/pal-playstation-4/shining-resonance-refrain-draconic-launch-edition | https://en.wikipedia.org/wiki/List_of_PlayStation_4_games_(M%E2%80%93Z),La ficha exacta de la edición física PAL etiqueta a esta compañía como Publisher; puede representar publicación o distribución física. | La columna PAL de la lista de PS4 atribuye la publicación a esta compañía.,Confirmar si la etiqueta Publisher representa publicación o distribución en la caja PAL.,,,CUSA10902_00,,Sega,sega,pricecharting,2026-09-05,company-credit-ps4-pal-high-additions-1,READY_ADD_MISSING
ps4-sisters-royale-collector%27s-edition,Sisters Royale [Collector's Edition],PAL España,standard,sisters royale,sisters royale,EDITION_VARIANT,DEVELOPER,developer,Alfa System,alfa-system,Alfa System Co | Alfa System,EXACT_NAME_OR_ALIAS,,ADD_MISSING,HIGH,NO,EXACT_PHYSICAL_EDITION | GAME_WORK_OR_PS4_RELEASE | MATCHED_PS4_PRODUCT,3,PLAYSTATION_STORE_EXPLICIT_CREDIT | PRICECHARTING_EXACT_PAL_PAGE | WIKIPEDIA_PS4_LIST,A_OFFICIAL_MATCHED_TITLE_CREDIT | B_EXACT_PHYSICAL | B_PS4_RELEASE,https://store.playstation.com/es-es/product/EP5438-CUSA17900_00-CHOREU000000003D | https://www.pricecharting.com/game/pal-playstation-4/sisters-royale-collector%27s-edition | https://en.wikipedia.org/wiki/List_of_PlayStation_4_games_(M%E2%80%93Z),Developed by Alfa System Co | La ficha enlazada de la edición física PAL atribuye el desarrollo a esta compañía. | La lista específica de PS4 atribuye el desarrollo a esta compañía.,No propagar a ports o compilaciones sin comprobar sus créditos propios.,,,,,Alfa System,alfa-system,official,2026-09-05,company-credit-ps4-pal-high-additions-1,READY_ADD_MISSING
ps4-sleeping-dogs-definitive-edition,Sleeping Dogs: Definitive Edition,PAL España,standard,sleeping dogs definitive edition,sleeping dogs,EDITION_VARIANT,DEVELOPER,developer,United Front Games,united-front-games,United Front Games Ltd | United Front Games,EXACT_NAME_OR_ALIAS,,ADD_MISSING,HIGH,NO,GAME_WORK | GAME_WORK_OR_PS4_RELEASE | MATCHED_PS4_PRODUCT | PS4_RELEASE,5,LAUNCHBOX_GAMES_DB | PLAYSTATION_STORE_EXPLICIT_CREDIT | STEAM_STORE | WIKIDATA | WIKIPEDIA_PS4_LIST,A_OFFICIAL_MATCHED_TITLE_CREDIT | B_OTHER_PLATFORM | B_PS4_RELEASE | C_DISCOVERY,https://store.playstation.com/es-es/product/EP0082-CUSA01004_00-0000SLEEPINGDOGS | https://en.wikipedia.org/wiki/List_of_PlayStation_4_games_(M%E2%80%93Z) | https://store.steampowered.com/app/307690 | https://www.wikidata.org/wiki/Q56668819 | https://gamesdb.launchbox-app.com/games/details/23302,"Developed by United Front Games Ltd | La lista específica de PS4 atribuye el desarrollo a esta compañía. | La ficha comercial de Steam confirma la desarrolladora de la obra, no necesariamente el port de PS4. | Wikidata registra la compañía como desarrolladora. | LaunchBox registra esta desarrolladora para su ficha de PS4.",No propagar a ports o compilaciones sin comprobar sus créditos propios.,,,,,United Front Games,united-front-games,official,2026-09-05,company-credit-ps4-pal-high-additions-1,READY_ADD_MISSING
ps4-sleeping-dogs-definitive-edition-artbook-edition,Sleeping Dogs Definitive Edition [Artbook Edition],PAL España,standard,sleeping dogs definitive edition,sleeping dogs,EDITION_VARIANT,DEVELOPER,developer,United Front Games,united-front-games,United Front Games Ltd | United Front Games,EXACT_NAME_OR_ALIAS,,ADD_MISSING,HIGH,NO,GAME_WORK | GAME_WORK_OR_PS4_RELEASE | MATCHED_PS4_PRODUCT | PS4_RELEASE,5,LAUNCHBOX_GAMES_DB | PLAYSTATION_STORE_EXPLICIT_CREDIT | STEAM_STORE | WIKIDATA | WIKIPEDIA_PS4_LIST,A_OFFICIAL_MATCHED_TITLE_CREDIT | B_OTHER_PLATFORM | B_PS4_RELEASE | C_DISCOVERY,https://store.playstation.com/es-es/product/EP0082-CUSA01004_00-0000SLEEPINGDOGS | https://en.wikipedia.org/wiki/List_of_PlayStation_4_games_(M%E2%80%93Z) | https://store.steampowered.com/app/307690 | https://www.wikidata.org/wiki/Q56668819 | https://gamesdb.launchbox-app.com/games/details/23302,"Developed by United Front Games Ltd | La lista específica de PS4 atribuye el desarrollo a esta compañía. | La ficha comercial de Steam confirma la desarrolladora de la obra, no necesariamente el port de PS4. | Wikidata registra la compañía como desarrolladora. | LaunchBox registra esta desarrolladora para su ficha de PS4.",No propagar a ports o compilaciones sin comprobar sus créditos propios.,,,,,United Front Games,united-front-games,official,2026-09-05,company-credit-ps4-pal-high-additions-1,READY_ADD_MISSING
ps4-slime-rancher-deluxe-edition,Slime Rancher [Deluxe Edition],PAL España,standard,slime rancher,slime rancher,EDITION_VARIANT,DEVELOPER,developer,Monomi Park,monomi-park,Monomi Park,EXACT_NAME_OR_ALIAS,,ADD_MISSING,HIGH,NO,GAME_WORK | GAME_WORK_OR_PS4_RELEASE | PS4_RELEASE,4,LAUNCHBOX_GAMES_DB | STEAM_STORE | WIKIDATA | WIKIPEDIA_PS4_LIST,B_OTHER_PLATFORM | B_PS4_RELEASE | C_DISCOVERY,https://en.wikipedia.org/wiki/List_of_PlayStation_4_games_(M%E2%80%93Z) | https://store.steampowered.com/app/433340 | https://www.wikidata.org/wiki/Q22344828 | https://gamesdb.launchbox-app.com/games/details/155641,"La lista específica de PS4 atribuye el desarrollo a esta compañía. | La ficha comercial de Steam confirma la desarrolladora de la obra, no necesariamente el port de PS4. | Wikidata registra la compañía como desarrolladora. | LaunchBox registra esta desarrolladora para su ficha de PS4.",No propagar a ports o compilaciones sin comprobar sus créditos propios.,,,,,Monomi Park,monomi-park,official,2026-09-05,company-credit-ps4-pal-high-additions-1,READY_ADD_MISSING
ps4-smelter-collector%27s-edition,Smelter [Collector's Edition],PAL España,standard,smelter,smelter,EDITION_VARIANT,DEVELOPER,developer,X Plus,x-plus,X Plus | X PLUS Co Ltd. | X PLUS,EXACT_NAME_OR_ALIAS,,ADD_MISSING,HIGH,NO,GAME_WORK | GAME_WORK_OR_PS4_RELEASE | PS4_RELEASE,3,LAUNCHBOX_GAMES_DB | STEAM_STORE | WIKIPEDIA_PS4_LIST,B_OTHER_PLATFORM | B_PS4_RELEASE | C_DISCOVERY,https://en.wikipedia.org/wiki/List_of_PlayStation_4_games_(M%E2%80%93Z) | https://store.steampowered.com/app/1094540 | https://gamesdb.launchbox-app.com/games/details/476779,"La lista específica de PS4 atribuye el desarrollo a esta compañía. | La ficha comercial de Steam confirma la desarrolladora de la obra, no necesariamente el port de PS4. | LaunchBox registra esta desarrolladora para su ficha de PS4.",No propagar a ports o compilaciones sin comprobar sus créditos propios.,,,CUSA18800_00,,X Plus,x-plus,official,2026-09-05,company-credit-ps4-pal-high-additions-1,READY_ADD_MISSING
ps4-sniper-elite-4-limited-edition,Sniper Elite 4 [Limited Edition],PAL España,standard,sniper elite 4,sniper elite 4,EDITION_VARIANT,DEVELOPER,developer,Rebellion,rebellion,Rebellion,EXACT_NAME_OR_ALIAS,,ADD_MISSING,HIGH,NO,EXACT_PHYSICAL_EDITION | GAME_WORK | PS4_RELEASE,3,LAUNCHBOX_GAMES_DB | PRICECHARTING_EXACT_PAL_PAGE | STEAM_STORE,B_EXACT_PHYSICAL | B_OTHER_PLATFORM | C_DISCOVERY,https://www.pricecharting.com/game/pal-playstation-4/sniper-elite-4-limited-edition | https://store.steampowered.com/app/312660 | https://gamesdb.launchbox-app.com/games/details/141348,"La ficha enlazada de la edición física PAL atribuye el desarrollo a esta compañía. | La ficha comercial de Steam confirma la desarrolladora de la obra, no necesariamente el port de PS4. | LaunchBox registra esta desarrolladora para su ficha de PS4.",No propagar a ports o compilaciones sin comprobar sus créditos propios.,,,CUSA04099_00,,Rebellion,rebellion,official,2026-09-05,company-credit-ps4-pal-high-additions-1,READY_ADD_MISSING
ps4-sniper-elite-iii-ultimate-edition,Sniper Elite III [Ultimate Edition],PAL España,standard,sniper elite iii,sniper elite iii,EDITION_VARIANT,PHYSICAL_PUBLISHER_OR_DISTRIBUTOR,publisher,505 Games,505-games,505 Games,EXACT_NAME_OR_ALIAS,,ADD_MISSING,HIGH,NO,EXACT_PHYSICAL_EDITION | PAL_RELEASE,2,PRICECHARTING_EXACT_PAL_PAGE | WIKIPEDIA_PS4_LIST_PAL,B_EXACT_PHYSICAL | B_PAL_RELEASE,https://www.pricecharting.com/game/pal-playstation-4/sniper-elite-iii-ultimate-edition | https://en.wikipedia.org/wiki/List_of_PlayStation_4_games_(M%E2%80%93Z),La ficha exacta de la edición física PAL etiqueta a esta compañía como Publisher; puede representar publicación o distribución física. | La columna PAL de la lista de PS4 atribuye la publicación a esta compañía.,Confirmar si la etiqueta Publisher representa publicación o distribución en la caja PAL.,,,,,505 Games,505-games,pricecharting,2026-09-05,company-credit-ps4-pal-high-additions-1,READY_ADD_MISSING
ps4-sniper-ghost-warrior-contracts-2-collector%27s-edition,Sniper Ghost Warrior Contracts 2 [Collector's Edition],PAL España,standard,sniper ghost warrior contracts 2,sniper ghost warrior contracts 2,EDITION_VARIANT,DEVELOPER,developer,CI Games,ci-games,CI Games | CI Games S.A.,EXACT_NAME_OR_ALIAS,,ADD_MISSING,HIGH,NO,GAME_WORK | GAME_WORK_OR_PS4_RELEASE,3,STEAM_STORE | WIKIDATA | WIKIPEDIA_PS4_LIST,B_OTHER_PLATFORM | B_PS4_RELEASE | C_DISCOVERY,https://en.wikipedia.org/wiki/List_of_PlayStation_4_games_(M%E2%80%93Z) | https://store.steampowered.com/app/1338770 | https://www.wikidata.org/wiki/Q96603716,"La lista específica de PS4 atribuye el desarrollo a esta compañía. | La ficha comercial de Steam confirma la desarrolladora de la obra, no necesariamente el port de PS4. | Wikidata registra la compañía como desarrolladora.",No propagar a ports o compilaciones sin comprobar sus créditos propios.,,,,,CI Games,ci-games,official,2026-09-05,company-credit-ps4-pal-high-additions-1,READY_ADD_MISSING
ps4-snk-40th-anniversary-collection-limited-edition,SNK 40th Anniversary Collection [Limited Edition],PAL España,standard,snk 40th anniversary collection,snk 40th anniversary collection,EDITION_VARIANT,DEVELOPER,developer,Digital Eclipse,digital-eclipse,Digital Eclipse,EXACT_NAME_OR_ALIAS,,ADD_MISSING,HIGH,NO,EXACT_PHYSICAL_EDITION | GAME_WORK | GAME_WORK_OR_PS4_RELEASE,3,PRICECHARTING_EXACT_PAL_PAGE | STEAM_STORE | WIKIPEDIA_PS4_LIST,B_EXACT_PHYSICAL | B_OTHER_PLATFORM | B_PS4_RELEASE,https://www.pricecharting.com/game/pal-playstation-4/snk-40th-anniversary-collection-limited-edition | https://en.wikipedia.org/wiki/List_of_PlayStation_4_games_(M%E2%80%93Z) | https://store.steampowered.com/app/865940,"La ficha enlazada de la edición física PAL atribuye el desarrollo a esta compañía. | La lista específica de PS4 atribuye el desarrollo a esta compañía. | La ficha comercial de Steam confirma la desarrolladora de la obra, no necesariamente el port de PS4.",No propagar a ports o compilaciones sin comprobar sus créditos propios.,,,,,Digital Eclipse,digital-eclipse,official,2026-09-05,company-credit-ps4-pal-high-additions-1,READY_ADD_MISSING
ps4-snowrunner-premium-edition,SnowRunner [Premium Edition],PAL España,standard,snowrunner,snowrunner,EDITION_VARIANT,DEVELOPER,developer,Saber Interactive Inc,saber-interactive,Saber Interactive,EXACT_NAME_OR_ALIAS,,ADD_MISSING,HIGH,NO,EXACT_PHYSICAL_EDITION | GAME_WORK | GAME_WORK_OR_PS4_RELEASE | PS4_RELEASE,5,LAUNCHBOX_GAMES_DB | PRICECHARTING_EXACT_PAL_PAGE | STEAM_STORE | WIKIDATA | WIKIPEDIA_PS4_LIST,B_EXACT_PHYSICAL | B_OTHER_PLATFORM | B_PS4_RELEASE | C_DISCOVERY,https://www.pricecharting.com/game/pal-playstation-4/snowrunner-premium-edition | https://en.wikipedia.org/wiki/List_of_PlayStation_4_games_(M%E2%80%93Z) | https://store.steampowered.com/app/1465360 | https://www.wikidata.org/wiki/Q88550122 | https://gamesdb.launchbox-app.com/games/details/208594,"La ficha enlazada de la edición física PAL atribuye el desarrollo a esta compañía. | La lista específica de PS4 atribuye el desarrollo a esta compañía. | La ficha comercial de Steam confirma la desarrolladora de la obra, no necesariamente el port de PS4. | Wikidata registra la compañía como desarrolladora. | LaunchBox registra esta desarrolladora para su ficha de PS4.",No propagar a ports o compilaciones sin comprobar sus créditos propios.,,,,,Saber Interactive Inc,saber-interactive,official,2026-09-05,company-credit-ps4-pal-high-additions-1,READY_ADD_MISSING
ps4-snowrunner-premium-edition,SnowRunner [Premium Edition],PAL España,standard,snowrunner,snowrunner,EDITION_VARIANT,PHYSICAL_PUBLISHER_OR_DISTRIBUTOR,publisher,Focus Home Interactive,focus-home-interactive,Focus Home Interactive,EXACT_NAME_OR_ALIAS,,ADD_MISSING,HIGH,NO,EXACT_PHYSICAL_EDITION | PAL_RELEASE,2,PRICECHARTING_EXACT_PAL_PAGE | WIKIPEDIA_PS4_LIST_PAL,B_EXACT_PHYSICAL | B_PAL_RELEASE,https://www.pricecharting.com/game/pal-playstation-4/snowrunner-premium-edition | https://en.wikipedia.org/wiki/List_of_PlayStation_4_games_(M%E2%80%93Z),La ficha exacta de la edición física PAL etiqueta a esta compañía como Publisher; puede representar publicación o distribución física. | La columna PAL de la lista de PS4 atribuye la publicación a esta compañía.,Confirmar si la etiqueta Publisher representa publicación o distribución en la caja PAL.,,,,,Focus Home Interactive,focus-home-interactive,pricecharting,2026-09-05,company-credit-ps4-pal-high-additions-1,READY_ADD_MISSING
ps4-sonic-forces-bonus-edition,Sonic Forces [Bonus Edition],PAL España,standard,sonic forces,sonic forces,GAME_OR_UNKNOWN,DEVELOPER,developer,Sonic Team,sonic-team,Sonic Team,EXACT_NAME_OR_ALIAS,,ADD_MISSING,HIGH,NO,EXACT_PHYSICAL_EDITION | GAME_WORK | GAME_WORK_OR_PS4_RELEASE | PS4_RELEASE,5,LAUNCHBOX_GAMES_DB | PRICECHARTING_EXACT_PAL_PAGE | STEAM_STORE | WIKIDATA | WIKIPEDIA_PS4_LIST,B_EXACT_PHYSICAL | B_OTHER_PLATFORM | B_PS4_RELEASE | C_DISCOVERY,https://www.pricecharting.com/game/pal-playstation-4/sonic-forces-bonus-edition | https://en.wikipedia.org/wiki/List_of_PlayStation_4_games_(M%E2%80%93Z) | https://store.steampowered.com/app/637100 | https://www.wikidata.org/wiki/Q25999239 | https://gamesdb.launchbox-app.com/games/details/140479,"La ficha enlazada de la edición física PAL atribuye el desarrollo a esta compañía. | La lista específica de PS4 atribuye el desarrollo a esta compañía. | La ficha comercial de Steam confirma la desarrolladora de la obra, no necesariamente el port de PS4. | Wikidata registra la compañía como desarrolladora. | LaunchBox registra esta desarrolladora para su ficha de PS4.",No propagar a ports o compilaciones sin comprobar sus créditos propios.,,,,,Sonic Team,sonic-team,official,2026-09-05,company-credit-ps4-pal-high-additions-1,READY_ADD_MISSING
ps4-sonic-forces-bonus-edition,Sonic Forces [Bonus Edition],PAL España,standard,sonic forces,sonic forces,GAME_OR_UNKNOWN,PHYSICAL_PUBLISHER_OR_DISTRIBUTOR,publisher,Sega,sega,SEGA | Sega,EXACT_NAME_OR_ALIAS,,ADD_MISSING,HIGH,NO,EXACT_PHYSICAL_EDITION | PAL_RELEASE,2,PRICECHARTING_EXACT_PAL_PAGE | WIKIPEDIA_PS4_LIST_PAL,B_EXACT_PHYSICAL | B_PAL_RELEASE,https://www.pricecharting.com/game/pal-playstation-4/sonic-forces-bonus-edition | https://en.wikipedia.org/wiki/List_of_PlayStation_4_games_(M%E2%80%93Z),La ficha exacta de la edición física PAL etiqueta a esta compañía como Publisher; puede representar publicación o distribución física. | La columna PAL de la lista de PS4 atribuye la publicación a esta compañía.,Confirmar si la etiqueta Publisher representa publicación o distribución en la caja PAL.,,,,,Sega,sega,pricecharting,2026-09-05,company-credit-ps4-pal-high-additions-1,READY_ADD_MISSING
ps4-sonic-frontiers-steelbook-edition,Sonic Frontiers [Steelbook Edition],PAL España,standard,sonic frontiers,sonic frontiers,EDITION_VARIANT,DEVELOPER,developer,Sonic Team,sonic-team,Sonic Team,EXACT_NAME_OR_ALIAS,,ADD_MISSING,HIGH,NO,GAME_WORK | GAME_WORK_OR_PS4_RELEASE | PS4_RELEASE,4,LAUNCHBOX_GAMES_DB | STEAM_STORE | WIKIDATA | WIKIPEDIA_PS4_LIST,B_OTHER_PLATFORM | B_PS4_RELEASE | C_DISCOVERY,https://en.wikipedia.org/wiki/List_of_PlayStation_4_games_(M%E2%80%93Z) | https://store.steampowered.com/app/1237320 | https://www.wikidata.org/wiki/Q109502429 | https://gamesdb.launchbox-app.com/games/details/461119,"La lista específica de PS4 atribuye el desarrollo a esta compañía. | La ficha comercial de Steam confirma la desarrolladora de la obra, no necesariamente el port de PS4. | Wikidata registra la compañía como desarrolladora. | LaunchBox registra esta desarrolladora para su ficha de PS4.",No propagar a ports o compilaciones sin comprobar sus créditos propios.,,,,,Sonic Team,sonic-team,official,2026-09-05,company-credit-ps4-pal-high-additions-1,READY_ADD_MISSING
ps4-sonic-mania-plus-artbook-edition,Sonic Mania Plus [Artbook Edition],PAL España,standard,sonic mania plus,sonic mania plus,EDITION_VARIANT,PHYSICAL_PUBLISHER_OR_DISTRIBUTOR,publisher,Sega,sega,Sega,EXACT_NAME_OR_ALIAS,,ADD_MISSING,HIGH,NO,EXACT_PHYSICAL_EDITION | PAL_RELEASE,2,PRICECHARTING_EXACT_PAL_PAGE | WIKIPEDIA_PS4_LIST_PAL,B_EXACT_PHYSICAL | B_PAL_RELEASE,https://www.pricecharting.com/game/pal-playstation-4/sonic-mania-plus-artbook-edition | https://en.wikipedia.org/wiki/List_of_PlayStation_4_games_(M%E2%80%93Z),La ficha exacta de la edición física PAL etiqueta a esta compañía como Publisher; puede representar publicación o distribución física. | La columna PAL de la lista de PS4 atribuye la publicación a esta compañía.,Confirmar si la etiqueta Publisher representa publicación o distribución en la caja PAL.,,,CUSA12236_00,,Sega,sega,pricecharting,2026-09-05,company-credit-ps4-pal-high-additions-1,READY_ADD_MISSING
ps4-sonic-x-shadow-generations-day-one-edition,Sonic X Shadow Generations [Day One Edition],PAL España,standard,sonic x shadow generations,sonic x shadow generations,EDITION_VARIANT,DEVELOPER,developer,Sonic Team,sonic-team,Sonic Team,EXACT_NAME_OR_ALIAS,,ADD_MISSING,HIGH,NO,EXACT_PHYSICAL_EDITION | GAME_WORK | PS4_RELEASE,4,LAUNCHBOX_GAMES_DB | PRICECHARTING_EXACT_PAL_PAGE | STEAM_STORE | WIKIDATA,B_EXACT_PHYSICAL | B_OTHER_PLATFORM | C_DISCOVERY,https://www.pricecharting.com/game/pal-playstation-4/sonic-x-shadow-generations-day-one-edition | https://store.steampowered.com/app/2513280 | https://www.wikidata.org/wiki/Q124395880 | https://gamesdb.launchbox-app.com/games/details/466267,"La ficha enlazada de la edición física PAL atribuye el desarrollo a esta compañía. | La ficha comercial de Steam confirma la desarrolladora de la obra, no necesariamente el port de PS4. | Wikidata registra la compañía como desarrolladora. | LaunchBox registra esta desarrolladora para su ficha de PS4.",No propagar a ports o compilaciones sin comprobar sus créditos propios.,,,,,Sonic Team,sonic-team,official,2026-09-05,company-credit-ps4-pal-high-additions-1,READY_ADD_MISSING
ps4-sophstar-arcade-edition,Sophstar [Arcade Edition],PAL España,standard,sophstar,sophstar,GAME_OR_UNKNOWN,DEVELOPER,developer,Banana Bytes,banana-bytes,Banana Bytes,EXACT_NAME_OR_ALIAS,,ADD_MISSING,HIGH,NO,EXACT_PHYSICAL_EDITION | GAME_WORK,2,PRICECHARTING_EXACT_PAL_PAGE | STEAM_STORE,B_EXACT_PHYSICAL | B_OTHER_PLATFORM,https://www.pricecharting.com/game/pal-playstation-4/sophstar-arcade-edition | https://store.steampowered.com/app/1410440,"La ficha enlazada de la edición física PAL atribuye el desarrollo a esta compañía. | La ficha comercial de Steam confirma la desarrolladora de la obra, no necesariamente el port de PS4.",No propagar a ports o compilaciones sin comprobar sus créditos propios.,,,,,Banana Bytes,banana-bytes,official,2026-09-05,company-credit-ps4-pal-high-additions-1,READY_ADD_MISSING
ps4-soul-hackers-2,Soul Hackers 2,PAL España,standard,soul hackers 2,soul hackers 2,GAME_OR_UNKNOWN,DEVELOPER,developer,Atlus Co Ltd.,atlus,Atlus | ATLUS,EXACT_NAME_OR_ALIAS,,ADD_MISSING,HIGH,NO,GAME_WORK | GAME_WORK_OR_PS4_RELEASE | PS4_RELEASE,3,LAUNCHBOX_GAMES_DB | STEAM_STORE | WIKIPEDIA_PS4_LIST,B_OTHER_PLATFORM | B_PS4_RELEASE | C_DISCOVERY,https://en.wikipedia.org/wiki/List_of_PlayStation_4_games_(M%E2%80%93Z) | https://store.steampowered.com/app/1777620 | https://gamesdb.launchbox-app.com/games/details/473902,"La lista específica de PS4 atribuye el desarrollo a esta compañía. | La ficha comercial de Steam confirma la desarrolladora de la obra, no necesariamente el port de PS4. | LaunchBox registra esta desarrolladora para su ficha de PS4.",No propagar a ports o compilaciones sin comprobar sus créditos propios.,,CUSA23630_00,,,Atlus Co Ltd.,atlus,official,2026-09-05,company-credit-ps4-pal-high-additions-1,READY_ADD_MISSING
ps4-soul-hackers-2-collector%27s-edition,Soul Hackers 2 [Collector's Edition],PAL España,standard,soul hackers 2,soul hackers 2,EDITION_VARIANT,DEVELOPER,developer,Atlus Co Ltd.,atlus,Atlus | ATLUS,EXACT_NAME_OR_ALIAS,,ADD_MISSING,HIGH,NO,GAME_WORK | GAME_WORK_OR_PS4_RELEASE | PS4_RELEASE,3,LAUNCHBOX_GAMES_DB | STEAM_STORE | WIKIPEDIA_PS4_LIST,B_OTHER_PLATFORM | B_PS4_RELEASE | C_DISCOVERY,https://en.wikipedia.org/wiki/List_of_PlayStation_4_games_(M%E2%80%93Z) | https://store.steampowered.com/app/1777620 | https://gamesdb.launchbox-app.com/games/details/473902,"La lista específica de PS4 atribuye el desarrollo a esta compañía. | La ficha comercial de Steam confirma la desarrolladora de la obra, no necesariamente el port de PS4. | LaunchBox registra esta desarrolladora para su ficha de PS4.",No propagar a ports o compilaciones sin comprobar sus créditos propios.,,,,,Atlus Co Ltd.,atlus,official,2026-09-05,company-credit-ps4-pal-high-additions-1,READY_ADD_MISSING
ps4-souldiers-collector%27s-edition,Souldiers [Collector's Edition],PAL España,standard,souldiers,souldiers,EDITION_VARIANT,DEVELOPER,developer,Retro Forge,retro-forge,Retro Forge,EXACT_NAME_OR_ALIAS,,ADD_MISSING,HIGH,NO,EXACT_PHYSICAL_EDITION | GAME_WORK,2,PRICECHARTING_EXACT_PAL_PAGE | STEAM_STORE,B_EXACT_PHYSICAL | B_OTHER_PLATFORM,https://www.pricecharting.com/game/pal-playstation-4/souldiers-collector%27s-edition | https://store.steampowered.com/app/1419160,"La ficha enlazada de la edición física PAL atribuye el desarrollo a esta compañía. | La ficha comercial de Steam confirma la desarrolladora de la obra, no necesariamente el port de PS4.",No propagar a ports o compilaciones sin comprobar sus créditos propios.,,,,,Retro Forge,retro-forge,official,2026-09-05,company-credit-ps4-pal-high-additions-1,READY_ADD_MISSING
ps4-south-park-the-fractured-but-whole-collector%27s-edition,South Park: The Fractured But Whole [Collector's Edition],PAL España,standard,south park the fractured but whole,south park the fractured but whole,EDITION_VARIANT,DEVELOPER,developer,Ubisoft San Francisco,ubisoft-san-francisco,Ubisoft San Francisco,EXACT_NAME_OR_ALIAS,,ADD_MISSING,HIGH,NO,EXACT_PHYSICAL_EDITION | GAME_WORK | GAME_WORK_OR_PS4_RELEASE | PS4_RELEASE,4,LAUNCHBOX_GAMES_DB | PRICECHARTING_EXACT_PAL_PAGE | STEAM_STORE | WIKIPEDIA_PS4_LIST,B_EXACT_PHYSICAL | B_OTHER_PLATFORM | B_PS4_RELEASE | C_DISCOVERY,https://www.pricecharting.com/game/pal-playstation-4/south-park-the-fractured-but-whole-collector%27s-edition | https://en.wikipedia.org/wiki/List_of_PlayStation_4_games_(M%E2%80%93Z) | https://store.steampowered.com/app/488790 | https://gamesdb.launchbox-app.com/games/details/193212,"La ficha enlazada de la edición física PAL atribuye el desarrollo a esta compañía. | La lista específica de PS4 atribuye el desarrollo a esta compañía. | La ficha comercial de Steam confirma la desarrolladora de la obra, no necesariamente el port de PS4. | LaunchBox registra esta desarrolladora para su ficha de PS4.",No propagar a ports o compilaciones sin comprobar sus créditos propios.,,,,,Ubisoft San Francisco,ubisoft-san-francisco,official,2026-09-05,company-credit-ps4-pal-high-additions-1,READY_ADD_MISSING
ps4-south-park-the-fractured-but-whole-gold-edition,South Park: The Fractured But Whole [Gold Edition],PAL España,standard,south park the fractured but whole,south park the fractured but whole,GAME_OR_UNKNOWN,DEVELOPER,developer,Ubisoft San Francisco,ubisoft-san-francisco,Ubisoft San Francisco,EXACT_NAME_OR_ALIAS,,ADD_MISSING,HIGH,NO,EXACT_PHYSICAL_EDITION | GAME_WORK | GAME_WORK_OR_PS4_RELEASE | PS4_RELEASE,4,LAUNCHBOX_GAMES_DB | PRICECHARTING_EXACT_PAL_PAGE | STEAM_STORE | WIKIPEDIA_PS4_LIST,B_EXACT_PHYSICAL | B_OTHER_PLATFORM | B_PS4_RELEASE | C_DISCOVERY,https://www.pricecharting.com/game/pal-playstation-4/south-park-the-fractured-but-whole-gold-edition | https://en.wikipedia.org/wiki/List_of_PlayStation_4_games_(M%E2%80%93Z) | https://store.steampowered.com/app/488790 | https://gamesdb.launchbox-app.com/games/details/193212,"La ficha enlazada de la edición física PAL atribuye el desarrollo a esta compañía. | La lista específica de PS4 atribuye el desarrollo a esta compañía. | La ficha comercial de Steam confirma la desarrolladora de la obra, no necesariamente el port de PS4. | LaunchBox registra esta desarrolladora para su ficha de PS4.",No propagar a ports o compilaciones sin comprobar sus créditos propios.,,,CUSA04323_00,,Ubisoft San Francisco,ubisoft-san-francisco,official,2026-09-05,company-credit-ps4-pal-high-additions-1,READY_ADD_MISSING
ps4-south-park-the-fractured-but-whole-steelbook-edition,South Park: The Fractured But Whole [Steelbook Edition],PAL España,standard,south park the fractured but whole,south park the fractured but whole,EDITION_VARIANT,DEVELOPER,developer,Ubisoft San Francisco,ubisoft-san-francisco,Ubisoft San Francisco,EXACT_NAME_OR_ALIAS,,ADD_MISSING,HIGH,NO,GAME_WORK | GAME_WORK_OR_PS4_RELEASE | PS4_RELEASE,3,LAUNCHBOX_GAMES_DB | STEAM_STORE | WIKIPEDIA_PS4_LIST,B_OTHER_PLATFORM | B_PS4_RELEASE | C_DISCOVERY,https://en.wikipedia.org/wiki/List_of_PlayStation_4_games_(M%E2%80%93Z) | https://store.steampowered.com/app/488790 | https://gamesdb.launchbox-app.com/games/details/193212,"La lista específica de PS4 atribuye el desarrollo a esta compañía. | La ficha comercial de Steam confirma la desarrolladora de la obra, no necesariamente el port de PS4. | LaunchBox registra esta desarrolladora para su ficha de PS4.",No propagar a ports o compilaciones sin comprobar sus créditos propios.,,,,,Ubisoft San Francisco,ubisoft-san-francisco,official,2026-09-05,company-credit-ps4-pal-high-additions-1,READY_ADD_MISSING
ps4-sparklite-signature-edition,Sparklite [Signature Edition],PAL España,standard,sparklite,sparklite,GAME_OR_UNKNOWN,DEVELOPER,developer,Red Blue Games,red-blue-games,Red Blue Games,EXACT_NAME_OR_ALIAS,,ADD_MISSING,HIGH,NO,EXACT_PHYSICAL_EDITION | GAME_WORK | GAME_WORK_OR_PS4_RELEASE | MATCHED_PS4_PRODUCT | PS4_RELEASE,5,LAUNCHBOX_GAMES_DB | PLAYSTATION_STORE_EXPLICIT_CREDIT | PRICECHARTING_EXACT_PAL_PAGE | STEAM_STORE | WIKIPEDIA_PS4_LIST,A_OFFICIAL_MATCHED_TITLE_CREDIT | B_EXACT_PHYSICAL | B_OTHER_PLATFORM | B_PS4_RELEASE | C_DISCOVERY,https://store.playstation.com/es-es/product/EP1121-CUSA13823_00-0000000000000000 | https://www.pricecharting.com/game/pal-playstation-4/sparklite-signature-edition | https://en.wikipedia.org/wiki/List_of_PlayStation_4_games_(M%E2%80%93Z) | https://store.steampowered.com/app/943140 | https://gamesdb.launchbox-app.com/games/details/473897,"Developed by Red Blue Games | La ficha enlazada de la edición física PAL atribuye el desarrollo a esta compañía. | La lista específica de PS4 atribuye el desarrollo a esta compañía. | La ficha comercial de Steam confirma la desarrolladora de la obra, no necesariamente el port de PS4. | LaunchBox registra esta desarrolladora para su ficha de PS4.",No propagar a ports o compilaciones sin comprobar sus créditos propios.,,,,,Red Blue Games,red-blue-games,official,2026-09-05,company-credit-ps4-pal-high-additions-1,READY_ADD_MISSING
ps4-sparklite-signature-edition,Sparklite [Signature Edition],PAL España,standard,sparklite,sparklite,GAME_OR_UNKNOWN,PHYSICAL_PUBLISHER_OR_DISTRIBUTOR,publisher,Merge Games,merge-games,Merge Games,EXACT_NAME_OR_ALIAS,,ADD_MISSING,HIGH,NO,EXACT_PHYSICAL_EDITION | PAL_RELEASE,2,PRICECHARTING_EXACT_PAL_PAGE | WIKIPEDIA_PS4_LIST_PAL,B_EXACT_PHYSICAL | B_PAL_RELEASE,https://www.pricecharting.com/game/pal-playstation-4/sparklite-signature-edition | https://en.wikipedia.org/wiki/List_of_PlayStation_4_games_(M%E2%80%93Z),La ficha exacta de la edición física PAL etiqueta a esta compañía como Publisher; puede representar publicación o distribución física. | La columna PAL de la lista de PS4 atribuye la publicación a esta compañía.,Confirmar si la etiqueta Publisher representa publicación o distribución en la caja PAL.,,,,,Merge Games,merge-games,pricecharting,2026-09-05,company-credit-ps4-pal-high-additions-1,READY_ADD_MISSING
ps4-spirit-of-the-north-signature-edition,Spirit of the North [Signature Edition],PAL España,standard,spirit of the north,spirit of the north,GAME_OR_UNKNOWN,DEVELOPER,developer,Infuse Studio,infuse-studio,Infuse Studio LLC | Infuse Studio,EXACT_NAME_OR_ALIAS,,ADD_MISSING,HIGH,NO,EXACT_PHYSICAL_EDITION | GAME_WORK | GAME_WORK_OR_PS4_RELEASE | MATCHED_PS4_PRODUCT,4,PLAYSTATION_STORE_EXPLICIT_CREDIT | PRICECHARTING_EXACT_PAL_PAGE | STEAM_STORE | WIKIPEDIA_PS4_LIST,A_OFFICIAL_MATCHED_TITLE_CREDIT | B_EXACT_PHYSICAL | B_OTHER_PLATFORM | B_PS4_RELEASE,https://store.playstation.com/es-es/product/EP3751-CUSA17576_00-SPIRITNORTH00001 | https://www.pricecharting.com/game/pal-playstation-4/spirit-of-the-north-signature-edition | https://en.wikipedia.org/wiki/List_of_PlayStation_4_games_(M%E2%80%93Z) | https://store.steampowered.com/app/1213700,"desarrollado y publicado por Infuse Studio LLC | La ficha enlazada de la edición física PAL atribuye el desarrollo a esta compañía. | La lista específica de PS4 atribuye el desarrollo a esta compañía. | La ficha comercial de Steam confirma la desarrolladora de la obra, no necesariamente el port de PS4.",No propagar a ports o compilaciones sin comprobar sus créditos propios.,,,,,Infuse Studio,infuse-studio,official,2026-09-05,company-credit-ps4-pal-high-additions-1,READY_ADD_MISSING
ps4-spongebob-squarepants-battle-for-bikini-bottom-rehydrated-shiny-edition,SpongeBob SquarePants Battle For Bikini Bottom Rehydrated [Shiny Edition],PAL España,standard,spongebob squarepants battle for bikini bottom rehydrated,spongebob squarepants battle for bikini bottom rehydrated,GAME_OR_UNKNOWN,DEVELOPER,developer,Purple Lamp Studios,purple-lamp-studios,Purple Lamp Studios GmbH | Purple Lamp Studios,EXACT_NAME_OR_ALIAS,,ADD_MISSING,HIGH,NO,GAME_WORK_OR_PS4_RELEASE | MATCHED_PS4_PRODUCT | PS4_RELEASE,3,LAUNCHBOX_GAMES_DB | PLAYSTATION_STORE_EXPLICIT_CREDIT | WIKIPEDIA_PS4_LIST,A_OFFICIAL_MATCHED_TITLE_CREDIT | B_PS4_RELEASE | C_DISCOVERY,https://store.playstation.com/es-es/product/EP4389-CUSA14909_00-SPONGEBOBBFBBEU0 | https://en.wikipedia.org/wiki/List_of_PlayStation_4_games_(M%E2%80%93Z) | https://gamesdb.launchbox-app.com/games/details/184097,"Developed by Purple Lamp Studios GmbH, Austria | La lista específica de PS4 atribuye el desarrollo a esta compañía. | LaunchBox registra esta desarrolladora para su ficha de PS4.",No propagar a ports o compilaciones sin comprobar sus créditos propios.,,,,,Purple Lamp Studios,purple-lamp-studios,official,2026-09-05,company-credit-ps4-pal-high-additions-1,READY_ADD_MISSING
ps4-star-renegades-collector%27s-edition,Star Renegades [Collector's Edition],PAL España,standard,star renegades,star renegades,EDITION_VARIANT,DEVELOPER,developer,"Massive Damage, Inc",massive-damage-inc,Massive Damage Inc.,EXACT_NAME_OR_ALIAS,,ADD_MISSING,HIGH,NO,GAME_WORK | GAME_WORK_OR_PS4_RELEASE,2,STEAM_STORE | WIKIPEDIA_PS4_LIST,B_OTHER_PLATFORM | B_PS4_RELEASE,https://en.wikipedia.org/wiki/List_of_PlayStation_4_games_(M%E2%80%93Z) | https://store.steampowered.com/app/651670,"La lista específica de PS4 atribuye el desarrollo a esta compañía. | La ficha comercial de Steam confirma la desarrolladora de la obra, no necesariamente el port de PS4.",No propagar a ports o compilaciones sin comprobar sus créditos propios.,,,,,"Massive Damage, Inc",massive-damage-inc,official,2026-09-05,company-credit-ps4-pal-high-additions-1,READY_ADD_MISSING
ps4-star-wars-battlefront-ii-elite-trooper-deluxed-edition,Star Wars Battlefront II [Elite Trooper Deluxed Edition],PAL España,standard,star wars battlefront ii,star wars battlefront ii,EDITION_VARIANT,DEVELOPER,developer,Dice,dice,DICE,EXACT_NAME_OR_ALIAS,,ADD_MISSING,HIGH,NO,GAME_WORK | GAME_WORK_OR_PS4_RELEASE,3,STEAM_STORE | WIKIDATA | WIKIPEDIA_PS4_LIST,B_OTHER_PLATFORM | B_PS4_RELEASE | C_DISCOVERY,https://en.wikipedia.org/wiki/List_of_PlayStation_4_games_(M%E2%80%93Z) | https://store.steampowered.com/app/1237950 | https://www.wikidata.org/wiki/Q29154231,"La lista específica de PS4 atribuye el desarrollo a esta compañía. | La ficha comercial de Steam confirma la desarrolladora de la obra, no necesariamente el port de PS4. | Wikidata registra la compañía como desarrolladora.",No propagar a ports o compilaciones sin comprobar sus créditos propios.,,,,,Dice,dice,official,2026-09-05,company-credit-ps4-pal-high-additions-1,READY_ADD_MISSING
ps4-star-wars-jedi-fallen-order-collector%27s-edition,Star Wars Jedi: Fallen Order [Collector's Edition],PAL España,standard,star wars jedi fallen order,star wars jedi fallen order,EDITION_VARIANT,DEVELOPER,developer,Respawn Entertainment,respawn-entertainment,Respawn Entertainment,EXACT_NAME_OR_ALIAS,,ADD_MISSING,HIGH,NO,GAME_WORK | GAME_WORK_OR_PS4_RELEASE,3,STEAM_STORE | WIKIDATA | WIKIPEDIA_PS4_LIST,B_OTHER_PLATFORM | B_PS4_RELEASE | C_DISCOVERY,https://en.wikipedia.org/wiki/List_of_PlayStation_4_games_(M%E2%80%93Z) | https://store.steampowered.com/app/1172380 | https://www.wikidata.org/wiki/Q55449345,"La lista específica de PS4 atribuye el desarrollo a esta compañía. | La ficha comercial de Steam confirma la desarrolladora de la obra, no necesariamente el port de PS4. | Wikidata registra la compañía como desarrolladora.",No propagar a ports o compilaciones sin comprobar sus créditos propios.,,,,,Respawn Entertainment,respawn-entertainment,official,2026-09-05,company-credit-ps4-pal-high-additions-1,READY_ADD_MISSING
ps4-star-wars-jedi-fallen-order-deluxe-edition,Star Wars Jedi: Fallen Order [Deluxe Edition],PAL España,standard,star wars jedi fallen order,star wars jedi fallen order,EDITION_VARIANT,DEVELOPER,developer,Respawn Entertainment,respawn-entertainment,Respawn Entertainment,EXACT_NAME_OR_ALIAS,,ADD_MISSING,HIGH,NO,EXACT_PHYSICAL_EDITION | GAME_WORK | GAME_WORK_OR_PS4_RELEASE | PS4_RELEASE,5,LAUNCHBOX_GAMES_DB | PRICECHARTING_EXACT_PAL_PAGE | STEAM_STORE | WIKIDATA | WIKIPEDIA_PS4_LIST,B_EXACT_PHYSICAL | B_OTHER_PLATFORM | B_PS4_RELEASE | C_DISCOVERY,https://www.pricecharting.com/game/pal-playstation-4/star-wars-jedi-fallen-order-deluxe-edition | https://en.wikipedia.org/wiki/List_of_PlayStation_4_games_(M%E2%80%93Z) | https://store.steampowered.com/app/1172380 | https://www.wikidata.org/wiki/Q55449345 | https://gamesdb.launchbox-app.com/games/details/452054,"La ficha enlazada de la edición física PAL atribuye el desarrollo a esta compañía. | La lista específica de PS4 atribuye el desarrollo a esta compañía. | La ficha comercial de Steam confirma la desarrolladora de la obra, no necesariamente el port de PS4. | Wikidata registra la compañía como desarrolladora. | LaunchBox registra esta desarrolladora para su ficha de PS4.",No propagar a ports o compilaciones sin comprobar sus créditos propios.,,,,,Respawn Entertainment,respawn-entertainment,official,2026-09-05,company-credit-ps4-pal-high-additions-1,READY_ADD_MISSING
ps4-star-wars-jedi-fallen-order-deluxe-edition,Star Wars Jedi: Fallen Order [Deluxe Edition],PAL España,standard,star wars jedi fallen order,star wars jedi fallen order,EDITION_VARIANT,PHYSICAL_PUBLISHER_OR_DISTRIBUTOR,publisher,Electronic Arts,electronic-arts,Electronic Arts,EXACT_NAME_OR_ALIAS,,ADD_MISSING,HIGH,NO,EXACT_PHYSICAL_EDITION | PAL_RELEASE,2,PRICECHARTING_EXACT_PAL_PAGE | WIKIPEDIA_PS4_LIST_PAL,B_EXACT_PHYSICAL | B_PAL_RELEASE,https://www.pricecharting.com/game/pal-playstation-4/star-wars-jedi-fallen-order-deluxe-edition | https://en.wikipedia.org/wiki/List_of_PlayStation_4_games_(M%E2%80%93Z),La ficha exacta de la edición física PAL etiqueta a esta compañía como Publisher; puede representar publicación o distribución física. | La columna PAL de la lista de PS4 atribuye la publicación a esta compañía.,Confirmar si la etiqueta Publisher representa publicación o distribución en la caja PAL.,,,,,Electronic Arts,electronic-arts,pricecharting,2026-09-05,company-credit-ps4-pal-high-additions-1,READY_ADD_MISSING
ps4-stardew-valley-collector%27s-edition,Stardew Valley [Collector's Edition],PAL España,standard,stardew valley,stardew valley,EDITION_VARIANT,DEVELOPER,developer,ConcernedApe,concernedape,ConcernedApe | ConcernedApe LLC,EXACT_NAME_OR_ALIAS,,ADD_MISSING,HIGH,NO,GAME_WORK | GAME_WORK_OR_PS4_RELEASE | PS4_RELEASE,4,LAUNCHBOX_GAMES_DB | STEAM_STORE | WIKIDATA | WIKIPEDIA_PS4_LIST,B_OTHER_PLATFORM | B_PS4_RELEASE | C_DISCOVERY,https://en.wikipedia.org/wiki/List_of_PlayStation_4_games_(M%E2%80%93Z) | https://store.steampowered.com/app/413150 | https://www.wikidata.org/wiki/Q23013817 | https://gamesdb.launchbox-app.com/games/details/140836,"La lista específica de PS4 atribuye el desarrollo a esta compañía. | La ficha comercial de Steam confirma la desarrolladora de la obra, no necesariamente el port de PS4. | Wikidata registra la compañía como desarrolladora. | LaunchBox registra esta desarrolladora para su ficha de PS4.",No propagar a ports o compilaciones sin comprobar sus créditos propios.,,,CUSA06829_00,,ConcernedApe,concernedape,official,2026-09-05,company-credit-ps4-pal-high-additions-1,READY_ADD_MISSING
ps4-starlink-battle-for-atlas,Starlink Battle For Atlas,PAL España,standard,starlink battle for atlas,starlink battle for atlas,GAME_OR_UNKNOWN,DEVELOPER,developer,Ubisoft Toronto,ubisoft-toronto,Ubisoft Toronto,EXACT_NAME_OR_ALIAS,,ADD_MISSING,HIGH,NO,GAME_WORK | GAME_WORK_OR_PS4_RELEASE | PS4_RELEASE,4,LAUNCHBOX_GAMES_DB | STEAM_STORE | WIKIDATA | WIKIPEDIA_PS4_LIST,B_OTHER_PLATFORM | B_PS4_RELEASE | C_DISCOVERY,https://en.wikipedia.org/wiki/List_of_PlayStation_4_games_(M%E2%80%93Z) | https://store.steampowered.com/app/950050 | https://www.wikidata.org/wiki/Q39058311 | https://gamesdb.launchbox-app.com/games/details/456501,"La lista específica de PS4 atribuye el desarrollo a esta compañía. | La ficha comercial de Steam confirma la desarrolladora de la obra, no necesariamente el port de PS4. | Wikidata registra la compañía como desarrolladora. | LaunchBox registra esta desarrolladora para su ficha de PS4.",No propagar a ports o compilaciones sin comprobar sus créditos propios.,,CUSA06938_00,,,Ubisoft Toronto,ubisoft-toronto,official,2026-09-05,company-credit-ps4-pal-high-additions-1,READY_ADD_MISSING
ps4-state-of-mind,State of Mind,PAL España,standard,state of mind,state of mind,GAME_OR_UNKNOWN,DEVELOPER,developer,Daedalic Entertainment,daedalic-entertainment,Daedalic Entertainment,EXACT_NAME_OR_ALIAS,,ADD_MISSING,HIGH,NO,GAME_WORK | GAME_WORK_OR_PS4_RELEASE | PS4_RELEASE,4,LAUNCHBOX_GAMES_DB | STEAM_STORE | WIKIDATA | WIKIPEDIA_PS4_LIST,B_OTHER_PLATFORM | B_PS4_RELEASE | C_DISCOVERY,https://en.wikipedia.org/wiki/List_of_PlayStation_4_games_(M%E2%80%93Z) | https://store.steampowered.com/app/437630 | https://www.wikidata.org/wiki/Q56299003 | https://gamesdb.launchbox-app.com/games/details/444238,"La lista específica de PS4 atribuye el desarrollo a esta compañía. | La ficha comercial de Steam confirma la desarrolladora de la obra, no necesariamente el port de PS4. | Wikidata registra la compañía como desarrolladora. | LaunchBox registra esta desarrolladora para su ficha de PS4.",No propagar a ports o compilaciones sin comprobar sus créditos propios.,,CUSA07791_00,,,Daedalic Entertainment,daedalic-entertainment,official,2026-09-05,company-credit-ps4-pal-high-additions-1,READY_ADD_MISSING
ps4-steep,Steep,PAL España,standard,steep,steep,GAME_OR_UNKNOWN,DEVELOPER,developer,Ubisoft Annecy,ubisoft-annecy,Ubisoft Annecy,EXACT_NAME_OR_ALIAS,,ADD_MISSING,HIGH,NO,GAME_WORK | GAME_WORK_OR_PS4_RELEASE | PS4_RELEASE,3,LAUNCHBOX_GAMES_DB | STEAM_STORE | WIKIPEDIA_PS4_LIST,B_OTHER_PLATFORM | B_PS4_RELEASE | C_DISCOVERY,https://en.wikipedia.org/wiki/List_of_PlayStation_4_games_(M%E2%80%93Z) | https://store.steampowered.com/app/460920 | https://gamesdb.launchbox-app.com/games/details/183145,"La lista específica de PS4 atribuye el desarrollo a esta compañía. | La ficha comercial de Steam confirma la desarrolladora de la obra, no necesariamente el port de PS4. | LaunchBox registra esta desarrolladora para su ficha de PS4.",No propagar a ports o compilaciones sin comprobar sus créditos propios.,,,,,Ubisoft Annecy,ubisoft-annecy,official,2026-09-05,company-credit-ps4-pal-high-additions-1,READY_ADD_MISSING
ps4-steep-special-edition,Steep [Special Edition],PAL España,standard,steep,steep,EDITION_VARIANT,DEVELOPER,developer,Ubisoft Annecy,ubisoft-annecy,Ubisoft Annecy,EXACT_NAME_OR_ALIAS,,ADD_MISSING,HIGH,NO,GAME_WORK | GAME_WORK_OR_PS4_RELEASE | PS4_RELEASE,3,LAUNCHBOX_GAMES_DB | STEAM_STORE | WIKIPEDIA_PS4_LIST,B_OTHER_PLATFORM | B_PS4_RELEASE | C_DISCOVERY,https://en.wikipedia.org/wiki/List_of_PlayStation_4_games_(M%E2%80%93Z) | https://store.steampowered.com/app/460920 | https://gamesdb.launchbox-app.com/games/details/183145,"La lista específica de PS4 atribuye el desarrollo a esta compañía. | La ficha comercial de Steam confirma la desarrolladora de la obra, no necesariamente el port de PS4. | LaunchBox registra esta desarrolladora para su ficha de PS4.",No propagar a ports o compilaciones sin comprobar sus créditos propios.,,,,,Ubisoft Annecy,ubisoft-annecy,official,2026-09-05,company-credit-ps4-pal-high-additions-1,READY_ADD_MISSING
ps4-stellaris-console-edition,Stellaris [Console Edition],PAL España,standard,stellaris,stellaris,GAME_OR_UNKNOWN,PHYSICAL_PUBLISHER_OR_DISTRIBUTOR,publisher,Paradox Interactive,paradox-interactive,Paradox Interactive,EXACT_NAME_OR_ALIAS,,ADD_MISSING,HIGH,NO,EXACT_PHYSICAL_EDITION | PAL_RELEASE,2,PRICECHARTING_EXACT_PAL_PAGE | WIKIPEDIA_PS4_LIST_PAL,B_EXACT_PHYSICAL | B_PAL_RELEASE,https://www.pricecharting.com/game/pal-playstation-4/stellaris-console-edition | https://en.wikipedia.org/wiki/List_of_PlayStation_4_games_(M%E2%80%93Z),La ficha exacta de la edición física PAL etiqueta a esta compañía como Publisher; puede representar publicación o distribución física. | La columna PAL de la lista de PS4 atribuye la publicación a esta compañía.,Confirmar si la etiqueta Publisher representa publicación o distribución en la caja PAL.,,,,,Paradox Interactive,paradox-interactive,pricecharting,2026-09-05,company-credit-ps4-pal-high-additions-1,READY_ADD_MISSING
ps4-stranded-sails-explorers-of-the-cursed-islands-signature-edition,Stranded Sails: Explorers of the Cursed Islands [Signature Edition],PAL España,standard,stranded sails explorers of the cursed islands,stranded sails explorers of the cursed islands,GAME_OR_UNKNOWN,PHYSICAL_PUBLISHER_OR_DISTRIBUTOR,publisher,Merge Games,merge-games,Merge Games,EXACT_NAME_OR_ALIAS,,ADD_MISSING,HIGH,NO,EXACT_PHYSICAL_EDITION | PAL_RELEASE,2,PRICECHARTING_EXACT_PAL_PAGE | WIKIPEDIA_PS4_LIST_PAL,B_EXACT_PHYSICAL | B_PAL_RELEASE,https://www.pricecharting.com/game/pal-playstation-4/stranded-sails-explorers-of-the-cursed-islands-signature-edition | https://en.wikipedia.org/wiki/List_of_PlayStation_4_games_(M%E2%80%93Z),La ficha exacta de la edición física PAL etiqueta a esta compañía como Publisher; puede representar publicación o distribución física. | La columna PAL de la lista de PS4 atribuye la publicación a esta compañía.,Confirmar si la etiqueta Publisher representa publicación o distribución en la caja PAL.,,,,,Merge Games,merge-games,pricecharting,2026-09-05,company-credit-ps4-pal-high-additions-1,READY_ADD_MISSING
ps4-strange-brigade,Strange Brigade,PAL España,standard,strange brigade,strange brigade,GAME_OR_UNKNOWN,DEVELOPER,developer,Rebellion,rebellion,Rebellion,EXACT_NAME_OR_ALIAS,,ADD_MISSING,HIGH,NO,GAME_WORK | GAME_WORK_OR_PS4_RELEASE,2,STEAM_STORE | WIKIPEDIA_PS4_LIST,B_OTHER_PLATFORM | B_PS4_RELEASE,https://en.wikipedia.org/wiki/List_of_PlayStation_4_games_(M%E2%80%93Z) | https://store.steampowered.com/app/312670,"La lista específica de PS4 atribuye el desarrollo a esta compañía. | La ficha comercial de Steam confirma la desarrolladora de la obra, no necesariamente el port de PS4.",No propagar a ports o compilaciones sin comprobar sus créditos propios.,,CUSA07905_00,,,Rebellion,rebellion,official,2026-09-05,company-credit-ps4-pal-high-additions-1,READY_ADD_MISSING
ps4-strange-brigade-collector%27s-edition,Strange Brigade [Collector's Edition],PAL España,standard,strange brigade,strange brigade,EDITION_VARIANT,DEVELOPER,developer,Rebellion,rebellion,Rebellion,EXACT_NAME_OR_ALIAS,,ADD_MISSING,HIGH,NO,GAME_WORK | GAME_WORK_OR_PS4_RELEASE,2,STEAM_STORE | WIKIPEDIA_PS4_LIST,B_OTHER_PLATFORM | B_PS4_RELEASE,https://en.wikipedia.org/wiki/List_of_PlayStation_4_games_(M%E2%80%93Z) | https://store.steampowered.com/app/312670,"La lista específica de PS4 atribuye el desarrollo a esta compañía. | La ficha comercial de Steam confirma la desarrolladora de la obra, no necesariamente el port de PS4.",No propagar a ports o compilaciones sin comprobar sus créditos propios.,,,,,Rebellion,rebellion,official,2026-09-05,company-credit-ps4-pal-high-additions-1,READY_ADD_MISSING
ps4-street-fighter-6-collector%27s-edition,Street Fighter 6 [Collector's Edition],PAL España,standard,street fighter 6,street fighter 6,EDITION_VARIANT,DEVELOPER,developer,Capcom,capcom,Capcom | CAPCOM Co Ltd.,EXACT_NAME_OR_ALIAS,,ADD_MISSING,HIGH,NO,GAME_WORK | GAME_WORK_OR_PS4_RELEASE | PS4_RELEASE,4,LAUNCHBOX_GAMES_DB | STEAM_STORE | WIKIDATA | WIKIPEDIA_PS4_LIST,B_OTHER_PLATFORM | B_PS4_RELEASE | C_DISCOVERY,https://en.wikipedia.org/wiki/List_of_PlayStation_4_games_(M%E2%80%93Z) | https://store.steampowered.com/app/1364780 | https://www.wikidata.org/wiki/Q110999026 | https://gamesdb.launchbox-app.com/games/details/441525,"La lista específica de PS4 atribuye el desarrollo a esta compañía. | La ficha comercial de Steam confirma la desarrolladora de la obra, no necesariamente el port de PS4. | Wikidata registra la compañía como desarrolladora. | LaunchBox registra esta desarrolladora para su ficha de PS4.",No propagar a ports o compilaciones sin comprobar sus créditos propios.,,,,,Capcom,capcom,official,2026-09-05,company-credit-ps4-pal-high-additions-1,READY_ADD_MISSING
ps4-street-fighter-6-steelbook-edition,Street Fighter 6 [Steelbook Edition],PAL España,standard,street fighter 6,street fighter 6,EDITION_VARIANT,DEVELOPER,developer,Capcom,capcom,Capcom | CAPCOM Co Ltd.,EXACT_NAME_OR_ALIAS,,ADD_MISSING,HIGH,NO,GAME_WORK | GAME_WORK_OR_PS4_RELEASE | PS4_RELEASE,4,LAUNCHBOX_GAMES_DB | STEAM_STORE | WIKIDATA | WIKIPEDIA_PS4_LIST,B_OTHER_PLATFORM | B_PS4_RELEASE | C_DISCOVERY,https://en.wikipedia.org/wiki/List_of_PlayStation_4_games_(M%E2%80%93Z) | https://store.steampowered.com/app/1364780 | https://www.wikidata.org/wiki/Q110999026 | https://gamesdb.launchbox-app.com/games/details/441525,"La lista específica de PS4 atribuye el desarrollo a esta compañía. | La ficha comercial de Steam confirma la desarrolladora de la obra, no necesariamente el port de PS4. | Wikidata registra la compañía como desarrolladora. | LaunchBox registra esta desarrolladora para su ficha de PS4.",No propagar a ports o compilaciones sin comprobar sus créditos propios.,,,,,Capcom,capcom,official,2026-09-05,company-credit-ps4-pal-high-additions-1,READY_ADD_MISSING
ps4-street-fighter-v-champion-edition,Street Fighter V [Champion Edition],PAL España,standard,street fighter v,street fighter v,GAME_OR_UNKNOWN,DEVELOPER,developer,Capcom,capcom,Capcom | CAPCOM Co Ltd.,EXACT_NAME_OR_ALIAS,,ADD_MISSING,HIGH,NO,EXACT_PHYSICAL_EDITION | GAME_WORK | GAME_WORK_OR_PS4_RELEASE | PS4_RELEASE,5,LAUNCHBOX_GAMES_DB | PRICECHARTING_EXACT_PAL_PAGE | STEAM_STORE | WIKIDATA | WIKIPEDIA_PS4_LIST,B_EXACT_PHYSICAL | B_OTHER_PLATFORM | B_PS4_RELEASE | C_DISCOVERY,https://www.pricecharting.com/game/pal-playstation-4/street-fighter-v-champion-edition | https://en.wikipedia.org/wiki/List_of_PlayStation_4_games_(M%E2%80%93Z) | https://store.steampowered.com/app/310950 | https://www.wikidata.org/wiki/Q104830848 | https://gamesdb.launchbox-app.com/games/details/194412,"La ficha enlazada de la edición física PAL atribuye el desarrollo a esta compañía. | La lista específica de PS4 atribuye el desarrollo a esta compañía. | La ficha comercial de Steam confirma la desarrolladora de la obra, no necesariamente el port de PS4. | Wikidata registra la compañía como desarrolladora. | LaunchBox registra esta desarrolladora para su ficha de PS4.",No propagar a ports o compilaciones sin comprobar sus créditos propios.,,,,,Capcom,capcom,official,2026-09-05,company-credit-ps4-pal-high-additions-1,READY_ADD_MISSING
ps4-street-fighter-v-champion-edition,Street Fighter V [Champion Edition],PAL España,standard,street fighter v,street fighter v,GAME_OR_UNKNOWN,PHYSICAL_PUBLISHER_OR_DISTRIBUTOR,publisher,Capcom,capcom,Capcom,EXACT_NAME_OR_ALIAS,,ADD_MISSING,HIGH,NO,EXACT_PHYSICAL_EDITION | PAL_RELEASE,2,PRICECHARTING_EXACT_PAL_PAGE | WIKIPEDIA_PS4_LIST_PAL,B_EXACT_PHYSICAL | B_PAL_RELEASE,https://www.pricecharting.com/game/pal-playstation-4/street-fighter-v-champion-edition | https://en.wikipedia.org/wiki/List_of_PlayStation_4_games_(M%E2%80%93Z),La ficha exacta de la edición física PAL etiqueta a esta compañía como Publisher; puede representar publicación o distribución física. | La columna PAL de la lista de PS4 atribuye la publicación a esta compañía.,Confirmar si la etiqueta Publisher representa publicación o distribución en la caja PAL.,,,,,Capcom,capcom,pricecharting,2026-09-05,company-credit-ps4-pal-high-additions-1,READY_ADD_MISSING
ps4-street-fighter-v-limited-steelbook-edition,Street Fighter V [Limited Steelbook Edition],PAL España,standard,street fighter v,street fighter v,EDITION_VARIANT,DEVELOPER,developer,Capcom,capcom,Capcom | CAPCOM Co Ltd.,EXACT_NAME_OR_ALIAS,,ADD_MISSING,HIGH,NO,GAME_WORK | GAME_WORK_OR_PS4_RELEASE | PS4_RELEASE,4,LAUNCHBOX_GAMES_DB | STEAM_STORE | WIKIDATA | WIKIPEDIA_PS4_LIST,B_OTHER_PLATFORM | B_PS4_RELEASE | C_DISCOVERY,https://en.wikipedia.org/wiki/List_of_PlayStation_4_games_(M%E2%80%93Z) | https://store.steampowered.com/app/310950 | https://www.wikidata.org/wiki/Q18608589 | https://gamesdb.launchbox-app.com/games/details/31573,"La lista específica de PS4 atribuye el desarrollo a esta compañía. | La ficha comercial de Steam confirma la desarrolladora de la obra, no necesariamente el port de PS4. | Wikidata registra la compañía como desarrolladora. | LaunchBox registra esta desarrolladora para su ficha de PS4.",No propagar a ports o compilaciones sin comprobar sus créditos propios.,,,,,Capcom,capcom,official,2026-09-05,company-credit-ps4-pal-high-additions-1,READY_ADD_MISSING
ps4-street-fighter-v-playstation-hits,Street Fighter V [Playstation Hits],PAL España,standard,street fighter v,street fighter v,EDITION_VARIANT,PHYSICAL_PUBLISHER_OR_DISTRIBUTOR,publisher,Capcom,capcom,Capcom,EXACT_NAME_OR_ALIAS,,ADD_MISSING,HIGH,NO,EXACT_PHYSICAL_EDITION | PAL_RELEASE,2,PRICECHARTING_EXACT_PAL_PAGE | WIKIPEDIA_PS4_LIST_PAL,B_EXACT_PHYSICAL | B_PAL_RELEASE,https://www.pricecharting.com/game/pal-playstation-4/street-fighter-v-playstation-hits | https://en.wikipedia.org/wiki/List_of_PlayStation_4_games_(M%E2%80%93Z),La ficha exacta de la edición física PAL etiqueta a esta compañía como Publisher; puede representar publicación o distribución física. | La columna PAL de la lista de PS4 atribuye la publicación a esta compañía.,Confirmar si la etiqueta Publisher representa publicación o distribución en la caja PAL.,,,,,Capcom,capcom,pricecharting,2026-09-05,company-credit-ps4-pal-high-additions-1,READY_ADD_MISSING
ps4-super-neptunia-rpg-limited-edition,Super Neptunia RPG [Limited Edition],PAL España,standard,super neptunia rpg,super neptunia rpg,EDITION_VARIANT,DEVELOPER,developer,Artisan Studios,artisan-studios,Artisan Studios,EXACT_NAME_OR_ALIAS,,ADD_MISSING,HIGH,NO,EXACT_PHYSICAL_EDITION | GAME_WORK | GAME_WORK_OR_PS4_RELEASE,4,PRICECHARTING_EXACT_PAL_PAGE | STEAM_STORE | WIKIDATA | WIKIPEDIA_PS4_LIST,B_EXACT_PHYSICAL | B_OTHER_PLATFORM | B_PS4_RELEASE | C_DISCOVERY,https://www.pricecharting.com/game/pal-playstation-4/super-neptunia-rpg-limited-edition | https://en.wikipedia.org/wiki/List_of_PlayStation_4_games_(M%E2%80%93Z) | https://store.steampowered.com/app/1016960 | https://www.wikidata.org/wiki/Q55530120,"La ficha enlazada de la edición física PAL atribuye el desarrollo a esta compañía. | La lista específica de PS4 atribuye el desarrollo a esta compañía. | La ficha comercial de Steam confirma la desarrolladora de la obra, no necesariamente el port de PS4. | Wikidata registra la compañía como desarrolladora.",No propagar a ports o compilaciones sin comprobar sus créditos propios.,,,,,Artisan Studios,artisan-studios,official,2026-09-05,company-credit-ps4-pal-high-additions-1,READY_ADD_MISSING
ps4-superepic-the-entertainment-war-badge-edition,SuperEpic: The Entertainment War [Badge Edition],PAL España,standard,superepic the entertainment war,superepic the entertainment war,GAME_OR_UNKNOWN,DEVELOPER,developer,Undercoders,undercoders,Undercoders,EXACT_NAME_OR_ALIAS,,ADD_MISSING,HIGH,NO,GAME_WORK | GAME_WORK_OR_PS4_RELEASE,2,STEAM_STORE | WIKIPEDIA_PS4_LIST,B_OTHER_PLATFORM | B_PS4_RELEASE,https://en.wikipedia.org/wiki/List_of_PlayStation_4_games_(M%E2%80%93Z) | https://store.steampowered.com/app/1163560,"La lista específica de PS4 atribuye el desarrollo a esta compañía. | La ficha comercial de Steam confirma la desarrolladora de la obra, no necesariamente el port de PS4.",No propagar a ports o compilaciones sin comprobar sus créditos propios.,,,,,Undercoders,undercoders,official,2026-09-05,company-credit-ps4-pal-high-additions-1,READY_ADD_MISSING
ps4-superepic-the-entertainment-war-special-limited-edition,SuperEpic: The Entertainment War [Special Limited Edition],PAL España,standard,superepic the entertainment war,superepic the entertainment war,EDITION_VARIANT,DEVELOPER,developer,Undercoders,undercoders,Undercoders,EXACT_NAME_OR_ALIAS,,ADD_MISSING,HIGH,NO,GAME_WORK | GAME_WORK_OR_PS4_RELEASE,2,STEAM_STORE | WIKIPEDIA_PS4_LIST,B_OTHER_PLATFORM | B_PS4_RELEASE,https://en.wikipedia.org/wiki/List_of_PlayStation_4_games_(M%E2%80%93Z) | https://store.steampowered.com/app/1163560,"La lista específica de PS4 atribuye el desarrollo a esta compañía. | La ficha comercial de Steam confirma la desarrolladora de la obra, no necesariamente el port de PS4.",No propagar a ports o compilaciones sin comprobar sus créditos propios.,,,CUSA17863_00,,Undercoders,undercoders,official,2026-09-05,company-credit-ps4-pal-high-additions-1,READY_ADD_MISSING
ps4-sword-art-online-fatal-bullet-collector%27s-edition,Sword Art Online: Fatal Bullet [Collector's Edition],PAL España,standard,sword art online fatal bullet,sword art online fatal bullet,EDITION_VARIANT,DEVELOPER,developer,Dimps Corporation,dimps-corporation,Dimps | Dimps Corporation,EXACT_NAME_OR_ALIAS,,ADD_MISSING,HIGH,NO,GAME_WORK | GAME_WORK_OR_PS4_RELEASE | PS4_RELEASE,4,LAUNCHBOX_GAMES_DB | STEAM_STORE | WIKIDATA | WIKIPEDIA_PS4_LIST,B_OTHER_PLATFORM | B_PS4_RELEASE | C_DISCOVERY,https://en.wikipedia.org/wiki/List_of_PlayStation_4_games_(M%E2%80%93Z) | https://store.steampowered.com/app/626690 | https://www.wikidata.org/wiki/Q56274106 | https://gamesdb.launchbox-app.com/games/details/156600,"La lista específica de PS4 atribuye el desarrollo a esta compañía. | La ficha comercial de Steam confirma la desarrolladora de la obra, no necesariamente el port de PS4. | Wikidata registra la compañía como desarrolladora. | LaunchBox registra esta desarrolladora para su ficha de PS4.",No propagar a ports o compilaciones sin comprobar sus créditos propios.,,,,,Dimps Corporation,dimps-corporation,official,2026-09-05,company-credit-ps4-pal-high-additions-1,READY_ADD_MISSING
ps4-sword-art-online-fatal-bullet-complete-edition,Sword Art Online Fatal Bullet [Complete Edition],PAL España,standard,sword art online fatal bullet,sword art online fatal bullet,GAME_OR_UNKNOWN,DEVELOPER,developer,Dimps Corporation,dimps-corporation,Dimps | Dimps Corporation,EXACT_NAME_OR_ALIAS,,ADD_MISSING,HIGH,NO,GAME_WORK | GAME_WORK_OR_PS4_RELEASE | PS4_RELEASE,4,LAUNCHBOX_GAMES_DB | STEAM_STORE | WIKIDATA | WIKIPEDIA_PS4_LIST,B_OTHER_PLATFORM | B_PS4_RELEASE | C_DISCOVERY,https://en.wikipedia.org/wiki/List_of_PlayStation_4_games_(M%E2%80%93Z) | https://store.steampowered.com/app/626690 | https://www.wikidata.org/wiki/Q56274106 | https://gamesdb.launchbox-app.com/games/details/156600,"La lista específica de PS4 atribuye el desarrollo a esta compañía. | La ficha comercial de Steam confirma la desarrolladora de la obra, no necesariamente el port de PS4. | Wikidata registra la compañía como desarrolladora. | LaunchBox registra esta desarrolladora para su ficha de PS4.",No propagar a ports o compilaciones sin comprobar sus créditos propios.,,,,,Dimps Corporation,dimps-corporation,official,2026-09-05,company-credit-ps4-pal-high-additions-1,READY_ADD_MISSING
ps4-sword-art-online-last-recollection,Sword Art Online: Last Recollection,PAL España,standard,sword art online last recollection,sword art online last recollection,GAME_OR_UNKNOWN,DEVELOPER,developer,Aquria,aquria,Aquria | AQURIA Co Ltd.,EXACT_NAME_OR_ALIAS,,ADD_MISSING,HIGH,NO,GAME_WORK | GAME_WORK_OR_PS4_RELEASE,2,STEAM_STORE | WIKIPEDIA_PS4_LIST,B_OTHER_PLATFORM | B_PS4_RELEASE,https://en.wikipedia.org/wiki/List_of_PlayStation_4_games_(M%E2%80%93Z) | https://store.steampowered.com/app/1566880,"La lista específica de PS4 atribuye el desarrollo a esta compañía. | La ficha comercial de Steam confirma la desarrolladora de la obra, no necesariamente el port de PS4.",No propagar a ports o compilaciones sin comprobar sus créditos propios.,,CUSA32807_00,,,Aquria,aquria,official,2026-09-05,company-credit-ps4-pal-high-additions-1,READY_ADD_MISSING
ps4-sword-of-the-necromancer-ultra-collector%27s-edition,Sword of the Necromancer [Ultra Collector's Edition],PAL España,standard,sword of the necromancer,sword of the necromancer,EDITION_VARIANT,DEVELOPER,developer,Grimorio of Games,grimorio-of-games,Grimorio of Games,EXACT_NAME_OR_ALIAS,,ADD_MISSING,HIGH,NO,EXACT_PHYSICAL_EDITION | GAME_WORK | GAME_WORK_OR_PS4_RELEASE | PS4_RELEASE,4,LAUNCHBOX_GAMES_DB | PRICECHARTING_EXACT_PAL_PAGE | STEAM_STORE | WIKIPEDIA_PS4_LIST,B_EXACT_PHYSICAL | B_OTHER_PLATFORM | B_PS4_RELEASE | C_DISCOVERY,https://www.pricecharting.com/game/pal-playstation-4/sword-of-the-necromancer-ultra-collector%27s-edition | https://en.wikipedia.org/wiki/List_of_PlayStation_4_games_(M%E2%80%93Z) | https://store.steampowered.com/app/1243890 | https://gamesdb.launchbox-app.com/games/details/476898,"La ficha enlazada de la edición física PAL atribuye el desarrollo a esta compañía. | La lista específica de PS4 atribuye el desarrollo a esta compañía. | La ficha comercial de Steam confirma la desarrolladora de la obra, no necesariamente el port de PS4. | LaunchBox registra esta desarrolladora para su ficha de PS4.",No propagar a ports o compilaciones sin comprobar sus créditos propios.,,,,,Grimorio of Games,grimorio-of-games,official,2026-09-05,company-credit-ps4-pal-high-additions-1,READY_ADD_MISSING
ps4-sword-of-the-necromancer-ultra-collector%27s-edition,Sword of the Necromancer [Ultra Collector's Edition],PAL España,standard,sword of the necromancer,sword of the necromancer,EDITION_VARIANT,PHYSICAL_PUBLISHER_OR_DISTRIBUTOR,publisher,JanduSoft,jandusoft,JanduSoft,EXACT_NAME_OR_ALIAS,,ADD_MISSING,HIGH,NO,EXACT_PHYSICAL_EDITION | PAL_RELEASE,2,PRICECHARTING_EXACT_PAL_PAGE | WIKIPEDIA_PS4_LIST_PAL,B_EXACT_PHYSICAL | B_PAL_RELEASE,https://www.pricecharting.com/game/pal-playstation-4/sword-of-the-necromancer-ultra-collector%27s-edition | https://en.wikipedia.org/wiki/List_of_PlayStation_4_games_(M%E2%80%93Z),La ficha exacta de la edición física PAL etiqueta a esta compañía como Publisher; puede representar publicación o distribución física. | La columna PAL de la lista de PS4 atribuye la publicación a esta compañía.,Confirmar si la etiqueta Publisher representa publicación o distribución en la caja PAL.,,,,,JanduSoft,jandusoft,pricecharting,2026-09-05,company-credit-ps4-pal-high-additions-1,READY_ADD_MISSING
ps4-tales-of-arise-collector%27s-edition,Tales Of Arise [Collector's Edition],PAL España,standard,tales of arise,tales of arise,EDITION_VARIANT,DEVELOPER,developer,Bandai Namco Studios,bandai-namco-studios,Bandai Namco Studios | Bandai Namco Studios Inc.,EXACT_NAME_OR_ALIAS,,ADD_MISSING,HIGH,NO,GAME_WORK | GAME_WORK_OR_PS4_RELEASE,2,STEAM_STORE | WIKIPEDIA_PS4_LIST,B_OTHER_PLATFORM | B_PS4_RELEASE,https://en.wikipedia.org/wiki/List_of_PlayStation_4_games_(M%E2%80%93Z) | https://store.steampowered.com/app/740130,"La lista específica de PS4 atribuye el desarrollo a esta compañía. | La ficha comercial de Steam confirma la desarrolladora de la obra, no necesariamente el port de PS4.",No propagar a ports o compilaciones sin comprobar sus créditos propios.,,,,,Bandai Namco Studios,bandai-namco-studios,official,2026-09-05,company-credit-ps4-pal-high-additions-1,READY_ADD_MISSING
ps4-tales-of-vesperia-definitive-edition-premium-edition,Tales Of Vesperia Definitive Edition [Premium Edition],PAL España,standard,tales of vesperia definitive edition,tales of vesperia,EDITION_VARIANT,PHYSICAL_PUBLISHER_OR_DISTRIBUTOR,publisher,Bandai Namco Entertainment,bandai-namco-entertainment,Bandai Namco Entertainment,EXACT_NAME_OR_ALIAS,,ADD_MISSING,HIGH,NO,EXACT_PHYSICAL_EDITION | PAL_RELEASE,2,PRICECHARTING_EXACT_PAL_PAGE | WIKIPEDIA_PS4_LIST_PAL,B_EXACT_PHYSICAL | B_PAL_RELEASE,https://www.pricecharting.com/game/pal-playstation-4/tales-of-vesperia-definitive-edition-premium-edition | https://en.wikipedia.org/wiki/List_of_PlayStation_4_games_(M%E2%80%93Z),La ficha exacta de la edición física PAL etiqueta a esta compañía como Publisher; puede representar publicación o distribución física. | La columna PAL de la lista de PS4 atribuye la publicación a esta compañía.,Confirmar si la etiqueta Publisher representa publicación o distribución en la caja PAL.,,,CUSA12287_00,,Bandai Namco Entertainment,bandai-namco-entertainment,pricecharting,2026-09-05,company-credit-ps4-pal-high-additions-1,READY_ADD_MISSING
ps4-team-sonic-racing-30th-anniversary-edition,Team Sonic Racing [30th Anniversary Edition],PAL España,standard,team sonic racing,team sonic racing,EDITION_VARIANT,DEVELOPER,developer,SUMO Digital,sumo-digital,Sumo Digital Limited | Sumo Digital,EXACT_NAME_OR_ALIAS,,ADD_MISSING,HIGH,NO,EXACT_PHYSICAL_EDITION | GAME_WORK | GAME_WORK_OR_PS4_RELEASE | MATCHED_PS4_PRODUCT | PS4_RELEASE,6,LAUNCHBOX_GAMES_DB | PLAYSTATION_STORE_EXPLICIT_CREDIT | PRICECHARTING_EXACT_PAL_PAGE | STEAM_STORE | WIKIDATA | WIKIPEDIA_PS4_LIST,A_OFFICIAL_MATCHED_TITLE_CREDIT | B_EXACT_PHYSICAL | B_OTHER_PLATFORM | B_PS4_RELEASE | C_DISCOVERY,https://store.playstation.com/es-es/product/EP0177-CUSA11115_00-TEAMSONICRACING1 | https://www.pricecharting.com/game/pal-playstation-4/team-sonic-racing-30th-anniversary-edition | https://en.wikipedia.org/wiki/List_of_PlayStation_4_games_(M%E2%80%93Z) | https://store.steampowered.com/app/785260 | https://www.wikidata.org/wiki/Q54497313 | https://gamesdb.launchbox-app.com/games/details/165708,"Developed by Sumo Digital Limited, a subsidiary of Sumo Group plc | La ficha enlazada de la edición física PAL atribuye el desarrollo a esta compañía. | La lista específica de PS4 atribuye el desarrollo a esta compañía. | La ficha comercial de Steam confirma la desarrolladora de la obra, no necesariamente el port de PS4. | Wikidata registra la compañía como desarrolladora. | LaunchBox registra esta desarrolladora para su ficha de PS4.",No propagar a ports o compilaciones sin comprobar sus créditos propios.,,,,,SUMO Digital,sumo-digital,official,2026-09-05,company-credit-ps4-pal-high-additions-1,READY_ADD_MISSING
ps4-team-sonic-racing-special-edition,Team Sonic Racing [Special Edition],PAL España,standard,team sonic racing,team sonic racing,EDITION_VARIANT,DEVELOPER,developer,SUMO Digital,sumo-digital,Sumo Digital Limited | Sumo Digital,EXACT_NAME_OR_ALIAS,,ADD_MISSING,HIGH,NO,EXACT_PHYSICAL_EDITION | GAME_WORK | GAME_WORK_OR_PS4_RELEASE | MATCHED_PS4_PRODUCT | PS4_RELEASE,6,LAUNCHBOX_GAMES_DB | PLAYSTATION_STORE_EXPLICIT_CREDIT | PRICECHARTING_EXACT_PAL_PAGE | STEAM_STORE | WIKIDATA | WIKIPEDIA_PS4_LIST,A_OFFICIAL_MATCHED_TITLE_CREDIT | B_EXACT_PHYSICAL | B_OTHER_PLATFORM | B_PS4_RELEASE | C_DISCOVERY,https://store.playstation.com/es-es/product/EP0177-CUSA11115_00-TEAMSONICRACING1 | https://www.pricecharting.com/game/pal-playstation-4/team-sonic-racing-special-edition | https://en.wikipedia.org/wiki/List_of_PlayStation_4_games_(M%E2%80%93Z) | https://store.steampowered.com/app/785260 | https://www.wikidata.org/wiki/Q54497313 | https://gamesdb.launchbox-app.com/games/details/165708,"Developed by Sumo Digital Limited, a subsidiary of Sumo Group plc | La ficha enlazada de la edición física PAL atribuye el desarrollo a esta compañía. | La lista específica de PS4 atribuye el desarrollo a esta compañía. | La ficha comercial de Steam confirma la desarrolladora de la obra, no necesariamente el port de PS4. | Wikidata registra la compañía como desarrolladora. | LaunchBox registra esta desarrolladora para su ficha de PS4.",No propagar a ports o compilaciones sin comprobar sus créditos propios.,,,,,SUMO Digital,sumo-digital,official,2026-09-05,company-credit-ps4-pal-high-additions-1,READY_ADD_MISSING
ps4-team-sonic-racing-special-edition,Team Sonic Racing [Special Edition],PAL España,standard,team sonic racing,team sonic racing,EDITION_VARIANT,PHYSICAL_PUBLISHER_OR_DISTRIBUTOR,publisher,Sega,sega,Sega,EXACT_NAME_OR_ALIAS,,ADD_MISSING,HIGH,NO,EXACT_PHYSICAL_EDITION | PAL_RELEASE,2,PRICECHARTING_EXACT_PAL_PAGE | WIKIPEDIA_PS4_LIST_PAL,B_EXACT_PHYSICAL | B_PAL_RELEASE,https://www.pricecharting.com/game/pal-playstation-4/team-sonic-racing-special-edition | https://en.wikipedia.org/wiki/List_of_PlayStation_4_games_(M%E2%80%93Z),La ficha exacta de la edición física PAL etiqueta a esta compañía como Publisher; puede representar publicación o distribución física. | La columna PAL de la lista de PS4 atribuye la publicación a esta compañía.,Confirmar si la etiqueta Publisher representa publicación o distribución en la caja PAL.,,,,,Sega,sega,pricecharting,2026-09-05,company-credit-ps4-pal-high-additions-1,READY_ADD_MISSING
ps4-tearaway-unfolded-messenger-edition,Tearaway Unfolded [Messenger Edition],PAL España,standard,tearaway unfolded,tearaway unfolded,GAME_OR_UNKNOWN,DEVELOPER,developer,Media Molecule,media-molecule,Media Molecule,EXACT_NAME_OR_ALIAS,,ADD_MISSING,HIGH,NO,EXACT_PHYSICAL_EDITION | GAME_WORK_OR_PS4_RELEASE | MATCHED_PS4_PRODUCT,3,PLAYSTATION_STORE_EXPLICIT_CREDIT | PRICECHARTING_EXACT_PAL_PAGE | WIKIPEDIA_PS4_LIST,A_OFFICIAL_MATCHED_TITLE_CREDIT | B_EXACT_PHYSICAL | B_PS4_RELEASE,https://store.playstation.com/es-es/product/EP9000-CUSA00562_00-TEARAWAYUNFOLDED | https://www.pricecharting.com/game/pal-playstation-4/tearaway-unfolded-messenger-edition | https://en.wikipedia.org/wiki/List_of_PlayStation_4_games_(M%E2%80%93Z),Developed by Media Molecule | La ficha enlazada de la edición física PAL atribuye el desarrollo a esta compañía. | La lista específica de PS4 atribuye el desarrollo a esta compañía.,No propagar a ports o compilaciones sin comprobar sus créditos propios.,,,CUSA00562_00,,Media Molecule,media-molecule,official,2026-09-05,company-credit-ps4-pal-high-additions-1,READY_ADD_MISSING
ps4-tearaway-unfolded-special-edition,Tearaway Unfolded [Special Edition],PAL España,standard,tearaway unfolded,tearaway unfolded,EDITION_VARIANT,DEVELOPER,developer,Media Molecule,media-molecule,Media Molecule,EXACT_NAME_OR_ALIAS,,ADD_MISSING,HIGH,NO,GAME_WORK_OR_PS4_RELEASE | MATCHED_PS4_PRODUCT,2,PLAYSTATION_STORE_EXPLICIT_CREDIT | WIKIPEDIA_PS4_LIST,A_OFFICIAL_MATCHED_TITLE_CREDIT | B_PS4_RELEASE,https://store.playstation.com/es-es/product/EP9000-CUSA00562_00-TEARAWAYUNFOLDED | https://en.wikipedia.org/wiki/List_of_PlayStation_4_games_(M%E2%80%93Z),Developed by Media Molecule | La lista específica de PS4 atribuye el desarrollo a esta compañía.,No propagar a ports o compilaciones sin comprobar sus créditos propios.,,,,,Media Molecule,media-molecule,official,2026-09-05,company-credit-ps4-pal-high-additions-1,READY_ADD_MISSING
ps4-teenage-mutant-ninja-turtles-arcade-wrath-of-the-mutants,Teenage Mutant Ninja Turtles Arcade: Wrath Of The Mutants,PAL España,standard,teenage mutant ninja turtles arcade wrath of the mutants,teenage mutant ninja turtles arcade wrath of the mutants,GAME_OR_UNKNOWN,DEVELOPER,developer,Cradle games,cradle-games,Cradle Games,EXACT_NAME_OR_ALIAS,,ADD_MISSING,HIGH,NO,GAME_WORK | GAME_WORK_OR_PS4_RELEASE,3,STEAM_STORE | WIKIDATA | WIKIPEDIA_PS4_LIST,B_OTHER_PLATFORM | B_PS4_RELEASE | C_DISCOVERY,https://en.wikipedia.org/wiki/List_of_PlayStation_4_games_(M%E2%80%93Z) | https://store.steampowered.com/app/2527580 | https://www.wikidata.org/wiki/Q124681411,"La lista específica de PS4 atribuye el desarrollo a esta compañía. | La ficha comercial de Steam confirma la desarrolladora de la obra, no necesariamente el port de PS4. | Wikidata registra la compañía como desarrolladora.",No propagar a ports o compilaciones sin comprobar sus créditos propios.,,CUSA45205_00,,,Cradle games,cradle-games,official,2026-09-05,company-credit-ps4-pal-high-additions-1,READY_ADD_MISSING
ps4-teenage-mutant-ninja-turtles-mutants-unleashed,Teenage Mutant Ninja Turtles: Mutants Unleashed,PAL España,standard,teenage mutant ninja turtles mutants unleashed,teenage mutant ninja turtles mutants unleashed,GAME_OR_UNKNOWN,DEVELOPER,developer,aheartfulofgames,aheartfulofgames,Aheartfulofgames | AHEARTFULOFGAMES,EXACT_NAME_OR_ALIAS,,ADD_MISSING,HIGH,NO,GAME_WORK | GAME_WORK_OR_PS4_RELEASE | PS4_RELEASE,3,LAUNCHBOX_GAMES_DB | STEAM_STORE | WIKIPEDIA_PS4_LIST,B_OTHER_PLATFORM | B_PS4_RELEASE | C_DISCOVERY,https://en.wikipedia.org/wiki/List_of_PlayStation_4_games_(M%E2%80%93Z) | https://store.steampowered.com/app/2460130 | https://gamesdb.launchbox-app.com/games/details/476913,"La lista específica de PS4 atribuye el desarrollo a esta compañía. | La ficha comercial de Steam confirma la desarrolladora de la obra, no necesariamente el port de PS4. | LaunchBox registra esta desarrolladora para su ficha de PS4.",No propagar a ports o compilaciones sin comprobar sus créditos propios.,,CUSA44074_00,,,aheartfulofgames,aheartfulofgames,official,2026-09-05,company-credit-ps4-pal-high-additions-1,READY_ADD_MISSING
ps4-teenage-mutant-ninja-turtles-shredder%27s-revenge-classic-edition,Teenage Mutant Ninja Turtles: Shredder's Revenge [Classic Edition],PAL España,standard,teenage mutant ninja turtles shredder s revenge,teenage mutant ninja turtles shredder s revenge,GAME_OR_UNKNOWN,DEVELOPER,developer,Tribute Games,tribute-games,Tribute Games | Tribute Games Inc.,EXACT_NAME_OR_ALIAS,,ADD_MISSING,HIGH,NO,GAME_WORK | GAME_WORK_OR_PS4_RELEASE | MATCHED_PS4_PRODUCT | PS4_RELEASE,4,LAUNCHBOX_GAMES_DB | PLAYSTATION_STORE_EXPLICIT_CREDIT | STEAM_STORE | WIKIPEDIA_PS4_LIST,A_OFFICIAL_MATCHED_TITLE_CREDIT | B_OTHER_PLATFORM | B_PS4_RELEASE | C_DISCOVERY,https://store.playstation.com/es-es/product/EP1470-CUSA30992_00-TMNTSRDOTEMUSIEE | https://en.wikipedia.org/wiki/List_of_PlayStation_4_games_(M%E2%80%93Z) | https://store.steampowered.com/app/1361510 | https://gamesdb.launchbox-app.com/games/details/463187,"Game developed by Tribute Games | La lista específica de PS4 atribuye el desarrollo a esta compañía. | La ficha comercial de Steam confirma la desarrolladora de la obra, no necesariamente el port de PS4. | LaunchBox registra esta desarrolladora para su ficha de PS4.",No propagar a ports o compilaciones sin comprobar sus créditos propios.,,,,,Tribute Games,tribute-games,official,2026-09-05,company-credit-ps4-pal-high-additions-1,READY_ADD_MISSING
ps4-teenage-mutant-ninja-turtles-shredder%27s-revenge-special-edition,Teenage Mutant Ninja Turtles: Shredder's Revenge [Special Edition],PAL España,standard,teenage mutant ninja turtles shredder s revenge,teenage mutant ninja turtles shredder s revenge,EDITION_VARIANT,DEVELOPER,developer,Tribute Games,tribute-games,Tribute Games | Tribute Games Inc.,EXACT_NAME_OR_ALIAS,,ADD_MISSING,HIGH,NO,GAME_WORK | GAME_WORK_OR_PS4_RELEASE | MATCHED_PS4_PRODUCT | PS4_RELEASE,4,LAUNCHBOX_GAMES_DB | PLAYSTATION_STORE_EXPLICIT_CREDIT | STEAM_STORE | WIKIPEDIA_PS4_LIST,A_OFFICIAL_MATCHED_TITLE_CREDIT | B_OTHER_PLATFORM | B_PS4_RELEASE | C_DISCOVERY,https://store.playstation.com/es-es/product/EP1470-CUSA30992_00-TMNTSRDOTEMUSIEE | https://en.wikipedia.org/wiki/List_of_PlayStation_4_games_(M%E2%80%93Z) | https://store.steampowered.com/app/1361510 | https://gamesdb.launchbox-app.com/games/details/463187,"Game developed by Tribute Games | La lista específica de PS4 atribuye el desarrollo a esta compañía. | La ficha comercial de Steam confirma la desarrolladora de la obra, no necesariamente el port de PS4. | LaunchBox registra esta desarrolladora para su ficha de PS4.",No propagar a ports o compilaciones sin comprobar sus créditos propios.,,,CUSA30992_00,,Tribute Games,tribute-games,official,2026-09-05,company-credit-ps4-pal-high-additions-1,READY_ADD_MISSING
ps4-tekken-7-collector%27s-edition,Tekken 7 [Collector's Edition],PAL España,standard,tekken 7,tekken 7,EDITION_VARIANT,PHYSICAL_PUBLISHER_OR_DISTRIBUTOR,publisher,Bandai Namco Entertainment,bandai-namco-entertainment,Bandai Namco,EXACT_NAME_OR_ALIAS,,ADD_MISSING,HIGH,NO,EXACT_PHYSICAL_EDITION | PAL_RELEASE,2,PRICECHARTING_EXACT_PAL_PAGE | WIKIPEDIA_PS4_LIST_PAL,B_EXACT_PHYSICAL | B_PAL_RELEASE,https://www.pricecharting.com/game/pal-playstation-4/tekken-7-collector%27s-edition | https://en.wikipedia.org/wiki/List_of_PlayStation_4_games_(M%E2%80%93Z),La ficha exacta de la edición física PAL etiqueta a esta compañía como Publisher; puede representar publicación o distribución física. | La columna PAL de la lista de PS4 atribuye la publicación a esta compañía.,Confirmar si la etiqueta Publisher representa publicación o distribución en la caja PAL.,,,CUSA06014_00,,Bandai Namco Entertainment,bandai-namco-entertainment,pricecharting,2026-09-05,company-credit-ps4-pal-high-additions-1,READY_ADD_MISSING
ps4-tekken-7-deluxe-edition,Tekken 7 [Deluxe Edition],PAL España,standard,tekken 7,tekken 7,EDITION_VARIANT,DEVELOPER,developer,Bandai Namco Entertainment,bandai-namco-entertainment,Bandai Namco | Bandai Namco Entertainment,EXACT_NAME_OR_ALIAS,,ADD_MISSING,HIGH,NO,EXACT_PHYSICAL_EDITION | GAME_WORK | GAME_WORK_OR_PS4_RELEASE,3,PRICECHARTING_EXACT_PAL_PAGE | WIKIDATA | WIKIPEDIA_PS4_LIST,B_EXACT_PHYSICAL | B_PS4_RELEASE | C_DISCOVERY,https://www.pricecharting.com/game/pal-playstation-4/tekken-7-deluxe-edition | https://en.wikipedia.org/wiki/List_of_PlayStation_4_games_(M%E2%80%93Z) | https://www.wikidata.org/wiki/Q17378799,La ficha enlazada de la edición física PAL atribuye el desarrollo a esta compañía. | La lista específica de PS4 atribuye el desarrollo a esta compañía. | Wikidata registra la compañía como desarrolladora.,No propagar a ports o compilaciones sin comprobar sus créditos propios.,,,CUSA06014_00,,Bandai Namco Entertainment,bandai-namco-entertainment,pricecharting,2026-09-05,company-credit-ps4-pal-high-additions-1,READY_ADD_MISSING
ps4-tekken-7-deluxe-edition,Tekken 7 [Deluxe Edition],PAL España,standard,tekken 7,tekken 7,EDITION_VARIANT,PHYSICAL_PUBLISHER_OR_DISTRIBUTOR,publisher,Bandai Namco Entertainment,bandai-namco-entertainment,Bandai Namco,EXACT_NAME_OR_ALIAS,,ADD_MISSING,HIGH,NO,EXACT_PHYSICAL_EDITION | PAL_RELEASE,2,PRICECHARTING_EXACT_PAL_PAGE | WIKIPEDIA_PS4_LIST_PAL,B_EXACT_PHYSICAL | B_PAL_RELEASE,https://www.pricecharting.com/game/pal-playstation-4/tekken-7-deluxe-edition | https://en.wikipedia.org/wiki/List_of_PlayStation_4_games_(M%E2%80%93Z),La ficha exacta de la edición física PAL etiqueta a esta compañía como Publisher; puede representar publicación o distribución física. | La columna PAL de la lista de PS4 atribuye la publicación a esta compañía.,Confirmar si la etiqueta Publisher representa publicación o distribución en la caja PAL.,,,CUSA06014_00,,Bandai Namco Entertainment,bandai-namco-entertainment,pricecharting,2026-09-05,company-credit-ps4-pal-high-additions-1,READY_ADD_MISSING
ps4-tekken-7-legendary-edition,Tekken 7 [Legendary Edition],PAL España,standard,tekken 7,tekken 7,GAME_OR_UNKNOWN,PHYSICAL_PUBLISHER_OR_DISTRIBUTOR,publisher,Bandai Namco Entertainment,bandai-namco-entertainment,Bandai Namco,EXACT_NAME_OR_ALIAS,,ADD_MISSING,HIGH,NO,EXACT_PHYSICAL_EDITION | PAL_RELEASE,2,PRICECHARTING_EXACT_PAL_PAGE | WIKIPEDIA_PS4_LIST_PAL,B_EXACT_PHYSICAL | B_PAL_RELEASE,https://www.pricecharting.com/game/pal-playstation-4/tekken-7-legendary-edition | https://en.wikipedia.org/wiki/List_of_PlayStation_4_games_(M%E2%80%93Z),La ficha exacta de la edición física PAL etiqueta a esta compañía como Publisher; puede representar publicación o distribución física. | La columna PAL de la lista de PS4 atribuye la publicación a esta compañía.,Confirmar si la etiqueta Publisher representa publicación o distribución en la caja PAL.,,,,,Bandai Namco Entertainment,bandai-namco-entertainment,pricecharting,2026-09-05,company-credit-ps4-pal-high-additions-1,READY_ADD_MISSING
ps4-tekken-7-steelbook-edition,Tekken 7 [Steelbook Edition],PAL España,standard,tekken 7,tekken 7,EDITION_VARIANT,DEVELOPER,developer,Bandai Namco Entertainment,bandai-namco-entertainment,Bandai Namco Entertainment | Bandai Namco,EXACT_NAME_OR_ALIAS,,ADD_MISSING,HIGH,NO,EXACT_PHYSICAL_EDITION | GAME_WORK | GAME_WORK_OR_PS4_RELEASE,3,PRICECHARTING_EXACT_PAL_PAGE | WIKIDATA | WIKIPEDIA_PS4_LIST,B_EXACT_PHYSICAL | B_PS4_RELEASE | C_DISCOVERY,https://www.pricecharting.com/game/pal-playstation-4/tekken-7-steelbook-edition | https://en.wikipedia.org/wiki/List_of_PlayStation_4_games_(M%E2%80%93Z) | https://www.wikidata.org/wiki/Q17378799,La ficha enlazada de la edición física PAL atribuye el desarrollo a esta compañía. | La lista específica de PS4 atribuye el desarrollo a esta compañía. | Wikidata registra la compañía como desarrolladora.,No propagar a ports o compilaciones sin comprobar sus créditos propios.,,,,,Bandai Namco Entertainment,bandai-namco-entertainment,pricecharting,2026-09-05,company-credit-ps4-pal-high-additions-1,READY_ADD_MISSING
ps4-terraria-playstation-hits,Terraria [PlayStation Hits],PAL España,standard,terraria,terraria,EDITION_VARIANT,PHYSICAL_PUBLISHER_OR_DISTRIBUTOR,publisher,505 Games,505-games,505 Games,EXACT_NAME_OR_ALIAS,,ADD_MISSING,HIGH,NO,EXACT_PHYSICAL_EDITION | PAL_RELEASE,2,PRICECHARTING_EXACT_PAL_PAGE | WIKIPEDIA_PS4_LIST_PAL,B_EXACT_PHYSICAL | B_PAL_RELEASE,https://www.pricecharting.com/game/pal-playstation-4/terraria-playstation-hits | https://en.wikipedia.org/wiki/List_of_PlayStation_4_games_(M%E2%80%93Z),La ficha exacta de la edición física PAL etiqueta a esta compañía como Publisher; puede representar publicación o distribución física. | La columna PAL de la lista de PS4 atribuye la publicación a esta compañía.,Confirmar si la etiqueta Publisher representa publicación o distribución en la caja PAL.,,,,,505 Games,505-games,pricecharting,2026-09-05,company-credit-ps4-pal-high-additions-1,READY_ADD_MISSING
ps4-teslagrad,Teslagrad,PAL España,standard,teslagrad,teslagrad,GAME_OR_UNKNOWN,DEVELOPER,developer,Rain Games,rain-games,Rain Games,EXACT_NAME_OR_ALIAS,,ADD_MISSING,HIGH,NO,GAME_WORK | GAME_WORK_OR_PS4_RELEASE | PS4_RELEASE,4,LAUNCHBOX_GAMES_DB | STEAM_STORE | WIKIDATA | WIKIPEDIA_PS4_LIST,B_OTHER_PLATFORM | B_PS4_RELEASE | C_DISCOVERY,https://en.wikipedia.org/wiki/List_of_PlayStation_4_games_(M%E2%80%93Z) | https://store.steampowered.com/app/249590 | https://www.wikidata.org/wiki/Q15963969 | https://gamesdb.launchbox-app.com/games/details/118106,"La lista específica de PS4 atribuye el desarrollo a esta compañía. | La ficha comercial de Steam confirma la desarrolladora de la obra, no necesariamente el port de PS4. | Wikidata registra la compañía como desarrolladora. | LaunchBox registra esta desarrolladora para su ficha de PS4.",No propagar a ports o compilaciones sin comprobar sus créditos propios.,,,,,Rain Games,rain-games,official,2026-09-05,company-credit-ps4-pal-high-additions-1,READY_ADD_MISSING
ps4-the-ascent-cyber-edition,The Ascent [Cyber Edition],PAL España,standard,the ascent,the ascent,GAME_OR_UNKNOWN,DEVELOPER,developer,Neon Giant,neon-giant,Neon Giant,EXACT_NAME_OR_ALIAS,,ADD_MISSING,HIGH,NO,GAME_WORK | GAME_WORK_OR_PS4_RELEASE | PS4_RELEASE,4,LAUNCHBOX_GAMES_DB | STEAM_STORE | WIKIDATA | WIKIPEDIA_PS4_LIST,B_OTHER_PLATFORM | B_PS4_RELEASE | C_DISCOVERY,https://en.wikipedia.org/wiki/List_of_PlayStation_4_games_(A%E2%80%93L) | https://store.steampowered.com/app/979690 | https://www.wikidata.org/wiki/Q93777745 | https://gamesdb.launchbox-app.com/games/details/472908,"La lista específica de PS4 atribuye el desarrollo a esta compañía. | La ficha comercial de Steam confirma la desarrolladora de la obra, no necesariamente el port de PS4. | Wikidata registra la compañía como desarrolladora. | LaunchBox registra esta desarrolladora para su ficha de PS4.",No propagar a ports o compilaciones sin comprobar sus créditos propios.,,,,,Neon Giant,neon-giant,official,2026-09-05,company-credit-ps4-pal-high-additions-1,READY_ADD_MISSING
ps4-the-count-lucanor-signature-edition,The Count Lucanor [Signature Edition],PAL España,standard,the count lucanor,the count lucanor,GAME_OR_UNKNOWN,PHYSICAL_PUBLISHER_OR_DISTRIBUTOR,publisher,Merge Games,merge-games,Merge Games,EXACT_NAME_OR_ALIAS,,ADD_MISSING,HIGH,NO,EXACT_PHYSICAL_EDITION | PAL_RELEASE,2,PRICECHARTING_EXACT_PAL_PAGE | WIKIPEDIA_PS4_LIST_PAL,B_EXACT_PHYSICAL | B_PAL_RELEASE,https://www.pricecharting.com/game/pal-playstation-4/the-count-lucanor-signature-edition | https://en.wikipedia.org/wiki/List_of_PlayStation_4_games_(A%E2%80%93L),La ficha exacta de la edición física PAL etiqueta a esta compañía como Publisher; puede representar publicación o distribución física. | La columna PAL de la lista de PS4 atribuye la publicación a esta compañía.,Confirmar si la etiqueta Publisher representa publicación o distribución en la caja PAL.,,,,,Merge Games,merge-games,pricecharting,2026-09-05,company-credit-ps4-pal-high-additions-1,READY_ADD_MISSING
ps4-the-evil-within-2-steelbook-edition,The Evil Within 2 [SteelBook Edition],PAL España,standard,the evil within 2,the evil within 2,EDITION_VARIANT,DEVELOPER,developer,Tango Gameworks,tango-gameworks,Tango Gameworks | Tango gameworks,EXACT_NAME_OR_ALIAS,,ADD_MISSING,HIGH,NO,EXACT_PHYSICAL_EDITION | GAME_WORK | GAME_WORK_OR_PS4_RELEASE | PS4_RELEASE,5,LAUNCHBOX_GAMES_DB | PRICECHARTING_EXACT_PAL_PAGE | STEAM_STORE | WIKIDATA | WIKIPEDIA_PS4_LIST,B_EXACT_PHYSICAL | B_OTHER_PLATFORM | B_PS4_RELEASE | C_DISCOVERY,https://www.pricecharting.com/game/pal-playstation-4/the-evil-within-2-steelbook-edition | https://en.wikipedia.org/wiki/List_of_PlayStation_4_games_(A%E2%80%93L) | https://store.steampowered.com/app/601430 | https://www.wikidata.org/wiki/Q30895910 | https://gamesdb.launchbox-app.com/games/details/139822,"La ficha enlazada de la edición física PAL atribuye el desarrollo a esta compañía. | La lista específica de PS4 atribuye el desarrollo a esta compañía. | La ficha comercial de Steam confirma la desarrolladora de la obra, no necesariamente el port de PS4. | Wikidata registra la compañía como desarrolladora. | LaunchBox registra esta desarrolladora para su ficha de PS4.",No propagar a ports o compilaciones sin comprobar sus créditos propios.,,,,,Tango Gameworks,tango-gameworks,official,2026-09-05,company-credit-ps4-pal-high-additions-1,READY_ADD_MISSING
ps4-the-evil-within-2-steelbook-edition,The Evil Within 2 [SteelBook Edition],PAL España,standard,the evil within 2,the evil within 2,EDITION_VARIANT,PHYSICAL_PUBLISHER_OR_DISTRIBUTOR,publisher,Bethesda Softworks,bethesda-softworks,Bethesda Softworks,EXACT_NAME_OR_ALIAS,,ADD_MISSING,HIGH,NO,EXACT_PHYSICAL_EDITION | PAL_RELEASE,2,PRICECHARTING_EXACT_PAL_PAGE | WIKIPEDIA_PS4_LIST_PAL,B_EXACT_PHYSICAL | B_PAL_RELEASE,https://www.pricecharting.com/game/pal-playstation-4/the-evil-within-2-steelbook-edition | https://en.wikipedia.org/wiki/List_of_PlayStation_4_games_(A%E2%80%93L),La ficha exacta de la edición física PAL etiqueta a esta compañía como Publisher; puede representar publicación o distribución física. | La columna PAL de la lista de PS4 atribuye la publicación a esta compañía.,Confirmar si la etiqueta Publisher representa publicación o distribución en la caja PAL.,,,,,Bethesda Softworks,bethesda-softworks,pricecharting,2026-09-05,company-credit-ps4-pal-high-additions-1,READY_ADD_MISSING
ps4-the-evil-within-limited-edition,The Evil Within [Limited Edition],PAL España,standard,the evil within,the evil within,EDITION_VARIANT,DEVELOPER,developer,Tango Gameworks,tango-gameworks,Tango Gameworks | Tango gameworks,EXACT_NAME_OR_ALIAS,,ADD_MISSING,HIGH,NO,EXACT_PHYSICAL_EDITION | GAME_WORK | GAME_WORK_OR_PS4_RELEASE | PS4_RELEASE,5,LAUNCHBOX_GAMES_DB | PRICECHARTING_EXACT_PAL_PAGE | STEAM_STORE | WIKIDATA | WIKIPEDIA_PS4_LIST,B_EXACT_PHYSICAL | B_OTHER_PLATFORM | B_PS4_RELEASE | C_DISCOVERY,https://www.pricecharting.com/game/pal-playstation-4/the-evil-within-limited-edition | https://en.wikipedia.org/wiki/List_of_PlayStation_4_games_(A%E2%80%93L) | https://store.steampowered.com/app/268050 | https://www.wikidata.org/wiki/Q3407139 | https://gamesdb.launchbox-app.com/games/details/20777,"La ficha enlazada de la edición física PAL atribuye el desarrollo a esta compañía. | La lista específica de PS4 atribuye el desarrollo a esta compañía. | La ficha comercial de Steam confirma la desarrolladora de la obra, no necesariamente el port de PS4. | Wikidata registra la compañía como desarrolladora. | LaunchBox registra esta desarrolladora para su ficha de PS4.",No propagar a ports o compilaciones sin comprobar sus créditos propios.,,,,,Tango Gameworks,tango-gameworks,official,2026-09-05,company-credit-ps4-pal-high-additions-1,READY_ADD_MISSING
ps4-the-evil-within-playstation-hits,The Evil Within [Playstation Hits],PAL España,standard,the evil within,the evil within,EDITION_VARIANT,DEVELOPER,developer,Tango Gameworks,tango-gameworks,Tango Gameworks | Tango gameworks,EXACT_NAME_OR_ALIAS,,ADD_MISSING,HIGH,NO,GAME_WORK | GAME_WORK_OR_PS4_RELEASE | PS4_RELEASE,4,LAUNCHBOX_GAMES_DB | STEAM_STORE | WIKIDATA | WIKIPEDIA_PS4_LIST,B_OTHER_PLATFORM | B_PS4_RELEASE | C_DISCOVERY,https://en.wikipedia.org/wiki/List_of_PlayStation_4_games_(A%E2%80%93L) | https://store.steampowered.com/app/268050 | https://www.wikidata.org/wiki/Q3407139 | https://gamesdb.launchbox-app.com/games/details/20777,"La lista específica de PS4 atribuye el desarrollo a esta compañía. | La ficha comercial de Steam confirma la desarrolladora de la obra, no necesariamente el port de PS4. | Wikidata registra la compañía como desarrolladora. | LaunchBox registra esta desarrolladora para su ficha de PS4.",No propagar a ports o compilaciones sin comprobar sus créditos propios.,,,,,Tango Gameworks,tango-gameworks,official,2026-09-05,company-credit-ps4-pal-high-additions-1,READY_ADD_MISSING
ps4-the-evil-within-steelbook-edition,The Evil Within [SteelBook Edition],PAL España,standard,the evil within,the evil within,EDITION_VARIANT,DEVELOPER,developer,Tango Gameworks,tango-gameworks,Tango Gameworks | Tango gameworks,EXACT_NAME_OR_ALIAS,,ADD_MISSING,HIGH,NO,EXACT_PHYSICAL_EDITION | GAME_WORK | GAME_WORK_OR_PS4_RELEASE | PS4_RELEASE,5,LAUNCHBOX_GAMES_DB | PRICECHARTING_EXACT_PAL_PAGE | STEAM_STORE | WIKIDATA | WIKIPEDIA_PS4_LIST,B_EXACT_PHYSICAL | B_OTHER_PLATFORM | B_PS4_RELEASE | C_DISCOVERY,https://www.pricecharting.com/game/pal-playstation-4/the-evil-within-steelbook-edition | https://en.wikipedia.org/wiki/List_of_PlayStation_4_games_(A%E2%80%93L) | https://store.steampowered.com/app/268050 | https://www.wikidata.org/wiki/Q3407139 | https://gamesdb.launchbox-app.com/games/details/20777,"La ficha enlazada de la edición física PAL atribuye el desarrollo a esta compañía. | La lista específica de PS4 atribuye el desarrollo a esta compañía. | La ficha comercial de Steam confirma la desarrolladora de la obra, no necesariamente el port de PS4. | Wikidata registra la compañía como desarrolladora. | LaunchBox registra esta desarrolladora para su ficha de PS4.",No propagar a ports o compilaciones sin comprobar sus créditos propios.,,,,,Tango Gameworks,tango-gameworks,official,2026-09-05,company-credit-ps4-pal-high-additions-1,READY_ADD_MISSING
ps4-the-evil-within-steelbook-edition,The Evil Within [SteelBook Edition],PAL España,standard,the evil within,the evil within,EDITION_VARIANT,PHYSICAL_PUBLISHER_OR_DISTRIBUTOR,publisher,Bethesda Softworks,bethesda-softworks,Bethesda Softworks,EXACT_NAME_OR_ALIAS,,ADD_MISSING,HIGH,NO,EXACT_PHYSICAL_EDITION | PAL_RELEASE,2,PRICECHARTING_EXACT_PAL_PAGE | WIKIPEDIA_PS4_LIST_PAL,B_EXACT_PHYSICAL | B_PAL_RELEASE,https://www.pricecharting.com/game/pal-playstation-4/the-evil-within-steelbook-edition | https://en.wikipedia.org/wiki/List_of_PlayStation_4_games_(A%E2%80%93L),La ficha exacta de la edición física PAL etiqueta a esta compañía como Publisher; puede representar publicación o distribución física. | La columna PAL de la lista de PS4 atribuye la publicación a esta compañía.,Confirmar si la etiqueta Publisher representa publicación o distribución en la caja PAL.,,,,,Bethesda Softworks,bethesda-softworks,pricecharting,2026-09-05,company-credit-ps4-pal-high-additions-1,READY_ADD_MISSING
ps4-the-last-guardian-only-on-playstation,The Last Guardian [Only On PlayStation],PAL España,standard,the last guardian,the last guardian only on playstation,GAME_OR_UNKNOWN,PHYSICAL_PUBLISHER_OR_DISTRIBUTOR,publisher,Sony Interactive Entertainment,sony-interactive-entertainment,Sony Computer Entertainment | Sony Interactive Entertainment,EXACT_NAME_OR_ALIAS,,ADD_MISSING,HIGH,NO,EXACT_PHYSICAL_EDITION | PAL_RELEASE,2,PRICECHARTING_EXACT_PAL_PAGE | WIKIPEDIA_PS4_LIST_PAL,B_EXACT_PHYSICAL | B_PAL_RELEASE,https://www.pricecharting.com/game/pal-playstation-4/the-last-guardian-only-on-playstation | https://en.wikipedia.org/wiki/List_of_PlayStation_4_games_(A%E2%80%93L),La ficha exacta de la edición física PAL etiqueta a esta compañía como Publisher; puede representar publicación o distribución física. | La columna PAL de la lista de PS4 atribuye la publicación a esta compañía.,Confirmar si la etiqueta Publisher representa publicación o distribución en la caja PAL.,,,,,Sony Interactive Entertainment,sony-interactive-entertainment,pricecharting,2026-09-05,company-credit-ps4-pal-high-additions-1,READY_ADD_MISSING
ps4-the-last-of-us-part-ii-collector%27s-edition,The Last Of Us Part II [Collector's Edition],PAL España,standard,the last of us part ii,the last of us part ii,EDITION_VARIANT,DEVELOPER,developer,Naughty Dog,naughty-dog,Naughty Dog LLC | Naughty Dog,EXACT_NAME_OR_ALIAS,,ADD_MISSING,HIGH,NO,GAME_WORK | GAME_WORK_OR_PS4_RELEASE | MATCHED_PS4_PRODUCT | PS4_RELEASE,4,LAUNCHBOX_GAMES_DB | PLAYSTATION_STORE_EXPLICIT_CREDIT | WIKIDATA | WIKIPEDIA_PS4_LIST,A_OFFICIAL_MATCHED_TITLE_CREDIT | B_PS4_RELEASE | C_DISCOVERY,https://store.playstation.com/es-es/product/EP9000-CUSA10249_00-THELASTOFUSPART2 | https://en.wikipedia.org/wiki/List_of_PlayStation_4_games_(A%E2%80%93L) | https://www.wikidata.org/wiki/Q88310599 | https://gamesdb.launchbox-app.com/games/details/121823,developed by Naughty Dog LLC | La lista específica de PS4 atribuye el desarrollo a esta compañía. | Wikidata registra la compañía como desarrolladora. | LaunchBox registra esta desarrolladora para su ficha de PS4.,No propagar a ports o compilaciones sin comprobar sus créditos propios.,,,,,Naughty Dog,naughty-dog,official,2026-09-05,company-credit-ps4-pal-high-additions-1,READY_ADD_MISSING
ps4-the-last-of-us-part-ii-ellie-edition,The Last Of Us Part II [Ellie Edition],PAL España,standard,the last of us part ii,the last of us part ii,GAME_OR_UNKNOWN,DEVELOPER,developer,Naughty Dog,naughty-dog,Naughty Dog LLC | Naughty Dog,EXACT_NAME_OR_ALIAS,,ADD_MISSING,HIGH,NO,GAME_WORK | GAME_WORK_OR_PS4_RELEASE | MATCHED_PS4_PRODUCT | PS4_RELEASE,4,LAUNCHBOX_GAMES_DB | PLAYSTATION_STORE_EXPLICIT_CREDIT | WIKIDATA | WIKIPEDIA_PS4_LIST,A_OFFICIAL_MATCHED_TITLE_CREDIT | B_PS4_RELEASE | C_DISCOVERY,https://store.playstation.com/es-es/product/EP9000-CUSA10249_00-THELASTOFUSPART2 | https://en.wikipedia.org/wiki/List_of_PlayStation_4_games_(A%E2%80%93L) | https://www.wikidata.org/wiki/Q88311456 | https://gamesdb.launchbox-app.com/games/details/121823,developed by Naughty Dog LLC | La lista específica de PS4 atribuye el desarrollo a esta compañía. | Wikidata registra la compañía como desarrolladora. | LaunchBox registra esta desarrolladora para su ficha de PS4.,No propagar a ports o compilaciones sin comprobar sus créditos propios.,,,,,Naughty Dog,naughty-dog,official,2026-09-05,company-credit-ps4-pal-high-additions-1,READY_ADD_MISSING
ps4-the-last-of-us-part-ii-special-edition,The Last of Us Part II [Special Edition],PAL España,standard,the last of us part ii,the last of us part ii,EDITION_VARIANT,DEVELOPER,developer,Naughty Dog,naughty-dog,Naughty Dog LLC | Naughty Dog,EXACT_NAME_OR_ALIAS,,ADD_MISSING,HIGH,NO,EXACT_PHYSICAL_EDITION | GAME_WORK | GAME_WORK_OR_PS4_RELEASE | MATCHED_PS4_PRODUCT | PS4_RELEASE,5,LAUNCHBOX_GAMES_DB | PLAYSTATION_STORE_EXPLICIT_CREDIT | PRICECHARTING_EXACT_PAL_PAGE | WIKIDATA | WIKIPEDIA_PS4_LIST,A_OFFICIAL_MATCHED_TITLE_CREDIT | B_EXACT_PHYSICAL | B_PS4_RELEASE | C_DISCOVERY,https://store.playstation.com/es-es/product/EP9000-CUSA10249_00-THELASTOFUSPART2 | https://www.pricecharting.com/game/pal-playstation-4/the-last-of-us-part-ii-special-edition | https://en.wikipedia.org/wiki/List_of_PlayStation_4_games_(A%E2%80%93L) | https://www.wikidata.org/wiki/Q88305796 | https://gamesdb.launchbox-app.com/games/details/121823,developed by Naughty Dog LLC | La ficha enlazada de la edición física PAL atribuye el desarrollo a esta compañía. | La lista específica de PS4 atribuye el desarrollo a esta compañía. | Wikidata registra la compañía como desarrolladora. | LaunchBox registra esta desarrolladora para su ficha de PS4.,No propagar a ports o compilaciones sin comprobar sus créditos propios.,,,,,Naughty Dog,naughty-dog,official,2026-09-05,company-credit-ps4-pal-high-additions-1,READY_ADD_MISSING
ps4-the-last-of-us-part-ii-special-edition,The Last of Us Part II [Special Edition],PAL España,standard,the last of us part ii,the last of us part ii,EDITION_VARIANT,PHYSICAL_PUBLISHER_OR_DISTRIBUTOR,publisher,Sony Interactive Entertainment,sony-interactive-entertainment,Sony Interactive Entertainment,EXACT_NAME_OR_ALIAS,,ADD_MISSING,HIGH,NO,EXACT_PHYSICAL_EDITION | PAL_RELEASE,2,PRICECHARTING_EXACT_PAL_PAGE | WIKIPEDIA_PS4_LIST_PAL,B_EXACT_PHYSICAL | B_PAL_RELEASE,https://www.pricecharting.com/game/pal-playstation-4/the-last-of-us-part-ii-special-edition | https://en.wikipedia.org/wiki/List_of_PlayStation_4_games_(A%E2%80%93L),La ficha exacta de la edición física PAL etiqueta a esta compañía como Publisher; puede representar publicación o distribución física. | La columna PAL de la lista de PS4 atribuye la publicación a esta compañía.,Confirmar si la etiqueta Publisher representa publicación o distribución en la caja PAL.,,,,,Sony Interactive Entertainment,sony-interactive-entertainment,pricecharting,2026-09-05,company-credit-ps4-pal-high-additions-1,READY_ADD_MISSING
ps4-the-last-of-us-part-ii-standard-plus-edition,The Last Of Us Part II [Standard Plus Edition],PAL España,standard,the last of us part ii,the last of us part ii,GAME_OR_UNKNOWN,DEVELOPER,developer,Naughty Dog,naughty-dog,Naughty Dog LLC | Naughty Dog,EXACT_NAME_OR_ALIAS,,ADD_MISSING,HIGH,NO,EXACT_PHYSICAL_EDITION | GAME_WORK_OR_PS4_RELEASE | MATCHED_PS4_PRODUCT | PS4_RELEASE,4,LAUNCHBOX_GAMES_DB | PLAYSTATION_STORE_EXPLICIT_CREDIT | PRICECHARTING_EXACT_PAL_PAGE | WIKIPEDIA_PS4_LIST,A_OFFICIAL_MATCHED_TITLE_CREDIT | B_EXACT_PHYSICAL | B_PS4_RELEASE | C_DISCOVERY,https://store.playstation.com/es-es/product/EP9000-CUSA10249_00-THELASTOFUSPART2 | https://www.pricecharting.com/game/pal-playstation-4/the-last-of-us-part-ii-standard-plus-edition | https://en.wikipedia.org/wiki/List_of_PlayStation_4_games_(A%E2%80%93L) | https://gamesdb.launchbox-app.com/games/details/121823,developed by Naughty Dog LLC | La ficha enlazada de la edición física PAL atribuye el desarrollo a esta compañía. | La lista específica de PS4 atribuye el desarrollo a esta compañía. | LaunchBox registra esta desarrolladora para su ficha de PS4.,No propagar a ports o compilaciones sin comprobar sus créditos propios.,,,CUSA10249_00,,Naughty Dog,naughty-dog,official,2026-09-05,company-credit-ps4-pal-high-additions-1,READY_ADD_MISSING
ps4-the-last-of-us-part-ii-standard-plus-edition,The Last Of Us Part II [Standard Plus Edition],PAL España,standard,the last of us part ii,the last of us part ii,GAME_OR_UNKNOWN,PHYSICAL_PUBLISHER_OR_DISTRIBUTOR,publisher,Sony Interactive Entertainment,sony-interactive-entertainment,Sony Computer Entertainment | Sony Interactive Entertainment,EXACT_NAME_OR_ALIAS,,ADD_MISSING,HIGH,NO,EXACT_PHYSICAL_EDITION | PAL_RELEASE,2,PRICECHARTING_EXACT_PAL_PAGE | WIKIPEDIA_PS4_LIST_PAL,B_EXACT_PHYSICAL | B_PAL_RELEASE,https://www.pricecharting.com/game/pal-playstation-4/the-last-of-us-part-ii-standard-plus-edition | https://en.wikipedia.org/wiki/List_of_PlayStation_4_games_(A%E2%80%93L),La ficha exacta de la edición física PAL etiqueta a esta compañía como Publisher; puede representar publicación o distribución física. | La columna PAL de la lista de PS4 atribuye la publicación a esta compañía.,Confirmar si la etiqueta Publisher representa publicación o distribución en la caja PAL.,,,CUSA10249_00,,Sony Interactive Entertainment,sony-interactive-entertainment,pricecharting,2026-09-05,company-credit-ps4-pal-high-additions-1,READY_ADD_MISSING
ps4-the-last-of-us-part-ii-with-limited-edition-steelbook,The Last Of Us Part II [With Limited Edition Steelbook],PAL España,standard,the last of us part ii,the last of us part ii,EDITION_VARIANT,DEVELOPER,developer,Naughty Dog,naughty-dog,Naughty Dog LLC | Naughty Dog,EXACT_NAME_OR_ALIAS,,ADD_MISSING,HIGH,NO,EXACT_PHYSICAL_EDITION | GAME_WORK_OR_PS4_RELEASE | MATCHED_PS4_PRODUCT | PS4_RELEASE,4,LAUNCHBOX_GAMES_DB | PLAYSTATION_STORE_EXPLICIT_CREDIT | PRICECHARTING_EXACT_PAL_PAGE | WIKIPEDIA_PS4_LIST,A_OFFICIAL_MATCHED_TITLE_CREDIT | B_EXACT_PHYSICAL | B_PS4_RELEASE | C_DISCOVERY,https://store.playstation.com/es-es/product/EP9000-CUSA10249_00-THELASTOFUSPART2 | https://www.pricecharting.com/game/pal-playstation-4/the-last-of-us-part-ii-with-limited-edition-steelbook | https://en.wikipedia.org/wiki/List_of_PlayStation_4_games_(A%E2%80%93L) | https://gamesdb.launchbox-app.com/games/details/121823,developed by Naughty Dog LLC | La ficha enlazada de la edición física PAL atribuye el desarrollo a esta compañía. | La lista específica de PS4 atribuye el desarrollo a esta compañía. | LaunchBox registra esta desarrolladora para su ficha de PS4.,No propagar a ports o compilaciones sin comprobar sus créditos propios.,,,CUSA10249_00,,Naughty Dog,naughty-dog,official,2026-09-05,company-credit-ps4-pal-high-additions-1,READY_ADD_MISSING
ps4-the-last-of-us-part-ii-with-limited-edition-steelbook,The Last Of Us Part II [With Limited Edition Steelbook],PAL España,standard,the last of us part ii,the last of us part ii,EDITION_VARIANT,PHYSICAL_PUBLISHER_OR_DISTRIBUTOR,publisher,Sony Interactive Entertainment,sony-interactive-entertainment,Sony Interactive Entertainment,EXACT_NAME_OR_ALIAS,,ADD_MISSING,HIGH,NO,EXACT_PHYSICAL_EDITION | PAL_RELEASE,2,PRICECHARTING_EXACT_PAL_PAGE | WIKIPEDIA_PS4_LIST_PAL,B_EXACT_PHYSICAL | B_PAL_RELEASE,https://www.pricecharting.com/game/pal-playstation-4/the-last-of-us-part-ii-with-limited-edition-steelbook | https://en.wikipedia.org/wiki/List_of_PlayStation_4_games_(A%E2%80%93L),La ficha exacta de la edición física PAL etiqueta a esta compañía como Publisher; puede representar publicación o distribución física. | La columna PAL de la lista de PS4 atribuye la publicación a esta compañía.,Confirmar si la etiqueta Publisher representa publicación o distribución en la caja PAL.,,,CUSA10249_00,,Sony Interactive Entertainment,sony-interactive-entertainment,pricecharting,2026-09-05,company-credit-ps4-pal-high-additions-1,READY_ADD_MISSING
ps4-the-last-of-us-remastered-day-one-edition,The Last of Us: Remastered [Day One Edition],PAL España,standard,the last of us remastered,the last of us,EDITION_VARIANT,DEVELOPER,developer,Naughty Dog,naughty-dog,Naughty Dog Inc | Naughty Dog,EXACT_NAME_OR_ALIAS,,ADD_MISSING,HIGH,NO,GAME_WORK_OR_PS4_RELEASE | MATCHED_PS4_PRODUCT | PS4_RELEASE,3,LAUNCHBOX_GAMES_DB | PLAYSTATION_STORE_EXPLICIT_CREDIT | WIKIPEDIA_PS4_LIST,A_OFFICIAL_MATCHED_TITLE_CREDIT | B_PS4_RELEASE | C_DISCOVERY,https://store.playstation.com/es-es/product/EP9000-CUSA00556_00-THELASTOFUS00000 | https://en.wikipedia.org/wiki/List_of_PlayStation_4_games_(A%E2%80%93L) | https://gamesdb.launchbox-app.com/games/details/21182,"developed by Naughty Dog, Inc “The Last of Us” is a trademark or a registered trademark of Sony Computer Entertainment Europe | developed by Naughty Dog, Inc | La lista específica de PS4 atribuye el desarrollo a esta compañía. | LaunchBox registra esta desarrolladora para su ficha de PS4.",No propagar a ports o compilaciones sin comprobar sus créditos propios.,,,,,Naughty Dog,naughty-dog,official,2026-09-05,company-credit-ps4-pal-high-additions-1,READY_ADD_MISSING
ps4-the-last-of-us-remastered-only-on-playstation,The Last Of Us Remastered [Only On PlayStation],PAL España,standard,the last of us remastered,the last of us remastered only on playstation,GAME_OR_UNKNOWN,DEVELOPER,developer,Naughty Dog,naughty-dog,Naughty Dog Inc | Naughty Dog,EXACT_NAME_OR_ALIAS,,ADD_MISSING,HIGH,NO,EXACT_PHYSICAL_EDITION | GAME_WORK_OR_PS4_RELEASE | MATCHED_PS4_PRODUCT | PS4_RELEASE,4,LAUNCHBOX_GAMES_DB | PLAYSTATION_STORE_EXPLICIT_CREDIT | PRICECHARTING_EXACT_PAL_PAGE | WIKIPEDIA_PS4_LIST,A_OFFICIAL_MATCHED_TITLE_CREDIT | B_EXACT_PHYSICAL | B_PS4_RELEASE | C_DISCOVERY,https://store.playstation.com/es-es/product/EP9000-CUSA00556_00-THELASTOFUS00000 | https://www.pricecharting.com/game/pal-playstation-4/the-last-of-us-remastered-only-on-playstation | https://en.wikipedia.org/wiki/List_of_PlayStation_4_games_(A%E2%80%93L) | https://gamesdb.launchbox-app.com/games/details/21182,"developed by Naughty Dog, Inc “The Last of Us” is a trademark or a registered trademark of Sony Computer Entertainment Europe | developed by Naughty Dog, Inc | La ficha enlazada de la edición física PAL atribuye el desarrollo a esta compañía. | La lista específica de PS4 atribuye el desarrollo a esta compañía. | LaunchBox registra esta desarrolladora para su ficha de PS4.",No propagar a ports o compilaciones sin comprobar sus créditos propios.,,,,,Naughty Dog,naughty-dog,official,2026-09-05,company-credit-ps4-pal-high-additions-1,READY_ADD_MISSING
ps4-the-last-of-us-remastered-only-on-playstation,The Last Of Us Remastered [Only On PlayStation],PAL España,standard,the last of us remastered,the last of us remastered only on playstation,GAME_OR_UNKNOWN,PHYSICAL_PUBLISHER_OR_DISTRIBUTOR,publisher,Sony Interactive Entertainment,sony-interactive-entertainment,Sony Computer Entertainment,EXACT_NAME_OR_ALIAS,,ADD_MISSING,HIGH,NO,EXACT_PHYSICAL_EDITION | PAL_RELEASE,2,PRICECHARTING_EXACT_PAL_PAGE | WIKIPEDIA_PS4_LIST_PAL,B_EXACT_PHYSICAL | B_PAL_RELEASE,https://www.pricecharting.com/game/pal-playstation-4/the-last-of-us-remastered-only-on-playstation | https://en.wikipedia.org/wiki/List_of_PlayStation_4_games_(A%E2%80%93L),La ficha exacta de la edición física PAL etiqueta a esta compañía como Publisher; puede representar publicación o distribución física. | La columna PAL de la lista de PS4 atribuye la publicación a esta compañía.,Confirmar si la etiqueta Publisher representa publicación o distribución en la caja PAL.,,,,,Sony Interactive Entertainment,sony-interactive-entertainment,pricecharting,2026-09-05,company-credit-ps4-pal-high-additions-1,READY_ADD_MISSING
ps4-the-last-of-us-remastered-playstation-hits,The Last of Us Remastered [Playstation Hits],PAL España,standard,the last of us remastered,the last of us,EDITION_VARIANT,DEVELOPER,developer,Naughty Dog,naughty-dog,Naughty Dog Inc | Naughty Dog Inc. | Naughty Dog,EXACT_NAME_OR_ALIAS,,ADD_MISSING,HIGH,NO,EXACT_PHYSICAL_EDITION | GAME_WORK_OR_PS4_RELEASE | MATCHED_PS4_PRODUCT | PS4_RELEASE,4,LAUNCHBOX_GAMES_DB | PLAYSTATION_STORE_EXPLICIT_CREDIT | PRICECHARTING_EXACT_PAL_PAGE | WIKIPEDIA_PS4_LIST,A_OFFICIAL_MATCHED_TITLE_CREDIT | B_EXACT_PHYSICAL | B_PS4_RELEASE | C_DISCOVERY,https://store.playstation.com/es-es/product/EP9000-CUSA00556_00-THELASTOFUS00000 | https://www.pricecharting.com/game/pal-playstation-4/the-last-of-us-remastered-playstation-hits | https://en.wikipedia.org/wiki/List_of_PlayStation_4_games_(A%E2%80%93L) | https://gamesdb.launchbox-app.com/games/details/21182,"developed by Naughty Dog, Inc “The Last of Us” is a trademark or a registered trademark of Sony Computer Entertainment Europe | developed by Naughty Dog, Inc | La ficha enlazada de la edición física PAL atribuye el desarrollo a esta compañía. | La lista específica de PS4 atribuye el desarrollo a esta compañía. | LaunchBox registra esta desarrolladora para su ficha de PS4.",No propagar a ports o compilaciones sin comprobar sus créditos propios.,,,CUSA00557_00,,Naughty Dog,naughty-dog,official,2026-09-05,company-credit-ps4-pal-high-additions-1,READY_ADD_MISSING
ps4-the-last-of-us-remastered-steelbook-edition,The Last Of Us Remastered [Steelbook Edition],PAL España,standard,the last of us remastered,the last of us,EDITION_VARIANT,DEVELOPER,developer,Naughty Dog,naughty-dog,Naughty Dog Inc | Naughty Dog,EXACT_NAME_OR_ALIAS,,ADD_MISSING,HIGH,NO,GAME_WORK_OR_PS4_RELEASE | MATCHED_PS4_PRODUCT | PS4_RELEASE,3,LAUNCHBOX_GAMES_DB | PLAYSTATION_STORE_EXPLICIT_CREDIT | WIKIPEDIA_PS4_LIST,A_OFFICIAL_MATCHED_TITLE_CREDIT | B_PS4_RELEASE | C_DISCOVERY,https://store.playstation.com/es-es/product/EP9000-CUSA00556_00-THELASTOFUS00000 | https://en.wikipedia.org/wiki/List_of_PlayStation_4_games_(A%E2%80%93L) | https://gamesdb.launchbox-app.com/games/details/21182,"developed by Naughty Dog, Inc “The Last of Us” is a trademark or a registered trademark of Sony Computer Entertainment Europe | developed by Naughty Dog, Inc | La lista específica de PS4 atribuye el desarrollo a esta compañía. | LaunchBox registra esta desarrolladora para su ficha de PS4.",No propagar a ports o compilaciones sin comprobar sus créditos propios.,,,,,Naughty Dog,naughty-dog,official,2026-09-05,company-credit-ps4-pal-high-additions-1,READY_ADD_MISSING
ps4-the-legend-of-heroes-trails-beyond-the-horizon-limited-edition,The Legend Of Heroes: Trails Beyond The Horizon [Limited Edition],PAL España,standard,the legend of heroes trails beyond the horizon,the legend of heroes trails beyond the horizon,EDITION_VARIANT,DEVELOPER,developer,Nihon Falcom Corporation,nihon-falcom,Nihon Falcom,EXACT_NAME_OR_ALIAS,,ADD_MISSING,HIGH,NO,GAME_WORK | GAME_WORK_OR_PS4_RELEASE | PS4_RELEASE,3,LAUNCHBOX_GAMES_DB | STEAM_STORE | WIKIPEDIA_PS4_LIST,B_OTHER_PLATFORM | B_PS4_RELEASE | C_DISCOVERY,https://en.wikipedia.org/wiki/List_of_PlayStation_4_games_(A%E2%80%93L) | https://store.steampowered.com/app/3316940 | https://gamesdb.launchbox-app.com/games/details/476385,"La lista específica de PS4 atribuye el desarrollo a esta compañía. | La ficha comercial de Steam confirma la desarrolladora de la obra, no necesariamente el port de PS4. | LaunchBox registra esta desarrolladora para su ficha de PS4.",No propagar a ports o compilaciones sin comprobar sus créditos propios.,,,CUSA51534_00,,Nihon Falcom Corporation,nihon-falcom,official,2026-09-05,company-credit-ps4-pal-high-additions-1,READY_ADD_MISSING
ps4-the-legend-of-heroes-trails-to-azure-limited-edition,The Legend Of Heroes: Trails To Azure [Limited Edition],PAL España,standard,the legend of heroes trails to azure,the legend of heroes trails to azure,EDITION_VARIANT,DEVELOPER,developer,Nihon Falcom Corporation,nihon-falcom,Nihon Falcom,EXACT_NAME_OR_ALIAS,,ADD_MISSING,HIGH,NO,GAME_WORK | GAME_WORK_OR_PS4_RELEASE | PS4_RELEASE,3,LAUNCHBOX_GAMES_DB | STEAM_STORE | WIKIPEDIA_PS4_LIST,B_OTHER_PLATFORM | B_PS4_RELEASE | C_DISCOVERY,https://en.wikipedia.org/wiki/List_of_PlayStation_4_games_(A%E2%80%93L) | https://store.steampowered.com/app/1668520 | https://gamesdb.launchbox-app.com/games/details/476424,"La lista específica de PS4 atribuye el desarrollo a esta compañía. | La ficha comercial de Steam confirma la desarrolladora de la obra, no necesariamente el port de PS4. | LaunchBox registra esta desarrolladora para su ficha de PS4.",No propagar a ports o compilaciones sin comprobar sus créditos propios.,,,,,Nihon Falcom Corporation,nihon-falcom,official,2026-09-05,company-credit-ps4-pal-high-additions-1,READY_ADD_MISSING
ps4-the-legend-of-nayuta-boundless-trails-limited-edition,The Legend Of Nayuta: Boundless Trails [Limited Edition],PAL España,standard,the legend of nayuta boundless trails,the legend of nayuta boundless trails,EDITION_VARIANT,DEVELOPER,developer,Nihon Falcom Corporation,nihon-falcom,Nihon Falcom,EXACT_NAME_OR_ALIAS,,ADD_MISSING,HIGH,NO,GAME_WORK | GAME_WORK_OR_PS4_RELEASE | PS4_RELEASE,3,LAUNCHBOX_GAMES_DB | STEAM_STORE | WIKIPEDIA_PS4_LIST,B_OTHER_PLATFORM | B_PS4_RELEASE | C_DISCOVERY,https://en.wikipedia.org/wiki/List_of_PlayStation_4_games_(A%E2%80%93L) | https://store.steampowered.com/app/1668530 | https://gamesdb.launchbox-app.com/games/details/476418,"La lista específica de PS4 atribuye el desarrollo a esta compañía. | La ficha comercial de Steam confirma la desarrolladora de la obra, no necesariamente el port de PS4. | LaunchBox registra esta desarrolladora para su ficha de PS4.",No propagar a ports o compilaciones sin comprobar sus créditos propios.,,,,,Nihon Falcom Corporation,nihon-falcom,official,2026-09-05,company-credit-ps4-pal-high-additions-1,READY_ADD_MISSING
ps4-the-long-reach-signature-edition,The Long Reach [Signature Edition],PAL España,standard,the long reach,the long reach,GAME_OR_UNKNOWN,DEVELOPER,developer,Painted Black Games,painted-black-games,Painted Black Games,EXACT_NAME_OR_ALIAS,,ADD_MISSING,HIGH,NO,EXACT_PHYSICAL_EDITION | GAME_WORK | MATCHED_PS4_PRODUCT,3,PLAYSTATION_STORE_EXPLICIT_CREDIT | PRICECHARTING_EXACT_PAL_PAGE | STEAM_STORE,A_OFFICIAL_MATCHED_TITLE_CREDIT | B_EXACT_PHYSICAL | B_OTHER_PLATFORM,https://store.playstation.com/es-es/product/EP1121-CUSA08747_00-THELONGREACHEU01 | https://www.pricecharting.com/game/pal-playstation-4/the-long-reach-signature-edition | https://store.steampowered.com/app/584990,"developed by Painted Black Games, published by Merge Games Ltd | La ficha enlazada de la edición física PAL atribuye el desarrollo a esta compañía. | La ficha comercial de Steam confirma la desarrolladora de la obra, no necesariamente el port de PS4.",No propagar a ports o compilaciones sin comprobar sus créditos propios.,,,,,Painted Black Games,painted-black-games,official,2026-09-05,company-credit-ps4-pal-high-additions-1,READY_ADD_MISSING
ps4-the-sims-4-deluxe-party-edition,The Sims 4 [Deluxe Party Edition],PAL España,standard,the sims 4,the sims 4,EDITION_VARIANT,DEVELOPER,developer,Maxis,maxis,Maxis,EXACT_NAME_OR_ALIAS,,ADD_MISSING,HIGH,NO,GAME_WORK | GAME_WORK_OR_PS4_RELEASE | PS4_RELEASE,4,LAUNCHBOX_GAMES_DB | STEAM_STORE | WIKIDATA | WIKIPEDIA_PS4_LIST,B_OTHER_PLATFORM | B_PS4_RELEASE | C_DISCOVERY,https://en.wikipedia.org/wiki/List_of_PlayStation_4_games_(M%E2%80%93Z) | https://store.steampowered.com/app/1222670 | https://www.wikidata.org/wiki/Q12579896 | https://gamesdb.launchbox-app.com/games/details/193211,"La lista específica de PS4 atribuye el desarrollo a esta compañía. | La ficha comercial de Steam confirma la desarrolladora de la obra, no necesariamente el port de PS4. | Wikidata registra la compañía como desarrolladora. | LaunchBox registra esta desarrolladora para su ficha de PS4.",No propagar a ports o compilaciones sin comprobar sus créditos propios.,,,,,Maxis,maxis,official,2026-09-05,company-credit-ps4-pal-high-additions-1,READY_ADD_MISSING
ps4-the-smurfs-mission-vileaf-collector%27s-edition,The Smurfs: Mission Vileaf [Collector's Edition],PAL España,standard,the smurfs mission vileaf,the smurfs mission vileaf,EDITION_VARIANT,DEVELOPER,developer,OSome Studio,osome-studio,Osome Studio | OSome Studio,EXACT_NAME_OR_ALIAS,,ADD_MISSING,HIGH,NO,GAME_WORK | GAME_WORK_OR_PS4_RELEASE | MATCHED_PS4_PRODUCT,4,PLAYSTATION_STORE_EXPLICIT_CREDIT | STEAM_STORE | WIKIDATA | WIKIPEDIA_PS4_LIST,A_OFFICIAL_MATCHED_TITLE_CREDIT | B_OTHER_PLATFORM | B_PS4_RELEASE | C_DISCOVERY,https://store.playstation.com/es-es/product/EP4295-CUSA26670_00-SMURFSPS400000EU | https://en.wikipedia.org/wiki/List_of_PlayStation_4_games_(M%E2%80%93Z) | https://store.steampowered.com/app/1502560 | https://www.wikidata.org/wiki/Q108327597,"Developed by Osome Studio | La lista específica de PS4 atribuye el desarrollo a esta compañía. | La ficha comercial de Steam confirma la desarrolladora de la obra, no necesariamente el port de PS4. | Wikidata registra la compañía como desarrolladora.",No propagar a ports o compilaciones sin comprobar sus créditos propios.,,,,,OSome Studio,osome-studio,official,2026-09-05,company-credit-ps4-pal-high-additions-1,READY_ADD_MISSING
ps4-the-surge-augmented-edition,The Surge [Augmented Edition],PAL España,standard,the surge,the surge,GAME_OR_UNKNOWN,DEVELOPER,developer,Deck13,deck13,Deck13,EXACT_NAME_OR_ALIAS,,ADD_MISSING,HIGH,NO,GAME_WORK | GAME_WORK_OR_PS4_RELEASE,2,STEAM_STORE | WIKIPEDIA_PS4_LIST,B_OTHER_PLATFORM | B_PS4_RELEASE,https://en.wikipedia.org/wiki/List_of_PlayStation_4_games_(M%E2%80%93Z) | https://store.steampowered.com/app/378540,"La lista específica de PS4 atribuye el desarrollo a esta compañía. | La ficha comercial de Steam confirma la desarrolladora de la obra, no necesariamente el port de PS4.",No propagar a ports o compilaciones sin comprobar sus créditos propios.,,,,,Deck13,deck13,official,2026-09-05,company-credit-ps4-pal-high-additions-1,READY_ADD_MISSING
ps4-the-walking-dead-onslaught,The Walking Dead Onslaught,PAL España,standard,the walking dead onslaught,the walking dead onslaught,GAME_OR_UNKNOWN,DEVELOPER,developer,Survios,survios,Survios,EXACT_NAME_OR_ALIAS,,ADD_MISSING,HIGH,NO,GAME_WORK | MATCHED_PS4_PRODUCT | PS4_RELEASE,4,LAUNCHBOX_GAMES_DB | PLAYSTATION_STORE_EXPLICIT_CREDIT | STEAM_STORE | WIKIDATA,A_OFFICIAL_MATCHED_TITLE_CREDIT | B_OTHER_PLATFORM | C_DISCOVERY,https://store.playstation.com/es-es/product/EP2147-CUSA19513_00-PW1RELEASE000001 | https://store.steampowered.com/app/1082680 | https://www.wikidata.org/wiki/Q122386356 | https://gamesdb.launchbox-app.com/games/details/207988,"Desarrollado y publicado por Survios, Inc 2016-2020 The Walking Dead 2020 AMC Network Entertainment LLC | La ficha comercial de Steam confirma la desarrolladora de la obra, no necesariamente el port de PS4. | Wikidata registra la compañía como desarrolladora. | LaunchBox registra esta desarrolladora para su ficha de PS4.",No propagar a ports o compilaciones sin comprobar sus créditos propios.,,CUSA16278_00,,,Survios,survios,official,2026-09-05,company-credit-ps4-pal-high-additions-1,READY_ADD_MISSING
ps4-the-walking-dead-onslaught-survivors-edition,The Walking Dead Onslaught [Survivors Edition],PAL España,standard,the walking dead onslaught,the walking dead onslaught,GAME_OR_UNKNOWN,DEVELOPER,developer,Survios,survios,Survios,EXACT_NAME_OR_ALIAS,,ADD_MISSING,HIGH,NO,GAME_WORK | MATCHED_PS4_PRODUCT | PS4_RELEASE,4,LAUNCHBOX_GAMES_DB | PLAYSTATION_STORE_EXPLICIT_CREDIT | STEAM_STORE | WIKIDATA,A_OFFICIAL_MATCHED_TITLE_CREDIT | B_OTHER_PLATFORM | C_DISCOVERY,https://store.playstation.com/es-es/product/EP2147-CUSA19513_00-PW1RELEASE000001 | https://store.steampowered.com/app/1082680 | https://www.wikidata.org/wiki/Q122386356 | https://gamesdb.launchbox-app.com/games/details/207988,"Desarrollado y publicado por Survios, Inc 2016-2020 The Walking Dead 2020 AMC Network Entertainment LLC | La ficha comercial de Steam confirma la desarrolladora de la obra, no necesariamente el port de PS4. | Wikidata registra la compañía como desarrolladora. | LaunchBox registra esta desarrolladora para su ficha de PS4.",No propagar a ports o compilaciones sin comprobar sus créditos propios.,,,,,Survios,survios,official,2026-09-05,company-credit-ps4-pal-high-additions-1,READY_ADD_MISSING
ps4-thief-limited-edition,Thief [Limited Edition],PAL España,standard,thief,thief,EDITION_VARIANT,DEVELOPER,developer,Eidos Montreal,eidos-montreal,Eidos Montréal | Eidos-Montréal | Eidos Montreal,EXACT_NAME_OR_ALIAS,,ADD_MISSING,HIGH,NO,GAME_WORK | GAME_WORK_OR_PS4_RELEASE | PS4_RELEASE,4,LAUNCHBOX_GAMES_DB | STEAM_STORE | WIKIDATA | WIKIPEDIA_PS4_LIST,B_OTHER_PLATFORM | B_PS4_RELEASE | C_DISCOVERY,https://en.wikipedia.org/wiki/List_of_PlayStation_4_games_(M%E2%80%93Z) | https://store.steampowered.com/app/239160 | https://www.wikidata.org/wiki/Q4051399 | https://gamesdb.launchbox-app.com/games/details/18577,"La lista específica de PS4 atribuye el desarrollo a esta compañía. | La ficha comercial de Steam confirma la desarrolladora de la obra, no necesariamente el port de PS4. | Wikidata registra la compañía como desarrolladora. | LaunchBox registra esta desarrolladora para su ficha de PS4.",No propagar a ports o compilaciones sin comprobar sus créditos propios.,,,,,Eidos Montreal,eidos-montreal,official,2026-09-05,company-credit-ps4-pal-high-additions-1,READY_ADD_MISSING
ps4-those-who-remain-deluxe-edition,Those Who Remain: Deluxe Edition,PAL España,standard,those who remain,those who remain,EDITION_VARIANT,DEVELOPER,developer,Camel 101,camel-101,Camel 101,EXACT_NAME_OR_ALIAS,,ADD_MISSING,HIGH,NO,GAME_WORK | GAME_WORK_OR_PS4_RELEASE | MATCHED_PS4_PRODUCT | PS4_RELEASE,5,LAUNCHBOX_GAMES_DB | PLAYSTATION_STORE_EXPLICIT_CREDIT | STEAM_STORE | WIKIDATA | WIKIPEDIA_PS4_LIST,A_OFFICIAL_MATCHED_TITLE_CREDIT | B_OTHER_PLATFORM | B_PS4_RELEASE | C_DISCOVERY,https://store.playstation.com/es-es/product/EP4382-CUSA17227_00-TWRPS4000000000E | https://en.wikipedia.org/wiki/List_of_PlayStation_4_games_(M%E2%80%93Z) | https://store.steampowered.com/app/715380 | https://www.wikidata.org/wiki/Q61557057 | https://gamesdb.launchbox-app.com/games/details/474006,"developed by Camel 101 | La lista específica de PS4 atribuye el desarrollo a esta compañía. | La ficha comercial de Steam confirma la desarrolladora de la obra, no necesariamente el port de PS4. | Wikidata registra la compañía como desarrolladora. | LaunchBox registra esta desarrolladora para su ficha de PS4.",No propagar a ports o compilaciones sin comprobar sus créditos propios.,,,,,Camel 101,camel-101,official,2026-09-05,company-credit-ps4-pal-high-additions-1,READY_ADD_MISSING
ps4-tin-&amp;-kuna,Tin & Kuna,PAL España,standard,tin and kuna,tin and kuna,GAME_OR_UNKNOWN,PHYSICAL_PUBLISHER_OR_DISTRIBUTOR,publisher,Numskull Games Ltd.,numskull-games,Numskull Games Limited,EXACT_NAME_OR_ALIAS,,ADD_MISSING,HIGH,NO,EXACT_PHYSICAL_EDITION,1,PRICECHARTING_EXACT_PAL_PAGE,B_EXACT_PHYSICAL,https://www.pricecharting.com/game/pal-playstation-4/tin-&-kuna,La ficha exacta de la edición física PAL etiqueta a esta compañía como Publisher; puede representar publicación o distribución física.,Confirmar si la etiqueta Publisher representa publicación o distribución en la caja PAL.,,CUSA23682_00,CUSA23682_00,,Numskull Games Ltd.,numskull-games,pricecharting,2026-09-05,company-credit-ps4-pal-high-additions-1,READY_ADD_MISSING
ps4-tiny-tina%27s-wonderlands-chaotic-great-edition,Tiny Tina's Wonderlands [Chaotic Great Edition],PAL España,standard,tiny tina s wonderlands,tiny tina s wonderlands,GAME_OR_UNKNOWN,DEVELOPER,developer,Gearbox Software,gearbox-software,Gearbox Software,EXACT_NAME_OR_ALIAS,,ADD_MISSING,HIGH,NO,GAME_WORK | GAME_WORK_OR_PS4_RELEASE,3,STEAM_STORE | WIKIDATA | WIKIPEDIA_PS4_LIST,B_OTHER_PLATFORM | B_PS4_RELEASE | C_DISCOVERY,https://en.wikipedia.org/wiki/List_of_PlayStation_4_games_(M%E2%80%93Z) | https://store.steampowered.com/app/1286680 | https://www.wikidata.org/wiki/Q107209787,"La lista específica de PS4 atribuye el desarrollo a esta compañía. | La ficha comercial de Steam confirma la desarrolladora de la obra, no necesariamente el port de PS4. | Wikidata registra la compañía como desarrolladora.",No propagar a ports o compilaciones sin comprobar sus créditos propios.,,,,,Gearbox Software,gearbox-software,official,2026-09-05,company-credit-ps4-pal-high-additions-1,READY_ADD_MISSING
ps4-titanfall-2-vanguard-srs-collector%27s-edition,Titanfall 2 [Vanguard SRS Collector's Edition],PAL España,standard,titanfall 2,titanfall 2,EDITION_VARIANT,DEVELOPER,developer,Respawn Entertainment,respawn-entertainment,Respawn Entertainment,EXACT_NAME_OR_ALIAS,,ADD_MISSING,HIGH,NO,GAME_WORK | GAME_WORK_OR_PS4_RELEASE | PS4_RELEASE,4,LAUNCHBOX_GAMES_DB | STEAM_STORE | WIKIDATA | WIKIPEDIA_PS4_LIST,B_OTHER_PLATFORM | B_PS4_RELEASE | C_DISCOVERY,https://en.wikipedia.org/wiki/List_of_PlayStation_4_games_(M%E2%80%93Z) | https://store.steampowered.com/app/1237970 | https://www.wikidata.org/wiki/Q24044813 | https://gamesdb.launchbox-app.com/games/details/154002,"La lista específica de PS4 atribuye el desarrollo a esta compañía. | La ficha comercial de Steam confirma la desarrolladora de la obra, no necesariamente el port de PS4. | Wikidata registra la compañía como desarrolladora. | LaunchBox registra esta desarrolladora para su ficha de PS4.",No propagar a ports o compilaciones sin comprobar sus créditos propios.,,,,,Respawn Entertainment,respawn-entertainment,official,2026-09-05,company-credit-ps4-pal-high-additions-1,READY_ADD_MISSING
ps4-toki-tori-2&#43;,Toki Tori 2+,PAL España,standard,toki tori 2,toki tori 2,GAME_OR_UNKNOWN,DEVELOPER,developer,Two Tribes,two-tribes,Two Tribes,EXACT_NAME_OR_ALIAS,,ADD_MISSING,HIGH,NO,EXACT_PHYSICAL_EDITION | GAME_WORK | GAME_WORK_OR_PS4_RELEASE,4,PRICECHARTING_EXACT_PAL_PAGE | STEAM_STORE | WIKIDATA | WIKIPEDIA_PS4_LIST,B_EXACT_PHYSICAL | B_OTHER_PLATFORM | B_PS4_RELEASE | C_DISCOVERY,https://www.pricecharting.com/game/pal-playstation-4/toki-tori-2+ | https://en.wikipedia.org/wiki/List_of_PlayStation_4_games_(M%E2%80%93Z) | https://store.steampowered.com/app/201420 | https://www.wikidata.org/wiki/Q13220119,"La ficha enlazada de la edición física PAL atribuye el desarrollo a esta compañía. | La lista específica de PS4 atribuye el desarrollo a esta compañía. | La ficha comercial de Steam confirma la desarrolladora de la obra, no necesariamente el port de PS4. | Wikidata registra la compañía como desarrolladora.",No propagar a ports o compilaciones sin comprobar sus créditos propios.,,CUSA00274_00,,,Two Tribes,two-tribes,official,2026-09-05,company-credit-ps4-pal-high-additions-1,READY_ADD_MISSING
ps4-tokyo-xanadu-ex&#43;,Tokyo Xanadu EX+,PAL España,standard,tokyo xanadu ex,tokyo xanadu ex,GAME_OR_UNKNOWN,DEVELOPER,developer,Nihon Falcom Corporation,nihon-falcom,Nihon Falcom,EXACT_NAME_OR_ALIAS,,ADD_MISSING,HIGH,NO,GAME_WORK | GAME_WORK_OR_PS4_RELEASE | PS4_RELEASE,3,LAUNCHBOX_GAMES_DB | STEAM_STORE | WIKIPEDIA_PS4_LIST,B_OTHER_PLATFORM | B_PS4_RELEASE | C_DISCOVERY,https://en.wikipedia.org/wiki/List_of_PlayStation_4_games_(M%E2%80%93Z) | https://store.steampowered.com/app/587260 | https://gamesdb.launchbox-app.com/games/details/141948,"La lista específica de PS4 atribuye el desarrollo a esta compañía. | La ficha comercial de Steam confirma la desarrolladora de la obra, no necesariamente el port de PS4. | LaunchBox registra esta desarrolladora para su ficha de PS4.",No propagar a ports o compilaciones sin comprobar sus créditos propios.,,CUSA04888_00,,,Nihon Falcom Corporation,nihon-falcom,official,2026-09-05,company-credit-ps4-pal-high-additions-1,READY_ADD_MISSING
ps4-tom-clancy%27s-the-division,Tom Clancy's The Division,PAL España,standard,tom clancy s the division,tom clancy s the division,GAME_OR_UNKNOWN,DEVELOPER,developer,Massive Entertainment,massive-entertainment,Massive Entertainment,EXACT_NAME_OR_ALIAS,,ADD_MISSING,HIGH,NO,GAME_WORK | GAME_WORK_OR_PS4_RELEASE,3,STEAM_STORE | WIKIDATA | WIKIPEDIA_PS4_LIST,B_OTHER_PLATFORM | B_PS4_RELEASE | C_DISCOVERY,https://en.wikipedia.org/wiki/List_of_PlayStation_4_games_(M%E2%80%93Z) | https://store.steampowered.com/app/365590 | https://www.wikidata.org/wiki/Q13431312,"La lista específica de PS4 atribuye el desarrollo a esta compañía. | La ficha comercial de Steam confirma la desarrolladora de la obra, no necesariamente el port de PS4. | Wikidata registra la compañía como desarrolladora.",No propagar a ports o compilaciones sin comprobar sus créditos propios.,,CUSA01262_00,,,Massive Entertainment,massive-entertainment,official,2026-09-05,company-credit-ps4-pal-high-additions-1,READY_ADD_MISSING
ps4-tom-clancy%27s-the-division-2-limited-edition,Tom Clancy's The Division 2 [Limited Edition],PAL España,standard,tom clancy s the division 2,tom clancy s the division 2,EDITION_VARIANT,DEVELOPER,developer,Massive Entertainment,massive-entertainment,Massive Entertainment,EXACT_NAME_OR_ALIAS,,ADD_MISSING,HIGH,NO,EXACT_PHYSICAL_EDITION | GAME_WORK | GAME_WORK_OR_PS4_RELEASE,3,PRICECHARTING_EXACT_PAL_PAGE | WIKIDATA | WIKIPEDIA_PS4_LIST,B_EXACT_PHYSICAL | B_PS4_RELEASE | C_DISCOVERY,https://www.pricecharting.com/game/pal-playstation-4/tom-clancy%27s-the-division-2-limited-edition | https://en.wikipedia.org/wiki/List_of_PlayStation_4_games_(M%E2%80%93Z) | https://www.wikidata.org/wiki/Q50376754,La ficha enlazada de la edición física PAL atribuye el desarrollo a esta compañía. | La lista específica de PS4 atribuye el desarrollo a esta compañía. | Wikidata registra la compañía como desarrolladora.,No propagar a ports o compilaciones sin comprobar sus créditos propios.,,,,,Massive Entertainment,massive-entertainment,pricecharting,2026-09-05,company-credit-ps4-pal-high-additions-1,READY_ADD_MISSING
ps4-tom-clancy%27s-the-division-2-washington-dc-edition,Tom Clancy's The Division 2 [Washington D.C. Edition],PAL España,standard,tom clancy s the division 2,tom clancy s the division 2,GAME_OR_UNKNOWN,DEVELOPER,developer,Massive Entertainment,massive-entertainment,Massive Entertainment,EXACT_NAME_OR_ALIAS,,ADD_MISSING,HIGH,NO,EXACT_PHYSICAL_EDITION | GAME_WORK | GAME_WORK_OR_PS4_RELEASE,3,PRICECHARTING_EXACT_PAL_PAGE | WIKIDATA | WIKIPEDIA_PS4_LIST,B_EXACT_PHYSICAL | B_PS4_RELEASE | C_DISCOVERY,https://www.pricecharting.com/game/pal-playstation-4/tom-clancy%27s-the-division-2-washington-dc-edition | https://en.wikipedia.org/wiki/List_of_PlayStation_4_games_(M%E2%80%93Z) | https://www.wikidata.org/wiki/Q50376754,La ficha enlazada de la edición física PAL atribuye el desarrollo a esta compañía. | La lista específica de PS4 atribuye el desarrollo a esta compañía. | Wikidata registra la compañía como desarrolladora.,No propagar a ports o compilaciones sin comprobar sus créditos propios.,,,,,Massive Entertainment,massive-entertainment,pricecharting,2026-09-05,company-credit-ps4-pal-high-additions-1,READY_ADD_MISSING
ps4-tom-clancy%27s-the-division-gold-edition,Tom Clancy's The Division [Gold Edition],PAL España,standard,tom clancy s the division,tom clancy s the division,GAME_OR_UNKNOWN,DEVELOPER,developer,Massive Entertainment,massive-entertainment,massive entertainment | Massive Entertainment,EXACT_NAME_OR_ALIAS,,ADD_MISSING,HIGH,NO,EXACT_PHYSICAL_EDITION | GAME_WORK | GAME_WORK_OR_PS4_RELEASE,4,PRICECHARTING_EXACT_PAL_PAGE | STEAM_STORE | WIKIDATA | WIKIPEDIA_PS4_LIST,B_EXACT_PHYSICAL | B_OTHER_PLATFORM | B_PS4_RELEASE | C_DISCOVERY,https://www.pricecharting.com/game/pal-playstation-4/tom-clancy%27s-the-division-gold-edition | https://en.wikipedia.org/wiki/List_of_PlayStation_4_games_(M%E2%80%93Z) | https://store.steampowered.com/app/365590 | https://www.wikidata.org/wiki/Q13431312,"La ficha enlazada de la edición física PAL atribuye el desarrollo a esta compañía. | La lista específica de PS4 atribuye el desarrollo a esta compañía. | La ficha comercial de Steam confirma la desarrolladora de la obra, no necesariamente el port de PS4. | Wikidata registra la compañía como desarrolladora.",No propagar a ports o compilaciones sin comprobar sus créditos propios.,,,,,Massive Entertainment,massive-entertainment,official,2026-09-05,company-credit-ps4-pal-high-additions-1,READY_ADD_MISSING
ps4-tom-clancy%27s-the-division-limited-edition,Tom Clancy's The Division [Limited Edition],PAL España,standard,tom clancy s the division,tom clancy s the division,EDITION_VARIANT,DEVELOPER,developer,Massive Entertainment,massive-entertainment,Massive Entertainment,EXACT_NAME_OR_ALIAS,,ADD_MISSING,HIGH,NO,EXACT_PHYSICAL_EDITION | GAME_WORK | GAME_WORK_OR_PS4_RELEASE,4,PRICECHARTING_EXACT_PAL_PAGE | STEAM_STORE | WIKIDATA | WIKIPEDIA_PS4_LIST,B_EXACT_PHYSICAL | B_OTHER_PLATFORM | B_PS4_RELEASE | C_DISCOVERY,https://www.pricecharting.com/game/pal-playstation-4/tom-clancy%27s-the-division-limited-edition | https://en.wikipedia.org/wiki/List_of_PlayStation_4_games_(M%E2%80%93Z) | https://store.steampowered.com/app/365590 | https://www.wikidata.org/wiki/Q13431312,"La ficha enlazada de la edición física PAL atribuye el desarrollo a esta compañía. | La lista específica de PS4 atribuye el desarrollo a esta compañía. | La ficha comercial de Steam confirma la desarrolladora de la obra, no necesariamente el port de PS4. | Wikidata registra la compañía como desarrolladora.",No propagar a ports o compilaciones sin comprobar sus créditos propios.,,,,,Massive Entertainment,massive-entertainment,official,2026-09-05,company-credit-ps4-pal-high-additions-1,READY_ADD_MISSING
ps4-tom-clancy%27s-the-division-sleeper-agent-edition,Tom Clancy's The Division [Sleeper Agent Edition],PAL España,standard,tom clancy s the division,tom clancy s the division,GAME_OR_UNKNOWN,DEVELOPER,developer,Massive Entertainment,massive-entertainment,Massive Entertainment,EXACT_NAME_OR_ALIAS,,ADD_MISSING,HIGH,NO,GAME_WORK | GAME_WORK_OR_PS4_RELEASE,3,STEAM_STORE | WIKIDATA | WIKIPEDIA_PS4_LIST,B_OTHER_PLATFORM | B_PS4_RELEASE | C_DISCOVERY,https://en.wikipedia.org/wiki/List_of_PlayStation_4_games_(M%E2%80%93Z) | https://store.steampowered.com/app/365590 | https://www.wikidata.org/wiki/Q13431312,"La lista específica de PS4 atribuye el desarrollo a esta compañía. | La ficha comercial de Steam confirma la desarrolladora de la obra, no necesariamente el port de PS4. | Wikidata registra la compañía como desarrolladora.",No propagar a ports o compilaciones sin comprobar sus créditos propios.,,,,,Massive Entertainment,massive-entertainment,official,2026-09-05,company-credit-ps4-pal-high-additions-1,READY_ADD_MISSING
ps4-torment-tides-of-numenera-collector%27s-edition,Torment: Tides of Numenera [Collector's Edition],PAL España,standard,torment tides of numenera,torment tides of numenera,EDITION_VARIANT,DEVELOPER,developer,InXile Entertainment,inxile-entertainment,inXile Entertainment | inXile entertainment,EXACT_NAME_OR_ALIAS,,ADD_MISSING,HIGH,NO,GAME_WORK | GAME_WORK_OR_PS4_RELEASE | PS4_RELEASE,4,LAUNCHBOX_GAMES_DB | STEAM_STORE | WIKIDATA | WIKIPEDIA_PS4_LIST,B_OTHER_PLATFORM | B_PS4_RELEASE | C_DISCOVERY,https://en.wikipedia.org/wiki/List_of_PlayStation_4_games_(M%E2%80%93Z) | https://store.steampowered.com/app/272270 | https://www.wikidata.org/wiki/Q6568802 | https://gamesdb.launchbox-app.com/games/details/473952,"La lista específica de PS4 atribuye el desarrollo a esta compañía. | La ficha comercial de Steam confirma la desarrolladora de la obra, no necesariamente el port de PS4. | Wikidata registra la compañía como desarrolladora. | LaunchBox registra esta desarrolladora para su ficha de PS4.",No propagar a ports o compilaciones sin comprobar sus créditos propios.,,,,,InXile Entertainment,inxile-entertainment,official,2026-09-05,company-credit-ps4-pal-high-additions-1,READY_ADD_MISSING
ps4-tour-de-france-2021,Tour De France 2021,PAL España,standard,tour de france 2021,tour de france 2021,GAME_OR_UNKNOWN,DEVELOPER,developer,Cyanide Studio,cyanide-studio,Cyanide Studio,EXACT_NAME_OR_ALIAS,,ADD_MISSING,HIGH,NO,GAME_WORK | GAME_WORK_OR_PS4_RELEASE,2,STEAM_STORE | WIKIPEDIA_PS4_LIST,B_OTHER_PLATFORM | B_PS4_RELEASE,https://en.wikipedia.org/wiki/List_of_PlayStation_4_games_(M%E2%80%93Z) | https://store.steampowered.com/app/1454050,"La lista específica de PS4 atribuye el desarrollo a esta compañía. | La ficha comercial de Steam confirma la desarrolladora de la obra, no necesariamente el port de PS4.",No propagar a ports o compilaciones sin comprobar sus créditos propios.,,CUSA27349_00,,,Cyanide Studio,cyanide-studio,official,2026-09-05,company-credit-ps4-pal-high-additions-1,READY_ADD_MISSING
ps4-train-sim-world-2020-collector%27s-edition,Train Sim World 2020 [Collector's Edition],PAL España,standard,train sim world 2020,train sim world 2020,EDITION_VARIANT,DEVELOPER,developer,Dovetail Games,dovetail-games,Dovetail Games,EXACT_NAME_OR_ALIAS,,ADD_MISSING,HIGH,NO,GAME_WORK | GAME_WORK_OR_PS4_RELEASE,2,STEAM_STORE | WIKIPEDIA_PS4_LIST,B_OTHER_PLATFORM | B_PS4_RELEASE,https://en.wikipedia.org/wiki/List_of_PlayStation_4_games_(M%E2%80%93Z) | https://store.steampowered.com/app/530070,"La lista específica de PS4 atribuye el desarrollo a esta compañía. | La ficha comercial de Steam confirma la desarrolladora de la obra, no necesariamente el port de PS4.",No propagar a ports o compilaciones sin comprobar sus créditos propios.,,,,,Dovetail Games,dovetail-games,official,2026-09-05,company-credit-ps4-pal-high-additions-1,READY_ADD_MISSING
ps4-treasures-of-the-aegean-collector%27s-edition,Treasures of the Aegean [Collector's Edition],PAL España,standard,treasures of the aegean,treasures of the aegean,EDITION_VARIANT,DEVELOPER,developer,Undercoders,undercoders,Undercoders,EXACT_NAME_OR_ALIAS,,ADD_MISSING,HIGH,NO,EXACT_PHYSICAL_EDITION | GAME_WORK,3,PRICECHARTING_EXACT_PAL_PAGE | STEAM_STORE | WIKIDATA,B_EXACT_PHYSICAL | B_OTHER_PLATFORM | C_DISCOVERY,https://www.pricecharting.com/game/pal-playstation-4/treasures-of-the-aegean-collector%27s-edition | https://store.steampowered.com/app/1607530 | https://www.wikidata.org/wiki/Q109707419,"La ficha enlazada de la edición física PAL atribuye el desarrollo a esta compañía. | La ficha comercial de Steam confirma la desarrolladora de la obra, no necesariamente el port de PS4. | Wikidata registra la compañía como desarrolladora.",No propagar a ports o compilaciones sin comprobar sus créditos propios.,,,CUSA28711_00,,Undercoders,undercoders,official,2026-09-05,company-credit-ps4-pal-high-additions-1,READY_ADD_MISSING
ps4-trials-fusion-the-awesome-max-edition,Trials Fusion [The Awesome MAX Edition],PAL España,standard,trials fusion,trials fusion,GAME_OR_UNKNOWN,DEVELOPER,developer,RedLynx,redlynx,RedLynx,EXACT_NAME_OR_ALIAS,,ADD_MISSING,HIGH,NO,EXACT_PHYSICAL_EDITION | GAME_WORK | GAME_WORK_OR_PS4_RELEASE | PS4_RELEASE,4,LAUNCHBOX_GAMES_DB | PRICECHARTING_EXACT_PAL_PAGE | STEAM_STORE | WIKIPEDIA_PS4_LIST,B_EXACT_PHYSICAL | B_OTHER_PLATFORM | B_PS4_RELEASE | C_DISCOVERY,https://www.pricecharting.com/game/pal-playstation-4/trials-fusion-the-awesome-max-edition | https://en.wikipedia.org/wiki/List_of_PlayStation_4_games_(M%E2%80%93Z) | https://store.steampowered.com/app/245490 | https://gamesdb.launchbox-app.com/games/details/20110,"La ficha enlazada de la edición física PAL atribuye el desarrollo a esta compañía. | La lista específica de PS4 atribuye el desarrollo a esta compañía. | La ficha comercial de Steam confirma la desarrolladora de la obra, no necesariamente el port de PS4. | LaunchBox registra esta desarrolladora para su ficha de PS4.",No propagar a ports o compilaciones sin comprobar sus créditos propios.,,,CUSA00230_00,,RedLynx,redlynx,official,2026-09-05,company-credit-ps4-pal-high-additions-1,READY_ADD_MISSING
ps4-trials-rising,Trials Rising,PAL España,standard,trials rising,trials rising,GAME_OR_UNKNOWN,DEVELOPER,developer,RedLynx,redlynx,RedLynx,EXACT_NAME_OR_ALIAS,,ADD_MISSING,HIGH,NO,GAME_WORK | GAME_WORK_OR_PS4_RELEASE | PS4_RELEASE,4,LAUNCHBOX_GAMES_DB | STEAM_STORE | WIKIDATA | WIKIPEDIA_PS4_LIST,B_OTHER_PLATFORM | B_PS4_RELEASE | C_DISCOVERY,https://en.wikipedia.org/wiki/List_of_PlayStation_4_games_(M%E2%80%93Z) | https://store.steampowered.com/app/641080 | https://www.wikidata.org/wiki/Q54935541 | https://gamesdb.launchbox-app.com/games/details/215424,"La lista específica de PS4 atribuye el desarrollo a esta compañía. | La ficha comercial de Steam confirma la desarrolladora de la obra, no necesariamente el port de PS4. | Wikidata registra la compañía como desarrolladora. | LaunchBox registra esta desarrolladora para su ficha de PS4.",No propagar a ports o compilaciones sin comprobar sus créditos propios.,,CUSA09338_00,,,RedLynx,redlynx,official,2026-09-05,company-credit-ps4-pal-high-additions-1,READY_ADD_MISSING
ps4-trials-rising-gold-edition,Trials Rising [Gold Edition],PAL España,standard,trials rising,trials rising,GAME_OR_UNKNOWN,DEVELOPER,developer,RedLynx,redlynx,RedLynx,EXACT_NAME_OR_ALIAS,,ADD_MISSING,HIGH,NO,EXACT_PHYSICAL_EDITION | GAME_WORK | GAME_WORK_OR_PS4_RELEASE | PS4_RELEASE,5,LAUNCHBOX_GAMES_DB | PRICECHARTING_EXACT_PAL_PAGE | STEAM_STORE | WIKIDATA | WIKIPEDIA_PS4_LIST,B_EXACT_PHYSICAL | B_OTHER_PLATFORM | B_PS4_RELEASE | C_DISCOVERY,https://www.pricecharting.com/game/pal-playstation-4/trials-rising-gold-edition | https://en.wikipedia.org/wiki/List_of_PlayStation_4_games_(M%E2%80%93Z) | https://store.steampowered.com/app/641080 | https://www.wikidata.org/wiki/Q54935541 | https://gamesdb.launchbox-app.com/games/details/215424,"La ficha enlazada de la edición física PAL atribuye el desarrollo a esta compañía. | La lista específica de PS4 atribuye el desarrollo a esta compañía. | La ficha comercial de Steam confirma la desarrolladora de la obra, no necesariamente el port de PS4. | Wikidata registra la compañía como desarrolladora. | LaunchBox registra esta desarrolladora para su ficha de PS4.",No propagar a ports o compilaciones sin comprobar sus créditos propios.,,,CUSA09435_00,,RedLynx,redlynx,official,2026-09-05,company-credit-ps4-pal-high-additions-1,READY_ADD_MISSING
ps4-tropico-5,Tropico 5,PAL España,standard,tropico 5,tropico 5,GAME_OR_UNKNOWN,DEVELOPER,developer,Haemimont Games,haemimont-games,Haemimont Games,EXACT_NAME_OR_ALIAS,,ADD_MISSING,HIGH,NO,GAME_WORK | GAME_WORK_OR_PS4_RELEASE | PS4_RELEASE,4,LAUNCHBOX_GAMES_DB | STEAM_STORE | WIKIDATA | WIKIPEDIA_PS4_LIST,B_OTHER_PLATFORM | B_PS4_RELEASE | C_DISCOVERY,https://en.wikipedia.org/wiki/List_of_PlayStation_4_games_(M%E2%80%93Z) | https://store.steampowered.com/app/245620 | https://www.wikidata.org/wiki/Q14737197 | https://gamesdb.launchbox-app.com/games/details/31202,"La lista específica de PS4 atribuye el desarrollo a esta compañía. | La ficha comercial de Steam confirma la desarrolladora de la obra, no necesariamente el port de PS4. | Wikidata registra la compañía como desarrolladora. | LaunchBox registra esta desarrolladora para su ficha de PS4.",No propagar a ports o compilaciones sin comprobar sus créditos propios.,,CUSA01123_00,,,Haemimont Games,haemimont-games,official,2026-09-05,company-credit-ps4-pal-high-additions-1,READY_ADD_MISSING
ps4-umihara-kawase-bazooka-collector%27s-edition,Umihara Kawase Bazooka [Collector's Edition],PAL España,standard,umihara kawase bazooka,umihara kawase bazooka,EDITION_VARIANT,DEVELOPER,developer,Studio Saizensen,studio-saizensen,Studio Saizensen,EXACT_NAME_OR_ALIAS,,ADD_MISSING,HIGH,NO,GAME_WORK | GAME_WORK_OR_PS4_RELEASE,2,STEAM_STORE | WIKIPEDIA_PS4_LIST,B_OTHER_PLATFORM | B_PS4_RELEASE,https://en.wikipedia.org/wiki/List_of_PlayStation_4_games_(M%E2%80%93Z) | https://store.steampowered.com/app/1271620,"La lista específica de PS4 atribuye el desarrollo a esta compañía. | La ficha comercial de Steam confirma la desarrolladora de la obra, no necesariamente el port de PS4.",No propagar a ports o compilaciones sin comprobar sus créditos propios.,,,CUSA20075_00,,Studio Saizensen,studio-saizensen,official,2026-09-05,company-credit-ps4-pal-high-additions-1,READY_ADD_MISSING
ps4-umihara-kawase-bazooka-steelbook-edition,Umihara Kawase BaZooKa [Steelbook Edition],PAL España,standard,umihara kawase bazooka,umihara kawase bazooka,EDITION_VARIANT,DEVELOPER,developer,Studio Saizensen,studio-saizensen,Studio Saizensen,EXACT_NAME_OR_ALIAS,,ADD_MISSING,HIGH,NO,GAME_WORK | GAME_WORK_OR_PS4_RELEASE,2,STEAM_STORE | WIKIPEDIA_PS4_LIST,B_OTHER_PLATFORM | B_PS4_RELEASE,https://en.wikipedia.org/wiki/List_of_PlayStation_4_games_(M%E2%80%93Z) | https://store.steampowered.com/app/1271620,"La lista específica de PS4 atribuye el desarrollo a esta compañía. | La ficha comercial de Steam confirma la desarrolladora de la obra, no necesariamente el port de PS4.",No propagar a ports o compilaciones sin comprobar sus créditos propios.,,,,,Studio Saizensen,studio-saizensen,official,2026-09-05,company-credit-ps4-pal-high-additions-1,READY_ADD_MISSING
ps4-umihara-kawase-bazooka-steelbook-edition,Umihara Kawase BaZooKa [Steelbook Edition],PAL España,standard,umihara kawase bazooka,umihara kawase bazooka,EDITION_VARIANT,PHYSICAL_PUBLISHER_OR_DISTRIBUTOR,publisher,ININ Games,inin-games,ININ Games | Inin Games,EXACT_NAME_OR_ALIAS,,ADD_MISSING,HIGH,NO,EXACT_PHYSICAL_EDITION | PAL_RELEASE,2,PRICECHARTING_EXACT_PAL_PAGE | WIKIPEDIA_PS4_LIST_PAL,B_EXACT_PHYSICAL | B_PAL_RELEASE,https://www.pricecharting.com/game/pal-playstation-4/umihara-kawase-bazooka-steelbook-edition | https://en.wikipedia.org/wiki/List_of_PlayStation_4_games_(M%E2%80%93Z),La ficha exacta de la edición física PAL etiqueta a esta compañía como Publisher; puede representar publicación o distribución física. | La columna PAL de la lista de PS4 atribuye la publicación a esta compañía.,Confirmar si la etiqueta Publisher representa publicación o distribución en la caja PAL.,,,,,ININ Games,inin-games,pricecharting,2026-09-05,company-credit-ps4-pal-high-additions-1,READY_ADD_MISSING
ps4-uncharted-4-a-thief%27s-end-only-on-playstation,Uncharted 4: A Thief's End [Only On PlayStation],PAL España,standard,uncharted 4 a thief s end,uncharted 4 a thief s end only on playstation,GAME_OR_UNKNOWN,DEVELOPER,developer,Naughty Dog,naughty-dog,Naughty Dog,EXACT_NAME_OR_ALIAS,,ADD_MISSING,HIGH,NO,EXACT_PHYSICAL_EDITION | GAME_WORK_OR_PS4_RELEASE,2,PRICECHARTING_EXACT_PAL_PAGE | WIKIPEDIA_PS4_LIST,B_EXACT_PHYSICAL | B_PS4_RELEASE,https://www.pricecharting.com/game/pal-playstation-4/uncharted-4-a-thief%27s-end-only-on-playstation | https://en.wikipedia.org/wiki/List_of_PlayStation_4_games_(M%E2%80%93Z),La ficha enlazada de la edición física PAL atribuye el desarrollo a esta compañía. | La lista específica de PS4 atribuye el desarrollo a esta compañía.,No propagar a ports o compilaciones sin comprobar sus créditos propios.,,,,,Naughty Dog,naughty-dog,pricecharting,2026-09-05,company-credit-ps4-pal-high-additions-1,READY_ADD_MISSING
ps4-uncharted-4-a-thief%27s-end-only-on-playstation,Uncharted 4: A Thief's End [Only On PlayStation],PAL España,standard,uncharted 4 a thief s end,uncharted 4 a thief s end only on playstation,GAME_OR_UNKNOWN,PHYSICAL_PUBLISHER_OR_DISTRIBUTOR,publisher,Sony Interactive Entertainment,sony-interactive-entertainment,Sony Computer Entertainment | Sony Interactive Entertainment,EXACT_NAME_OR_ALIAS,,ADD_MISSING,HIGH,NO,EXACT_PHYSICAL_EDITION | PAL_RELEASE,2,PRICECHARTING_EXACT_PAL_PAGE | WIKIPEDIA_PS4_LIST_PAL,B_EXACT_PHYSICAL | B_PAL_RELEASE,https://www.pricecharting.com/game/pal-playstation-4/uncharted-4-a-thief%27s-end-only-on-playstation | https://en.wikipedia.org/wiki/List_of_PlayStation_4_games_(M%E2%80%93Z),La ficha exacta de la edición física PAL etiqueta a esta compañía como Publisher; puede representar publicación o distribución física. | La columna PAL de la lista de PS4 atribuye la publicación a esta compañía.,Confirmar si la etiqueta Publisher representa publicación o distribución en la caja PAL.,,,,,Sony Interactive Entertainment,sony-interactive-entertainment,pricecharting,2026-09-05,company-credit-ps4-pal-high-additions-1,READY_ADD_MISSING
ps4-uncharted-4-a-thief%27s-end-playstation-hits,Uncharted 4 A Thief's End [Playstation Hits],PAL España,standard,uncharted 4 a thief s end,uncharted 4 a thief s end,EDITION_VARIANT,DEVELOPER,developer,Naughty Dog,naughty-dog,Naughty Dog,EXACT_NAME_OR_ALIAS,,ADD_MISSING,HIGH,NO,EXACT_PHYSICAL_EDITION | GAME_WORK_OR_PS4_RELEASE,2,PRICECHARTING_EXACT_PAL_PAGE | WIKIPEDIA_PS4_LIST,B_EXACT_PHYSICAL | B_PS4_RELEASE,https://www.pricecharting.com/game/pal-playstation-4/uncharted-4-a-thief%27s-end-playstation-hits | https://en.wikipedia.org/wiki/List_of_PlayStation_4_games_(M%E2%80%93Z),La ficha enlazada de la edición física PAL atribuye el desarrollo a esta compañía. | La lista específica de PS4 atribuye el desarrollo a esta compañía.,No propagar a ports o compilaciones sin comprobar sus créditos propios.,,,,,Naughty Dog,naughty-dog,pricecharting,2026-09-05,company-credit-ps4-pal-high-additions-1,READY_ADD_MISSING
ps4-uncharted-4-a-thief%27s-end-playstation-hits,Uncharted 4 A Thief's End [Playstation Hits],PAL España,standard,uncharted 4 a thief s end,uncharted 4 a thief s end,EDITION_VARIANT,PHYSICAL_PUBLISHER_OR_DISTRIBUTOR,publisher,Sony Interactive Entertainment,sony-interactive-entertainment,Sony Computer Entertainment | Sony Interactive Entertainment,EXACT_NAME_OR_ALIAS,,ADD_MISSING,HIGH,NO,EXACT_PHYSICAL_EDITION | PAL_RELEASE,2,PRICECHARTING_EXACT_PAL_PAGE | WIKIPEDIA_PS4_LIST_PAL,B_EXACT_PHYSICAL | B_PAL_RELEASE,https://www.pricecharting.com/game/pal-playstation-4/uncharted-4-a-thief%27s-end-playstation-hits | https://en.wikipedia.org/wiki/List_of_PlayStation_4_games_(M%E2%80%93Z),La ficha exacta de la edición física PAL etiqueta a esta compañía como Publisher; puede representar publicación o distribución física. | La columna PAL de la lista de PS4 atribuye la publicación a esta compañía.,Confirmar si la etiqueta Publisher representa publicación o distribución en la caja PAL.,,,,,Sony Interactive Entertainment,sony-interactive-entertainment,pricecharting,2026-09-05,company-credit-ps4-pal-high-additions-1,READY_ADD_MISSING
ps4-uncharted-4-a-thief%27s-end-special-edition,Uncharted 4 A Thief's End [Special Edition],PAL España,standard,uncharted 4 a thief s end,uncharted 4 a thief s end,EDITION_VARIANT,DEVELOPER,developer,Naughty Dog,naughty-dog,Naughty Dog,EXACT_NAME_OR_ALIAS,,ADD_MISSING,HIGH,NO,EXACT_PHYSICAL_EDITION | GAME_WORK_OR_PS4_RELEASE,2,PRICECHARTING_EXACT_PAL_PAGE | WIKIPEDIA_PS4_LIST,B_EXACT_PHYSICAL | B_PS4_RELEASE,https://www.pricecharting.com/game/pal-playstation-4/uncharted-4-a-thief%27s-end-special-edition | https://en.wikipedia.org/wiki/List_of_PlayStation_4_games_(M%E2%80%93Z),La ficha enlazada de la edición física PAL atribuye el desarrollo a esta compañía. | La lista específica de PS4 atribuye el desarrollo a esta compañía.,No propagar a ports o compilaciones sin comprobar sus créditos propios.,,,CUSA04529_00,,Naughty Dog,naughty-dog,pricecharting,2026-09-05,company-credit-ps4-pal-high-additions-1,READY_ADD_MISSING
ps4-uncharted-4-a-thief%27s-end-special-edition,Uncharted 4 A Thief's End [Special Edition],PAL España,standard,uncharted 4 a thief s end,uncharted 4 a thief s end,EDITION_VARIANT,PHYSICAL_PUBLISHER_OR_DISTRIBUTOR,publisher,Sony Interactive Entertainment,sony-interactive-entertainment,Sony Computer Entertainment | Sony Interactive Entertainment,EXACT_NAME_OR_ALIAS,,ADD_MISSING,HIGH,NO,EXACT_PHYSICAL_EDITION | PAL_RELEASE,2,PRICECHARTING_EXACT_PAL_PAGE | WIKIPEDIA_PS4_LIST_PAL,B_EXACT_PHYSICAL | B_PAL_RELEASE,https://www.pricecharting.com/game/pal-playstation-4/uncharted-4-a-thief%27s-end-special-edition | https://en.wikipedia.org/wiki/List_of_PlayStation_4_games_(M%E2%80%93Z),La ficha exacta de la edición física PAL etiqueta a esta compañía como Publisher; puede representar publicación o distribución física. | La columna PAL de la lista de PS4 atribuye la publicación a esta compañía.,Confirmar si la etiqueta Publisher representa publicación o distribución en la caja PAL.,,,CUSA04529_00,,Sony Interactive Entertainment,sony-interactive-entertainment,pricecharting,2026-09-05,company-credit-ps4-pal-high-additions-1,READY_ADD_MISSING
ps4-uncharted-the-lost-legacy-playstation-hits,Uncharted: The Lost Legacy [Playstation Hits],PAL España,standard,uncharted the lost legacy,uncharted the lost legacy,EDITION_VARIANT,DEVELOPER,developer,Naughty Dog,naughty-dog,Naughty Dog,EXACT_NAME_OR_ALIAS,,ADD_MISSING,HIGH,NO,EXACT_PHYSICAL_EDITION | GAME_WORK | GAME_WORK_OR_PS4_RELEASE | PS4_RELEASE,4,LAUNCHBOX_GAMES_DB | PRICECHARTING_EXACT_PAL_PAGE | WIKIDATA | WIKIPEDIA_PS4_LIST,B_EXACT_PHYSICAL | B_PS4_RELEASE | C_DISCOVERY,https://www.pricecharting.com/game/pal-playstation-4/uncharted-the-lost-legacy-playstation-hits | https://en.wikipedia.org/wiki/List_of_PlayStation_4_games_(M%E2%80%93Z) | https://www.wikidata.org/wiki/Q28088198 | https://gamesdb.launchbox-app.com/games/details/134501,La ficha enlazada de la edición física PAL atribuye el desarrollo a esta compañía. | La lista específica de PS4 atribuye el desarrollo a esta compañía. | Wikidata registra la compañía como desarrolladora. | LaunchBox registra esta desarrolladora para su ficha de PS4.,No propagar a ports o compilaciones sin comprobar sus créditos propios.,,,,,Naughty Dog,naughty-dog,pricecharting,2026-09-05,company-credit-ps4-pal-high-additions-1,READY_ADD_MISSING
ps4-uncharted-the-lost-legacy-playstation-hits,Uncharted: The Lost Legacy [Playstation Hits],PAL España,standard,uncharted the lost legacy,uncharted the lost legacy,EDITION_VARIANT,PHYSICAL_PUBLISHER_OR_DISTRIBUTOR,publisher,Sony Interactive Entertainment,sony-interactive-entertainment,Sony Interactive Entertainment,EXACT_NAME_OR_ALIAS,,ADD_MISSING,HIGH,NO,EXACT_PHYSICAL_EDITION | PAL_RELEASE,2,PRICECHARTING_EXACT_PAL_PAGE | WIKIPEDIA_PS4_LIST_PAL,B_EXACT_PHYSICAL | B_PAL_RELEASE,https://www.pricecharting.com/game/pal-playstation-4/uncharted-the-lost-legacy-playstation-hits | https://en.wikipedia.org/wiki/List_of_PlayStation_4_games_(M%E2%80%93Z),La ficha exacta de la edición física PAL etiqueta a esta compañía como Publisher; puede representar publicación o distribución física. | La columna PAL de la lista de PS4 atribuye la publicación a esta compañía.,Confirmar si la etiqueta Publisher representa publicación o distribución en la caja PAL.,,,,,Sony Interactive Entertainment,sony-interactive-entertainment,pricecharting,2026-09-05,company-credit-ps4-pal-high-additions-1,READY_ADD_MISSING
ps4-uncharted-the-nathan-drake-collection-playstation-hits,Uncharted: The Nathan Drake Collection [Playstation Hits],PAL España,standard,uncharted the nathan drake collection,uncharted the nathan drake collection,EDITION_VARIANT,DEVELOPER,developer,Naughty Dog,naughty-dog,Naughty Dog,EXACT_NAME_OR_ALIAS,,ADD_MISSING,HIGH,NO,EXACT_PHYSICAL_EDITION | GAME_WORK_OR_PS4_RELEASE | PS4_RELEASE,3,LAUNCHBOX_GAMES_DB | PRICECHARTING_EXACT_PAL_PAGE | WIKIPEDIA_PS4_LIST,B_EXACT_PHYSICAL | B_PS4_RELEASE | C_DISCOVERY,https://www.pricecharting.com/game/pal-playstation-4/uncharted-the-nathan-drake-collection-playstation-hits | https://en.wikipedia.org/wiki/List_of_PlayStation_4_games_(M%E2%80%93Z) | https://gamesdb.launchbox-app.com/games/details/31758,La ficha enlazada de la edición física PAL atribuye el desarrollo a esta compañía. | La lista específica de PS4 atribuye el desarrollo a esta compañía. | LaunchBox registra esta desarrolladora para su ficha de PS4.,No propagar a ports o compilaciones sin comprobar sus créditos propios.,,,CUSA02344_00,,Naughty Dog,naughty-dog,pricecharting,2026-09-05,company-credit-ps4-pal-high-additions-1,READY_ADD_MISSING
ps4-uncharted-the-nathan-drake-collection-playstation-hits,Uncharted: The Nathan Drake Collection [Playstation Hits],PAL España,standard,uncharted the nathan drake collection,uncharted the nathan drake collection,EDITION_VARIANT,PHYSICAL_PUBLISHER_OR_DISTRIBUTOR,publisher,Sony Interactive Entertainment,sony-interactive-entertainment,Sony Computer Entertainment,EXACT_NAME_OR_ALIAS,,ADD_MISSING,HIGH,NO,EXACT_PHYSICAL_EDITION | PAL_RELEASE,2,PRICECHARTING_EXACT_PAL_PAGE | WIKIPEDIA_PS4_LIST_PAL,B_EXACT_PHYSICAL | B_PAL_RELEASE,https://www.pricecharting.com/game/pal-playstation-4/uncharted-the-nathan-drake-collection-playstation-hits | https://en.wikipedia.org/wiki/List_of_PlayStation_4_games_(M%E2%80%93Z),La ficha exacta de la edición física PAL etiqueta a esta compañía como Publisher; puede representar publicación o distribución física. | La columna PAL de la lista de PS4 atribuye la publicación a esta compañía.,Confirmar si la etiqueta Publisher representa publicación o distribución en la caja PAL.,,,CUSA02344_00,,Sony Interactive Entertainment,sony-interactive-entertainment,pricecharting,2026-09-05,company-credit-ps4-pal-high-additions-1,READY_ADD_MISSING
ps4-uncharted-the-nathan-drake-collection-special-edition,Uncharted: The Nathan Drake Collection [Special Edition],PAL España,standard,uncharted the nathan drake collection,uncharted the nathan drake collection,EDITION_VARIANT,PHYSICAL_PUBLISHER_OR_DISTRIBUTOR,publisher,Sony Interactive Entertainment,sony-interactive-entertainment,Sony Computer Entertainment,EXACT_NAME_OR_ALIAS,,ADD_MISSING,HIGH,NO,EXACT_PHYSICAL_EDITION | PAL_RELEASE,2,PRICECHARTING_EXACT_PAL_PAGE | WIKIPEDIA_PS4_LIST_PAL,B_EXACT_PHYSICAL | B_PAL_RELEASE,https://www.pricecharting.com/game/pal-playstation-4/uncharted-the-nathan-drake-collection-special-edition | https://en.wikipedia.org/wiki/List_of_PlayStation_4_games_(M%E2%80%93Z),La ficha exacta de la edición física PAL etiqueta a esta compañía como Publisher; puede representar publicación o distribución física. | La columna PAL de la lista de PS4 atribuye la publicación a esta compañía.,Confirmar si la etiqueta Publisher representa publicación o distribución en la caja PAL.,,,,,Sony Interactive Entertainment,sony-interactive-entertainment,pricecharting,2026-09-05,company-credit-ps4-pal-high-additions-1,READY_ADD_MISSING
ps4-under-night-in-birth-exe-late-cl-r,Under Night In-Birth Exe: Late Cl-R,PAL España,standard,under night in birth exe late cl r,under night in birth exe late cl r,GAME_OR_UNKNOWN,DEVELOPER,developer,French Bread,french-bread,French Bread | FRENCH-BREAD | French-Bread,EXACT_NAME_OR_ALIAS,,ADD_MISSING,HIGH,NO,GAME_WORK | GAME_WORK_OR_PS4_RELEASE | PS4_RELEASE,4,LAUNCHBOX_GAMES_DB | STEAM_STORE | WIKIDATA | WIKIPEDIA_PS4_LIST,B_OTHER_PLATFORM | B_PS4_RELEASE | C_DISCOVERY,https://en.wikipedia.org/wiki/List_of_PlayStation_4_games_(M%E2%80%93Z) | https://store.steampowered.com/app/801630 | https://www.wikidata.org/wiki/Q121037312 | https://gamesdb.launchbox-app.com/games/details/177321,"La lista específica de PS4 atribuye el desarrollo a esta compañía. | La ficha comercial de Steam confirma la desarrolladora de la obra, no necesariamente el port de PS4. | Wikidata registra la compañía como desarrolladora. | LaunchBox registra esta desarrolladora para su ficha de PS4.",No propagar a ports o compilaciones sin comprobar sus créditos propios.,,CUSA14031_00,,,French Bread,french-bread,official,2026-09-05,company-credit-ps4-pal-high-additions-1,READY_ADD_MISSING
ps4-until-dawn-extended-edition,Until Dawn [Extended Edition],PAL España,standard,until dawn,until dawn,GAME_OR_UNKNOWN,DEVELOPER,developer,SuperMassive Games Ltd.,supermassive-games,Supermassive Games,EXACT_NAME_OR_ALIAS,,ADD_MISSING,HIGH,NO,EXACT_PHYSICAL_EDITION | GAME_WORK_OR_PS4_RELEASE | PS4_RELEASE,3,LAUNCHBOX_GAMES_DB | PRICECHARTING_EXACT_PAL_PAGE | WIKIPEDIA_PS4_LIST,B_EXACT_PHYSICAL | B_PS4_RELEASE | C_DISCOVERY,https://www.pricecharting.com/game/pal-playstation-4/until-dawn-extended-edition | https://en.wikipedia.org/wiki/List_of_PlayStation_4_games_(M%E2%80%93Z) | https://gamesdb.launchbox-app.com/games/details/33298,La ficha enlazada de la edición física PAL atribuye el desarrollo a esta compañía. | La lista específica de PS4 atribuye el desarrollo a esta compañía. | LaunchBox registra esta desarrolladora para su ficha de PS4.,No propagar a ports o compilaciones sin comprobar sus créditos propios.,,,CUSA00194_00,,SuperMassive Games Ltd.,supermassive-games,pricecharting,2026-09-05,company-credit-ps4-pal-high-additions-1,READY_ADD_MISSING
ps4-until-dawn-extended-edition,Until Dawn [Extended Edition],PAL España,standard,until dawn,until dawn,GAME_OR_UNKNOWN,PHYSICAL_PUBLISHER_OR_DISTRIBUTOR,publisher,Sony Interactive Entertainment,sony-interactive-entertainment,Sony Computer Entertainment,EXACT_NAME_OR_ALIAS,,ADD_MISSING,HIGH,NO,EXACT_PHYSICAL_EDITION | PAL_RELEASE,2,PRICECHARTING_EXACT_PAL_PAGE | WIKIPEDIA_PS4_LIST_PAL,B_EXACT_PHYSICAL | B_PAL_RELEASE,https://www.pricecharting.com/game/pal-playstation-4/until-dawn-extended-edition | https://en.wikipedia.org/wiki/List_of_PlayStation_4_games_(M%E2%80%93Z),La ficha exacta de la edición física PAL etiqueta a esta compañía como Publisher; puede representar publicación o distribución física. | La columna PAL de la lista de PS4 atribuye la publicación a esta compañía.,Confirmar si la etiqueta Publisher representa publicación o distribución en la caja PAL.,,,CUSA00194_00,,Sony Interactive Entertainment,sony-interactive-entertainment,pricecharting,2026-09-05,company-credit-ps4-pal-high-additions-1,READY_ADD_MISSING
ps4-until-dawn-playstation-hits,Until Dawn [Playstation Hits],PAL España,standard,until dawn,until dawn,EDITION_VARIANT,DEVELOPER,developer,SuperMassive Games Ltd.,supermassive-games,Supermassive Games,EXACT_NAME_OR_ALIAS,,ADD_MISSING,HIGH,NO,EXACT_PHYSICAL_EDITION | GAME_WORK_OR_PS4_RELEASE | PS4_RELEASE,3,LAUNCHBOX_GAMES_DB | PRICECHARTING_EXACT_PAL_PAGE | WIKIPEDIA_PS4_LIST,B_EXACT_PHYSICAL | B_PS4_RELEASE | C_DISCOVERY,https://www.pricecharting.com/game/pal-playstation-4/until-dawn-playstation-hits | https://en.wikipedia.org/wiki/List_of_PlayStation_4_games_(M%E2%80%93Z) | https://gamesdb.launchbox-app.com/games/details/24327,La ficha enlazada de la edición física PAL atribuye el desarrollo a esta compañía. | La lista específica de PS4 atribuye el desarrollo a esta compañía. | LaunchBox registra esta desarrolladora para su ficha de PS4.,No propagar a ports o compilaciones sin comprobar sus créditos propios.,,,,,SuperMassive Games Ltd.,supermassive-games,pricecharting,2026-09-05,company-credit-ps4-pal-high-additions-1,READY_ADD_MISSING
ps4-until-dawn-playstation-hits,Until Dawn [Playstation Hits],PAL España,standard,until dawn,until dawn,EDITION_VARIANT,PHYSICAL_PUBLISHER_OR_DISTRIBUTOR,publisher,Sony Interactive Entertainment,sony-interactive-entertainment,Sony Computer Entertainment,EXACT_NAME_OR_ALIAS,,ADD_MISSING,HIGH,NO,EXACT_PHYSICAL_EDITION | PAL_RELEASE,2,PRICECHARTING_EXACT_PAL_PAGE | WIKIPEDIA_PS4_LIST_PAL,B_EXACT_PHYSICAL | B_PAL_RELEASE,https://www.pricecharting.com/game/pal-playstation-4/until-dawn-playstation-hits | https://en.wikipedia.org/wiki/List_of_PlayStation_4_games_(M%E2%80%93Z),La ficha exacta de la edición física PAL etiqueta a esta compañía como Publisher; puede representar publicación o distribución física. | La columna PAL de la lista de PS4 atribuye la publicación a esta compañía.,Confirmar si la etiqueta Publisher representa publicación o distribución en la caja PAL.,,,,,Sony Interactive Entertainment,sony-interactive-entertainment,pricecharting,2026-09-05,company-credit-ps4-pal-high-additions-1,READY_ADD_MISSING
ps4-until-dawn-steelbook-edition,Until Dawn [Steelbook Edition],PAL España,standard,until dawn,until dawn,EDITION_VARIANT,DEVELOPER,developer,SuperMassive Games Ltd.,supermassive-games,Supermassive Games,EXACT_NAME_OR_ALIAS,,ADD_MISSING,HIGH,NO,EXACT_PHYSICAL_EDITION | GAME_WORK_OR_PS4_RELEASE | PS4_RELEASE,3,LAUNCHBOX_GAMES_DB | PRICECHARTING_EXACT_PAL_PAGE | WIKIPEDIA_PS4_LIST,B_EXACT_PHYSICAL | B_PS4_RELEASE | C_DISCOVERY,https://www.pricecharting.com/game/pal-playstation-4/until-dawn-steelbook-edition | https://en.wikipedia.org/wiki/List_of_PlayStation_4_games_(M%E2%80%93Z) | https://gamesdb.launchbox-app.com/games/details/24327,La ficha enlazada de la edición física PAL atribuye el desarrollo a esta compañía. | La lista específica de PS4 atribuye el desarrollo a esta compañía. | LaunchBox registra esta desarrolladora para su ficha de PS4.,No propagar a ports o compilaciones sin comprobar sus créditos propios.,,,,,SuperMassive Games Ltd.,supermassive-games,pricecharting,2026-09-05,company-credit-ps4-pal-high-additions-1,READY_ADD_MISSING
ps4-until-dawn-steelbook-edition,Until Dawn [Steelbook Edition],PAL España,standard,until dawn,until dawn,EDITION_VARIANT,PHYSICAL_PUBLISHER_OR_DISTRIBUTOR,publisher,Sony Interactive Entertainment,sony-interactive-entertainment,Sony Computer Entertainment,EXACT_NAME_OR_ALIAS,,ADD_MISSING,HIGH,NO,EXACT_PHYSICAL_EDITION | PAL_RELEASE,2,PRICECHARTING_EXACT_PAL_PAGE | WIKIPEDIA_PS4_LIST_PAL,B_EXACT_PHYSICAL | B_PAL_RELEASE,https://www.pricecharting.com/game/pal-playstation-4/until-dawn-steelbook-edition | https://en.wikipedia.org/wiki/List_of_PlayStation_4_games_(M%E2%80%93Z),La ficha exacta de la edición física PAL etiqueta a esta compañía como Publisher; puede representar publicación o distribución física. | La columna PAL de la lista de PS4 atribuye la publicación a esta compañía.,Confirmar si la etiqueta Publisher representa publicación o distribución en la caja PAL.,,,,,Sony Interactive Entertainment,sony-interactive-entertainment,pricecharting,2026-09-05,company-credit-ps4-pal-high-additions-1,READY_ADD_MISSING
ps4-utawarerumono-prelude-to-the-fallen-limited-edition-box,Utawarerumono: Prelude To The Fallen [Limited Edition Box],PAL España,standard,utawarerumono prelude to the fallen,utawarerumono prelude to the fallen,EDITION_VARIANT,DEVELOPER,developer,AquaPlus,aquaplus,Aquaplus | AQUAPLUS,EXACT_NAME_OR_ALIAS,,ADD_MISSING,HIGH,NO,GAME_WORK | GAME_WORK_OR_PS4_RELEASE,2,STEAM_STORE | WIKIPEDIA_PS4_LIST,B_OTHER_PLATFORM | B_PS4_RELEASE,https://en.wikipedia.org/wiki/List_of_PlayStation_4_games_(M%E2%80%93Z) | https://store.steampowered.com/app/1151450,"La lista específica de PS4 atribuye el desarrollo a esta compañía. | La ficha comercial de Steam confirma la desarrolladora de la obra, no necesariamente el port de PS4.",No propagar a ports o compilaciones sin comprobar sus créditos propios.,,,,,AquaPlus,aquaplus,official,2026-09-05,company-credit-ps4-pal-high-additions-1,READY_ADD_MISSING
ps4-v-rally-4-ultimate-edition,V-Rally 4 [Ultimate Edition],PAL España,standard,v rally 4,v rally 4,EDITION_VARIANT,DEVELOPER,developer,KT Racing,kt-racing,KT Racing,EXACT_NAME_OR_ALIAS,,ADD_MISSING,HIGH,NO,GAME_WORK | MATCHED_PS4_PRODUCT,2,PLAYSTATION_STORE_EXPLICIT_CREDIT | STEAM_STORE,A_OFFICIAL_MATCHED_TITLE_CREDIT | B_OTHER_PLATFORM,https://store.playstation.com/es-es/product/EP4008-CUSA09688_00-VR40000000000000 | https://store.steampowered.com/app/658700,"developed by KT Racing | La ficha comercial de Steam confirma la desarrolladora de la obra, no necesariamente el port de PS4.",No propagar a ports o compilaciones sin comprobar sus créditos propios.,,,,,KT Racing,kt-racing,official,2026-09-05,company-credit-ps4-pal-high-additions-1,READY_ADD_MISSING
ps4-valfaris-signature-edition,Valfaris [Signature Edition],PAL España,standard,valfaris,valfaris,GAME_OR_UNKNOWN,DEVELOPER,developer,Steel Mantis,steel-mantis,Steel Mantis,EXACT_NAME_OR_ALIAS,,ADD_MISSING,HIGH,NO,GAME_WORK | GAME_WORK_OR_PS4_RELEASE | PS4_RELEASE,4,LAUNCHBOX_GAMES_DB | STEAM_STORE | WIKIDATA | WIKIPEDIA_PS4_LIST,B_OTHER_PLATFORM | B_PS4_RELEASE | C_DISCOVERY,https://en.wikipedia.org/wiki/List_of_PlayStation_4_games_(M%E2%80%93Z) | https://store.steampowered.com/app/600130 | https://www.wikidata.org/wiki/Q112634011 | https://gamesdb.launchbox-app.com/games/details/179970,"La lista específica de PS4 atribuye el desarrollo a esta compañía. | La ficha comercial de Steam confirma la desarrolladora de la obra, no necesariamente el port de PS4. | Wikidata registra la compañía como desarrolladora. | LaunchBox registra esta desarrolladora para su ficha de PS4.",No propagar a ports o compilaciones sin comprobar sus créditos propios.,,,,,Steel Mantis,steel-mantis,official,2026-09-05,company-credit-ps4-pal-high-additions-1,READY_ADD_MISSING
ps4-vikings-wolves-of-midgard,Vikings: Wolves of Midgard,PAL España,standard,vikings wolves of midgard,vikings wolves of midgard,GAME_OR_UNKNOWN,DEVELOPER,developer,Games Farm,games-farm,Games Farm,EXACT_NAME_OR_ALIAS,,ADD_MISSING,HIGH,NO,GAME_WORK | GAME_WORK_OR_PS4_RELEASE | PS4_RELEASE,4,LAUNCHBOX_GAMES_DB | STEAM_STORE | WIKIDATA | WIKIPEDIA_PS4_LIST,B_OTHER_PLATFORM | B_PS4_RELEASE | C_DISCOVERY,https://en.wikipedia.org/wiki/List_of_PlayStation_4_games_(M%E2%80%93Z) | https://store.steampowered.com/app/404590 | https://www.wikidata.org/wiki/Q29344724 | https://gamesdb.launchbox-app.com/games/details/443209,"La lista específica de PS4 atribuye el desarrollo a esta compañía. | La ficha comercial de Steam confirma la desarrolladora de la obra, no necesariamente el port de PS4. | Wikidata registra la compañía como desarrolladora. | LaunchBox registra esta desarrolladora para su ficha de PS4.",No propagar a ports o compilaciones sin comprobar sus créditos propios.,,CUSA05032_00,,,Games Farm,games-farm,official,2026-09-05,company-credit-ps4-pal-high-additions-1,READY_ADD_MISSING
ps4-warhammer-chaosbane-magnus-edition,Warhammer: Chaosbane [Magnus Edition],PAL España,standard,warhammer chaosbane,warhammer chaosbane,GAME_OR_UNKNOWN,DEVELOPER,developer,EKO Software,eko-software,Eko Software,EXACT_NAME_OR_ALIAS,,ADD_MISSING,HIGH,NO,GAME_WORK | GAME_WORK_OR_PS4_RELEASE | MATCHED_PS4_PRODUCT,4,PLAYSTATION_STORE_EXPLICIT_CREDIT | STEAM_STORE | WIKIDATA | WIKIPEDIA_PS4_LIST,A_OFFICIAL_MATCHED_TITLE_CREDIT | B_OTHER_PLATFORM | B_PS4_RELEASE | C_DISCOVERY,https://store.playstation.com/es-es/product/EP4008-CUSA12718_00-WHCBSIEE00000000 | https://en.wikipedia.org/wiki/List_of_PlayStation_4_games_(M%E2%80%93Z) | https://store.steampowered.com/app/774241 | https://www.wikidata.org/wiki/Q64472182,"developed by Eko Software | La lista específica de PS4 atribuye el desarrollo a esta compañía. | La ficha comercial de Steam confirma la desarrolladora de la obra, no necesariamente el port de PS4. | Wikidata registra la compañía como desarrolladora.",No propagar a ports o compilaciones sin comprobar sus créditos propios.,,,,,EKO Software,eko-software,official,2026-09-05,company-credit-ps4-pal-high-additions-1,READY_ADD_MISSING
ps4-watch-dogs-2-san-francisco-edition,Watch Dogs 2 [San Francisco Edition],PAL España,standard,watch dogs 2,watch dogs 2,GAME_OR_UNKNOWN,DEVELOPER,developer,Ubisoft Montreal,ubisoft-montreal,Ubisoft Montreal,EXACT_NAME_OR_ALIAS,,ADD_MISSING,HIGH,NO,EXACT_PHYSICAL_EDITION | GAME_WORK_OR_PS4_RELEASE | PS4_RELEASE,3,LAUNCHBOX_GAMES_DB | PRICECHARTING_EXACT_PAL_PAGE | WIKIPEDIA_PS4_LIST,B_EXACT_PHYSICAL | B_PS4_RELEASE | C_DISCOVERY,https://www.pricecharting.com/game/pal-playstation-4/watch-dogs-2-san-francisco-edition | https://en.wikipedia.org/wiki/List_of_PlayStation_4_games_(M%E2%80%93Z) | https://gamesdb.launchbox-app.com/games/details/126200,La ficha enlazada de la edición física PAL atribuye el desarrollo a esta compañía. | La lista específica de PS4 atribuye el desarrollo a esta compañía. | LaunchBox registra esta desarrolladora para su ficha de PS4.,No propagar a ports o compilaciones sin comprobar sus créditos propios.,,,,,Ubisoft Montreal,ubisoft-montreal,pricecharting,2026-09-05,company-credit-ps4-pal-high-additions-1,READY_ADD_MISSING
ps4-watch-dogs-2-steelbook-edition,Watch Dogs 2 [SteelBook Edition],PAL España,standard,watch dogs 2,watch dogs 2,EDITION_VARIANT,DEVELOPER,developer,Ubisoft Montreal,ubisoft-montreal,Ubisoft Montreal,EXACT_NAME_OR_ALIAS,,ADD_MISSING,HIGH,NO,EXACT_PHYSICAL_EDITION | GAME_WORK_OR_PS4_RELEASE | PS4_RELEASE,3,LAUNCHBOX_GAMES_DB | PRICECHARTING_EXACT_PAL_PAGE | WIKIPEDIA_PS4_LIST,B_EXACT_PHYSICAL | B_PS4_RELEASE | C_DISCOVERY,https://www.pricecharting.com/game/pal-playstation-4/watch-dogs-2-steelbook-edition | https://en.wikipedia.org/wiki/List_of_PlayStation_4_games_(M%E2%80%93Z) | https://gamesdb.launchbox-app.com/games/details/126200,La ficha enlazada de la edición física PAL atribuye el desarrollo a esta compañía. | La lista específica de PS4 atribuye el desarrollo a esta compañía. | LaunchBox registra esta desarrolladora para su ficha de PS4.,No propagar a ports o compilaciones sin comprobar sus créditos propios.,,,,,Ubisoft Montreal,ubisoft-montreal,pricecharting,2026-09-05,company-credit-ps4-pal-high-additions-1,READY_ADD_MISSING
ps4-watch-dogs-legion-gold-edition,Watch Dogs: Legion [Gold Edition],PAL España,standard,watch dogs legion,watch dogs legion,GAME_OR_UNKNOWN,DEVELOPER,developer,Ubisoft Toronto,ubisoft-toronto,Ubisoft Toronto,EXACT_NAME_OR_ALIAS,,ADD_MISSING,HIGH,NO,GAME_WORK | GAME_WORK_OR_PS4_RELEASE,3,STEAM_STORE | WIKIDATA | WIKIPEDIA_PS4_LIST,B_OTHER_PLATFORM | B_PS4_RELEASE | C_DISCOVERY,https://en.wikipedia.org/wiki/List_of_PlayStation_4_games_(M%E2%80%93Z) | https://store.steampowered.com/app/2239550 | https://www.wikidata.org/wiki/Q64534648,"La lista específica de PS4 atribuye el desarrollo a esta compañía. | La ficha comercial de Steam confirma la desarrolladora de la obra, no necesariamente el port de PS4. | Wikidata registra la compañía como desarrolladora.",No propagar a ports o compilaciones sin comprobar sus créditos propios.,,,,,Ubisoft Toronto,ubisoft-toronto,official,2026-09-05,company-credit-ps4-pal-high-additions-1,READY_ADD_MISSING
ps4-watch-dogs-legion-limited-edition,Watch Dogs: Legion [Limited Edition],PAL España,standard,watch dogs legion,watch dogs legion,EDITION_VARIANT,DEVELOPER,developer,Ubisoft Toronto,ubisoft-toronto,Ubisoft Toronto,EXACT_NAME_OR_ALIAS,,ADD_MISSING,HIGH,NO,GAME_WORK | GAME_WORK_OR_PS4_RELEASE,3,STEAM_STORE | WIKIDATA | WIKIPEDIA_PS4_LIST,B_OTHER_PLATFORM | B_PS4_RELEASE | C_DISCOVERY,https://en.wikipedia.org/wiki/List_of_PlayStation_4_games_(M%E2%80%93Z) | https://store.steampowered.com/app/2239550 | https://www.wikidata.org/wiki/Q64534648,"La lista específica de PS4 atribuye el desarrollo a esta compañía. | La ficha comercial de Steam confirma la desarrolladora de la obra, no necesariamente el port de PS4. | Wikidata registra la compañía como desarrolladora.",No propagar a ports o compilaciones sin comprobar sus créditos propios.,,,,,Ubisoft Toronto,ubisoft-toronto,official,2026-09-05,company-credit-ps4-pal-high-additions-1,READY_ADD_MISSING
ps4-watch-dogs-legion-resistance-edition,Watch Dogs: Legion [Resistance Edition],PAL España,standard,watch dogs legion,watch dogs legion,GAME_OR_UNKNOWN,DEVELOPER,developer,Ubisoft Toronto,ubisoft-toronto,Ubisoft Toronto,EXACT_NAME_OR_ALIAS,,ADD_MISSING,HIGH,NO,GAME_WORK | GAME_WORK_OR_PS4_RELEASE,3,STEAM_STORE | WIKIDATA | WIKIPEDIA_PS4_LIST,B_OTHER_PLATFORM | B_PS4_RELEASE | C_DISCOVERY,https://en.wikipedia.org/wiki/List_of_PlayStation_4_games_(M%E2%80%93Z) | https://store.steampowered.com/app/2239550 | https://www.wikidata.org/wiki/Q64534648,"La lista específica de PS4 atribuye el desarrollo a esta compañía. | La ficha comercial de Steam confirma la desarrolladora de la obra, no necesariamente el port de PS4. | Wikidata registra la compañía como desarrolladora.",No propagar a ports o compilaciones sin comprobar sus créditos propios.,,,CUSA13035_00,,Ubisoft Toronto,ubisoft-toronto,official,2026-09-05,company-credit-ps4-pal-high-additions-1,READY_ADD_MISSING
ps4-watch-dogs-legion-ultimate-edition,Watch Dogs: Legion [Ultimate Edition],PAL España,standard,watch dogs legion,watch dogs legion,EDITION_VARIANT,DEVELOPER,developer,Ubisoft Toronto,ubisoft-toronto,Ubisoft Toronto,EXACT_NAME_OR_ALIAS,,ADD_MISSING,HIGH,NO,GAME_WORK | GAME_WORK_OR_PS4_RELEASE,3,STEAM_STORE | WIKIDATA | WIKIPEDIA_PS4_LIST,B_OTHER_PLATFORM | B_PS4_RELEASE | C_DISCOVERY,https://en.wikipedia.org/wiki/List_of_PlayStation_4_games_(M%E2%80%93Z) | https://store.steampowered.com/app/2239550 | https://www.wikidata.org/wiki/Q64534648,"La lista específica de PS4 atribuye el desarrollo a esta compañía. | La ficha comercial de Steam confirma la desarrolladora de la obra, no necesariamente el port de PS4. | Wikidata registra la compañía como desarrolladora.",No propagar a ports o compilaciones sin comprobar sus créditos propios.,,,,,Ubisoft Toronto,ubisoft-toronto,official,2026-09-05,company-credit-ps4-pal-high-additions-1,READY_ADD_MISSING
ps4-watch-dogs-playstation-hits,Watch Dogs [Playstation Hits],PAL España,standard,watch dogs,watch dogs,EDITION_VARIANT,DEVELOPER,developer,Ubisoft Montreal,ubisoft-montreal,Ubisoft Montreal,EXACT_NAME_OR_ALIAS,,ADD_MISSING,HIGH,NO,EXACT_PHYSICAL_EDITION | GAME_WORK_OR_PS4_RELEASE | PS4_RELEASE,3,LAUNCHBOX_GAMES_DB | PRICECHARTING_EXACT_PAL_PAGE | WIKIPEDIA_PS4_LIST,B_EXACT_PHYSICAL | B_PS4_RELEASE | C_DISCOVERY,https://www.pricecharting.com/game/pal-playstation-4/watch-dogs-playstation-hits | https://en.wikipedia.org/wiki/List_of_PlayStation_4_games_(M%E2%80%93Z) | https://gamesdb.launchbox-app.com/games/details/18574,La ficha enlazada de la edición física PAL atribuye el desarrollo a esta compañía. | La lista específica de PS4 atribuye el desarrollo a esta compañía. | LaunchBox registra esta desarrolladora para su ficha de PS4.,No propagar a ports o compilaciones sin comprobar sus créditos propios.,,,,,Ubisoft Montreal,ubisoft-montreal,pricecharting,2026-09-05,company-credit-ps4-pal-high-additions-1,READY_ADD_MISSING
ps4-we-sing,We Sing,PAL España,standard,we sing,we sing,GAME_OR_UNKNOWN,DEVELOPER,developer,Le Cortex,le-cortex,Le Cortex,EXACT_NAME_OR_ALIAS,,ADD_MISSING,HIGH,NO,GAME_WORK | MATCHED_PS4_PRODUCT,2,PLAYSTATION_STORE_EXPLICIT_CREDIT | WIKIDATA,A_OFFICIAL_MATCHED_TITLE_CREDIT | C_DISCOVERY,https://store.playstation.com/es-es/product/EP4389-CUSA05912_00-WESINGPS4EU00001 | https://www.wikidata.org/wiki/Q7977759,developed by Le Cortex | Wikidata registra la compañía como desarrolladora.,No propagar a ports o compilaciones sin comprobar sus créditos propios.,,,,,Le Cortex,le-cortex,official,2026-09-05,company-credit-ps4-pal-high-additions-1,READY_ADD_MISSING
ps4-wolfenstein-ii-the-new-colossus-collector%27s-edition,Wolfenstein II: The New Colossus [Collector's Edition],PAL España,standard,wolfenstein ii the new colossus,wolfenstein ii the new colossus,EDITION_VARIANT,DEVELOPER,developer,MachineGames,machinegames,MachineGames | Machinegames,EXACT_NAME_OR_ALIAS,,ADD_MISSING,HIGH,NO,GAME_WORK | GAME_WORK_OR_PS4_RELEASE | PS4_RELEASE,3,LAUNCHBOX_GAMES_DB | STEAM_STORE | WIKIPEDIA_PS4_LIST,B_OTHER_PLATFORM | B_PS4_RELEASE | C_DISCOVERY,https://en.wikipedia.org/wiki/List_of_PlayStation_4_games_(M%E2%80%93Z) | https://store.steampowered.com/app/612880 | https://gamesdb.launchbox-app.com/games/details/153517,"La lista específica de PS4 atribuye el desarrollo a esta compañía. | La ficha comercial de Steam confirma la desarrolladora de la obra, no necesariamente el port de PS4. | LaunchBox registra esta desarrolladora para su ficha de PS4.",No propagar a ports o compilaciones sin comprobar sus créditos propios.,,,,,MachineGames,machinegames,official,2026-09-05,company-credit-ps4-pal-high-additions-1,READY_ADD_MISSING
ps4-wolfenstein-ii-the-new-colossus-steelbook-edition,Wolfenstein II: The New Colossus [Steelbook Edition],PAL España,standard,wolfenstein ii the new colossus,wolfenstein ii the new colossus,EDITION_VARIANT,DEVELOPER,developer,MachineGames,machinegames,MachineGames | Machinegames,EXACT_NAME_OR_ALIAS,,ADD_MISSING,HIGH,NO,GAME_WORK | GAME_WORK_OR_PS4_RELEASE | PS4_RELEASE,3,LAUNCHBOX_GAMES_DB | STEAM_STORE | WIKIPEDIA_PS4_LIST,B_OTHER_PLATFORM | B_PS4_RELEASE | C_DISCOVERY,https://en.wikipedia.org/wiki/List_of_PlayStation_4_games_(M%E2%80%93Z) | https://store.steampowered.com/app/612880 | https://gamesdb.launchbox-app.com/games/details/153517,"La lista específica de PS4 atribuye el desarrollo a esta compañía. | La ficha comercial de Steam confirma la desarrolladora de la obra, no necesariamente el port de PS4. | LaunchBox registra esta desarrolladora para su ficha de PS4.",No propagar a ports o compilaciones sin comprobar sus créditos propios.,,,,,MachineGames,machinegames,official,2026-09-05,company-credit-ps4-pal-high-additions-1,READY_ADD_MISSING
ps4-wolfenstein-the-new-order-occupied-edition,Wolfenstein: The New Order [Occupied Edition],PAL España,standard,wolfenstein the new order,wolfenstein the new order,GAME_OR_UNKNOWN,DEVELOPER,developer,MachineGames,machinegames,MachineGames | Machinegames,EXACT_NAME_OR_ALIAS,,ADD_MISSING,HIGH,NO,EXACT_PHYSICAL_EDITION | GAME_WORK | GAME_WORK_OR_PS4_RELEASE | PS4_RELEASE,4,LAUNCHBOX_GAMES_DB | PRICECHARTING_EXACT_PAL_PAGE | STEAM_STORE | WIKIPEDIA_PS4_LIST,B_EXACT_PHYSICAL | B_OTHER_PLATFORM | B_PS4_RELEASE | C_DISCOVERY,https://www.pricecharting.com/game/pal-playstation-4/wolfenstein-the-new-order-occupied-edition | https://en.wikipedia.org/wiki/List_of_PlayStation_4_games_(M%E2%80%93Z) | https://store.steampowered.com/app/201810 | https://gamesdb.launchbox-app.com/games/details/20493,"La ficha enlazada de la edición física PAL atribuye el desarrollo a esta compañía. | La lista específica de PS4 atribuye el desarrollo a esta compañía. | La ficha comercial de Steam confirma la desarrolladora de la obra, no necesariamente el port de PS4. | LaunchBox registra esta desarrolladora para su ficha de PS4.",No propagar a ports o compilaciones sin comprobar sus créditos propios.,,,,,MachineGames,machinegames,official,2026-09-05,company-credit-ps4-pal-high-additions-1,READY_ADD_MISSING
ps4-wolfenstein-the-new-order-occupied-edition,Wolfenstein: The New Order [Occupied Edition],PAL España,standard,wolfenstein the new order,wolfenstein the new order,GAME_OR_UNKNOWN,PHYSICAL_PUBLISHER_OR_DISTRIBUTOR,publisher,Bethesda Softworks,bethesda-softworks,Bethesda Softworks,EXACT_NAME_OR_ALIAS,,ADD_MISSING,HIGH,NO,EXACT_PHYSICAL_EDITION | PAL_RELEASE,2,PRICECHARTING_EXACT_PAL_PAGE | WIKIPEDIA_PS4_LIST_PAL,B_EXACT_PHYSICAL | B_PAL_RELEASE,https://www.pricecharting.com/game/pal-playstation-4/wolfenstein-the-new-order-occupied-edition | https://en.wikipedia.org/wiki/List_of_PlayStation_4_games_(M%E2%80%93Z),La ficha exacta de la edición física PAL etiqueta a esta compañía como Publisher; puede representar publicación o distribución física. | La columna PAL de la lista de PS4 atribuye la publicación a esta compañía.,Confirmar si la etiqueta Publisher representa publicación o distribución en la caja PAL.,,,,,Bethesda Softworks,bethesda-softworks,pricecharting,2026-09-05,company-credit-ps4-pal-high-additions-1,READY_ADD_MISSING
ps4-wolfenstein-the-new-order-playstation-hits,Wolfenstein: The New Order [Playstation Hits],PAL España,standard,wolfenstein the new order,wolfenstein the new order,EDITION_VARIANT,DEVELOPER,developer,MachineGames,machinegames,MachineGames | Machinegames,EXACT_NAME_OR_ALIAS,,ADD_MISSING,HIGH,NO,GAME_WORK | GAME_WORK_OR_PS4_RELEASE | PS4_RELEASE,3,LAUNCHBOX_GAMES_DB | STEAM_STORE | WIKIPEDIA_PS4_LIST,B_OTHER_PLATFORM | B_PS4_RELEASE | C_DISCOVERY,https://en.wikipedia.org/wiki/List_of_PlayStation_4_games_(M%E2%80%93Z) | https://store.steampowered.com/app/201810 | https://gamesdb.launchbox-app.com/games/details/20493,"La lista específica de PS4 atribuye el desarrollo a esta compañía. | La ficha comercial de Steam confirma la desarrolladora de la obra, no necesariamente el port de PS4. | LaunchBox registra esta desarrolladora para su ficha de PS4.",No propagar a ports o compilaciones sin comprobar sus créditos propios.,,,,,MachineGames,machinegames,official,2026-09-05,company-credit-ps4-pal-high-additions-1,READY_ADD_MISSING
ps4-wolfenstein-the-new-order-playstation-hits,Wolfenstein: The New Order [Playstation Hits],PAL España,standard,wolfenstein the new order,wolfenstein the new order,EDITION_VARIANT,PHYSICAL_PUBLISHER_OR_DISTRIBUTOR,publisher,Bethesda Softworks,bethesda-softworks,Bethesda Softworks,EXACT_NAME_OR_ALIAS,,ADD_MISSING,HIGH,NO,EXACT_PHYSICAL_EDITION | PAL_RELEASE,2,PRICECHARTING_EXACT_PAL_PAGE | WIKIPEDIA_PS4_LIST_PAL,B_EXACT_PHYSICAL | B_PAL_RELEASE,https://www.pricecharting.com/game/pal-playstation-4/wolfenstein-the-new-order-playstation-hits | https://en.wikipedia.org/wiki/List_of_PlayStation_4_games_(M%E2%80%93Z),La ficha exacta de la edición física PAL etiqueta a esta compañía como Publisher; puede representar publicación o distribución física. | La columna PAL de la lista de PS4 atribuye la publicación a esta compañía.,Confirmar si la etiqueta Publisher representa publicación o distribución en la caja PAL.,,,,,Bethesda Softworks,bethesda-softworks,pricecharting,2026-09-05,company-credit-ps4-pal-high-additions-1,READY_ADD_MISSING
ps4-wonder-boy-asha-in-monster-world-collector%27s-edition,Wonder Boy: Asha in Monster World [Collector's Edition],PAL España,standard,wonder boy asha in monster world,wonder boy asha in monster world,EDITION_VARIANT,PHYSICAL_PUBLISHER_OR_DISTRIBUTOR,publisher,ININ Games,inin-games,ININ Games | Inin Games,EXACT_NAME_OR_ALIAS,,ADD_MISSING,HIGH,NO,EXACT_PHYSICAL_EDITION | PAL_RELEASE,2,PRICECHARTING_EXACT_PAL_PAGE | WIKIPEDIA_PS4_LIST_PAL,B_EXACT_PHYSICAL | B_PAL_RELEASE,https://www.pricecharting.com/game/pal-playstation-4/wonder-boy-asha-in-monster-world-collector%27s-edition | https://en.wikipedia.org/wiki/List_of_PlayStation_4_games_(M%E2%80%93Z),La ficha exacta de la edición física PAL etiqueta a esta compañía como Publisher; puede representar publicación o distribución física. | La columna PAL de la lista de PS4 atribuye la publicación a esta compañía.,Confirmar si la etiqueta Publisher representa publicación o distribución en la caja PAL.,,,,,ININ Games,inin-games,pricecharting,2026-09-05,company-credit-ps4-pal-high-additions-1,READY_ADD_MISSING
ps4-wonder-boy-asha-in-monster-world-mega-collector%27s-edition,Wonder Boy: Asha in Monster World [Mega Collector's Edition],PAL España,standard,wonder boy asha in monster world,wonder boy asha in monster world,EDITION_VARIANT,PHYSICAL_PUBLISHER_OR_DISTRIBUTOR,publisher,ININ Games,inin-games,ININ Games | Inin Games,EXACT_NAME_OR_ALIAS,,ADD_MISSING,HIGH,NO,EXACT_PHYSICAL_EDITION | PAL_RELEASE,2,PRICECHARTING_EXACT_PAL_PAGE | WIKIPEDIA_PS4_LIST_PAL,B_EXACT_PHYSICAL | B_PAL_RELEASE,https://www.pricecharting.com/game/pal-playstation-4/wonder-boy-asha-in-monster-world-mega-collector%27s-edition | https://en.wikipedia.org/wiki/List_of_PlayStation_4_games_(M%E2%80%93Z),La ficha exacta de la edición física PAL etiqueta a esta compañía como Publisher; puede representar publicación o distribución física. | La columna PAL de la lista de PS4 atribuye la publicación a esta compañía.,Confirmar si la etiqueta Publisher representa publicación o distribución en la caja PAL.,,,,,ININ Games,inin-games,pricecharting,2026-09-05,company-credit-ps4-pal-high-additions-1,READY_ADD_MISSING
ps4-world-to-the-west,World to the West,PAL España,standard,world to the west,world to the west,GAME_OR_UNKNOWN,DEVELOPER,developer,Rain Games,rain-games,Rain Games,EXACT_NAME_OR_ALIAS,,ADD_MISSING,HIGH,NO,GAME_WORK | GAME_WORK_OR_PS4_RELEASE,3,STEAM_STORE | WIKIDATA | WIKIPEDIA_PS4_LIST,B_OTHER_PLATFORM | B_PS4_RELEASE | C_DISCOVERY,https://en.wikipedia.org/wiki/List_of_PlayStation_4_games_(M%E2%80%93Z) | https://store.steampowered.com/app/530020 | https://www.wikidata.org/wiki/Q55533818,"La lista específica de PS4 atribuye el desarrollo a esta compañía. | La ficha comercial de Steam confirma la desarrolladora de la obra, no necesariamente el port de PS4. | Wikidata registra la compañía como desarrolladora.",No propagar a ports o compilaciones sin comprobar sus créditos propios.,,CUSA06930_00,,,Rain Games,rain-games,official,2026-09-05,company-credit-ps4-pal-high-additions-1,READY_ADD_MISSING
ps4-xcom-2,XCOM 2,PAL España,standard,xcom 2,xcom 2,GAME_OR_UNKNOWN,DEVELOPER,developer,Firaxis Games,firaxis-games,Firaxis Games,EXACT_NAME_OR_ALIAS,,ADD_MISSING,HIGH,NO,GAME_WORK | GAME_WORK_OR_PS4_RELEASE,3,STEAM_STORE | WIKIDATA | WIKIPEDIA_PS4_LIST,B_OTHER_PLATFORM | B_PS4_RELEASE | C_DISCOVERY,https://en.wikipedia.org/wiki/List_of_PlayStation_4_games_(M%E2%80%93Z) | https://store.steampowered.com/app/268500 | https://www.wikidata.org/wiki/Q20030150,"La lista específica de PS4 atribuye el desarrollo a esta compañía. | La ficha comercial de Steam confirma la desarrolladora de la obra, no necesariamente el port de PS4. | Wikidata registra la compañía como desarrolladora.",No propagar a ports o compilaciones sin comprobar sus créditos propios.,,CUSA04530_00,,,Firaxis Games,firaxis-games,official,2026-09-05,company-credit-ps4-pal-high-additions-1,READY_ADD_MISSING
ps4-xeno-crisis-collector%27s-edition,Xeno Crisis [Collector's Edition],PAL España,standard,xeno crisis,xeno crisis,EDITION_VARIANT,DEVELOPER,developer,Bitmap Bureau,bitmap-bureau,Bitmap Bureau Ltd | Bitmap Bureau,EXACT_NAME_OR_ALIAS,,ADD_MISSING,HIGH,NO,GAME_WORK | GAME_WORK_OR_PS4_RELEASE | MATCHED_PS4_PRODUCT,4,PLAYSTATION_STORE_EXPLICIT_CREDIT | STEAM_STORE | WIKIDATA | WIKIPEDIA_PS4_LIST,A_OFFICIAL_MATCHED_TITLE_CREDIT | B_OTHER_PLATFORM | B_PS4_RELEASE | C_DISCOVERY,https://store.playstation.com/es-es/product/EP2492-CUSA12045_00-XENOCRISIS000000 | https://en.wikipedia.org/wiki/List_of_PlayStation_4_games_(M%E2%80%93Z) | https://store.steampowered.com/app/464260 | https://www.wikidata.org/wiki/Q104586761,"Developed by Bitmap Bureau Ltd | La lista específica de PS4 atribuye el desarrollo a esta compañía. | La ficha comercial de Steam confirma la desarrolladora de la obra, no necesariamente el port de PS4. | Wikidata registra la compañía como desarrolladora.",No propagar a ports o compilaciones sin comprobar sus créditos propios.,,,,,Bitmap Bureau,bitmap-bureau,official,2026-09-05,company-credit-ps4-pal-high-additions-1,READY_ADD_MISSING
ps4-yakuza-0-playstation-hits,Yakuza 0 [PlayStation Hits],PAL España,standard,yakuza 0,yakuza 0,EDITION_VARIANT,DEVELOPER,developer,Ryu Ga Gotoku Studio,ryu-ga-gotoku-studio,Ryu Ga Gotoku Studio | Ryu ga Gotoku Studio,EXACT_NAME_OR_ALIAS,,ADD_MISSING,HIGH,NO,EXACT_PHYSICAL_EDITION | GAME_WORK | GAME_WORK_OR_PS4_RELEASE | PS4_RELEASE,4,LAUNCHBOX_GAMES_DB | PRICECHARTING_EXACT_PAL_PAGE | STEAM_STORE | WIKIPEDIA_PS4_LIST,B_EXACT_PHYSICAL | B_OTHER_PLATFORM | B_PS4_RELEASE | C_DISCOVERY,https://www.pricecharting.com/game/pal-playstation-4/yakuza-0-playstation-hits | https://en.wikipedia.org/wiki/List_of_PlayStation_4_games_(M%E2%80%93Z) | https://store.steampowered.com/app/638970 | https://gamesdb.launchbox-app.com/games/details/112582,"La ficha enlazada de la edición física PAL atribuye el desarrollo a esta compañía. | La lista específica de PS4 atribuye el desarrollo a esta compañía. | La ficha comercial de Steam confirma la desarrolladora de la obra, no necesariamente el port de PS4. | LaunchBox registra esta desarrolladora para su ficha de PS4.",No propagar a ports o compilaciones sin comprobar sus créditos propios.,,,CUSA05133_00,,Ryu Ga Gotoku Studio,ryu-ga-gotoku-studio,official,2026-09-05,company-credit-ps4-pal-high-additions-1,READY_ADD_MISSING
ps4-yakuza-0-playstation-hits,Yakuza 0 [PlayStation Hits],PAL España,standard,yakuza 0,yakuza 0,EDITION_VARIANT,PHYSICAL_PUBLISHER_OR_DISTRIBUTOR,publisher,Sega,sega,Sega,EXACT_NAME_OR_ALIAS,,ADD_MISSING,HIGH,NO,EXACT_PHYSICAL_EDITION | PAL_RELEASE,2,PRICECHARTING_EXACT_PAL_PAGE | WIKIPEDIA_PS4_LIST_PAL,B_EXACT_PHYSICAL | B_PAL_RELEASE,https://www.pricecharting.com/game/pal-playstation-4/yakuza-0-playstation-hits | https://en.wikipedia.org/wiki/List_of_PlayStation_4_games_(M%E2%80%93Z),La ficha exacta de la edición física PAL etiqueta a esta compañía como Publisher; puede representar publicación o distribución física. | La columna PAL de la lista de PS4 atribuye la publicación a esta compañía.,Confirmar si la etiqueta Publisher representa publicación o distribución en la caja PAL.,,,CUSA05133_00,,Sega,sega,pricecharting,2026-09-05,company-credit-ps4-pal-high-additions-1,READY_ADD_MISSING
ps4-yakuza-6-the-song-of-life,Yakuza 6 the song of life,PAL España,standard,yakuza 6 the song of life,yakuza 6 the song of life,GAME_OR_UNKNOWN,DEVELOPER,developer,Ryu Ga Gotoku Studio,ryu-ga-gotoku-studio,Ryu Ga Gotoku Studio | Ryu ga Gotoku Studio,EXACT_NAME_OR_ALIAS,,ADD_MISSING,HIGH,NO,GAME_WORK | GAME_WORK_OR_PS4_RELEASE | PS4_RELEASE,3,LAUNCHBOX_GAMES_DB | STEAM_STORE | WIKIPEDIA_PS4_LIST,B_OTHER_PLATFORM | B_PS4_RELEASE | C_DISCOVERY,https://en.wikipedia.org/wiki/List_of_PlayStation_4_games_(M%E2%80%93Z) | https://store.steampowered.com/app/1388590 | https://gamesdb.launchbox-app.com/games/details/122531,"La lista específica de PS4 atribuye el desarrollo a esta compañía. | La ficha comercial de Steam confirma la desarrolladora de la obra, no necesariamente el port de PS4. | LaunchBox registra esta desarrolladora para su ficha de PS4.",No propagar a ports o compilaciones sin comprobar sus créditos propios.,,CUSA03848_00,,,Ryu Ga Gotoku Studio,ryu-ga-gotoku-studio,official,2026-09-05,company-credit-ps4-pal-high-additions-1,READY_ADD_MISSING
ps4-yakuza-6-the-song-of-life-essence-of-art-edition,Yakuza 6: The Song of Life [Essence of Art Edition],PAL España,standard,yakuza 6 the song of life,yakuza 6 the song of life,GAME_OR_UNKNOWN,DEVELOPER,developer,Ryu Ga Gotoku Studio,ryu-ga-gotoku-studio,Ryu Ga Gotoku Studio | Ryu ga Gotoku Studio,EXACT_NAME_OR_ALIAS,,ADD_MISSING,HIGH,NO,GAME_WORK | GAME_WORK_OR_PS4_RELEASE | PS4_RELEASE,3,LAUNCHBOX_GAMES_DB | STEAM_STORE | WIKIPEDIA_PS4_LIST,B_OTHER_PLATFORM | B_PS4_RELEASE | C_DISCOVERY,https://en.wikipedia.org/wiki/List_of_PlayStation_4_games_(M%E2%80%93Z) | https://store.steampowered.com/app/1388590 | https://gamesdb.launchbox-app.com/games/details/122531,"La lista específica de PS4 atribuye el desarrollo a esta compañía. | La ficha comercial de Steam confirma la desarrolladora de la obra, no necesariamente el port de PS4. | LaunchBox registra esta desarrolladora para su ficha de PS4.",No propagar a ports o compilaciones sin comprobar sus créditos propios.,,,CUSA09660_00,,Ryu Ga Gotoku Studio,ryu-ga-gotoku-studio,official,2026-09-05,company-credit-ps4-pal-high-additions-1,READY_ADD_MISSING
ps4-yakuza-6-the-song-of-life-essence-of-art-edition,Yakuza 6: The Song of Life [Essence of Art Edition],PAL España,standard,yakuza 6 the song of life,yakuza 6 the song of life,GAME_OR_UNKNOWN,PHYSICAL_PUBLISHER_OR_DISTRIBUTOR,publisher,Sega,sega,SEGA | Sega,EXACT_NAME_OR_ALIAS,,ADD_MISSING,HIGH,NO,EXACT_PHYSICAL_EDITION | PAL_RELEASE,2,PRICECHARTING_EXACT_PAL_PAGE | WIKIPEDIA_PS4_LIST_PAL,B_EXACT_PHYSICAL | B_PAL_RELEASE,https://www.pricecharting.com/game/pal-playstation-4/yakuza-6-the-song-of-life-essence-of-art-edition | https://en.wikipedia.org/wiki/List_of_PlayStation_4_games_(M%E2%80%93Z),La ficha exacta de la edición física PAL etiqueta a esta compañía como Publisher; puede representar publicación o distribución física. | La columna PAL de la lista de PS4 atribuye la publicación a esta compañía.,Confirmar si la etiqueta Publisher representa publicación o distribución en la caja PAL.,,,CUSA09660_00,,Sega,sega,pricecharting,2026-09-05,company-credit-ps4-pal-high-additions-1,READY_ADD_MISSING
ps4-yakuza-6-the-song-of-life-playstation-hits,Yakuza 6: The Song of Life [PlayStation Hits],PAL España,standard,yakuza 6 the song of life,yakuza 6 the song of life,EDITION_VARIANT,DEVELOPER,developer,Ryu Ga Gotoku Studio,ryu-ga-gotoku-studio,Ryu Ga Gotoku Studio | Ryu ga Gotoku Studio,EXACT_NAME_OR_ALIAS,,ADD_MISSING,HIGH,NO,EXACT_PHYSICAL_EDITION | GAME_WORK | GAME_WORK_OR_PS4_RELEASE | PS4_RELEASE,4,LAUNCHBOX_GAMES_DB | PRICECHARTING_EXACT_PAL_PAGE | STEAM_STORE | WIKIPEDIA_PS4_LIST,B_EXACT_PHYSICAL | B_OTHER_PLATFORM | B_PS4_RELEASE | C_DISCOVERY,https://www.pricecharting.com/game/pal-playstation-4/yakuza-6-the-song-of-life-playstation-hits | https://en.wikipedia.org/wiki/List_of_PlayStation_4_games_(M%E2%80%93Z) | https://store.steampowered.com/app/1388590 | https://gamesdb.launchbox-app.com/games/details/122531,"La ficha enlazada de la edición física PAL atribuye el desarrollo a esta compañía. | La lista específica de PS4 atribuye el desarrollo a esta compañía. | La ficha comercial de Steam confirma la desarrolladora de la obra, no necesariamente el port de PS4. | LaunchBox registra esta desarrolladora para su ficha de PS4.",No propagar a ports o compilaciones sin comprobar sus créditos propios.,,,,,Ryu Ga Gotoku Studio,ryu-ga-gotoku-studio,official,2026-09-05,company-credit-ps4-pal-high-additions-1,READY_ADD_MISSING
ps4-yakuza-6-the-song-of-life-playstation-hits,Yakuza 6: The Song of Life [PlayStation Hits],PAL España,standard,yakuza 6 the song of life,yakuza 6 the song of life,EDITION_VARIANT,PHYSICAL_PUBLISHER_OR_DISTRIBUTOR,publisher,Sega,sega,Sega,EXACT_NAME_OR_ALIAS,,ADD_MISSING,HIGH,NO,EXACT_PHYSICAL_EDITION | PAL_RELEASE,2,PRICECHARTING_EXACT_PAL_PAGE | WIKIPEDIA_PS4_LIST_PAL,B_EXACT_PHYSICAL | B_PAL_RELEASE,https://www.pricecharting.com/game/pal-playstation-4/yakuza-6-the-song-of-life-playstation-hits | https://en.wikipedia.org/wiki/List_of_PlayStation_4_games_(M%E2%80%93Z),La ficha exacta de la edición física PAL etiqueta a esta compañía como Publisher; puede representar publicación o distribución física. | La columna PAL de la lista de PS4 atribuye la publicación a esta compañía.,Confirmar si la etiqueta Publisher representa publicación o distribución en la caja PAL.,,,,,Sega,sega,pricecharting,2026-09-05,company-credit-ps4-pal-high-additions-1,READY_ADD_MISSING
ps4-yakuza-kiwami-2-playstation-hits,Yakuza Kiwami 2 [Playstation Hits],PAL España,standard,yakuza kiwami 2,yakuza kiwami 2,EDITION_VARIANT,DEVELOPER,developer,Ryu Ga Gotoku Studio,ryu-ga-gotoku-studio,Ryu Ga Gotoku Studio | Ryu ga Gotoku Studio,EXACT_NAME_OR_ALIAS,,ADD_MISSING,HIGH,NO,GAME_WORK | GAME_WORK_OR_PS4_RELEASE | PS4_RELEASE,3,LAUNCHBOX_GAMES_DB | STEAM_STORE | WIKIPEDIA_PS4_LIST,B_OTHER_PLATFORM | B_PS4_RELEASE | C_DISCOVERY,https://en.wikipedia.org/wiki/List_of_PlayStation_4_games_(M%E2%80%93Z) | https://store.steampowered.com/app/3717340 | https://gamesdb.launchbox-app.com/games/details/135649,"La lista específica de PS4 atribuye el desarrollo a esta compañía. | La ficha comercial de Steam confirma la desarrolladora de la obra, no necesariamente el port de PS4. | LaunchBox registra esta desarrolladora para su ficha de PS4.",No propagar a ports o compilaciones sin comprobar sus créditos propios.,,,,,Ryu Ga Gotoku Studio,ryu-ga-gotoku-studio,official,2026-09-05,company-credit-ps4-pal-high-additions-1,READY_ADD_MISSING
ps4-yakuza-kiwami-2-playstation-hits,Yakuza Kiwami 2 [Playstation Hits],PAL España,standard,yakuza kiwami 2,yakuza kiwami 2,EDITION_VARIANT,PHYSICAL_PUBLISHER_OR_DISTRIBUTOR,publisher,Sega,sega,Sega,EXACT_NAME_OR_ALIAS,,ADD_MISSING,HIGH,NO,EXACT_PHYSICAL_EDITION | PAL_RELEASE,2,PRICECHARTING_EXACT_PAL_PAGE | WIKIPEDIA_PS4_LIST_PAL,B_EXACT_PHYSICAL | B_PAL_RELEASE,https://www.pricecharting.com/game/pal-playstation-4/yakuza-kiwami-2-playstation-hits | https://en.wikipedia.org/wiki/List_of_PlayStation_4_games_(M%E2%80%93Z),La ficha exacta de la edición física PAL etiqueta a esta compañía como Publisher; puede representar publicación o distribución física. | La columna PAL de la lista de PS4 atribuye la publicación a esta compañía.,Confirmar si la etiqueta Publisher representa publicación o distribución en la caja PAL.,,,,,Sega,sega,pricecharting,2026-09-05,company-credit-ps4-pal-high-additions-1,READY_ADD_MISSING
ps4-yakuza-kiwami-2-steelbook-edition,Yakuza Kiwami 2 [Steelbook Edition],PAL España,standard,yakuza kiwami 2,yakuza kiwami 2,EDITION_VARIANT,DEVELOPER,developer,Ryu Ga Gotoku Studio,ryu-ga-gotoku-studio,Ryu Ga Gotoku Studio | Ryu ga Gotoku Studio,EXACT_NAME_OR_ALIAS,,ADD_MISSING,HIGH,NO,GAME_WORK | GAME_WORK_OR_PS4_RELEASE | PS4_RELEASE,3,LAUNCHBOX_GAMES_DB | STEAM_STORE | WIKIPEDIA_PS4_LIST,B_OTHER_PLATFORM | B_PS4_RELEASE | C_DISCOVERY,https://en.wikipedia.org/wiki/List_of_PlayStation_4_games_(M%E2%80%93Z) | https://store.steampowered.com/app/3717340 | https://gamesdb.launchbox-app.com/games/details/135649,"La lista específica de PS4 atribuye el desarrollo a esta compañía. | La ficha comercial de Steam confirma la desarrolladora de la obra, no necesariamente el port de PS4. | LaunchBox registra esta desarrolladora para su ficha de PS4.",No propagar a ports o compilaciones sin comprobar sus créditos propios.,,,CUSA10706_00,,Ryu Ga Gotoku Studio,ryu-ga-gotoku-studio,official,2026-09-05,company-credit-ps4-pal-high-additions-1,READY_ADD_MISSING
ps4-yakuza-kiwami-2-steelbook-edition,Yakuza Kiwami 2 [Steelbook Edition],PAL España,standard,yakuza kiwami 2,yakuza kiwami 2,EDITION_VARIANT,PHYSICAL_PUBLISHER_OR_DISTRIBUTOR,publisher,Sega,sega,Sega,EXACT_NAME_OR_ALIAS,,ADD_MISSING,HIGH,NO,EXACT_PHYSICAL_EDITION | PAL_RELEASE,2,PRICECHARTING_EXACT_PAL_PAGE | WIKIPEDIA_PS4_LIST_PAL,B_EXACT_PHYSICAL | B_PAL_RELEASE,https://www.pricecharting.com/game/pal-playstation-4/yakuza-kiwami-2-steelbook-edition | https://en.wikipedia.org/wiki/List_of_PlayStation_4_games_(M%E2%80%93Z),La ficha exacta de la edición física PAL etiqueta a esta compañía como Publisher; puede representar publicación o distribución física. | La columna PAL de la lista de PS4 atribuye la publicación a esta compañía.,Confirmar si la etiqueta Publisher representa publicación o distribución en la caja PAL.,,,CUSA10706_00,,Sega,sega,pricecharting,2026-09-05,company-credit-ps4-pal-high-additions-1,READY_ADD_MISSING
ps4-yakuza-kiwami-playstation-hits,Yakuza Kiwami [Playstation Hits],PAL España,standard,yakuza kiwami,yakuza kiwami,EDITION_VARIANT,DEVELOPER,developer,Ryu Ga Gotoku Studio,ryu-ga-gotoku-studio,Ryu Ga Gotoku Studio | Ryu ga Gotoku Studio,EXACT_NAME_OR_ALIAS,,ADD_MISSING,HIGH,NO,GAME_WORK | GAME_WORK_OR_PS4_RELEASE | PS4_RELEASE,3,LAUNCHBOX_GAMES_DB | STEAM_STORE | WIKIPEDIA_PS4_LIST,B_OTHER_PLATFORM | B_PS4_RELEASE | C_DISCOVERY,https://en.wikipedia.org/wiki/List_of_PlayStation_4_games_(M%E2%80%93Z) | https://store.steampowered.com/app/3717330 | https://gamesdb.launchbox-app.com/games/details/132728,"La lista específica de PS4 atribuye el desarrollo a esta compañía. | La ficha comercial de Steam confirma la desarrolladora de la obra, no necesariamente el port de PS4. | LaunchBox registra esta desarrolladora para su ficha de PS4.",No propagar a ports o compilaciones sin comprobar sus créditos propios.,,,,,Ryu Ga Gotoku Studio,ryu-ga-gotoku-studio,official,2026-09-05,company-credit-ps4-pal-high-additions-1,READY_ADD_MISSING
ps4-yakuza-kiwami-steelbook-edition,Yakuza Kiwami [Steelbook Edition],PAL España,standard,yakuza kiwami,yakuza kiwami,EDITION_VARIANT,DEVELOPER,developer,Ryu Ga Gotoku Studio,ryu-ga-gotoku-studio,Ryu Ga Gotoku Studio | Ryu ga Gotoku Studio,EXACT_NAME_OR_ALIAS,,ADD_MISSING,HIGH,NO,GAME_WORK | GAME_WORK_OR_PS4_RELEASE | PS4_RELEASE,3,LAUNCHBOX_GAMES_DB | STEAM_STORE | WIKIPEDIA_PS4_LIST,B_OTHER_PLATFORM | B_PS4_RELEASE | C_DISCOVERY,https://en.wikipedia.org/wiki/List_of_PlayStation_4_games_(M%E2%80%93Z) | https://store.steampowered.com/app/3717330 | https://gamesdb.launchbox-app.com/games/details/132728,"La lista específica de PS4 atribuye el desarrollo a esta compañía. | La ficha comercial de Steam confirma la desarrolladora de la obra, no necesariamente el port de PS4. | LaunchBox registra esta desarrolladora para su ficha de PS4.",No propagar a ports o compilaciones sin comprobar sus créditos propios.,,,CUSA07615_00,,Ryu Ga Gotoku Studio,ryu-ga-gotoku-studio,official,2026-09-05,company-credit-ps4-pal-high-additions-1,READY_ADD_MISSING
ps4-yakuza-like-a-dragon-day-ichi-steelbook-edition,Yakuza: Like A Dragon [Day Ichi Steelbook Edition],PAL España,standard,yakuza like a dragon,yakuza like a dragon,EDITION_VARIANT,DEVELOPER,developer,Ryu Ga Gotoku Studio,ryu-ga-gotoku-studio,Ryu Ga Gotoku Studio | Ryu ga Gotoku Studio,EXACT_NAME_OR_ALIAS,,ADD_MISSING,HIGH,NO,EXACT_PHYSICAL_EDITION | GAME_WORK | GAME_WORK_OR_PS4_RELEASE | PS4_RELEASE,5,LAUNCHBOX_GAMES_DB | PRICECHARTING_EXACT_PAL_PAGE | STEAM_STORE | WIKIDATA | WIKIPEDIA_PS4_LIST,B_EXACT_PHYSICAL | B_OTHER_PLATFORM | B_PS4_RELEASE | C_DISCOVERY,https://www.pricecharting.com/game/pal-playstation-4/yakuza-like-a-dragon-day-ichi-steelbook-edition | https://en.wikipedia.org/wiki/List_of_PlayStation_4_games_(M%E2%80%93Z) | https://store.steampowered.com/app/1235140 | https://www.wikidata.org/wiki/Q66900968 | https://gamesdb.launchbox-app.com/games/details/195199,"La ficha enlazada de la edición física PAL atribuye el desarrollo a esta compañía. | La lista específica de PS4 atribuye el desarrollo a esta compañía. | La ficha comercial de Steam confirma la desarrolladora de la obra, no necesariamente el port de PS4. | Wikidata registra la compañía como desarrolladora. | LaunchBox registra esta desarrolladora para su ficha de PS4.",No propagar a ports o compilaciones sin comprobar sus créditos propios.,,,CUSA16745_00,,Ryu Ga Gotoku Studio,ryu-ga-gotoku-studio,official,2026-09-05,company-credit-ps4-pal-high-additions-1,READY_ADD_MISSING
ps4-yakuza-like-a-dragon-day-ichi-steelbook-edition,Yakuza: Like A Dragon [Day Ichi Steelbook Edition],PAL España,standard,yakuza like a dragon,yakuza like a dragon,EDITION_VARIANT,PHYSICAL_PUBLISHER_OR_DISTRIBUTOR,publisher,Sega,sega,SEGA | Sega,EXACT_NAME_OR_ALIAS,,ADD_MISSING,HIGH,NO,EXACT_PHYSICAL_EDITION | PAL_RELEASE,2,PRICECHARTING_EXACT_PAL_PAGE | WIKIPEDIA_PS4_LIST_PAL,B_EXACT_PHYSICAL | B_PAL_RELEASE,https://www.pricecharting.com/game/pal-playstation-4/yakuza-like-a-dragon-day-ichi-steelbook-edition | https://en.wikipedia.org/wiki/List_of_PlayStation_4_games_(M%E2%80%93Z),La ficha exacta de la edición física PAL etiqueta a esta compañía como Publisher; puede representar publicación o distribución física. | La columna PAL de la lista de PS4 atribuye la publicación a esta compañía.,Confirmar si la etiqueta Publisher representa publicación o distribución en la caja PAL.,,,CUSA16745_00,,Sega,sega,pricecharting,2026-09-05,company-credit-ps4-pal-high-additions-1,READY_ADD_MISSING
ps4-yonder-the-cloud-catcher-chronicles-signature-edition,Yonder: The Cloud Catcher Chronicles [Signature Edition],PAL España,standard,yonder the cloud catcher chronicles,yonder the cloud catcher chronicles,GAME_OR_UNKNOWN,DEVELOPER,developer,Prideful Sloth,prideful-sloth,Prideful Sloth,EXACT_NAME_OR_ALIAS,,ADD_MISSING,HIGH,NO,GAME_WORK | GAME_WORK_OR_PS4_RELEASE | MATCHED_PS4_PRODUCT | PS4_RELEASE,5,LAUNCHBOX_GAMES_DB | PLAYSTATION_STORE_EXPLICIT_CREDIT | STEAM_STORE | WIKIDATA | WIKIPEDIA_PS4_LIST,A_OFFICIAL_MATCHED_TITLE_CREDIT | B_OTHER_PLATFORM | B_PS4_RELEASE | C_DISCOVERY,https://store.playstation.com/es-es/product/EP1238-CUSA07259_00-YONDERCHRONENINT | https://en.wikipedia.org/wiki/List_of_PlayStation_4_games_(M%E2%80%93Z) | https://store.steampowered.com/app/580200 | https://www.wikidata.org/wiki/Q37183647 | https://gamesdb.launchbox-app.com/games/details/423475,"Developed by Prideful Sloth | La lista específica de PS4 atribuye el desarrollo a esta compañía. | La ficha comercial de Steam confirma la desarrolladora de la obra, no necesariamente el port de PS4. | Wikidata registra la compañía como desarrolladora. | LaunchBox registra esta desarrolladora para su ficha de PS4.",No propagar a ports o compilaciones sin comprobar sus créditos propios.,,,,,Prideful Sloth,prideful-sloth,official,2026-09-05,company-credit-ps4-pal-high-additions-1,READY_ADD_MISSING
ps4-yooka-laylee,Yooka-Laylee,PAL España,standard,yooka laylee,yooka laylee,GAME_OR_UNKNOWN,PHYSICAL_PUBLISHER_OR_DISTRIBUTOR,publisher,Team17,team17,TEAM17 | Team17,EXACT_NAME_OR_ALIAS,,ADD_MISSING,HIGH,NO,EXACT_PHYSICAL_EDITION | PAL_RELEASE,2,PRICECHARTING_EXACT_PAL_PAGE | WIKIPEDIA_PS4_LIST_PAL,B_EXACT_PHYSICAL | B_PAL_RELEASE,https://www.pricecharting.com/game/pal-playstation-4/yooka-laylee | https://en.wikipedia.org/wiki/List_of_PlayStation_4_games_(M%E2%80%93Z),La ficha exacta de la edición física PAL etiqueta a esta compañía como Publisher; puede representar publicación o distribución física. | La columna PAL de la lista de PS4 atribuye la publicación a esta compañía.,Confirmar si la etiqueta Publisher representa publicación o distribución en la caja PAL.,,CUSA05721_00,CUSA05721_00,,Team17,team17,pricecharting,2026-09-05,company-credit-ps4-pal-high-additions-1,READY_ADD_MISSING
ps4-ys-ix-monstrum-nox-limited-edition,Ys IX: Monstrum Nox [Limited Edition],PAL España,standard,ys ix monstrum nox,ys ix monstrum nox,EDITION_VARIANT,DEVELOPER,developer,Nihon Falcom Corporation,nihon-falcom,Nihon Falcom,EXACT_NAME_OR_ALIAS,,ADD_MISSING,HIGH,NO,EXACT_PHYSICAL_EDITION | GAME_WORK_OR_PS4_RELEASE | PS4_RELEASE,3,LAUNCHBOX_GAMES_DB | PRICECHARTING_EXACT_PAL_PAGE | WIKIPEDIA_PS4_LIST,B_EXACT_PHYSICAL | B_PS4_RELEASE | C_DISCOVERY,https://www.pricecharting.com/game/pal-playstation-4/ys-ix-monstrum-nox-limited-edition | https://en.wikipedia.org/wiki/List_of_PlayStation_4_games_(M%E2%80%93Z) | https://gamesdb.launchbox-app.com/games/details/419663,La ficha enlazada de la edición física PAL atribuye el desarrollo a esta compañía. | La lista específica de PS4 atribuye el desarrollo a esta compañía. | LaunchBox registra esta desarrolladora para su ficha de PS4.,No propagar a ports o compilaciones sin comprobar sus créditos propios.,,,,,Nihon Falcom Corporation,nihon-falcom,pricecharting,2026-09-05,company-credit-ps4-pal-high-additions-1,READY_ADD_MISSING
ps4-ys-origin-strictly-limited,Ys Origin [Strictly Limited],PAL España,standard,ys origin,ys origin strictly limited,EDITION_VARIANT,DEVELOPER,developer,Nihon Falcom Corporation,nihon-falcom,Nihon Falcom,EXACT_NAME_OR_ALIAS,,ADD_MISSING,HIGH,NO,GAME_WORK | GAME_WORK_OR_PS4_RELEASE,2,STEAM_STORE | WIKIPEDIA_PS4_LIST,B_OTHER_PLATFORM | B_PS4_RELEASE,https://en.wikipedia.org/wiki/List_of_PlayStation_4_games_(M%E2%80%93Z) | https://store.steampowered.com/app/207350,"La lista específica de PS4 atribuye el desarrollo a esta compañía. | La ficha comercial de Steam confirma la desarrolladora de la obra, no necesariamente el port de PS4.",No propagar a ports o compilaciones sin comprobar sus créditos propios.,,,,,Nihon Falcom Corporation,nihon-falcom,official,2026-09-05,company-credit-ps4-pal-high-additions-1,READY_ADD_MISSING
ps4-ys-origin-strictly-limited-collector%27s-edition,Ys Origin [Strictly Limited Collector's Edition],PAL España,standard,ys origin,ys origin,EDITION_VARIANT,DEVELOPER,developer,Nihon Falcom Corporation,nihon-falcom,Nihon Falcom,EXACT_NAME_OR_ALIAS,,ADD_MISSING,HIGH,NO,GAME_WORK | GAME_WORK_OR_PS4_RELEASE,2,STEAM_STORE | WIKIPEDIA_PS4_LIST,B_OTHER_PLATFORM | B_PS4_RELEASE,https://en.wikipedia.org/wiki/List_of_PlayStation_4_games_(M%E2%80%93Z) | https://store.steampowered.com/app/207350,"La lista específica de PS4 atribuye el desarrollo a esta compañía. | La ficha comercial de Steam confirma la desarrolladora de la obra, no necesariamente el port de PS4.",No propagar a ports o compilaciones sin comprobar sus créditos propios.,,,,,Nihon Falcom Corporation,nihon-falcom,official,2026-09-05,company-credit-ps4-pal-high-additions-1,READY_ADD_MISSING
ps4-ys-viii-lacrimosa-of-dana-day-one,Ys VIII: Lacrimosa Of DANA [Day One],PAL España,standard,ys viii lacrimosa of dana,ys viii lacrimosa of dana day one,EDITION_VARIANT,DEVELOPER,developer,Nihon Falcom Corporation,nihon-falcom,Nihon Falcom,EXACT_NAME_OR_ALIAS,,ADD_MISSING,HIGH,NO,GAME_WORK | GAME_WORK_OR_PS4_RELEASE | PS4_RELEASE,3,LAUNCHBOX_GAMES_DB | STEAM_STORE | WIKIPEDIA_PS4_LIST,B_OTHER_PLATFORM | B_PS4_RELEASE | C_DISCOVERY,https://en.wikipedia.org/wiki/List_of_PlayStation_4_games_(M%E2%80%93Z) | https://store.steampowered.com/app/579180 | https://gamesdb.launchbox-app.com/games/details/154260,"La lista específica de PS4 atribuye el desarrollo a esta compañía. | La ficha comercial de Steam confirma la desarrolladora de la obra, no necesariamente el port de PS4. | LaunchBox registra esta desarrolladora para su ficha de PS4.",No propagar a ports o compilaciones sin comprobar sus créditos propios.,,,CUSA08570_00,,Nihon Falcom Corporation,nihon-falcom,official,2026-09-05,company-credit-ps4-pal-high-additions-1,READY_ADD_MISSING
ps4-ys-viii-lacrimosa-of-dana-limited-edition,Ys VIII Lacrimosa of DANA [Limited Edition],PAL España,standard,ys viii lacrimosa of dana,ys viii lacrimosa of dana,EDITION_VARIANT,DEVELOPER,developer,Nihon Falcom Corporation,nihon-falcom,Nihon Falcom,EXACT_NAME_OR_ALIAS,,ADD_MISSING,HIGH,NO,GAME_WORK | GAME_WORK_OR_PS4_RELEASE | PS4_RELEASE,3,LAUNCHBOX_GAMES_DB | STEAM_STORE | WIKIPEDIA_PS4_LIST,B_OTHER_PLATFORM | B_PS4_RELEASE | C_DISCOVERY,https://en.wikipedia.org/wiki/List_of_PlayStation_4_games_(M%E2%80%93Z) | https://store.steampowered.com/app/579180 | https://gamesdb.launchbox-app.com/games/details/154260,"La lista específica de PS4 atribuye el desarrollo a esta compañía. | La ficha comercial de Steam confirma la desarrolladora de la obra, no necesariamente el port de PS4. | LaunchBox registra esta desarrolladora para su ficha de PS4.",No propagar a ports o compilaciones sin comprobar sus créditos propios.,,,,,Nihon Falcom Corporation,nihon-falcom,official,2026-09-05,company-credit-ps4-pal-high-additions-1,READY_ADD_MISSING
ps4-ys-x-nordics-deluxe-edition,Ys X : Nordics Deluxe Edition,PAL España,standard,ys x nordics,ys x nordics,EDITION_VARIANT,DEVELOPER,developer,Nihon Falcom Corporation,nihon-falcom,Nihon Falcom,EXACT_NAME_OR_ALIAS,,ADD_MISSING,HIGH,NO,GAME_WORK | GAME_WORK_OR_PS4_RELEASE | PS4_RELEASE,3,LAUNCHBOX_GAMES_DB | STEAM_STORE | WIKIPEDIA_PS4_LIST,B_OTHER_PLATFORM | B_PS4_RELEASE | C_DISCOVERY,https://en.wikipedia.org/wiki/List_of_PlayStation_4_games_(M%E2%80%93Z) | https://store.steampowered.com/app/2570810 | https://gamesdb.launchbox-app.com/games/details/477067,"La lista específica de PS4 atribuye el desarrollo a esta compañía. | La ficha comercial de Steam confirma la desarrolladora de la obra, no necesariamente el port de PS4. | LaunchBox registra esta desarrolladora para su ficha de PS4.",No propagar a ports o compilaciones sin comprobar sus créditos propios.,,,,,Nihon Falcom Corporation,nihon-falcom,official,2026-09-05,company-credit-ps4-pal-high-additions-1,READY_ADD_MISSING
ps4-ziggurat,Ziggurat,PAL España,standard,ziggurat,ziggurat,GAME_OR_UNKNOWN,DEVELOPER,developer,Milkstone Studios,milkstone-studios,Milkstone Studios,EXACT_NAME_OR_ALIAS,,ADD_MISSING,HIGH,NO,GAME_WORK | GAME_WORK_OR_PS4_RELEASE | PS4_RELEASE,3,LAUNCHBOX_GAMES_DB | STEAM_STORE | WIKIPEDIA_PS4_LIST,B_OTHER_PLATFORM | B_PS4_RELEASE | C_DISCOVERY,https://en.wikipedia.org/wiki/List_of_PlayStation_4_games_(M%E2%80%93Z) | https://store.steampowered.com/app/308420 | https://gamesdb.launchbox-app.com/games/details/211531,"La lista específica de PS4 atribuye el desarrollo a esta compañía. | La ficha comercial de Steam confirma la desarrolladora de la obra, no necesariamente el port de PS4. | LaunchBox registra esta desarrolladora para su ficha de PS4.",No propagar a ports o compilaciones sin comprobar sus créditos propios.,,CUSA02306_00,,,Milkstone Studios,milkstone-studios,official,2026-09-05,company-credit-ps4-pal-high-additions-1,READY_ADD_MISSING
