catalog_id,catalog_title,official_title,catalog_region,catalog_edition,content_type,role,current_value,recommended_company,confidence,evidence_scope,recommended_action,evidence_summary,source_1,source_2,classification,previous_value,company_slugs,company_display_names,resolved_evidence_urls,evidence_catalog_ids,stale_reason,reviewed_at,review_batch
ps4-1971-project-helios,1971 Project Helios,1971 Project Helios,PAL Europa,standard,GAME_OR_UNKNOWN,PHYSICAL_PUBLISHER_OR_DISTRIBUTOR,Recotechnology S.L.,Meridiem Games,HIGH,EXACT_PAL_PHYSICAL,ADD_PHYSICAL_PUBLISHER_KEEP_DIGITAL_SEPARATE,La edición física europea corresponde a Meridiem Games; Recotechnology es la desarrolladora y editora digital.,https://gamesdb.launchbox-app.com/games/details/212848,,REPLACE,Recotechnology S.L.,meridiem-games,Meridiem Games,https://gamesdb.launchbox-app.com/games/details/212848,,,2026-09-05,company-credit-ps4-pal-rapid-review-2026-09-05
ps4-30-nights-pine-view-drive-&amp;-joe%27s-diner,30 Nights Pine View Drive & Joe's Diner,30 Nights: Pineview Drive & Joe's Diner,PAL España,standard,GAME_OR_UNKNOWN,DEVELOPER,,VIS-Games,HIGH,BUNDLE_COMPONENTS,ADD_DEVELOPER_AND_CLASSIFY_COMPILATION,Las fichas comerciales de los dos juegos incluidos atribuyen su desarrollo a VIS-Games.,https://store.steampowered.com/app/288880/Pineview_Drive/,https://apps.microsoft.com/detail/9nhc6cb13vlt?gl=GB&hl=en-GB,ADD,,vis-games,VIS Games,https://store.steampowered.com/app/288880/Pineview_Drive/ | https://apps.microsoft.com/detail/9nhc6cb13vlt?gl=GB&hl=en-GB,,,2026-09-05,company-credit-ps4-pal-rapid-review-2026-09-05
ps4-30-nights-pine-view-drive-&amp;-joe%27s-diner,30 Nights Pine View Drive & Joe's Diner,30 Nights: Pineview Drive & Joe's Diner,PAL España,standard,GAME_OR_UNKNOWN,PHYSICAL_PUBLISHER_OR_DISTRIBUTOR,,United Independent Entertainment GmbH,HIGH,EXACT_PAL_PHYSICAL_AND_EU_DIGITAL,ADD_PHYSICAL_PUBLISHER_KEEP_DIGITAL_SEPARATE,La edición física PAL se comercializó bajo UIG; la ficha digital europea actual muestra Iridium Media Group GmbH.,https://www.play-asia.com/en/30-nights-pineview-drive-joes-diner-german-cover/13/70i7w3,https://store.playstation.com/en-au/product/EP8935-CUSA03777_00-PDJDBUNDLEPS4EU0,ADD,,united-independent-entertainment,United Independent Entertainment,https://www.play-asia.com/en/30-nights-pineview-drive-joes-diner-german-cover/13/70i7w3 | https://store.playstation.com/en-au/product/EP8935-CUSA03777_00-PDJDBUNDLEPS4EU0,,,2026-09-05,company-credit-ps4-pal-rapid-review-2026-09-05
ps4-3d-mini-golf,3D Mini Golf,3D Mini Golf,PAL España,standard,GAME_OR_UNKNOWN,DEVELOPER,,Z-Software,HIGH,EXACT_PS4_EDITION,ADD_DEVELOPER,La ficha del producto PS4 atribuye el desarrollo a Z-Software.,https://www.idealo.co.uk/compare/6217212/x-3d-mini-golf.html,,ADD,,z-software,Z-Software,https://www.idealo.co.uk/compare/6217212/x-3d-mini-golf.html,,,2026-09-05,company-credit-ps4-pal-rapid-review-2026-09-05
ps4-3d-mini-golf,3D Mini Golf,3D Mini Golf,PAL España,standard,GAME_OR_UNKNOWN,PHYSICAL_PUBLISHER_OR_DISTRIBUTOR,,Markt+Technik,HIGH,EXACT_PS4_EDITION,ADD_PHYSICAL_PUBLISHER_KEEP_DIGITAL_SEPARATE,La edición física se atribuye a Markt+Technik; PlayStation conserva a Joindots como editora digital.,https://www.idealo.co.uk/compare/6217212/x-3d-mini-golf.html,https://store.playstation.com/es-es/product/EP1629-CUSA09170_00-3DMINIGOLF000000,ADD,,markt-technik,Markt Technik,https://www.idealo.co.uk/compare/6217212/x-3d-mini-golf.html | https://store.playstation.com/es-es/product/EP1629-CUSA09170_00-3DMINIGOLF000000,,,2026-09-05,company-credit-ps4-pal-rapid-review-2026-09-05
ps4-41-hours,41 Hours,41 Hours,PAL España,standard,GAME_OR_UNKNOWN,PHYSICAL_PUBLISHER_OR_DISTRIBUTOR,,Funbox Media,VERY_HIGH,EXACT_EU_PHYSICAL,ADD_PHYSICAL_PUBLISHER_KEEP_DIGITAL_SEPARATE,Funbox Media anunció y distribuyó la edición física europea; Eastasiasoft publicó la versión digital.,https://funboxmedia.co.uk/41-hours-ps4-ps5-press-release/,https://www.eastasiasoft.com/press/479/Eastasiasoft-Limited-shares-new-details-on-9-games-scheduled-for-console-release-this-Fall,ADD,,funbox-media,Funbox Media,https://funboxmedia.co.uk/41-hours-ps4-ps5-press-release/ | https://www.eastasiasoft.com/press/479/Eastasiasoft-Limited-shares-new-details-on-9-games-scheduled-for-console-release-this-Fall,,,2026-09-05,company-credit-ps4-pal-rapid-review-2026-09-05
ps4-8doors-arum%27s-afterlife-adventure,8Doors: Arum's Afterlife Adventure,8Doors: Arum's Afterlife Adventure,PAL España,standard,GAME_OR_UNKNOWN,PHYSICAL_PUBLISHER_OR_DISTRIBUTOR,,Red Art Games,HIGH,EXACT_PS4_PHYSICAL,ADD_PHYSICAL_PUBLISHER_KEEP_DIGITAL_SEPARATE,La edición física PS4 aparece publicada por Red Art Games; Rootless Studio y Neowiz corresponden al desarrollo y publicación general/digital.,https://shopgamecollection.com/product/8doors-arums-afterlife-adventure-ps4/,https://www.bestbuy.com/site/searchpage.jsp?st=8Doors%20Arum%27s%20Afterlife%20Adventure,ADD,,red-art-games,Red Art Games,https://shopgamecollection.com/product/8doors-arums-afterlife-adventure-ps4/ | https://www.bestbuy.com/site/searchpage.jsp?st=8Doors%20Arum%27s%20Afterlife%20Adventure,,,2026-09-05,company-credit-ps4-pal-rapid-review-2026-09-05
ps4-99-vidas,99 Vidas,99Vidas,PAL España,standard,GAME_OR_UNKNOWN,DEVELOPER,,QUByte Interactive,HIGH,EXACT_PS4_WORK,ADD_DEVELOPER,Las fuentes coinciden en QUByte Interactive como desarrolladora.,https://www.strictlylimitedgames.com/en-gb/blogs/strictly-limited-games-releases/99vidas-definitive-edition,https://www.chilloutgames.co.uk/PS4/99Vidas_Sony_Playstation_4.aspx,ADD,,qubyte,QUByte,https://www.strictlylimitedgames.com/en-gb/blogs/strictly-limited-games-releases/99vidas-definitive-edition | https://www.chilloutgames.co.uk/PS4/99Vidas_Sony_Playstation_4.aspx,,,2026-09-05,company-credit-ps4-pal-rapid-review-2026-09-05
ps4-99-vidas-collector%27s-edition,99 Vidas [Collector's Edition],99Vidas [Collector's Edition],PAL España,standard,EDITION_VARIANT,DEVELOPER,,QUByte Interactive,HIGH,EDITION_OF_VERIFIED_WORK,ADD_DEVELOPER_LINK_TO_BASE_WORK,Edición especial de la misma obra desarrollada por QUByte Interactive.,https://www.strictlylimitedgames.com/en-gb/blogs/strictly-limited-games-releases/99vidas-definitive-edition,,ADD,,qubyte,QUByte,https://www.strictlylimitedgames.com/en-gb/blogs/strictly-limited-games-releases/99vidas-definitive-edition,,,2026-09-05,company-credit-ps4-pal-rapid-review-2026-09-05
ps4-acalesia,Acalesia,Acalesia,PAL España,standard,GAME_OR_UNKNOWN,DEVELOPER,,BAkau,HIGH,EXACT_PS4_WORK,ADD_DEVELOPER,El aviso legal de PlayStation acredita a BAkau y una segunda ficha específica confirma el desarrollo.,https://store.playstation.com/en-gb/product/EP8009-CUSA27336_00-5021120251256233,https://pocketpsn.com/game/8872-acalesia,ADD,,bakau,BAkau,https://store.playstation.com/en-gb/product/EP8009-CUSA27336_00-5021120251256233 | https://pocketpsn.com/game/8872-acalesia,,,2026-09-05,company-credit-ps4-pal-rapid-review-2026-09-05
ps4-acalesia,Acalesia,Acalesia,PAL España,standard,GAME_OR_UNKNOWN,PHYSICAL_PUBLISHER_OR_DISTRIBUTOR,,Red Art Games,VERY_HIGH,EXACT_PAL_PHYSICAL,ADD_PHYSICAL_PUBLISHER_KEEP_DIGITAL_SEPARATE,Red Art Games identifica expresamente su edición física; Victory Road figura como editora digital.,https://www.redartgames.com/playstation-4/431-acalesia-ps4-pre-order.html,https://store.playstation.com/en-gb/product/EP8009-CUSA27336_00-5021120251256233,ADD,,red-art-games,Red Art Games,https://www.redartgames.com/playstation-4/431-acalesia-ps4-pre-order.html | https://store.playstation.com/en-gb/product/EP8009-CUSA27336_00-5021120251256233,,,2026-09-05,company-credit-ps4-pal-rapid-review-2026-09-05
ps4-ace-attorney-investigations-collection,Ace Attorney Investigations Collection,Ace Attorney Investigations Collection,PAL España,standard,POSSIBLE_COMPILATION_OR_MULTI_PRODUCT,DEVELOPER,Capcom,Capcom,HIGH,GAME_WORK,ADD_OR_CONFIRM_CREDIT,"Coincidencia rápida: STEAM, WIKIDATA.",https://store.steampowered.com/app/2401970,https://www.wikidata.org/entity/Q126723238,CONFIRM,Capcom,capcom,Capcom,https://store.steampowered.com/app/2401970 | https://www.wikidata.org/entity/Q126723238,,,2026-09-05,company-credit-ps4-pal-rapid-review-2026-09-05
ps4-action-pack-quake-&#43;-doom-slayers-collection,Action Pack: Quake + DOOM Slayers Collection,id Action Pack Vol. 1: Quake + DOOM Slayers Collection,PAL España,standard,POSSIBLE_COMPILATION_OR_MULTI_PRODUCT,DEVELOPER,,id Software,HIGH,COMPILATION_PRIMARY_CREDIT,ADD_DEVELOPER_AND_CLASSIFY_COMPILATION,La ficha PAL atribuye el crédito principal a id Software; debe conservarse además el carácter de recopilatorio.,https://www.pricecharting.com/game/pal-playstation-4/action-pack-quake-%2B-doom-slayers-collection,https://slayersclub.bethesda.net/en-ZA/news/doom-slayers-collection-out-now,ADD,,id-software,Id Software,https://www.pricecharting.com/game/pal-playstation-4/action-pack-quake-%2B-doom-slayers-collection | https://slayersclub.bethesda.net/en-ZA/news/doom-slayers-collection-out-now,,,2026-09-05,company-credit-ps4-pal-rapid-review-2026-09-05
ps4-adam-wolfe,Adam Wolfe,Adam Wolfe,PAL España,standard,GAME_OR_UNKNOWN,PHYSICAL_PUBLISHER_OR_DISTRIBUTOR,,Funbox Media,HIGH,EXACT_PAL_PHYSICAL,ADD_PHYSICAL_PUBLISHER_OR_DISTRIBUTOR,La edición PS4 consultada atribuye la publicación o distribución física a Funbox Media.,https://www.wog.ch/en/index.cfm/details/product/229543-Adam-Wolfe,https://store.playstation.com/en-us/product/UB0429-CUSA47562_00-0236883203951565,ADD,,funbox-media,Funbox Media,https://www.wog.ch/en/index.cfm/details/product/229543-Adam-Wolfe | https://store.playstation.com/en-us/product/UB0429-CUSA47562_00-0236883203951565,,,2026-09-05,company-credit-ps4-pal-rapid-review-2026-09-05
ps4-adam-s-venture-origins,Adam's Venture Origins,Adam's Venture Origins,PAL España,standard,GAME_OR_UNKNOWN,PHYSICAL_PUBLISHER_OR_DISTRIBUTOR,,SOEDESCO,HIGH,DIGITAL_PS4_EU | GAME_WORK | PS4_RELEASE,ADD_OR_CONFIRM_CREDIT,"Coincidencia rápida: LAUNCHBOX_PS4, PLAYSTATION_STORE, STEAM, WIKIDATA.",https://gamesdb.launchbox-app.com/games/details/189164,https://store.playstation.com/es-es/product/EP4541-CUSA03772_00-AV00000000000000,ADD,,soedesco,Soedesco,https://gamesdb.launchbox-app.com/games/details/189164 | https://store.playstation.com/es-es/product/EP4541-CUSA03772_00-AV00000000000000,,,2026-09-05,company-credit-ps4-pal-rapid-review-2026-09-05
ps4-after-the-fall-frontrunner-edition,After the Fall: Frontrunner Edition,After the Fall: Frontrunner Edition,PAL España,standard,GAME_OR_UNKNOWN,PHYSICAL_PUBLISHER_OR_DISTRIBUTOR,,Koch Media,HIGH,EXACT_EU_PHYSICAL,ADD_PHYSICAL_PUBLISHER,La ficha de la edición europea y el comunicado del grupo identifican la publicación física de Koch Media/Vertigo Games.,https://vgcollect.com/item/225345,https://presse.plaion.com/fr-BE/c-Vertigo-Games,ADD,,koch-media,KOCH Media,https://vgcollect.com/item/225345 | https://presse.plaion.com/fr-BE/c-Vertigo-Games,,,2026-09-05,company-credit-ps4-pal-rapid-review-2026-09-05
ps4-afterimage-deluxe-edition,Afterimage: Deluxe Edition,Afterimage: Deluxe Edition,PAL España,standard,EDITION_VARIANT,PHYSICAL_PUBLISHER_OR_DISTRIBUTOR,,Maximum Entertainment,HIGH,GAME_WORK | PS4_RELEASE,ADD_OR_CONFIRM_CREDIT,"Coincidencia rápida: LAUNCHBOX_PS4, STEAM.",https://gamesdb.launchbox-app.com/games/details/446579,https://store.steampowered.com/app/1701520,ADD,,maximum-games,Maximum Games,https://gamesdb.launchbox-app.com/games/details/446579 | https://store.steampowered.com/app/1701520,,,2026-09-05,company-credit-ps4-pal-rapid-review-2026-09-05
ps4-agatha-christie-hercule-poirot-the-london-case,Agatha Christie: Hercule Poirot - The London Case,Agatha Christie: Hercule Poirot - The London Case,PAL España,standard,GAME_OR_UNKNOWN,PHYSICAL_PUBLISHER_OR_DISTRIBUTOR,,Microids,HIGH,GAME_WORK | PS4_RELEASE,ADD_OR_CONFIRM_CREDIT,"Coincidencia rápida: LAUNCHBOX_PS4, STEAM.",https://gamesdb.launchbox-app.com/games/details/446276,https://store.steampowered.com/app/2223740,ADD,,microids,Microids,https://gamesdb.launchbox-app.com/games/details/446276 | https://store.steampowered.com/app/2223740,,,2026-09-05,company-credit-ps4-pal-rapid-review-2026-09-05
ps4-agatha-christie-murder-on-the-orient-express-deluxe-edition,Agatha Christie: Murder on the Orient Express [Deluxe Edition],Agatha Christie: Murder on the Orient Express [Deluxe Edition],PAL España,standard,EDITION_VARIANT,PHYSICAL_PUBLISHER_OR_DISTRIBUTOR,,Microids,HIGH,GAME_WORK | PS4_RELEASE,ADD_OR_CONFIRM_CREDIT,"Coincidencia rápida: LAUNCHBOX_PS4, STEAM.",https://gamesdb.launchbox-app.com/games/details/446630,https://store.steampowered.com/app/1904790,ADD,,microids,Microids,https://gamesdb.launchbox-app.com/games/details/446630 | https://store.steampowered.com/app/1904790,,,2026-09-05,company-credit-ps4-pal-rapid-review-2026-09-05
ps4-agents-of-mayhem-retail-edition,Agents of Mayhem Retail Edition,Agents of Mayhem Retail Edition,PAL España,standard,GAME_OR_UNKNOWN,DEVELOPER,,Volition,HIGH,GAME_WORK | PS4_RELEASE | SAME_WORK_EDITION,ADD_OR_CONFIRM_CREDIT,"Coincidencia rápida: LAUNCHBOX_PS4, STEAM, VERIFIED_PS4_SIBLING.",https://gamesdb.launchbox-app.com/games/details/142597,https://store.steampowered.com/app/304530,ADD,,volition,Volition,https://gamesdb.launchbox-app.com/games/details/142597 | https://store.steampowered.com/app/304530,,,2026-09-05,company-credit-ps4-pal-rapid-review-2026-09-05
ps4-agents-of-mayhem-retail-edition,Agents of Mayhem Retail Edition,Agents of Mayhem Retail Edition,PAL España,standard,GAME_OR_UNKNOWN,PHYSICAL_PUBLISHER_OR_DISTRIBUTOR,,Deep Silver,HIGH,GAME_WORK | PS4_RELEASE,ADD_OR_CONFIRM_CREDIT,"Coincidencia rápida: LAUNCHBOX_PS4, STEAM, WIKIDATA.",https://gamesdb.launchbox-app.com/games/details/142597,https://store.steampowered.com/app/304530,ADD,,deep-silver,Deep SIlver,https://gamesdb.launchbox-app.com/games/details/142597 | https://store.steampowered.com/app/304530,,,2026-09-05,company-credit-ps4-pal-rapid-review-2026-09-05
ps4-air-conflicts-double-pack,Air Conflicts: Double Pack,Air Conflicts: Double Pack,PAL España,standard,POSSIBLE_COMPILATION_OR_MULTI_PRODUCT,DEVELOPER,Games Farm,Games Farm,HIGH,BUNDLE_COMPONENTS,ADD_DEVELOPER,Las fuentes consultadas atribuyen el desarrollo a Games Farm.,https://www.gamesmen.com.au/air-conflicts-double-pack,https://www.idealo.co.uk/compare/3870157/air-conflicts-vietnam.html,CONFIRM,Games Farm,games-farm,Games Farm,https://www.gamesmen.com.au/air-conflicts-double-pack | https://www.idealo.co.uk/compare/3870157/air-conflicts-vietnam.html,,,2026-09-05,company-credit-ps4-pal-rapid-review-2026-09-05
ps4-airoheart,Airoheart,Airoheart,PAL España,standard,GAME_OR_UNKNOWN,PHYSICAL_PUBLISHER_OR_DISTRIBUTOR,,SOEDESCO,HIGH,DIGITAL_PS4_EU | GAME_WORK | PS4_RELEASE,ADD_OR_CONFIRM_CREDIT,"Coincidencia rápida: LAUNCHBOX_PS4, PLAYSTATION_STORE, STEAM.",https://gamesdb.launchbox-app.com/games/details/446669,https://store.playstation.com/es-es/product/EP4541-CUSA32391_00-AIROHEARTEU00000,ADD,,soedesco,Soedesco,https://gamesdb.launchbox-app.com/games/details/446669 | https://store.playstation.com/es-es/product/EP4541-CUSA32391_00-AIROHEARTEU00000,,,2026-09-05,company-credit-ps4-pal-rapid-review-2026-09-05
ps4-airport-simulator-day-&amp;-night,Airport Simulator: Day & Night,Airport Simulator: Day & Night,PAL España,standard,GAME_OR_UNKNOWN,DIGITAL_PUBLISHER,,Iridium Media Group GmbH,HIGH,DIGITAL_PS4_EU,ADD_OR_CONFIRM_CREDIT,Coincidencia rápida: PLAYSTATION_STORE.,https://store.playstation.com/es-es/product/EP8935-CUSA29671_00-AIRPORTDAYPS4EU0,,ADD,,iridium-media-group-gmbh,Iridium Media Group GmbH,https://store.playstation.com/es-es/product/EP8935-CUSA29671_00-AIRPORTDAYPS4EU0,,,2026-09-05,company-credit-ps4-pal-rapid-review-2026-09-05
ps4-ak-xolotl,AK-Xolotl,AK-xolotl,PAL España,standard,GAME_OR_UNKNOWN,DEVELOPER,,2Awesome Studio,VERY_HIGH,EXACT_PS4_WORK,ADD_DEVELOPER,El anuncio de lanzamiento físico identifica expresamente a 2Awesome Studio.,https://www.gamespress.com/AK-xolotl-releases-physically-for-PS4-PS5-and-Switch,,ADD,,2awesome-studios,2Awesome Studios,https://www.gamespress.com/AK-xolotl-releases-physically-for-PS4-PS5-and-Switch,,,2026-09-05,company-credit-ps4-pal-rapid-review-2026-09-05
ps4-ak-xolotl,AK-Xolotl,AK-xolotl,PAL España,standard,GAME_OR_UNKNOWN,PHYSICAL_PUBLISHER_OR_DISTRIBUTOR,,Tesura Games,HIGH,EXACT_PAL_PHYSICAL,ADD_PHYSICAL_PUBLISHER_KEEP_DIGITAL_SEPARATE,La edición física PAL se atribuye a Tesura Games; Playstack se conserva como editora general/digital.,https://videogamesnewyork.com/ak-xolotl-collectors-edition-playstation-4/,https://en.tesuragames.com/blog/,ADD,,tesura-games,Tesura Games,https://videogamesnewyork.com/ak-xolotl-collectors-edition-playstation-4/ | https://en.tesuragames.com/blog/,,,2026-09-05,company-credit-ps4-pal-rapid-review-2026-09-05
ps4-akai-katana-shin,Akai Katana Shin,Akai Katana Shin,PAL España,standard,GAME_OR_UNKNOWN,PHYSICAL_PUBLISHER_OR_DISTRIBUTOR,,CITY CONNECTION,HIGH,GAME_WORK | PS4_RELEASE,ADD_OR_CONFIRM_CREDIT,"Coincidencia rápida: LAUNCHBOX_PS4, STEAM.",https://gamesdb.launchbox-app.com/games/details/475378,https://store.steampowered.com/app/2076220,ADD,,city-connection,City Connection,https://gamesdb.launchbox-app.com/games/details/475378 | https://store.steampowered.com/app/2076220,,,2026-09-05,company-credit-ps4-pal-rapid-review-2026-09-05
ps4-alan-wake,Alan Wake,Alan Wake Remastered,PAL España,standard,GAME_OR_UNKNOWN,PHYSICAL_PUBLISHER_OR_DISTRIBUTOR,,Epic Games Publishing,HIGH,EXACT_PS4_WORK,ADD_PHYSICAL_PUBLISHER_OR_DISTRIBUTOR,La edición PS4 consultada atribuye la publicación o distribución física a Epic Games Publishing.,https://www.alanwake.com/story/alan-wake-remastered/,https://store.epicgames.com/en-US/p/alan-wake-remastered,ADD,,epic-games-publishing,Epic Games Publishing,https://www.alanwake.com/story/alan-wake-remastered/ | https://store.epicgames.com/en-US/p/alan-wake-remastered,,,2026-09-05,company-credit-ps4-pal-rapid-review-2026-09-05
ps4-alchemic-cutie,Alchemic Cutie,Alchemic Cutie,PAL España,standard,GAME_OR_UNKNOWN,DIGITAL_PUBLISHER,,PM Studios,HIGH,DIGITAL_PS4_EU,ADD_OR_CONFIRM_CREDIT,Coincidencia rápida: PLAYSTATION_STORE.,https://store.playstation.com/es-es/product/EP2011-CUSA35709_00-2316226160245105,,ADD,,pm-studios,PM Studios,https://store.playstation.com/es-es/product/EP2011-CUSA35709_00-2316226160245105,,,2026-09-05,company-credit-ps4-pal-rapid-review-2026-09-05
ps4-alchemic-jousts,Alchemic Jousts,Alchemic Jousts,PAL España,standard,GAME_OR_UNKNOWN,PHYSICAL_PUBLISHER_OR_DISTRIBUTOR,,Lunatic Pixels,HIGH,DIGITAL_PS4_EU | GAME_WORK,ADD_OR_CONFIRM_CREDIT,"Coincidencia rápida: PLAYSTATION_STORE, STEAM.",https://store.playstation.com/es-es/product/EP2722-CUSA06924_00-ALCHEMICJOUSTS00,https://store.steampowered.com/app/516890,ADD,,lunatic-pixels,Lunatic Pixels,https://store.playstation.com/es-es/product/EP2722-CUSA06924_00-ALCHEMICJOUSTS00 | https://store.steampowered.com/app/516890,,,2026-09-05,company-credit-ps4-pal-rapid-review-2026-09-05
ps4-alliance-alive-hd-remastered-limited-edition,Alliance Alive HD Remastered [Limited Edition],The Alliance Alive HD Remastered [Limited Edition],PAL España,standard,EDITION_VARIANT,PHYSICAL_PUBLISHER_OR_DISTRIBUTOR,,NIS America,VERY_HIGH,EXACT_PS4_LIMITED_EDITION,ADD_PHYSICAL_PUBLISHER_AND_NORMALIZE_TITLE,La página oficial de NIS America muestra expresamente la edición limitada para PS4.,https://nisamerica.com/games/alliancealive/,https://www.nisamerica.com/alliance-alive/product/,ADD,,nis-america,NIS America,https://nisamerica.com/games/alliancealive/ | https://www.nisamerica.com/alliance-alive/product/,,,2026-09-05,company-credit-ps4-pal-rapid-review-2026-09-05
ps4-alwa%27s-collection,Alwa's Collection,Alwa's Collection,PAL España,standard,POSSIBLE_COMPILATION_OR_MULTI_PRODUCT,DEVELOPER,,Elden Pixels,VERY_HIGH,EXACT_PS4_COMPILATION,ADD_DEVELOPER_AND_CLASSIFY_COMPILATION,La ficha oficial identifica a Elden Pixels como desarrolladora.,https://clearrivergames.com/games/alwas-collection/,,ADD,,elden-pixels,Elden Pixels,https://clearrivergames.com/games/alwas-collection/,,,2026-09-05,company-credit-ps4-pal-rapid-review-2026-09-05
ps4-alwa%27s-collection,Alwa's Collection,Alwa's Collection,PAL España,standard,POSSIBLE_COMPILATION_OR_MULTI_PRODUCT,PHYSICAL_PUBLISHER_OR_DISTRIBUTOR,,Clear River Games,VERY_HIGH,EXACT_PS4_PHYSICAL,ADD_PHYSICAL_PUBLISHER,La ficha oficial identifica la edición como física y a Clear River Games como editora.,https://clearrivergames.com/games/alwas-collection/,,ADD,,clear-river-games,Clear River Games,https://clearrivergames.com/games/alwas-collection/,,,2026-09-05,company-credit-ps4-pal-rapid-review-2026-09-05
ps4-amazing-spiderman-2,Amazing Spiderman 2,The Amazing Spider-Man 2,PAL España,standard,GAME_OR_UNKNOWN,DEVELOPER,,Beenox,VERY_HIGH,EXACT_PS4_WORK,ADD_DEVELOPER_AND_NORMALIZE_TITLE,Activision y PlayStation atribuyen el desarrollo de las versiones PS3/PS4 a Beenox.,https://investor.activision.com/news-releases/news-release-details/activision-publishing-inc-unleashes-amazing-spider-man-2tm-video,https://blog.playstation.com/2014/04/29/the-amazing-spider-man-2-out-today-on-ps3-ps4/,ADD,,beenox,Beenox,https://investor.activision.com/news-releases/news-release-details/activision-publishing-inc-unleashes-amazing-spider-man-2tm-video | https://blog.playstation.com/2014/04/29/the-amazing-spider-man-2-out-today-on-ps3-ps4/,,,2026-09-05,company-credit-ps4-pal-rapid-review-2026-09-05
ps4-amazing-spiderman-2,Amazing Spiderman 2,The Amazing Spider-Man 2,PAL España,standard,GAME_OR_UNKNOWN,PUBLISHER,,Activision Publishing,VERY_HIGH,EXACT_PS4_WORK,ADD_PUBLISHER_AND_NORMALIZE_TITLE,La nota corporativa de lanzamiento identifica a Activision Publishing como editora.,https://investor.activision.com/news-releases/news-release-details/activision-publishing-inc-unleashes-amazing-spider-man-2tm-video,,ADD,,activision-publishing,Activision Publishing,https://investor.activision.com/news-releases/news-release-details/activision-publishing-inc-unleashes-amazing-spider-man-2tm-video,,,2026-09-05,company-credit-ps4-pal-rapid-review-2026-09-05
ps4-amazing-spiderman-2-not-for-resale,Amazing Spiderman 2 [Not For Resale],The Amazing Spider-Man 2 [Not For Resale],PAL España,standard,PROMO_COPY,DEVELOPER,,Beenox,HIGH,PROMO_OF_VERIFIED_PS4_WORK,ADD_DEVELOPER_LINK_TO_BASE_WORK,Copia promocional de la misma versión PS4 desarrollada por Beenox.,https://investor.activision.com/news-releases/news-release-details/activision-publishing-inc-unleashes-amazing-spider-man-2tm-video,,ADD,,beenox,Beenox,https://investor.activision.com/news-releases/news-release-details/activision-publishing-inc-unleashes-amazing-spider-man-2tm-video,,,2026-09-05,company-credit-ps4-pal-rapid-review-2026-09-05
ps4-amazing-spiderman-2-not-for-resale,Amazing Spiderman 2 [Not For Resale],The Amazing Spider-Man 2 [Not For Resale],PAL España,standard,PROMO_COPY,PUBLISHER,,Activision Publishing,HIGH,PROMO_OF_VERIFIED_PS4_WORK,ADD_PUBLISHER_LINK_TO_BASE_WORK,Copia promocional del lanzamiento de Activision Publishing.,https://investor.activision.com/news-releases/news-release-details/activision-publishing-inc-unleashes-amazing-spider-man-2tm-video,,ADD,,activision-publishing,Activision Publishing,https://investor.activision.com/news-releases/news-release-details/activision-publishing-inc-unleashes-amazing-spider-man-2tm-video,,,2026-09-05,company-credit-ps4-pal-rapid-review-2026-09-05
ps4-ambition-record,Ambition Record,Ambition Record,PAL España,standard,GAME_OR_UNKNOWN,PHYSICAL_PUBLISHER_OR_DISTRIBUTOR,,KEMCO,HIGH,GAME_WORK,ADD_OR_CONFIRM_CREDIT,"Coincidencia rápida: STEAM, WIKIDATA.",https://store.steampowered.com/app/1796930,https://www.wikidata.org/entity/Q110812241,ADD,,kemco,Kemco Corporation,https://store.steampowered.com/app/1796930 | https://www.wikidata.org/entity/Q110812241,,,2026-09-05,company-credit-ps4-pal-rapid-review-2026-09-05
ps4-ancestors-legacy-conqueror%27s-edition,Ancestors Legacy: Conqueror's Edition,Ancestors Legacy: Conqueror's Edition,PAL España,standard,GAME_OR_UNKNOWN,DEVELOPER,,Destructive Creations,HIGH,EXACT_PS4_PHYSICAL_EDITION,ADD_DEVELOPER,Las fuentes consultadas atribuyen el desarrollo a Destructive Creations.,https://destructivecreations.pl/games/ancestors-legacy/,https://www.pricecharting.com/game/playstation-4/ancestors-legacy,ADD,,destructive-creations,Destructive Creations,https://destructivecreations.pl/games/ancestors-legacy/ | https://www.pricecharting.com/game/playstation-4/ancestors-legacy,,,2026-09-05,company-credit-ps4-pal-rapid-review-2026-09-05
ps4-ancestors-legacy-conqueror%27s-edition,Ancestors Legacy: Conqueror's Edition,Ancestors Legacy: Conqueror's Edition,PAL España,standard,GAME_OR_UNKNOWN,PHYSICAL_PUBLISHER_OR_DISTRIBUTOR,,GS2 Games,HIGH,EXACT_PS4_PHYSICAL_EDITION,ADD_PHYSICAL_PUBLISHER_OR_DISTRIBUTOR,La edición PS4 consultada atribuye la publicación o distribución física a GS2 Games.,https://destructivecreations.pl/games/ancestors-legacy/,https://www.pricecharting.com/game/playstation-4/ancestors-legacy,ADD,,gs2-games,GS2 Games,https://destructivecreations.pl/games/ancestors-legacy/ | https://www.pricecharting.com/game/playstation-4/ancestors-legacy,,,2026-09-05,company-credit-ps4-pal-rapid-review-2026-09-05
ps4-anima-gates-of-memories-&#43;-the-nameless-chonicles-collection,Anima Gates Of Memories + The Nameless Chonicles Collection,Anima: Gate of Memories + The Nameless Chronicles Collection,PAL España,standard,POSSIBLE_COMPILATION_OR_MULTI_PRODUCT,DEVELOPER,,Anima Project,HIGH,BUNDLE_COMPONENTS,ADD_DEVELOPER,Las fuentes consultadas atribuyen el desarrollo a Anima Project.,https://store.steampowered.com/app/850060/Anima_Gate_of_Memories__The_Nameless_Chronicles/,https://www.nintendo.com/en-gb/Games/Nintendo-Switch-download-software/Anima-Gate-of-Memories-The-Nameless-Chronicles-1395715.html,ADD,,anima-project,Anima Project,https://store.steampowered.com/app/850060/Anima_Gate_of_Memories__The_Nameless_Chronicles/ | https://www.nintendo.com/en-gb/Games/Nintendo-Switch-download-software/Anima-Gate-of-Memories-The-Nameless-Chronicles-1395715.html,,,2026-09-05,company-credit-ps4-pal-rapid-review-2026-09-05
ps4-anima-gates-of-memories-&#43;-the-nameless-chonicles-collection,Anima Gates Of Memories + The Nameless Chonicles Collection,Anima: Gate of Memories + The Nameless Chronicles Collection,PAL España,standard,POSSIBLE_COMPILATION_OR_MULTI_PRODUCT,PHYSICAL_PUBLISHER_OR_DISTRIBUTOR,,BadLand Publishing,HIGH,BUNDLE_COMPONENTS,ADD_PHYSICAL_PUBLISHER_OR_DISTRIBUTOR,La edición PS4 consultada atribuye la publicación o distribución física a BadLand Publishing.,https://store.steampowered.com/app/850060/Anima_Gate_of_Memories__The_Nameless_Chronicles/,https://www.nintendo.com/en-gb/Games/Nintendo-Switch-download-software/Anima-Gate-of-Memories-The-Nameless-Chronicles-1395715.html,ADD,,badland-publishing,BadLand Publishing,https://store.steampowered.com/app/850060/Anima_Gate_of_Memories__The_Nameless_Chronicles/ | https://www.nintendo.com/en-gb/Games/Nintendo-Switch-download-software/Anima-Gate-of-Memories-The-Nameless-Chronicles-1395715.html,,,2026-09-05,company-credit-ps4-pal-rapid-review-2026-09-05
ps4-animal-hospital,Animal Hospital,Animal Hospital,PAL España,standard,GAME_OR_UNKNOWN,DEVELOPER,,It Matters Games,HIGH,EXACT_PS4_WORK,ADD_DEVELOPER,Las fuentes consultadas atribuyen el desarrollo a It Matters Games.,https://www.nacongaming.com/en-GB/animal-hospital,https://store.steampowered.com/app/2002100/Animal_Hospital/,ADD,,it-matters-games,It Matters Games,https://www.nacongaming.com/en-GB/animal-hospital | https://store.steampowered.com/app/2002100/Animal_Hospital/,,,2026-09-05,company-credit-ps4-pal-rapid-review-2026-09-05
ps4-animal-hospital,Animal Hospital,Animal Hospital,PAL España,standard,GAME_OR_UNKNOWN,PHYSICAL_PUBLISHER_OR_DISTRIBUTOR,,Nacon,HIGH,EXACT_PS4_WORK,ADD_PHYSICAL_PUBLISHER_OR_DISTRIBUTOR,La edición PS4 consultada atribuye la publicación o distribución física a Nacon.,https://www.nacongaming.com/en-GB/animal-hospital,https://store.steampowered.com/app/2002100/Animal_Hospital/,ADD,,nacon,Nacon,https://www.nacongaming.com/en-GB/animal-hospital | https://store.steampowered.com/app/2002100/Animal_Hospital/,,,2026-09-05,company-credit-ps4-pal-rapid-review-2026-09-05
ps4-ankora-lost-days-&amp;-deiland-pocket-planet,Ankora Lost Days & Deiland Pocket Planet,Ankora: Lost Days & Deiland: Pocket Planet,PAL España,standard,GAME_OR_UNKNOWN,DEVELOPER,,Chibig Studio,HIGH,BUNDLE_COMPONENTS,ADD_DEVELOPER,Las fuentes consultadas atribuyen el desarrollo a Chibig Studio.,https://chibig.com/game/ankora-lost-days/,https://www.tesuragames.com/,ADD,,chibig,Chibig,https://chibig.com/game/ankora-lost-days/ | https://www.tesuragames.com/,,,2026-09-05,company-credit-ps4-pal-rapid-review-2026-09-05
ps4-ankora-lost-days-&amp;-deiland-pocket-planet,Ankora Lost Days & Deiland Pocket Planet,Ankora: Lost Days & Deiland: Pocket Planet,PAL España,standard,GAME_OR_UNKNOWN,PHYSICAL_PUBLISHER_OR_DISTRIBUTOR,,Tesura Games,HIGH,BUNDLE_COMPONENTS,ADD_PHYSICAL_PUBLISHER_OR_DISTRIBUTOR,La edición PS4 consultada atribuye la publicación o distribución física a Tesura Games.,https://chibig.com/game/ankora-lost-days/,https://www.tesuragames.com/,ADD,,tesura-games,Tesura Games,https://chibig.com/game/ankora-lost-days/ | https://www.tesuragames.com/,,,2026-09-05,company-credit-ps4-pal-rapid-review-2026-09-05
ps4-annapurna-ultimate-collection,Annapurna Ultimate Collection,Annapurna Interactive Ultimate Collection,PAL España,standard,POSSIBLE_COMPILATION_OR_MULTI_PRODUCT,PHYSICAL_PUBLISHER_OR_DISTRIBUTOR,,iam8bit,HIGH,MULTI_GAME_COMPILATION,ADD_PHYSICAL_PUBLISHER_OR_DISTRIBUTOR,La edición PS4 consultada atribuye la publicación o distribución física a iam8bit.,https://www.iam8bit.com/collections/annapurna-interactive,,ADD,,iam8bit,Iam8bit,https://www.iam8bit.com/collections/annapurna-interactive,,,2026-09-05,company-credit-ps4-pal-rapid-review-2026-09-05
ps4-another-world,Another World,Another World: 20th Anniversary Edition,PAL España,standard,GAME_OR_UNKNOWN,PHYSICAL_PUBLISHER_OR_DISTRIBUTOR,,Digital Lounge,HIGH,EXACT_PS4_WORK,ADD_PHYSICAL_PUBLISHER_OR_DISTRIBUTOR,La edición PS4 consultada atribuye la publicación o distribución física a Digital Lounge.,https://www.anotherworld.fr/anotherworld_uk/index.htm,https://store.playstation.com/en-gb/concept/204578,ADD,,digital-lounge,The Digital Lounge,https://www.anotherworld.fr/anotherworld_uk/index.htm | https://store.playstation.com/en-gb/concept/204578,,,2026-09-05,company-credit-ps4-pal-rapid-review-2026-09-05
ps4-another-world-&amp;-flashback-double-pack,Another World & Flashback Double Pack,Another World & Flashback Double Pack,PAL España,standard,POSSIBLE_COMPILATION_OR_MULTI_PRODUCT,DEVELOPER,,Delphine Software,HIGH,BUNDLE_COMPONENTS,ADD_DEVELOPER,Las fuentes consultadas atribuyen el desarrollo a Delphine Software.,https://www.microids.com/game-flashback/,https://www.anotherworld.fr/anotherworld_uk/index.htm,ADD,,delphine-software-international,Delphine Software International,https://www.microids.com/game-flashback/ | https://www.anotherworld.fr/anotherworld_uk/index.htm,,,2026-09-05,company-credit-ps4-pal-rapid-review-2026-09-05
ps4-antarctica-88,Antarctica 88,Antarctica 88,PAL España,standard,GAME_OR_UNKNOWN,PHYSICAL_PUBLISHER_OR_DISTRIBUTOR,,Red Art Games,HIGH,EXACT_PS4_PHYSICAL,ADD_PHYSICAL_PUBLISHER_OR_DISTRIBUTOR,La edición PS4 consultada atribuye la publicación o distribución física a Red Art Games.,https://store.steampowered.com/app/1256160/Antarctica_88/,https://www.redartgames.com/,ADD,,red-art-games,Red Art Games,https://store.steampowered.com/app/1256160/Antarctica_88/ | https://www.redartgames.com/,,,2026-09-05,company-credit-ps4-pal-rapid-review-2026-09-05
ps4-arcade-classics-anniversary-collection,Arcade Classics Anniversary Collection,Arcade Classics Anniversary Collection,PAL España,standard,POSSIBLE_COMPILATION_OR_MULTI_PRODUCT,DEVELOPER,Konami,Konami Digital Entertainment,HIGH,EXACT_PS4_WORK,ADD_DEVELOPER,Las fuentes consultadas atribuyen el desarrollo a Konami Digital Entertainment.,https://www.konami.com/games/50th/ac/arcade/,,REPLACE,Konami,konami-digital-entertainment,Konami Digital Entertainment,https://www.konami.com/games/50th/ac/arcade/,,,2026-09-05,company-credit-ps4-pal-rapid-review-2026-09-05
ps4-arcade-spirits-the-new-challengers,Arcade Spirits: The New Challengers,Arcade Spirits: The New Challengers,PAL España,standard,GAME_OR_UNKNOWN,PHYSICAL_PUBLISHER_OR_DISTRIBUTOR,,PQube,HIGH,DIGITAL_PS4_EU | GAME_WORK | PS4_RELEASE,ADD_OR_CONFIRM_CREDIT,"Coincidencia rápida: LAUNCHBOX_PS4, PLAYSTATION_STORE, STEAM, WIKIDATA.",https://gamesdb.launchbox-app.com/games/details/475393,https://store.playstation.com/es-es/product/EP4293-CUSA32097_00-ASTNCPS4SIEE0000,ADD,,pqube,PQube Ltd.,https://gamesdb.launchbox-app.com/games/details/475393 | https://store.playstation.com/es-es/product/EP4293-CUSA32097_00-ASTNCPS4SIEE0000,,,2026-09-05,company-credit-ps4-pal-rapid-review-2026-09-05
ps4-are-you-smarter-than-a-5th-grader,Are You Smarter Than A 5th Grader,Are You Smarter Than a 5th Grader?,PAL España,standard,GAME_OR_UNKNOWN,PHYSICAL_PUBLISHER_OR_DISTRIBUTOR,,HandyGames,HIGH,EXACT_PS4_WORK,ADD_PHYSICAL_PUBLISHER_OR_DISTRIBUTOR,La edición PS4 consultada atribuye la publicación o distribución física a HandyGames.,https://www.handygames.com/en/games/are-you-smarter-than-a-5th-grader/,,ADD,,handygames,HandyGames,https://www.handygames.com/en/games/are-you-smarter-than-a-5th-grader/,,,2026-09-05,company-credit-ps4-pal-rapid-review-2026-09-05
ps4-arizona-sunshine-promo-not-for-resale,Arizona Sunshine [Promo Not For Resale],Arizona Sunshine [Promo Not For Resale],PAL España,standard,PROMO_COPY,PHYSICAL_PUBLISHER_OR_DISTRIBUTOR,,Vertigo Games,HIGH,GAME_WORK | PS4_RELEASE | SAME_WORK_EDITION,ADD_OR_CONFIRM_CREDIT,"Coincidencia rápida: LAUNCHBOX_PS4, STEAM, VERIFIED_PAL_SIBLING.",https://gamesdb.launchbox-app.com/games/details/154344,https://store.steampowered.com/app/342180,ADD,,vertigo-games,Vertigo Games,https://gamesdb.launchbox-app.com/games/details/154344 | https://store.steampowered.com/app/342180,,,2026-09-05,company-credit-ps4-pal-rapid-review-2026-09-05
ps4-ark-park,Ark Park,Ark Park,PAL España,standard,GAME_OR_UNKNOWN,PHYSICAL_PUBLISHER_OR_DISTRIBUTOR,,Snail Games USA,HIGH,DIGITAL_PS4_EU | PS4_RELEASE,ADD_OR_CONFIRM_CREDIT,"Coincidencia rápida: LAUNCHBOX_PS4, PLAYSTATION_STORE.",https://gamesdb.launchbox-app.com/games/details/422018,https://store.playstation.com/es-es/product/EP0778-CUSA10936_00-ARKPARK000000001,ADD,,snail-games-usa,Snail Games USA,https://gamesdb.launchbox-app.com/games/details/422018 | https://store.playstation.com/es-es/product/EP0778-CUSA10936_00-ARKPARK000000001,,,2026-09-05,company-credit-ps4-pal-rapid-review-2026-09-05
ps4-arkanoid-eternal-battle-limited-edition,Arkanoid Eternal Battle: Limited Edition,Arkanoid Eternal Battle: Limited Edition,PAL España,standard,EDITION_VARIANT,PHYSICAL_PUBLISHER_OR_DISTRIBUTOR,,Microids,HIGH,GAME_WORK | PS4_RELEASE,ADD_OR_CONFIRM_CREDIT,"Coincidencia rápida: LAUNCHBOX_PS4, STEAM.",https://gamesdb.launchbox-app.com/games/details/445893,https://store.steampowered.com/app/1717270,ADD,,microids,Microids,https://gamesdb.launchbox-app.com/games/details/445893 | https://store.steampowered.com/app/1717270,,,2026-09-05,company-credit-ps4-pal-rapid-review-2026-09-05
ps4-armagallant-decks-of-destiny,ArmaGallant Decks of Destiny,ArmaGallant: Decks of Destiny,PAL España,standard,GAME_OR_UNKNOWN,DEVELOPER,,Rock Nano Global,HIGH,EXACT_PS4_WORK,ADD_DEVELOPER,Las fuentes consultadas atribuyen el desarrollo a Rock Nano Global.,https://www.maximumgames.com/,https://store.playstation.com/en-us/product/UP2746-CUSA07913_00-ARMAGALLANTGAME0,ADD,,rock-nano-global,Rock Nano Global,https://www.maximumgames.com/ | https://store.playstation.com/en-us/product/UP2746-CUSA07913_00-ARMAGALLANTGAME0,,,2026-09-05,company-credit-ps4-pal-rapid-review-2026-09-05
ps4-armagallant-decks-of-destiny,ArmaGallant Decks of Destiny,ArmaGallant: Decks of Destiny,PAL España,standard,GAME_OR_UNKNOWN,PHYSICAL_PUBLISHER_OR_DISTRIBUTOR,,Maximum Games,HIGH,EXACT_PS4_WORK,ADD_PHYSICAL_PUBLISHER_OR_DISTRIBUTOR,La edición PS4 consultada atribuye la publicación o distribución física a Maximum Games.,https://www.maximumgames.com/,https://store.playstation.com/en-us/product/UP2746-CUSA07913_00-ARMAGALLANTGAME0,ADD,,maximum-games,Maximum Games,https://www.maximumgames.com/ | https://store.playstation.com/en-us/product/UP2746-CUSA07913_00-ARMAGALLANTGAME0,,,2026-09-05,company-credit-ps4-pal-rapid-review-2026-09-05
ps4-assassin%27s-creed-chronicles,Assassin's Creed Chronicles,Assassin's Creed Chronicles,PAL España,standard,GAME_OR_UNKNOWN,PHYSICAL_PUBLISHER_OR_DISTRIBUTOR,,Ubisoft,HIGH,DIGITAL_PS4_EU | PS4_RELEASE,ADD_OR_CONFIRM_CREDIT,"Coincidencia rápida: LAUNCHBOX_PS4, PLAYSTATION_STORE.",https://gamesdb.launchbox-app.com/games/details/35160,https://store.playstation.com/es-es/product/EP0001-CUSA01329_00-ACCHRONICLESEP01,ADD,,ubisoft,Ubisoft,https://gamesdb.launchbox-app.com/games/details/35160 | https://store.playstation.com/es-es/product/EP0001-CUSA01329_00-ACCHRONICLESEP01,,,2026-09-05,company-credit-ps4-pal-rapid-review-2026-09-05
ps4-assassin%27s-creed-the-ezio-collection,Assassin's Creed The Ezio Collection,Assassin's Creed: The Ezio Collection,PAL España,standard,POSSIBLE_COMPILATION_OR_MULTI_PRODUCT,DEVELOPER,"Ubisoft Montreal, Virtuos",Ubisoft Montreal,HIGH,EXACT_PS4_EDITION,ADD_DEVELOPER,Las fuentes consultadas atribuyen el desarrollo a Ubisoft Montreal.,https://www.ubisoft.com/en-us/game/assassins-creed,,REPLACE,"Ubisoft Montreal, Virtuos",ubisoft-montreal,Ubisoft Montreal,https://www.ubisoft.com/en-us/game/assassins-creed,,,2026-09-05,company-credit-ps4-pal-rapid-review-2026-09-05
ps4-assassins-creed-3-remastered,Assassins Creed 3 Remastered,Assassin's Creed III Remastered,PAL España,standard,EDITION_VARIANT,DEVELOPER,,Ubisoft Montreal,HIGH,EXACT_PS4_EDITION,ADD_DEVELOPER,Las fuentes consultadas atribuyen el desarrollo a Ubisoft Montreal.,https://www.ubisoft.com/en-us/game/assassins-creed,,ADD,,ubisoft-montreal,Ubisoft Montreal,https://www.ubisoft.com/en-us/game/assassins-creed,,,2026-09-05,company-credit-ps4-pal-rapid-review-2026-09-05
ps4-assassins-creed-3-remastered,Assassins Creed 3 Remastered,Assassin's Creed III Remastered,PAL España,standard,EDITION_VARIANT,PHYSICAL_PUBLISHER_OR_DISTRIBUTOR,,Ubisoft,HIGH,EXACT_PS4_EDITION,ADD_PHYSICAL_PUBLISHER_OR_DISTRIBUTOR,La edición PS4 consultada atribuye la publicación o distribución física a Ubisoft.,https://www.ubisoft.com/en-us/game/assassins-creed,,ADD,,ubisoft,Ubisoft,https://www.ubisoft.com/en-us/game/assassins-creed,,,2026-09-05,company-credit-ps4-pal-rapid-review-2026-09-05
ps4-assassins-creed-4-black-flag,Assassins Creed 4 Black Flag,Assassin's Creed IV: Black Flag,PAL España,standard,GAME_OR_UNKNOWN,DEVELOPER,,Ubisoft Montreal,HIGH,EXACT_PS4_EDITION,ADD_DEVELOPER,Las fuentes consultadas atribuyen el desarrollo a Ubisoft Montreal.,https://www.ubisoft.com/en-us/game/assassins-creed,,ADD,,ubisoft-montreal,Ubisoft Montreal,https://www.ubisoft.com/en-us/game/assassins-creed,,,2026-09-05,company-credit-ps4-pal-rapid-review-2026-09-05
ps4-assassins-creed-4-black-flag,Assassins Creed 4 Black Flag,Assassin's Creed IV: Black Flag,PAL España,standard,GAME_OR_UNKNOWN,PHYSICAL_PUBLISHER_OR_DISTRIBUTOR,,Ubisoft,HIGH,EXACT_PS4_EDITION,ADD_PHYSICAL_PUBLISHER_OR_DISTRIBUTOR,La edición PS4 consultada atribuye la publicación o distribución física a Ubisoft.,https://www.ubisoft.com/en-us/game/assassins-creed,,ADD,,ubisoft,Ubisoft,https://www.ubisoft.com/en-us/game/assassins-creed,,,2026-09-05,company-credit-ps4-pal-rapid-review-2026-09-05
ps4-assassins-creed-mirage-deluxe-edition,Assassins Creed Mirage Deluxe Edition,Assassin's Creed Mirage [Deluxe Edition],PAL España,standard,EDITION_VARIANT,DEVELOPER,,Ubisoft Bordeaux,HIGH,EXACT_PS4_EDITION,ADD_DEVELOPER,Las fuentes consultadas atribuyen el desarrollo a Ubisoft Bordeaux.,https://www.ubisoft.com/en-us/game/assassins-creed,,ADD,,ubisoft-bordeaux,Ubisoft Bordeaux,https://www.ubisoft.com/en-us/game/assassins-creed,,,2026-09-05,company-credit-ps4-pal-rapid-review-2026-09-05
ps4-assassins-creed-mirage-deluxe-edition,Assassins Creed Mirage Deluxe Edition,Assassin's Creed Mirage [Deluxe Edition],PAL España,standard,EDITION_VARIANT,PHYSICAL_PUBLISHER_OR_DISTRIBUTOR,,Ubisoft,HIGH,EXACT_PS4_EDITION,ADD_PHYSICAL_PUBLISHER_OR_DISTRIBUTOR,La edición PS4 consultada atribuye la publicación o distribución física a Ubisoft.,https://www.ubisoft.com/en-us/game/assassins-creed,,ADD,,ubisoft,Ubisoft,https://www.ubisoft.com/en-us/game/assassins-creed,,,2026-09-05,company-credit-ps4-pal-rapid-review-2026-09-05
ps4-assassins-creed-odyssey,Assassins Creed Odyssey,Assassins Creed Odyssey,PAL España,standard,GAME_OR_UNKNOWN,DEVELOPER,,Ubisoft Quebec,HIGH,GAME_WORK | PS4_RELEASE,ADD_OR_CONFIRM_CREDIT,"Coincidencia rápida: LAUNCHBOX_PS4, STEAM.",https://gamesdb.launchbox-app.com/games/details/160210,https://store.steampowered.com/app/812140,ADD,,ubisoft-quebec,Ubisoft Quebec,https://gamesdb.launchbox-app.com/games/details/160210 | https://store.steampowered.com/app/812140,,,2026-09-05,company-credit-ps4-pal-rapid-review-2026-09-05
ps4-assassins-creed-odyssey,Assassins Creed Odyssey,Assassins Creed Odyssey,PAL España,standard,GAME_OR_UNKNOWN,PHYSICAL_PUBLISHER_OR_DISTRIBUTOR,,Ubisoft,HIGH,GAME_WORK | PS4_RELEASE,ADD_OR_CONFIRM_CREDIT,"Coincidencia rápida: LAUNCHBOX_PS4, STEAM.",https://gamesdb.launchbox-app.com/games/details/160210,https://store.steampowered.com/app/812140,ADD,,ubisoft,Ubisoft,https://gamesdb.launchbox-app.com/games/details/160210 | https://store.steampowered.com/app/812140,,,2026-09-05,company-credit-ps4-pal-rapid-review-2026-09-05
ps4-assassins-creed-odyssey-medusa-edition,Assassins Creed Odyssey [Medusa Edition],Assassins Creed Odyssey [Medusa Edition],PAL España,standard,GAME_OR_UNKNOWN,DEVELOPER,,Ubisoft Quebec,HIGH,GAME_WORK | PS4_RELEASE,ADD_OR_CONFIRM_CREDIT,"Coincidencia rápida: LAUNCHBOX_PS4, STEAM.",https://gamesdb.launchbox-app.com/games/details/160210,https://store.steampowered.com/app/812140,ADD,,ubisoft-quebec,Ubisoft Quebec,https://gamesdb.launchbox-app.com/games/details/160210 | https://store.steampowered.com/app/812140,,,2026-09-05,company-credit-ps4-pal-rapid-review-2026-09-05
ps4-assassins-creed-odyssey-medusa-edition,Assassins Creed Odyssey [Medusa Edition],Assassins Creed Odyssey [Medusa Edition],PAL España,standard,GAME_OR_UNKNOWN,PHYSICAL_PUBLISHER_OR_DISTRIBUTOR,,Ubisoft,HIGH,GAME_WORK | PS4_RELEASE,ADD_OR_CONFIRM_CREDIT,"Coincidencia rápida: LAUNCHBOX_PS4, STEAM.",https://gamesdb.launchbox-app.com/games/details/160210,https://store.steampowered.com/app/812140,ADD,,ubisoft,Ubisoft,https://gamesdb.launchbox-app.com/games/details/160210 | https://store.steampowered.com/app/812140,,,2026-09-05,company-credit-ps4-pal-rapid-review-2026-09-05
ps4-assassins-creed-origins,Assassins Creed Origins,Assassins Creed Origins,PAL España,standard,GAME_OR_UNKNOWN,DEVELOPER,,Ubisoft Montreal,HIGH,GAME_WORK | PS4_RELEASE,ADD_OR_CONFIRM_CREDIT,"Coincidencia rápida: LAUNCHBOX_PS4, STEAM.",https://gamesdb.launchbox-app.com/games/details/144418,https://store.steampowered.com/app/582160,ADD,,ubisoft-montreal,Ubisoft Montreal,https://gamesdb.launchbox-app.com/games/details/144418 | https://store.steampowered.com/app/582160,,,2026-09-05,company-credit-ps4-pal-rapid-review-2026-09-05
ps4-assassins-creed-origins,Assassins Creed Origins,Assassins Creed Origins,PAL España,standard,GAME_OR_UNKNOWN,PHYSICAL_PUBLISHER_OR_DISTRIBUTOR,,Ubisoft,HIGH,GAME_WORK | PS4_RELEASE,ADD_OR_CONFIRM_CREDIT,"Coincidencia rápida: LAUNCHBOX_PS4, STEAM.",https://gamesdb.launchbox-app.com/games/details/144418,https://store.steampowered.com/app/582160,ADD,,ubisoft,Ubisoft,https://gamesdb.launchbox-app.com/games/details/144418 | https://store.steampowered.com/app/582160,,,2026-09-05,company-credit-ps4-pal-rapid-review-2026-09-05
ps4-assassins-creed-origins-limited-edition,Assassins Creed Origins [Limited Edition],Assassins Creed Origins [Limited Edition],PAL España,standard,EDITION_VARIANT,DEVELOPER,,Ubisoft Montreal,HIGH,GAME_WORK | PS4_RELEASE,ADD_OR_CONFIRM_CREDIT,"Coincidencia rápida: LAUNCHBOX_PS4, STEAM.",https://gamesdb.launchbox-app.com/games/details/144418,https://store.steampowered.com/app/582160,ADD,,ubisoft-montreal,Ubisoft Montreal,https://gamesdb.launchbox-app.com/games/details/144418 | https://store.steampowered.com/app/582160,,,2026-09-05,company-credit-ps4-pal-rapid-review-2026-09-05
ps4-assassins-creed-origins-limited-edition,Assassins Creed Origins [Limited Edition],Assassins Creed Origins [Limited Edition],PAL España,standard,EDITION_VARIANT,PHYSICAL_PUBLISHER_OR_DISTRIBUTOR,,Ubisoft,HIGH,GAME_WORK | PS4_RELEASE,ADD_OR_CONFIRM_CREDIT,"Coincidencia rápida: LAUNCHBOX_PS4, STEAM.",https://gamesdb.launchbox-app.com/games/details/144418,https://store.steampowered.com/app/582160,ADD,,ubisoft,Ubisoft,https://gamesdb.launchbox-app.com/games/details/144418 | https://store.steampowered.com/app/582160,,,2026-09-05,company-credit-ps4-pal-rapid-review-2026-09-05
ps4-assassins-creed-rogue-remastered,Assassins Creed Rogue Remastered,Assassin's Creed Rogue Remastered,PAL España,standard,EDITION_VARIANT,DEVELOPER,,Ubisoft Sofia,HIGH,EXACT_PS4_EDITION,ADD_DEVELOPER,Las fuentes consultadas atribuyen el desarrollo a Ubisoft Sofia.,https://www.ubisoft.com/en-us/game/assassins-creed,,ADD,,ubisoft-sofia,Ubisoft Sofia,https://www.ubisoft.com/en-us/game/assassins-creed,,,2026-09-05,company-credit-ps4-pal-rapid-review-2026-09-05
ps4-assassins-creed-rogue-remastered,Assassins Creed Rogue Remastered,Assassin's Creed Rogue Remastered,PAL España,standard,EDITION_VARIANT,PHYSICAL_PUBLISHER_OR_DISTRIBUTOR,,Ubisoft,HIGH,EXACT_PS4_EDITION,ADD_PHYSICAL_PUBLISHER_OR_DISTRIBUTOR,La edición PS4 consultada atribuye la publicación o distribución física a Ubisoft.,https://www.ubisoft.com/en-us/game/assassins-creed,,ADD,,ubisoft,Ubisoft,https://www.ubisoft.com/en-us/game/assassins-creed,,,2026-09-05,company-credit-ps4-pal-rapid-review-2026-09-05
ps4-assassins-creed-syndicate,Assassins Creed Syndicate,Assassins Creed Syndicate,PAL España,standard,GAME_OR_UNKNOWN,DEVELOPER,,Ubisoft Quebec,HIGH,GAME_WORK | PS4_RELEASE,ADD_OR_CONFIRM_CREDIT,"Coincidencia rápida: LAUNCHBOX_PS4, STEAM, WIKIDATA.",https://gamesdb.launchbox-app.com/games/details/32131,https://store.steampowered.com/app/368500,ADD,,ubisoft-quebec,Ubisoft Quebec,https://gamesdb.launchbox-app.com/games/details/32131 | https://store.steampowered.com/app/368500,,,2026-09-05,company-credit-ps4-pal-rapid-review-2026-09-05
ps4-assassins-creed-syndicate,Assassins Creed Syndicate,Assassins Creed Syndicate,PAL España,standard,GAME_OR_UNKNOWN,PHYSICAL_PUBLISHER_OR_DISTRIBUTOR,,Ubisoft,HIGH,GAME_WORK | PS4_RELEASE,ADD_OR_CONFIRM_CREDIT,"Coincidencia rápida: LAUNCHBOX_PS4, STEAM.",https://gamesdb.launchbox-app.com/games/details/32131,https://store.steampowered.com/app/368500,ADD,,ubisoft,Ubisoft,https://gamesdb.launchbox-app.com/games/details/32131 | https://store.steampowered.com/app/368500,,,2026-09-05,company-credit-ps4-pal-rapid-review-2026-09-05
ps4-assassins-creed-the-ezio-collection,Assassins Creed The Ezio Collection,Assassin's Creed: The Ezio Collection,PAL España,standard,POSSIBLE_COMPILATION_OR_MULTI_PRODUCT,DEVELOPER,,Ubisoft Montreal,HIGH,EXACT_PS4_EDITION,ADD_DEVELOPER,Las fuentes consultadas atribuyen el desarrollo a Ubisoft Montreal.,https://www.ubisoft.com/en-us/game/assassins-creed,,ADD,,ubisoft-montreal,Ubisoft Montreal,https://www.ubisoft.com/en-us/game/assassins-creed,,,2026-09-05,company-credit-ps4-pal-rapid-review-2026-09-05
ps4-assassins-creed-the-ezio-collection,Assassins Creed The Ezio Collection,Assassin's Creed: The Ezio Collection,PAL España,standard,POSSIBLE_COMPILATION_OR_MULTI_PRODUCT,PHYSICAL_PUBLISHER_OR_DISTRIBUTOR,,Ubisoft,HIGH,EXACT_PS4_EDITION,ADD_PHYSICAL_PUBLISHER_OR_DISTRIBUTOR,La edición PS4 consultada atribuye la publicación o distribución física a Ubisoft.,https://www.ubisoft.com/en-us/game/assassins-creed,,ADD,,ubisoft,Ubisoft,https://www.ubisoft.com/en-us/game/assassins-creed,,,2026-09-05,company-credit-ps4-pal-rapid-review-2026-09-05
ps4-assassins-creed-unity,Assassins Creed Unity,Assassin's Creed Unity,PAL España,standard,GAME_OR_UNKNOWN,DEVELOPER,,Ubisoft Montreal,HIGH,EXACT_PS4_EDITION,ADD_DEVELOPER,Las fuentes consultadas atribuyen el desarrollo a Ubisoft Montreal.,https://www.ubisoft.com/en-us/game/assassins-creed,,ADD,,ubisoft-montreal,Ubisoft Montreal,https://www.ubisoft.com/en-us/game/assassins-creed,,,2026-09-05,company-credit-ps4-pal-rapid-review-2026-09-05
ps4-assassins-creed-unity,Assassins Creed Unity,Assassin's Creed Unity,PAL España,standard,GAME_OR_UNKNOWN,PHYSICAL_PUBLISHER_OR_DISTRIBUTOR,,Ubisoft,HIGH,EXACT_PS4_EDITION,ADD_PHYSICAL_PUBLISHER_OR_DISTRIBUTOR,La edición PS4 consultada atribuye la publicación o distribución física a Ubisoft.,https://www.ubisoft.com/en-us/game/assassins-creed,,ADD,,ubisoft,Ubisoft,https://www.ubisoft.com/en-us/game/assassins-creed,,,2026-09-05,company-credit-ps4-pal-rapid-review-2026-09-05
ps4-assassins-creed-valhalla,Assassins Creed Valhalla,Assassins Creed Valhalla,PAL España,standard,GAME_OR_UNKNOWN,DEVELOPER,,Ubisoft Montreal,HIGH,GAME_WORK | PS4_RELEASE,ADD_OR_CONFIRM_CREDIT,"Coincidencia rápida: LAUNCHBOX_PS4, STEAM.",https://gamesdb.launchbox-app.com/games/details/474278,https://store.steampowered.com/app/2208920,ADD,,ubisoft-montreal,Ubisoft Montreal,https://gamesdb.launchbox-app.com/games/details/474278 | https://store.steampowered.com/app/2208920,,,2026-09-05,company-credit-ps4-pal-rapid-review-2026-09-05
ps4-assassins-creed-valhalla,Assassins Creed Valhalla,Assassin's Creed Valhalla,PAL España,standard,GAME_OR_UNKNOWN,PHYSICAL_PUBLISHER_OR_DISTRIBUTOR,,Ubisoft,HIGH,EXACT_PS4_WORK,ADD_PHYSICAL_PUBLISHER_OR_DISTRIBUTOR,La edición PS4 consultada atribuye la publicación o distribución física a Ubisoft.,https://www.ubisoft.com/en-ca/game/assassins-creed/valhalla,https://store.steampowered.com/app/2208920/Assassins_Creed_Valhalla/,ADD,,ubisoft,Ubisoft,https://www.ubisoft.com/en-ca/game/assassins-creed/valhalla | https://store.steampowered.com/app/2208920/Assassins_Creed_Valhalla/,,,2026-09-05,company-credit-ps4-pal-rapid-review-2026-09-05
ps4-asterix-&amp;-obelix-xxl-collection,Asterix & Obelix XXL Collection,Asterix & Obelix XXL Collection,PAL España,standard,POSSIBLE_COMPILATION_OR_MULTI_PRODUCT,DEVELOPER,,OSome Studio,HIGH,MULTI_GAME_COMPILATION,ADD_DEVELOPER,Las fuentes consultadas atribuyen el desarrollo a OSome Studio.,https://www.microids.com/game-asterix-obelix-xxl-romastered/,,ADD,,osome-studio,OSome Studio,https://www.microids.com/game-asterix-obelix-xxl-romastered/,,,2026-09-05,company-credit-ps4-pal-rapid-review-2026-09-05
ps4-asterix-&amp;-obelix-xxl2-collector%27s-edition,Asterix & Obelix XXL2 [Collector's Edition],Asterix & Obelix XXL2 [Collector's Edition],PAL España,standard,EDITION_VARIANT,PHYSICAL_PUBLISHER_OR_DISTRIBUTOR,,Microids,HIGH,EDITION_OF_VERIFIED_WORK,ADD_PHYSICAL_PUBLISHER_OR_DISTRIBUTOR,La edición PS4 consultada atribuye la publicación o distribución física a Microids.,https://www.microids.com/game-asterix-obelix-xxl2/,,ADD,,microids,Microids,https://www.microids.com/game-asterix-obelix-xxl2/,,,2026-09-05,company-credit-ps4-pal-rapid-review-2026-09-05
ps4-asterix-&amp;-obelix-xxl2-limited-edition,Asterix & Obelix XXL2 [Limited Edition],Asterix & Obelix XXL2 [Limited Edition],PAL España,standard,EDITION_VARIANT,PHYSICAL_PUBLISHER_OR_DISTRIBUTOR,,Microids,HIGH,EDITION_OF_VERIFIED_WORK,ADD_PHYSICAL_PUBLISHER_OR_DISTRIBUTOR,La edición PS4 consultada atribuye la publicación o distribución física a Microids.,https://www.microids.com/game-asterix-obelix-xxl2/,,ADD,,microids,Microids,https://www.microids.com/game-asterix-obelix-xxl2/,,,2026-09-05,company-credit-ps4-pal-rapid-review-2026-09-05
ps4-asterix-&amp;-obelix-heroes,Asterix & Obelix: Heroes,Asterix & Obelix: Heroes,PAL España,standard,GAME_OR_UNKNOWN,PHYSICAL_PUBLISHER_OR_DISTRIBUTOR,,Microids,HIGH,EXACT_PS4_EDITION,ADD_PHYSICAL_PUBLISHER_OR_DISTRIBUTOR,La edición PS4 consultada atribuye la publicación o distribución física a Microids.,https://www.microids.com/,,ADD,,microids,Microids,https://www.microids.com/,,,2026-09-05,company-credit-ps4-pal-rapid-review-2026-09-05
ps4-asterix-&amp;-obelix-slap-them-all-2,Asterix & Obelix: Slap Them All! 2,Asterix & Obelix: Slap Them All! 2,PAL España,standard,GAME_OR_UNKNOWN,PHYSICAL_PUBLISHER_OR_DISTRIBUTOR,,Microids,HIGH,EXACT_PS4_EDITION,ADD_PHYSICAL_PUBLISHER_OR_DISTRIBUTOR,La edición PS4 consultada atribuye la publicación o distribución física a Microids.,https://www.microids.com/,,ADD,,microids,Microids,https://www.microids.com/,,,2026-09-05,company-credit-ps4-pal-rapid-review-2026-09-05
ps4-astro-bot-rescue-mission,Astro Bot Rescue Mission,Astro Bot Rescue Mission,PAL España,standard,GAME_OR_UNKNOWN,PHYSICAL_PUBLISHER_OR_DISTRIBUTOR,,Sony Interactive Entertainment,HIGH,DIGITAL_PS4_EU | GAME_WORK | PS4_RELEASE,ADD_OR_CONFIRM_CREDIT,"Coincidencia rápida: LAUNCHBOX_PS4, PLAYSTATION_STORE, WIKIDATA.",https://gamesdb.launchbox-app.com/games/details/156103,https://store.playstation.com/es-es/product/EP9000-CUSA12392_00-PLATFORMERVR00EU,ADD,,sony-interactive-entertainment,Sony Interactive Entertainment,https://gamesdb.launchbox-app.com/games/details/156103 | https://store.playstation.com/es-es/product/EP9000-CUSA12392_00-PLATFORMERVR00EU,,,2026-09-05,company-credit-ps4-pal-rapid-review-2026-09-05
ps4-astronite,Astronite,Astronite,PAL España,standard,GAME_OR_UNKNOWN,PHYSICAL_PUBLISHER_OR_DISTRIBUTOR,,JanduSoft,HIGH,GAME_WORK,ADD_OR_CONFIRM_CREDIT,"Coincidencia rápida: STEAM, WIKIDATA.",https://store.steampowered.com/app/1489590,https://www.wikidata.org/entity/Q115601061,ADD,,jandusoft,JanduSoft,https://store.steampowered.com/app/1489590 | https://www.wikidata.org/entity/Q115601061,,,2026-09-05,company-credit-ps4-pal-rapid-review-2026-09-05
ps4-ataque-a-los-titanes-wings-of-freedom,Ataque a los Titanes : Wings of Freedom,A.O.T. Wings of Freedom,PAL España,standard,GAME_OR_UNKNOWN,DEVELOPER,,Omega Force,HIGH,EXACT_PS4_WORK,ADD_DEVELOPER,Las fuentes consultadas atribuyen el desarrollo a Omega Force.,https://www.koeitecmoeurope.com/aot/,,ADD,,omega-force,Omega Force,https://www.koeitecmoeurope.com/aot/,,,2026-09-05,company-credit-ps4-pal-rapid-review-2026-09-05
ps4-ataque-a-los-titanes-wings-of-freedom,Ataque a los Titanes : Wings of Freedom,A.O.T. Wings of Freedom,PAL España,standard,GAME_OR_UNKNOWN,PHYSICAL_PUBLISHER_OR_DISTRIBUTOR,,Koei Tecmo Europe,HIGH,EXACT_PS4_WORK,ADD_PHYSICAL_PUBLISHER_OR_DISTRIBUTOR,La edición PS4 consultada atribuye la publicación o distribución física a Koei Tecmo Europe.,https://www.koeitecmoeurope.com/aot/,,ADD,,koei-tecmo-europe,Koei Tecmo Europe,https://www.koeitecmoeurope.com/aot/,,,2026-09-05,company-credit-ps4-pal-rapid-review-2026-09-05
ps4-atari-50-the-anniversary-celebration,Atari 50: The Anniversary Celebration,Atari 50: The Anniversary Celebration,PAL España,standard,GAME_OR_UNKNOWN,PHYSICAL_PUBLISHER_OR_DISTRIBUTOR,,Atari,HIGH,GAME_WORK | PS4_RELEASE,ADD_OR_CONFIRM_CREDIT,"Coincidencia rápida: LAUNCHBOX_PS4, STEAM, WIKIDATA.",https://gamesdb.launchbox-app.com/games/details/449344,https://store.steampowered.com/app/1919470,ADD,,atari,Atari Europe,https://gamesdb.launchbox-app.com/games/details/449344 | https://store.steampowered.com/app/1919470,,,2026-09-05,company-credit-ps4-pal-rapid-review-2026-09-05
ps4-atari-flashback-classics-vol-1,Atari Flashback Classics Vol 1,Atari Flashback Classics Vol. 1,PAL España,standard,GAME_OR_UNKNOWN,DEVELOPER,,Code Mystics,HIGH,EXACT_PS4_COMPILATION,ADD_DEVELOPER,Las fuentes consultadas atribuyen el desarrollo a Code Mystics.,https://www.codemystics.com/products.shtml,https://atari.com/,ADD,,code-mystics,Code Mystics,https://www.codemystics.com/products.shtml | https://atari.com/,,,2026-09-05,company-credit-ps4-pal-rapid-review-2026-09-05
ps4-atari-flashback-classics-vol-1,Atari Flashback Classics Vol 1,Atari Flashback Classics Vol 1,PAL España,standard,GAME_OR_UNKNOWN,PHYSICAL_PUBLISHER_OR_DISTRIBUTOR,,Atari,HIGH,DIGITAL_PS4_EU | PS4_RELEASE,ADD_OR_CONFIRM_CREDIT,"Coincidencia rápida: LAUNCHBOX_PS4, PLAYSTATION_STORE.",https://gamesdb.launchbox-app.com/games/details/422141,https://store.playstation.com/es-es/product/EP0182-CUSA07214_00-FLASHBACK000VOL1,ADD,,atari,Atari Europe,https://gamesdb.launchbox-app.com/games/details/422141 | https://store.playstation.com/es-es/product/EP0182-CUSA07214_00-FLASHBACK000VOL1,,,2026-09-05,company-credit-ps4-pal-rapid-review-2026-09-05
ps4-atari-flashback-classics-vol-2,Atari Flashback Classics Vol 2,Atari Flashback Classics Vol. 2,PAL España,standard,GAME_OR_UNKNOWN,DEVELOPER,,Code Mystics,HIGH,EXACT_PS4_COMPILATION,ADD_DEVELOPER,Las fuentes consultadas atribuyen el desarrollo a Code Mystics.,https://www.codemystics.com/products.shtml,https://atari.com/,ADD,,code-mystics,Code Mystics,https://www.codemystics.com/products.shtml | https://atari.com/,,,2026-09-05,company-credit-ps4-pal-rapid-review-2026-09-05
ps4-atari-flashback-classics-vol-2,Atari Flashback Classics Vol 2,Atari Flashback Classics Vol 2,PAL España,standard,GAME_OR_UNKNOWN,PHYSICAL_PUBLISHER_OR_DISTRIBUTOR,,Atari,HIGH,DIGITAL_PS4_EU | GAME_WORK | PS4_RELEASE,ADD_OR_CONFIRM_CREDIT,"Coincidencia rápida: LAUNCHBOX_PS4, PLAYSTATION_STORE, WIKIDATA.",https://gamesdb.launchbox-app.com/games/details/422146,https://store.playstation.com/es-es/product/EP0182-CUSA07213_00-FLASHBACK000VOL2,ADD,,atari,Atari Europe,https://gamesdb.launchbox-app.com/games/details/422146 | https://store.playstation.com/es-es/product/EP0182-CUSA07213_00-FLASHBACK000VOL2,,,2026-09-05,company-credit-ps4-pal-rapid-review-2026-09-05
ps4-atelier-lydie-&amp;-suelle-limited-edition,Atelier Lydie & Suelle [Limited Edition],Atelier Lydie & Suelle [Limited Edition],PAL España,standard,EDITION_VARIANT,DEVELOPER,,Gust,HIGH,EDITION_OF_VERIFIED_WORK,ADD_DEVELOPER,Las fuentes consultadas atribuyen el desarrollo a Gust.,https://www.koeitecmoeurope.com/lydieandsuelle/,,ADD,,gust,Gust,https://www.koeitecmoeurope.com/lydieandsuelle/,,,2026-09-05,company-credit-ps4-pal-rapid-review-2026-09-05
ps4-atelier-lydie-&amp;-suelle-limited-edition,Atelier Lydie & Suelle [Limited Edition],Atelier Lydie & Suelle [Limited Edition],PAL España,standard,EDITION_VARIANT,PHYSICAL_PUBLISHER_OR_DISTRIBUTOR,,Koei Tecmo Europe,HIGH,EDITION_OF_VERIFIED_WORK,ADD_PHYSICAL_PUBLISHER_OR_DISTRIBUTOR,La edición PS4 consultada atribuye la publicación o distribución física a Koei Tecmo Europe.,https://www.koeitecmoeurope.com/lydieandsuelle/,,ADD,,koei-tecmo-europe,Koei Tecmo Europe,https://www.koeitecmoeurope.com/lydieandsuelle/,,,2026-09-05,company-credit-ps4-pal-rapid-review-2026-09-05
ps4-atelier-yumia-la-alquimista-de-los-recuerdos-y,Atelier Yumia La Alquimista de los Recuerdos y...,Atelier Yumia: The Alchemist of Memories & the Envisioned Land,PAL España,standard,GAME_OR_UNKNOWN,DEVELOPER,,Gust,HIGH,EXACT_PS4_WORK,ADD_DEVELOPER,Las fuentes consultadas atribuyen el desarrollo a Gust.,https://atelier.games/yumia/,,ADD,,gust,Gust,https://atelier.games/yumia/,,,2026-09-05,company-credit-ps4-pal-rapid-review-2026-09-05
ps4-atelier-yumia-la-alquimista-de-los-recuerdos-y,Atelier Yumia La Alquimista de los Recuerdos y...,Atelier Yumia: The Alchemist of Memories & the Envisioned Land,PAL España,standard,GAME_OR_UNKNOWN,PHYSICAL_PUBLISHER_OR_DISTRIBUTOR,,Koei Tecmo Europe,HIGH,EXACT_PS4_WORK,ADD_PHYSICAL_PUBLISHER_OR_DISTRIBUTOR,La edición PS4 consultada atribuye la publicación o distribución física a Koei Tecmo Europe.,https://atelier.games/yumia/,,ADD,,koei-tecmo-europe,Koei Tecmo Europe,https://atelier.games/yumia/,,,2026-09-05,company-credit-ps4-pal-rapid-review-2026-09-05
ps4-attack-on-titan-2-final-battle,Attack on Titan 2: Final Battle,Attack on Titan 2: Final Battle,PAL España,standard,GAME_OR_UNKNOWN,DEVELOPER,,Omega Force,HIGH,EXACT_PS4_WORK,ADD_DEVELOPER,Las fuentes consultadas atribuyen el desarrollo a Omega Force.,https://www.koeitecmoeurope.com/aot2/finalbattle/,,ADD,,omega-force,Omega Force,https://www.koeitecmoeurope.com/aot2/finalbattle/,,,2026-09-05,company-credit-ps4-pal-rapid-review-2026-09-05
ps4-attack-on-titan-2-final-battle,Attack on Titan 2: Final Battle,Attack on Titan 2: Final Battle,PAL España,standard,GAME_OR_UNKNOWN,PHYSICAL_PUBLISHER_OR_DISTRIBUTOR,,Koei Tecmo Europe,HIGH,EXACT_PS4_WORK,ADD_PHYSICAL_PUBLISHER_OR_DISTRIBUTOR,La edición PS4 consultada atribuye la publicación o distribución física a Koei Tecmo Europe.,https://www.koeitecmoeurope.com/aot2/finalbattle/,,ADD,,koei-tecmo-europe,Koei Tecmo Europe,https://www.koeitecmoeurope.com/aot2/finalbattle/,,,2026-09-05,company-credit-ps4-pal-rapid-review-2026-09-05
ps4-atv-renegades,ATV Renegades,ATV Renegades,PAL España,standard,GAME_OR_UNKNOWN,DIGITAL_PUBLISHER,,NIGHTHAWK INTERACTIVE LLC,HIGH,DIGITAL_PS4_EU,ADD_OR_CONFIRM_CREDIT,Coincidencia rápida: PLAYSTATION_STORE.,https://store.playstation.com/es-es/product/EP0884-CUSA06340_00-ATVRENEGADESSIEE,,ADD,,nighthawk-interactive,Nighthawk Interactive,https://store.playstation.com/es-es/product/EP0884-CUSA06340_00-ATVRENEGADESSIEE,,,2026-09-05,company-credit-ps4-pal-rapid-review-2026-09-05
ps4-autobahn-police-simulator-3,Autobahn Police Simulator 3,Autobahn Police Simulator 3,PAL España,standard,GAME_OR_UNKNOWN,PHYSICAL_PUBLISHER_OR_DISTRIBUTOR,,Aerosoft,HIGH,GAME_WORK | PS4_RELEASE,ADD_OR_CONFIRM_CREDIT,"Coincidencia rápida: LAUNCHBOX_PS4, STEAM, WIKIDATA.",https://gamesdb.launchbox-app.com/games/details/446779,https://store.steampowered.com/app/1065520,ADD,,aerosoft,Aerosoft GmbH,https://gamesdb.launchbox-app.com/games/details/446779 | https://store.steampowered.com/app/1065520,,,2026-09-05,company-credit-ps4-pal-rapid-review-2026-09-05
ps4-autonauts,Autonauts,Autonauts,PAL España,standard,GAME_OR_UNKNOWN,DIGITAL_PUBLISHER,,Reforged Studios Publishing (Malta) Limited,HIGH,DIGITAL_PS4_EU,ADD_OR_CONFIRM_CREDIT,Coincidencia rápida: PLAYSTATION_STORE.,https://store.playstation.com/es-es/product/EP4395-CUSA27571_00-0000000000000000,,ADD,,reforged-studios-publishing-malta-limited,Reforged Studios Publishing (Malta) Limited,https://store.playstation.com/es-es/product/EP4395-CUSA27571_00-0000000000000000,,,2026-09-05,company-credit-ps4-pal-rapid-review-2026-09-05
ps4-avatar-the-last-airbender-quest-for-balance,Avatar: The Last Airbender - Quest for Balance,Avatar: The Last Airbender - Quest for Balance,PAL España,standard,GAME_OR_UNKNOWN,PHYSICAL_PUBLISHER_OR_DISTRIBUTOR,,GameMill Entertainment,HIGH,GAME_WORK | PS4_RELEASE,ADD_OR_CONFIRM_CREDIT,"Coincidencia rápida: LAUNCHBOX_PS4, STEAM.",https://gamesdb.launchbox-app.com/games/details/475420,https://store.steampowered.com/app/1620030,ADD,,gamemill-entertainment,GameMill Entertainment,https://gamesdb.launchbox-app.com/games/details/475420 | https://store.steampowered.com/app/1620030,,,2026-09-05,company-credit-ps4-pal-rapid-review-2026-09-05
ps4-azure-striker-gonvolt-striker-pack,Azure Striker Gonvolt Striker Pack,Azure Striker Gunvolt: Striker Pack,PAL España,standard,GAME_OR_UNKNOWN,DEVELOPER,,Inti Creates,HIGH,EXACT_PS4_PHYSICAL,ADD_DEVELOPER,Las fuentes consultadas atribuyen el desarrollo a Inti Creates.,https://azurestrikergunvolt.com/GV1/en/,https://www.redartgames.com/,ADD,,inti-creates,Inti Creates,https://azurestrikergunvolt.com/GV1/en/ | https://www.redartgames.com/,,,2026-09-05,company-credit-ps4-pal-rapid-review-2026-09-05
ps4-azure-striker-gonvolt-striker-pack,Azure Striker Gonvolt Striker Pack,Azure Striker Gunvolt: Striker Pack,PAL España,standard,GAME_OR_UNKNOWN,PHYSICAL_PUBLISHER_OR_DISTRIBUTOR,,Red Art Games,HIGH,EXACT_PS4_PHYSICAL,ADD_PHYSICAL_PUBLISHER_OR_DISTRIBUTOR,La edición PS4 consultada atribuye la publicación o distribución física a Red Art Games.,https://azurestrikergunvolt.com/GV1/en/,https://www.redartgames.com/,ADD,,red-art-games,Red Art Games,https://azurestrikergunvolt.com/GV1/en/ | https://www.redartgames.com/,,,2026-09-05,company-credit-ps4-pal-rapid-review-2026-09-05
ps4-baby-shark-sing-and-swim-party,Baby Shark: Sing And Swim Party,Baby Shark: Sing And Swim Party,PAL España,standard,GAME_OR_UNKNOWN,PHYSICAL_PUBLISHER_OR_DISTRIBUTOR,,Outright Games,HIGH,GAME_WORK | PS4_RELEASE,ADD_OR_CONFIRM_CREDIT,"Coincidencia rápida: LAUNCHBOX_PS4, STEAM.",https://gamesdb.launchbox-app.com/games/details/445897,https://store.steampowered.com/app/2075240,ADD,,outright-games,Outright Games LTD,https://gamesdb.launchbox-app.com/games/details/445897 | https://store.steampowered.com/app/2075240,,,2026-09-05,company-credit-ps4-pal-rapid-review-2026-09-05
ps4-back-4-blood,Back 4 Blood,Back 4 Blood,PAL España,standard,GAME_OR_UNKNOWN,PHYSICAL_PUBLISHER_OR_DISTRIBUTOR,,Warner Bros. Games,HIGH,GAME_WORK,ADD_OR_CONFIRM_CREDIT,"Coincidencia rápida: STEAM, WIKIDATA.",https://store.steampowered.com/app/924970,https://www.wikidata.org/entity/Q104223925,ADD,,warner-bros-interactive-entertainment,Warner Bros. Interactive Entertainment,https://store.steampowered.com/app/924970 | https://www.wikidata.org/entity/Q104223925,,,2026-09-05,company-credit-ps4-pal-rapid-review-2026-09-05
ps4-back-4-blood-special-edition,Back 4 Blood [Special Edition],Back 4 Blood [Special Edition],PAL España,standard,EDITION_VARIANT,PHYSICAL_PUBLISHER_OR_DISTRIBUTOR,,Warner Bros. Games,HIGH,GAME_WORK,ADD_OR_CONFIRM_CREDIT,"Coincidencia rápida: STEAM, WIKIDATA.",https://store.steampowered.com/app/924970,https://www.wikidata.org/entity/Q104223925,ADD,,warner-bros-interactive-entertainment,Warner Bros. Interactive Entertainment,https://store.steampowered.com/app/924970 | https://www.wikidata.org/entity/Q104223925,,,2026-09-05,company-credit-ps4-pal-rapid-review-2026-09-05
ps4-balan-underworld,Balan Underworld,Balan Wonderworld,PAL España,standard,GAME_OR_UNKNOWN,DEVELOPER,,Arzest,HIGH,EXACT_PS4_WORK,ADD_DEVELOPER,Las fuentes consultadas atribuyen el desarrollo a Arzest.,https://www.square-enix-games.com/en_GB/games/balan-wonderworld,,ADD,,arzest,Arzest,https://www.square-enix-games.com/en_GB/games/balan-wonderworld,,,2026-09-05,company-credit-ps4-pal-rapid-review-2026-09-05
ps4-balan-underworld,Balan Underworld,Balan Wonderworld,PAL España,standard,GAME_OR_UNKNOWN,PHYSICAL_PUBLISHER_OR_DISTRIBUTOR,,Square Enix,HIGH,EXACT_PS4_WORK,ADD_PHYSICAL_PUBLISHER_OR_DISTRIBUTOR,La edición PS4 consultada atribuye la publicación o distribución física a Square Enix.,https://www.square-enix-games.com/en_GB/games/balan-wonderworld,,ADD,,square-enix,Square Enix,https://www.square-enix-games.com/en_GB/games/balan-wonderworld,,,2026-09-05,company-credit-ps4-pal-rapid-review-2026-09-05
ps4-baldo-the-guardian-owls-collector%27s-edition,Baldo: The Guardian Owls [Collector's Edition],Baldo: The Guardian Owls [Collector's Edition],PAL España,standard,EDITION_VARIANT,PHYSICAL_PUBLISHER_OR_DISTRIBUTOR,,Pix’n Love Games,HIGH,SAME_WORK_EDITION,ADD_OR_CONFIRM_CREDIT,Coincidencia rápida: VERIFIED_PAL_SIBLING.,,,ADD,,pixn-love-games,Pix’n Love Games,https://www.pricecharting.com/game/pal-playstation-4/baldo-the-guardian-owls,ps4-baldo-the-guardian-owls,,2026-09-05,company-credit-ps4-pal-rapid-review-2026-09-05
ps4-baldur%27s-gate-1-&amp;-2-enhanced-edition,Baldur's Gate 1 & 2 Enhanced Edition,Baldur's Gate I & II: Enhanced Editions,PAL España,standard,EDITION_VARIANT,DEVELOPER,,Beamdog,HIGH,BUNDLE_OR_EDITION,ADD_DEVELOPER,Las fuentes consultadas atribuyen el desarrollo a Beamdog.,https://www.beamdog.com/games/baldurs-gate-enhanced/,https://www.skybound.com/baldurs-gate,ADD,,beamdog,Beamdog,https://www.beamdog.com/games/baldurs-gate-enhanced/ | https://www.skybound.com/baldurs-gate,,,2026-09-05,company-credit-ps4-pal-rapid-review-2026-09-05
ps4-baldur%27s-gate-1-&amp;-2-enhanced-edition,Baldur's Gate 1 & 2 Enhanced Edition,Baldur's Gate I & II: Enhanced Editions,PAL España,standard,EDITION_VARIANT,PHYSICAL_PUBLISHER_OR_DISTRIBUTOR,,Skybound Games,HIGH,BUNDLE_OR_EDITION,ADD_PHYSICAL_PUBLISHER_OR_DISTRIBUTOR,La edición PS4 consultada atribuye la publicación o distribución física a Skybound Games.,https://www.beamdog.com/games/baldurs-gate-enhanced/,https://www.skybound.com/baldurs-gate,ADD,,skybound-games,Skybound Games,https://www.beamdog.com/games/baldurs-gate-enhanced/ | https://www.skybound.com/baldurs-gate,,,2026-09-05,company-credit-ps4-pal-rapid-review-2026-09-05
ps4-baldur%27s-gate-1-&amp;-2-enhanced-edition-collector%27s-pack,Baldur's Gate 1 & 2 Enhanced Edition [Collector's Pack],Baldur's Gate I & II: Enhanced Editions [Collector's Pack],PAL España,standard,EDITION_VARIANT,DEVELOPER,,Beamdog,HIGH,BUNDLE_OR_EDITION,ADD_DEVELOPER,Las fuentes consultadas atribuyen el desarrollo a Beamdog.,https://www.beamdog.com/games/baldurs-gate-enhanced/,https://www.skybound.com/baldurs-gate,ADD,,beamdog,Beamdog,https://www.beamdog.com/games/baldurs-gate-enhanced/ | https://www.skybound.com/baldurs-gate,,,2026-09-05,company-credit-ps4-pal-rapid-review-2026-09-05
ps4-baldur%27s-gate-1-&amp;-2-enhanced-edition-collector%27s-pack,Baldur's Gate 1 & 2 Enhanced Edition [Collector's Pack],Baldur's Gate I & II: Enhanced Editions [Collector's Pack],PAL España,standard,EDITION_VARIANT,PHYSICAL_PUBLISHER_OR_DISTRIBUTOR,,Skybound Games,HIGH,BUNDLE_OR_EDITION,ADD_PHYSICAL_PUBLISHER_OR_DISTRIBUTOR,La edición PS4 consultada atribuye la publicación o distribución física a Skybound Games.,https://www.beamdog.com/games/baldurs-gate-enhanced/,https://www.skybound.com/baldurs-gate,ADD,,skybound-games,Skybound Games,https://www.beamdog.com/games/baldurs-gate-enhanced/ | https://www.skybound.com/baldurs-gate,,,2026-09-05,company-credit-ps4-pal-rapid-review-2026-09-05
ps4-barbie-horse-trails,Barbie: Horse Trails,Barbie: Horse Trails,PAL España,standard,GAME_OR_UNKNOWN,PHYSICAL_PUBLISHER_OR_DISTRIBUTOR,,Outright Games,HIGH,GAME_WORK | PS4_RELEASE,ADD_OR_CONFIRM_CREDIT,"Coincidencia rápida: LAUNCHBOX_PS4, STEAM.",https://gamesdb.launchbox-app.com/games/details/475432,https://store.steampowered.com/app/2786660,ADD,,outright-games,Outright Games LTD,https://gamesdb.launchbox-app.com/games/details/475432 | https://store.steampowered.com/app/2786660,,,2026-09-05,company-credit-ps4-pal-rapid-review-2026-09-05
ps4-bard%27s-gold,Bard's Gold,Bard's Gold,PAL España,standard,GAME_OR_UNKNOWN,PHYSICAL_PUBLISHER_OR_DISTRIBUTOR,,Pixel Lantern,HIGH,GAME_WORK | PS4_RELEASE,ADD_OR_CONFIRM_CREDIT,"Coincidencia rápida: LAUNCHBOX_PS4, STEAM.",https://gamesdb.launchbox-app.com/games/details/440435,https://store.steampowered.com/app/381900,ADD,,pixel-lantern,Pixel Lantern,https://gamesdb.launchbox-app.com/games/details/440435 | https://store.steampowered.com/app/381900,,,2026-09-05,company-credit-ps4-pal-rapid-review-2026-09-05
ps4-bassmaster-fishing-2022-deluxe-edition,Bassmaster Fishing 2022: Deluxe Edition,Bassmaster Fishing 2022 [Deluxe Edition],PAL España,standard,EDITION_VARIANT,DEVELOPER,,Dovetail Games,HIGH,EDITION_OF_VERIFIED_WORK,ADD_DEVELOPER,Las fuentes consultadas atribuyen el desarrollo a Dovetail Games.,https://live.dovetailgames.com/live/bassmaster-fishing,,ADD,,dovetail-games,Dovetail Games,https://live.dovetailgames.com/live/bassmaster-fishing,,,2026-09-05,company-credit-ps4-pal-rapid-review-2026-09-05
ps4-bassmaster-fishing-2022-deluxe-edition,Bassmaster Fishing 2022: Deluxe Edition,Bassmaster Fishing 2022: Deluxe Edition,PAL España,standard,EDITION_VARIANT,PHYSICAL_PUBLISHER_OR_DISTRIBUTOR,,Dovetail Games,HIGH,GAME_WORK | PS4_RELEASE,ADD_OR_CONFIRM_CREDIT,"Coincidencia rápida: LAUNCHBOX_PS4, WIKIDATA.",https://gamesdb.launchbox-app.com/games/details/445881,https://www.wikidata.org/entity/Q106777853,ADD,,dovetail-games,Dovetail Games,https://gamesdb.launchbox-app.com/games/details/445881 | https://www.wikidata.org/entity/Q106777853,,,2026-09-05,company-credit-ps4-pal-rapid-review-2026-09-05
ps4-batman-arkham-asylum-comic-edition,Batman Arkham Asylum [Comic Edition],Batman: Arkham Asylum [Comic Edition],PAL España,standard,GAME_OR_UNKNOWN,DEVELOPER,,Rocksteady Studios,HIGH,EDITION_OR_COMPILATION,ADD_DEVELOPER,Las fuentes consultadas atribuyen el desarrollo a Rocksteady Studios.,https://www.rocksteadyltd.com/games,https://www.warnerbrosgames.com/games/batman-arkham-collection,ADD,,rocksteady-studios,Rocksteady Studios,https://www.rocksteadyltd.com/games | https://www.warnerbrosgames.com/games/batman-arkham-collection,,,2026-09-05,company-credit-ps4-pal-rapid-review-2026-09-05
ps4-batman-arkham-asylum-comic-edition,Batman Arkham Asylum [Comic Edition],Batman: Arkham Asylum [Comic Edition],PAL España,standard,GAME_OR_UNKNOWN,PHYSICAL_PUBLISHER_OR_DISTRIBUTOR,,Warner Bros. Interactive Entertainment,HIGH,EDITION_OR_COMPILATION,ADD_PHYSICAL_PUBLISHER_OR_DISTRIBUTOR,La edición PS4 consultada atribuye la publicación o distribución física a Warner Bros. Interactive Entertainment.,https://www.rocksteadyltd.com/games,https://www.warnerbrosgames.com/games/batman-arkham-collection,ADD,,warner-bros-interactive-entertainment,Warner Bros. Interactive Entertainment,https://www.rocksteadyltd.com/games | https://www.warnerbrosgames.com/games/batman-arkham-collection,,,2026-09-05,company-credit-ps4-pal-rapid-review-2026-09-05
ps4-batman-arkham-collection,Batman Arkham Collection,Batman: Arkham Collection,PAL España,standard,POSSIBLE_COMPILATION_OR_MULTI_PRODUCT,DEVELOPER,Rocksteady Studios,Rocksteady Studios,HIGH,EDITION_OR_COMPILATION,ADD_DEVELOPER,Las fuentes consultadas atribuyen el desarrollo a Rocksteady Studios.,https://www.rocksteadyltd.com/games,https://www.warnerbrosgames.com/games/batman-arkham-collection,CONFIRM,Rocksteady Studios,rocksteady-studios,Rocksteady Studios,https://www.rocksteadyltd.com/games | https://www.warnerbrosgames.com/games/batman-arkham-collection,,,2026-09-05,company-credit-ps4-pal-rapid-review-2026-09-05
ps4-batman-arkham-collection-steel-book,Batman Arkham Collection Steel Book,Batman: Arkham Collection [Steelbook],PAL España,standard,POSSIBLE_COMPILATION_OR_MULTI_PRODUCT,DEVELOPER,,Rocksteady Studios,HIGH,EDITION_OR_COMPILATION,ADD_DEVELOPER,Las fuentes consultadas atribuyen el desarrollo a Rocksteady Studios.,https://www.rocksteadyltd.com/games,https://www.warnerbrosgames.com/games/batman-arkham-collection,ADD,,rocksteady-studios,Rocksteady Studios,https://www.rocksteadyltd.com/games | https://www.warnerbrosgames.com/games/batman-arkham-collection,,,2026-09-05,company-credit-ps4-pal-rapid-review-2026-09-05
ps4-batman-arkham-collection-steel-book,Batman Arkham Collection Steel Book,Batman: Arkham Collection [Steelbook],PAL España,standard,POSSIBLE_COMPILATION_OR_MULTI_PRODUCT,PHYSICAL_PUBLISHER_OR_DISTRIBUTOR,,Warner Bros. Interactive Entertainment,HIGH,EDITION_OR_COMPILATION,ADD_PHYSICAL_PUBLISHER_OR_DISTRIBUTOR,La edición PS4 consultada atribuye la publicación o distribución física a Warner Bros. Interactive Entertainment.,https://www.rocksteadyltd.com/games,https://www.warnerbrosgames.com/games/batman-arkham-collection,ADD,,warner-bros-interactive-entertainment,Warner Bros. Interactive Entertainment,https://www.rocksteadyltd.com/games | https://www.warnerbrosgames.com/games/batman-arkham-collection,,,2026-09-05,company-credit-ps4-pal-rapid-review-2026-09-05
ps4-batsugun-saturn-tribute-boosted,Batsugun Saturn Tribute Boosted,Batsugun Saturn Tribute Boosted,PAL España,standard,GAME_OR_UNKNOWN,PHYSICAL_PUBLISHER_OR_DISTRIBUTOR,,CITY CONNECTION,HIGH,DIGITAL_PS4_EU | GAME_WORK,ADD_OR_CONFIRM_CREDIT,"Coincidencia rápida: PLAYSTATION_STORE, STEAM.",https://store.playstation.com/es-es/product/EP0791-CUSA39419_00-7942589290007109,https://store.steampowered.com/app/2282740,ADD,,city-connection,City Connection,https://store.playstation.com/es-es/product/EP0791-CUSA39419_00-7942589290007109 | https://store.steampowered.com/app/2282740,,,2026-09-05,company-credit-ps4-pal-rapid-review-2026-09-05
ps4-battle-axe-badge-edition,Battle Axe [Badge Edition],Battle Axe [Badge Edition],PAL España,standard,GAME_OR_UNKNOWN,PHYSICAL_PUBLISHER_OR_DISTRIBUTOR,,Numskull Games,HIGH,GAME_WORK | PS4_RELEASE | SAME_WORK_EDITION,ADD_OR_CONFIRM_CREDIT,"Coincidencia rápida: LAUNCHBOX_PS4, STEAM, VERIFIED_PAL_SIBLING, WIKIDATA.",https://gamesdb.launchbox-app.com/games/details/475470,https://store.steampowered.com/app/1167300,ADD,,numskull-games,Numskull Games Ltd.,https://gamesdb.launchbox-app.com/games/details/475470 | https://store.steampowered.com/app/1167300,,,2026-09-05,company-credit-ps4-pal-rapid-review-2026-09-05
ps4-battleborn,Battleborn,Battleborn,PAL España,standard,GAME_OR_UNKNOWN,PHYSICAL_PUBLISHER_OR_DISTRIBUTOR,,2K Games,HIGH,EXACT_PS4_WORK,ADD_PHYSICAL_PUBLISHER_OR_DISTRIBUTOR,La edición PS4 consultada atribuye la publicación o distribución física a 2K Games.,https://newsroom.2k.com/news/battlebornr-now-available-worldwide,,ADD,,2k-games,2K Games,https://newsroom.2k.com/news/battlebornr-now-available-worldwide,,,2026-09-05,company-credit-ps4-pal-rapid-review-2026-09-05
ps4-bayala,Bayala,Bayala,PAL España,standard,GAME_OR_UNKNOWN,DIGITAL_PUBLISHER,,ASTRAGON ENTERTAINMENT GMBH,HIGH,DIGITAL_PS4_EU,ADD_OR_CONFIRM_CREDIT,Coincidencia rápida: PLAYSTATION_STORE.,https://store.playstation.com/es-es/product/EP0841-CUSA16844_00-BAYALAGAME01SCEE,,ADD,,astragon,Astragon,https://store.playstation.com/es-es/product/EP0841-CUSA16844_00-BAYALAGAME01SCEE,,,2026-09-05,company-credit-ps4-pal-rapid-review-2026-09-05
ps4-beholder-3,Beholder 3,Beholder 3,PAL España,standard,GAME_OR_UNKNOWN,DIGITAL_PUBLISHER,,Toplitz Productions,HIGH,DIGITAL_PS4_EU,ADD_OR_CONFIRM_CREDIT,Coincidencia rápida: PLAYSTATION_STORE.,https://store.playstation.com/es-es/product/EP3550-CUSA36285_00-BEHOLDER3PS4EU00,,ADD,,toplitz-productions,Toplitz Productions,https://store.playstation.com/es-es/product/EP3550-CUSA36285_00-BEHOLDER3PS4EU00,,,2026-09-05,company-credit-ps4-pal-rapid-review-2026-09-05
ps4-beholgar,Beholgar,Beholgar,PAL España,standard,GAME_OR_UNKNOWN,DIGITAL_PUBLISHER,,Dolores Entertainment S.L.,HIGH,DIGITAL_PS4_EU,ADD_OR_CONFIRM_CREDIT,Coincidencia rápida: PLAYSTATION_STORE.,https://store.playstation.com/es-es/product/EP6718-CUSA35782_00-1702081596169373,,ADD,,dolores-entertainment,Dolores Entertainment,https://store.playstation.com/es-es/product/EP6718-CUSA35782_00-1702081596169373,,,2026-09-05,company-credit-ps4-pal-rapid-review-2026-09-05
ps4-beyond-enemy-lines-2-enhanced-edition,Beyond Enemy Lines 2: Enhanced Edition,Beyond Enemy Lines 2: Enhanced Edition,PAL España,standard,EDITION_VARIANT,PHYSICAL_PUBLISHER_OR_DISTRIBUTOR,,Funbox Media,HIGH,EXACT_PAL_PHYSICAL,ADD_PHYSICAL_PUBLISHER_OR_DISTRIBUTOR,La edición PS4 consultada atribuye la publicación o distribución física a Funbox Media.,https://funboxmedia.co.uk/,,ADD,,funbox-media,Funbox Media,https://funboxmedia.co.uk/,,,2026-09-05,company-credit-ps4-pal-rapid-review-2026-09-05
ps4-bibi-&amp;-tina-at-the-horse-farm,Bibi & Tina At The Horse Farm,Bibi & Tina At The Horse Farm,PAL España,standard,GAME_OR_UNKNOWN,DIGITAL_PUBLISHER,,MARKT+TECHNIK VERLAG GMBH,HIGH,DIGITAL_PS4_EU,ADD_OR_CONFIRM_CREDIT,Coincidencia rápida: PLAYSTATION_STORE.,https://store.playstation.com/es-es/product/EP3024-CUSA16797_00-BUTONHORSEFARMEU,,ADD,,markt-43-technik-verlag-gmbh,Markt+Technik Verlag GmbH,https://store.playstation.com/es-es/product/EP3024-CUSA16797_00-BUTONHORSEFARMEU,,,2026-09-05,company-credit-ps4-pal-rapid-review-2026-09-05
ps4-bioshock-the-collection,Bioshock The Collection,BioShock: The Collection,PAL España,standard,POSSIBLE_COMPILATION_OR_MULTI_PRODUCT,DEVELOPER,Blind Squirrel Games,Blind Squirrel Games,HIGH,REMASTER_COMPILATION,ADD_DEVELOPER,Las fuentes consultadas atribuyen el desarrollo a Blind Squirrel Games.,https://2k.com/en-US/game/bioshock-the-collection/,,CONFIRM,Blind Squirrel Games,blind-squirrel-games,Blind Squirrel Games,https://2k.com/en-US/game/bioshock-the-collection/,,,2026-09-05,company-credit-ps4-pal-rapid-review-2026-09-05
ps4-bit-dungeon&#43;,Bit Dungeon+,bit Dungeon+,PAL España,standard,GAME_OR_UNKNOWN,DEVELOPER,,KintoGames,HIGH,EXACT_GAME_SERIES_CREDIT,ADD_DEVELOPER,Las fuentes consultadas atribuyen el desarrollo a KintoGames.,https://store.steampowered.com/app/440100/bit_Dungeon_II/,,ADD,,kintogames,KintoGames,https://store.steampowered.com/app/440100/bit_Dungeon_II/,,,2026-09-05,company-credit-ps4-pal-rapid-review-2026-09-05
ps4-black-mirror,Black Mirror,Black Mirror,PAL España,standard,GAME_OR_UNKNOWN,PHYSICAL_PUBLISHER_OR_DISTRIBUTOR,,THQ Nordic,HIGH,DIGITAL_PS4_EU | GAME_WORK | PS4_RELEASE,ADD_OR_CONFIRM_CREDIT,"Coincidencia rápida: LAUNCHBOX_PS4, PLAYSTATION_STORE, STEAM.",https://gamesdb.launchbox-app.com/games/details/442203,https://store.playstation.com/es-es/product/EP4389-CUSA08365_00-BLACKMIRROREU001,ADD,,thq-nordic,THQ Nordic GmbH,https://gamesdb.launchbox-app.com/games/details/442203 | https://store.playstation.com/es-es/product/EP4389-CUSA08365_00-BLACKMIRROREU001,,,2026-09-05,company-credit-ps4-pal-rapid-review-2026-09-05
ps4-blade-runner-vhs-edition,Blade Runner VHS Edition,Blade Runner: Enhanced Edition [VHS Edition],PAL España,standard,GAME_OR_UNKNOWN,DEVELOPER,,Nightdive Studios,HIGH,EXACT_PS4_PHYSICAL_EDITION,ADD_DEVELOPER,Las fuentes consultadas atribuyen el desarrollo a Nightdive Studios.,https://limitedrungames.com/en-uk/blogs/news/sdcc-2023-press-release,https://www.nightdivestudios.com/,ADD,,nightdive-studios,NightDive Studios,https://limitedrungames.com/en-uk/blogs/news/sdcc-2023-press-release | https://www.nightdivestudios.com/,,,2026-09-05,company-credit-ps4-pal-rapid-review-2026-09-05
ps4-blade-runner-vhs-edition,Blade Runner VHS Edition,Blade Runner: Enhanced Edition [VHS Edition],PAL España,standard,GAME_OR_UNKNOWN,PHYSICAL_PUBLISHER_OR_DISTRIBUTOR,,Limited Run Games,HIGH,EXACT_PS4_PHYSICAL_EDITION,ADD_PHYSICAL_PUBLISHER_OR_DISTRIBUTOR,La edición PS4 consultada atribuye la publicación o distribución física a Limited Run Games.,https://limitedrungames.com/en-uk/blogs/news/sdcc-2023-press-release,https://www.nightdivestudios.com/,ADD,,limited-run-games,Limited Run Games,https://limitedrungames.com/en-uk/blogs/news/sdcc-2023-press-release | https://www.nightdivestudios.com/,,,2026-09-05,company-credit-ps4-pal-rapid-review-2026-09-05
ps4-blasphemous-coleccionista,Blasphemous Coleccionista,Blasphemous [Collector's Edition],PAL España,standard,EDITION_VARIANT,DEVELOPER,,The Game Kitchen,HIGH,EDITION_OF_VERIFIED_WORK,ADD_DEVELOPER,Las fuentes consultadas atribuyen el desarrollo a The Game Kitchen.,https://thegamekitchen.com/blasphemous/,,ADD,,the-game-kitchen,The Game Kitchen,https://thegamekitchen.com/blasphemous/,,,2026-09-05,company-credit-ps4-pal-rapid-review-2026-09-05
ps4-blast-brigade-vs-the-evil-legion-of-dr-cread-29-99-euros,Blast Brigade vs. the Evil Legion of Dr. Cread,Blast Brigade vs. the Evil Legion of Dr. Cread,PAL España,standard,GAME_OR_UNKNOWN,PHYSICAL_PUBLISHER_OR_DISTRIBUTOR,,Red Art Games,HIGH,EXACT_PAL_PHYSICAL,ADD_PHYSICAL_PUBLISHER_OR_DISTRIBUTOR,La edición PS4 consultada atribuye la publicación o distribución física a Red Art Games.,https://www.redartgames.com/,,ADD,,red-art-games,Red Art Games,https://www.redartgames.com/,,,2026-09-05,company-credit-ps4-pal-rapid-review-2026-09-05
ps4-blaze-and-the-monster-machines-axle-city-racers,Blaze And The Monster Machines: Axle City Racers,Blaze And The Monster Machines: Axle City Racers,PAL España,standard,GAME_OR_UNKNOWN,PHYSICAL_PUBLISHER_OR_DISTRIBUTOR,,Outright Games,HIGH,GAME_WORK | PS4_RELEASE,ADD_OR_CONFIRM_CREDIT,"Coincidencia rápida: LAUNCHBOX_PS4, STEAM.",https://gamesdb.launchbox-app.com/games/details/446043,https://store.steampowered.com/app/1434330,ADD,,outright-games,Outright Games LTD,https://gamesdb.launchbox-app.com/games/details/446043 | https://store.steampowered.com/app/1434330,,,2026-09-05,company-credit-ps4-pal-rapid-review-2026-09-05
ps4-blood-and-truth,Blood and Truth,Blood & Truth,PAL España,standard,GAME_OR_UNKNOWN,DEVELOPER,,London Studio,HIGH,EXACT_PS4_WORK,ADD_DEVELOPER,Las fuentes consultadas atribuyen el desarrollo a London Studio.,https://www.playstation.com/en-gb/games/blood-and-truth/,,ADD,,london-studio,London Studio,https://www.playstation.com/en-gb/games/blood-and-truth/,,,2026-09-05,company-credit-ps4-pal-rapid-review-2026-09-05
ps4-blood-bowl-iii-brutal-edition,Blood Bowl III: Brutal Edition,Blood Bowl 3 [Brutal Edition],PAL España,standard,GAME_OR_UNKNOWN,DEVELOPER,,Cyanide Studio,HIGH,EDITION_OF_VERIFIED_WORK,ADD_DEVELOPER,Las fuentes consultadas atribuyen el desarrollo a Cyanide Studio.,https://www.nacongaming.com/en-GB/blood-bowl-3,,ADD,,cyanide-studio,Cyanide Studio,https://www.nacongaming.com/en-GB/blood-bowl-3,,,2026-09-05,company-credit-ps4-pal-rapid-review-2026-09-05
ps4-blood-bowl-iii-brutal-edition,Blood Bowl III: Brutal Edition,Blood Bowl 3 [Brutal Edition],PAL España,standard,GAME_OR_UNKNOWN,PHYSICAL_PUBLISHER_OR_DISTRIBUTOR,,Nacon,HIGH,EDITION_OF_VERIFIED_WORK,ADD_PHYSICAL_PUBLISHER_OR_DISTRIBUTOR,La edición PS4 consultada atribuye la publicación o distribución física a Nacon.,https://www.nacongaming.com/en-GB/blood-bowl-3,,ADD,,nacon,Nacon,https://www.nacongaming.com/en-GB/blood-bowl-3,,,2026-09-05,company-credit-ps4-pal-rapid-review-2026-09-05
ps4-bloodborne-goty,Bloodborne GOTY,Bloodborne [Game of the Year Edition],PAL España,standard,EDITION_VARIANT,DEVELOPER,,FromSoftware,HIGH,EDITION_OF_VERIFIED_WORK,ADD_DEVELOPER,Las fuentes consultadas atribuyen el desarrollo a FromSoftware.,https://www.playstation.com/en-gb/games/bloodborne/,,ADD,,fromsoftware,FromSoftware,https://www.playstation.com/en-gb/games/bloodborne/,ps4-bloodborne,,2026-09-05,company-credit-ps4-pal-rapid-review-2026-09-05
ps4-bloodborne-goty,Bloodborne GOTY,Bloodborne GOTY,PAL España,standard,EDITION_VARIANT,PHYSICAL_PUBLISHER_OR_DISTRIBUTOR,,Sony Interactive Entertainment,HIGH,SAME_WORK_EDITION,ADD_OR_CONFIRM_CREDIT,Coincidencia rápida: VERIFIED_PAL_SIBLING.,,,ADD,,sony-interactive-entertainment,Sony Interactive Entertainment,https://www.pricecharting.com/game/pal-playstation-4/bloodborne,ps4-bloodborne,,2026-09-05,company-credit-ps4-pal-rapid-review-2026-09-05
ps4-bloodborne-ps-hits,Bloodborne PS Hits,Bloodborne [PlayStation Hits],PAL España,standard,EDITION_VARIANT,DEVELOPER,,FromSoftware,HIGH,EDITION_OF_VERIFIED_WORK,ADD_DEVELOPER,Las fuentes consultadas atribuyen el desarrollo a FromSoftware.,https://www.playstation.com/en-gb/games/bloodborne/,,ADD,,fromsoftware,FromSoftware,https://www.playstation.com/en-gb/games/bloodborne/,ps4-bloodborne,,2026-09-05,company-credit-ps4-pal-rapid-review-2026-09-05
ps4-bloodborne-ps-hits,Bloodborne PS Hits,Bloodborne PS Hits,PAL España,standard,EDITION_VARIANT,PHYSICAL_PUBLISHER_OR_DISTRIBUTOR,,Sony Interactive Entertainment,HIGH,SAME_WORK_EDITION,ADD_OR_CONFIRM_CREDIT,Coincidencia rápida: VERIFIED_PAL_SIBLING.,,,ADD,,sony-interactive-entertainment,Sony Interactive Entertainment,https://www.pricecharting.com/game/pal-playstation-4/bloodborne,ps4-bloodborne,,2026-09-05,company-credit-ps4-pal-rapid-review-2026-09-05
ps4-blue-reflection-sencond-light,Blue Reflection Sencond Light,Blue Reflection: Second Light,PAL España,standard,GAME_OR_UNKNOWN,DEVELOPER,,Gust,HIGH,EXACT_PS4_WORK,ADD_DEVELOPER,Las fuentes consultadas atribuyen el desarrollo a Gust.,https://www.koeitecmoeurope.com/bluereflection-secondlight/,,ADD,,gust,Gust,https://www.koeitecmoeurope.com/bluereflection-secondlight/,,,2026-09-05,company-credit-ps4-pal-rapid-review-2026-09-05
ps4-blue-reflection-sencond-light,Blue Reflection Sencond Light,Blue Reflection: Second Light,PAL España,standard,GAME_OR_UNKNOWN,PHYSICAL_PUBLISHER_OR_DISTRIBUTOR,,Koei Tecmo Europe,HIGH,EXACT_PS4_WORK,ADD_PHYSICAL_PUBLISHER_OR_DISTRIBUTOR,La edición PS4 consultada atribuye la publicación o distribución física a Koei Tecmo Europe.,https://www.koeitecmoeurope.com/bluereflection-secondlight/,,ADD,,koei-tecmo-europe,Koei Tecmo Europe,https://www.koeitecmoeurope.com/bluereflection-secondlight/,,,2026-09-05,company-credit-ps4-pal-rapid-review-2026-09-05
ps4-bluey-the-videogame,Bluey: The Videogame,Bluey: The Videogame,PAL España,standard,GAME_OR_UNKNOWN,PHYSICAL_PUBLISHER_OR_DISTRIBUTOR,,Outright Games,HIGH,GAME_WORK | PS4_RELEASE,ADD_OR_CONFIRM_CREDIT,"Coincidencia rápida: LAUNCHBOX_PS4, STEAM, WIKIDATA.",https://gamesdb.launchbox-app.com/games/details/445876,https://store.steampowered.com/app/2078350,ADD,,outright-games,Outright Games LTD,https://gamesdb.launchbox-app.com/games/details/445876 | https://store.steampowered.com/app/2078350,,,2026-09-05,company-credit-ps4-pal-rapid-review-2026-09-05
ps4-boerderij-leven,Boerderij Leven,Harvest Life / Boerderij Leven,PAL España,standard,GAME_OR_UNKNOWN,DEVELOPER,,Joindots | bumblebee,HIGH,EXACT_DUTCH_PAL_PS4_RELEASE,ADD_DEVELOPER,Las fuentes consultadas atribuyen el desarrollo a Joindots | bumblebee.,https://www.joindots.de/,https://www.pricecharting.com/game/pal-playstation-4/boerderij-leven,ADD,,joindots | bumblebee,Joindots GmbH | bumblebee,https://www.joindots.de/ | https://www.pricecharting.com/game/pal-playstation-4/boerderij-leven,,,2026-09-05,company-credit-ps4-pal-rapid-review-2026-09-05
ps4-borderlands-the-handsome-collection,Borderlands The Handsome Collection,Borderlands The Handsome Collection,PAL España,standard,POSSIBLE_COMPILATION_OR_MULTI_PRODUCT,DEVELOPER,Gearbox Software,Gearbox Software,HIGH,GAME_WORK | PS4_RELEASE,ADD_OR_CONFIRM_CREDIT,"Coincidencia rápida: LAUNCHBOX_PS4, WIKIDATA.",https://gamesdb.launchbox-app.com/games/details/26270,https://www.wikidata.org/entity/Q18844761,CONFIRM,Gearbox Software,gearbox-software,Gearbox Software,https://gamesdb.launchbox-app.com/games/details/26270 | https://www.wikidata.org/entity/Q18844761,,,2026-09-05,company-credit-ps4-pal-rapid-review-2026-09-05
ps4-borderlands-the-handsome-collection-claptrap-in-a-box-edition,Borderlands: The Handsome Collection [Claptrap In A Box Edition],Borderlands: The Handsome Collection [Claptrap In A Box Edition],PAL España,standard,POSSIBLE_COMPILATION_OR_MULTI_PRODUCT,DEVELOPER,,Gearbox Software,HIGH,GAME_WORK | PS4_RELEASE,ADD_OR_CONFIRM_CREDIT,"Coincidencia rápida: LAUNCHBOX_PS4, WIKIDATA.",https://gamesdb.launchbox-app.com/games/details/26270,https://www.wikidata.org/entity/Q18844761,ADD,,gearbox-software,Gearbox Software,https://gamesdb.launchbox-app.com/games/details/26270 | https://www.wikidata.org/entity/Q18844761,,,2026-09-05,company-credit-ps4-pal-rapid-review-2026-09-05
ps4-bratz-rhythm-&amp;-style,Bratz Rhythm & Style,Bratz: Rhythm & Style,PAL España,standard,GAME_OR_UNKNOWN,PHYSICAL_PUBLISHER_OR_DISTRIBUTOR,,Outright Games,HIGH,EXACT_PS4_WORK,ADD_PHYSICAL_PUBLISHER_OR_DISTRIBUTOR,La edición PS4 consultada atribuye la publicación o distribución física a Outright Games.,https://www.outrightgames.com/,,ADD,,outright-games,Outright Games LTD,https://www.outrightgames.com/,,,2026-09-05,company-credit-ps4-pal-rapid-review-2026-09-05
ps4-braveland-trilogy,Braveland Trilogy,Braveland Trilogy,PAL España,standard,POSSIBLE_COMPILATION_OR_MULTI_PRODUCT,DEVELOPER,Tortuga Team,Tortuga Team,HIGH,EXACT_PS4_COMPILATION,ADD_DEVELOPER,Las fuentes consultadas atribuyen el desarrollo a Tortuga Team.,https://tortugateam.com/,,CONFIRM,Tortuga Team,tortuga-team,Tortuga Team,https://tortugateam.com/,,,2026-09-05,company-credit-ps4-pal-rapid-review-2026-09-05
ps4-bravo-team,Bravo Team,Bravo Team,PAL España,standard,GAME_OR_UNKNOWN,PHYSICAL_PUBLISHER_OR_DISTRIBUTOR,,Sony Interactive Entertainment,HIGH,DIGITAL_PS4_EU | GAME_WORK | PS4_RELEASE,ADD_OR_CONFIRM_CREDIT,"Coincidencia rápida: LAUNCHBOX_PS4, PLAYSTATION_STORE, WIKIDATA.",https://gamesdb.launchbox-app.com/games/details/167339,https://store.playstation.com/es-es/product/EP9000-CUSA07225_00-BRAVOTEAMEU00001,ADD,,sony-interactive-entertainment,Sony Interactive Entertainment,https://gamesdb.launchbox-app.com/games/details/167339 | https://store.playstation.com/es-es/product/EP9000-CUSA07225_00-BRAVOTEAMEU00001,,,2026-09-05,company-credit-ps4-pal-rapid-review-2026-09-05
ps4-bravo-team-promo-not-for-resale,Bravo Team [Promo Not For Resale],Bravo Team [Promo Not For Resale],PAL España,standard,PROMO_COPY,PHYSICAL_PUBLISHER_OR_DISTRIBUTOR,,Sony Interactive Entertainment,HIGH,GAME_WORK | PS4_RELEASE,ADD_OR_CONFIRM_CREDIT,"Coincidencia rápida: LAUNCHBOX_PS4, WIKIDATA.",https://gamesdb.launchbox-app.com/games/details/167339,https://www.wikidata.org/entity/Q58619649,ADD,,sony-interactive-entertainment,Sony Interactive Entertainment,https://gamesdb.launchbox-app.com/games/details/167339 | https://www.wikidata.org/entity/Q58619649,,,2026-09-05,company-credit-ps4-pal-rapid-review-2026-09-05
ps4-breakers-collection,Breakers Collection,Breakers Collection,PAL España,standard,POSSIBLE_COMPILATION_OR_MULTI_PRODUCT,DEVELOPER,Visco Corporation,QUByte Interactive,HIGH,GAME_WORK,ADD_OR_CONFIRM_CREDIT,"Coincidencia rápida: STEAM, WIKIDATA.",https://store.steampowered.com/app/1786230,https://www.wikidata.org/entity/Q116187218,REPLACE,Visco Corporation,qubyte,QUByte,https://store.steampowered.com/app/1786230 | https://www.wikidata.org/entity/Q116187218,,,2026-09-05,company-credit-ps4-pal-rapid-review-2026-09-05
ps4-bridge-constructor-compilation,Bridge Constructor Compilation,Bridge Constructor Compilation,PAL España,standard,GAME_OR_UNKNOWN,DEVELOPER,,ClockStone,HIGH,EXACT_PAL_PHYSICAL,ADD_DEVELOPER,Las fuentes consultadas atribuyen el desarrollo a ClockStone.,https://evergame.co.uk/bridge-constructor-compilation-ps4,,ADD,,clockstone,ClockStone,https://evergame.co.uk/bridge-constructor-compilation-ps4,,,2026-09-05,company-credit-ps4-pal-rapid-review-2026-09-05
ps4-bridge-constructor-compilation,Bridge Constructor Compilation,Bridge Constructor Compilation,PAL España,standard,GAME_OR_UNKNOWN,PHYSICAL_PUBLISHER_OR_DISTRIBUTOR,,Headup Games,HIGH,EXACT_PAL_PHYSICAL,ADD_PHYSICAL_PUBLISHER_OR_DISTRIBUTOR,La edición PS4 consultada atribuye la publicación o distribución física a Headup Games.,https://evergame.co.uk/bridge-constructor-compilation-ps4,,ADD,,headup-games,HeadUp Games,https://evergame.co.uk/bridge-constructor-compilation-ps4,,,2026-09-05,company-credit-ps4-pal-rapid-review-2026-09-05
ps4-broken-sword-shadow-of-the-templars-reforged,Broken Sword - Shadow Of The Templars: Reforged,Broken Sword - Shadow Of The Templars: Reforged,PAL España,standard,GAME_OR_UNKNOWN,PHYSICAL_PUBLISHER_OR_DISTRIBUTOR,,Revolution software,HIGH,GAME_WORK | PS4_RELEASE,ADD_OR_CONFIRM_CREDIT,"Coincidencia rápida: LAUNCHBOX_PS4, STEAM.",https://gamesdb.launchbox-app.com/games/details/475489,https://store.steampowered.com/app/2544110,ADD,,revolution-software,Revolution Software,https://gamesdb.launchbox-app.com/games/details/475489 | https://store.steampowered.com/app/2544110,,,2026-09-05,company-credit-ps4-pal-rapid-review-2026-09-05
ps4-brotherhood-united,Brotherhood United,Brotherhood United,PAL España,standard,GAME_OR_UNKNOWN,DIGITAL_PUBLISHER,,eastasiasoft,HIGH,DIGITAL_PS4_EU,ADD_OR_CONFIRM_CREDIT,Coincidencia rápida: PLAYSTATION_STORE.,https://store.playstation.com/es-es/product/EP2005-CUSA20042_00-BROTHERHOODUNITE,,ADD,,eastasiasoft,EastAsiaSoft,https://store.playstation.com/es-es/product/EP2005-CUSA20042_00-BROTHERHOODUNITE,,,2026-09-05,company-credit-ps4-pal-rapid-review-2026-09-05
ps4-bus-driver-simulator-countryside,Bus Driver Simulator Countryside,Bus Driver Simulator Countryside,PAL España,standard,GAME_OR_UNKNOWN,DIGITAL_PUBLISHER,,Iridium Media Group GmbH,HIGH,DIGITAL_PS4_EU,ADD_OR_CONFIRM_CREDIT,Coincidencia rápida: PLAYSTATION_STORE.,https://store.playstation.com/es-es/product/EP8935-CUSA29674_00-BDSCOUNTRYPS4EU0,,ADD,,iridium-media-group-gmbh,Iridium Media Group GmbH,https://store.playstation.com/es-es/product/EP8935-CUSA29674_00-BDSCOUNTRYPS4EU0,,,2026-09-05,company-credit-ps4-pal-rapid-review-2026-09-05
ps4-bus-simulator,Bus Simulator,Bus Simulator,PAL España,standard,GAME_OR_UNKNOWN,PHYSICAL_PUBLISHER_OR_DISTRIBUTOR,,astragon Entertainment,HIGH,DIGITAL_PS4_EU | PS4_RELEASE,ADD_OR_CONFIRM_CREDIT,"Coincidencia rápida: LAUNCHBOX_PS4, PLAYSTATION_STORE.",https://gamesdb.launchbox-app.com/games/details/444264,https://store.playstation.com/es-es/product/EP2430-CUSA11690_00-BUSSIMXXXXXXXXXX,ADD,,astragon,Astragon,https://gamesdb.launchbox-app.com/games/details/444264 | https://store.playstation.com/es-es/product/EP2430-CUSA11690_00-BUSSIMXXXXXXXXXX,,,2026-09-05,company-credit-ps4-pal-rapid-review-2026-09-05
ps4-bus-simulator-21-next-stop-gold-edition,Bus Simulator 21: Next Stop [Gold Edition],Bus Simulator 21: Next Stop [Gold Edition],PAL España,standard,GAME_OR_UNKNOWN,PHYSICAL_PUBLISHER_OR_DISTRIBUTOR,,Astragon Entertainment,HIGH,EDITION_OF_VERIFIED_WORK,ADD_PHYSICAL_PUBLISHER_OR_DISTRIBUTOR,La edición PS4 consultada atribuye la publicación o distribución física a Astragon Entertainment.,https://www.bussimulator.com/,,ADD,,astragon,Astragon,https://www.bussimulator.com/,,,2026-09-05,company-credit-ps4-pal-rapid-review-2026-09-05
ps4-cabela%27s-african-adventures,Cabela's African Adventures,Cabela's African Adventures,PAL España,standard,GAME_OR_UNKNOWN,DEVELOPER,,Cauldron,HIGH,EXACT_PS4_WORK,ADD_DEVELOPER,Las fuentes consultadas atribuyen el desarrollo a Cauldron.,https://www.activision.com/,https://store.steampowered.com/app/247910/Cabelas_African_Adventures/,ADD,,cauldron,Cauldron Ltd,https://www.activision.com/ | https://store.steampowered.com/app/247910/Cabelas_African_Adventures/,,,2026-09-05,company-credit-ps4-pal-rapid-review-2026-09-05
ps4-cabela%27s-african-adventures,Cabela's African Adventures,Cabela's African Adventures,PAL España,standard,GAME_OR_UNKNOWN,PHYSICAL_PUBLISHER_OR_DISTRIBUTOR,,Activision,HIGH,EXACT_PS4_WORK,ADD_PHYSICAL_PUBLISHER_OR_DISTRIBUTOR,La edición PS4 consultada atribuye la publicación o distribución física a Activision.,https://www.activision.com/,https://store.steampowered.com/app/247910/Cabelas_African_Adventures/,ADD,,activision,Activision,https://www.activision.com/ | https://store.steampowered.com/app/247910/Cabelas_African_Adventures/,,,2026-09-05,company-credit-ps4-pal-rapid-review-2026-09-05
ps4-call-of-duty-black-ops-4-especialista,Call of Duty Black Ops 4 Especialista,Call of Duty: Black Ops 4 [Specialist Edition],PAL España,standard,GAME_OR_UNKNOWN,DEVELOPER,,Treyarch,HIGH,EDITION_OF_VERIFIED_WORK,ADD_DEVELOPER,Las fuentes consultadas atribuyen el desarrollo a Treyarch.,https://www.callofduty.com/blackops4,,ADD,,treyarch,Treyarch Corporation,https://www.callofduty.com/blackops4,,,2026-09-05,company-credit-ps4-pal-rapid-review-2026-09-05
ps4-call-of-duty-black-ops-4-especialista,Call of Duty Black Ops 4 Especialista,Call of Duty: Black Ops 4 [Specialist Edition],PAL España,standard,GAME_OR_UNKNOWN,PHYSICAL_PUBLISHER_OR_DISTRIBUTOR,,Activision,HIGH,EDITION_OF_VERIFIED_WORK,ADD_PHYSICAL_PUBLISHER_OR_DISTRIBUTOR,La edición PS4 consultada atribuye la publicación o distribución física a Activision.,https://www.callofduty.com/blackops4,,ADD,,activision,Activision,https://www.callofduty.com/blackops4,,,2026-09-05,company-credit-ps4-pal-rapid-review-2026-09-05
ps4-call-of-duty-black-ops-iii-zombie-chronicles,Call Of Duty Black Ops III [Zombie Chronicles],Call Of Duty Black Ops III [Zombie Chronicles],PAL España,standard,GAME_OR_UNKNOWN,DEVELOPER,,Treyarch,HIGH,GAME_WORK | PS4_RELEASE,ADD_OR_CONFIRM_CREDIT,"Coincidencia rápida: LAUNCHBOX_PS4, STEAM, WIKIDATA.",https://gamesdb.launchbox-app.com/games/details/29237,https://store.steampowered.com/app/311210,ADD,,treyarch,Treyarch Corporation,https://gamesdb.launchbox-app.com/games/details/29237 | https://store.steampowered.com/app/311210,,,2026-09-05,company-credit-ps4-pal-rapid-review-2026-09-05
ps4-call-of-duty-black-ops-iii-zombie-chronicles,Call Of Duty Black Ops III [Zombie Chronicles],Call Of Duty Black Ops III [Zombie Chronicles],PAL España,standard,GAME_OR_UNKNOWN,PHYSICAL_PUBLISHER_OR_DISTRIBUTOR,,Activision,HIGH,GAME_WORK | PS4_RELEASE,ADD_OR_CONFIRM_CREDIT,"Coincidencia rápida: LAUNCHBOX_PS4, STEAM.",https://gamesdb.launchbox-app.com/games/details/29237,https://store.steampowered.com/app/311210,ADD,,activision,Activision,https://gamesdb.launchbox-app.com/games/details/29237 | https://store.steampowered.com/app/311210,,,2026-09-05,company-credit-ps4-pal-rapid-review-2026-09-05
ps4-cannon-dancer-osman,Cannon Dancer - Osman,Cannon Dancer: Osman,PAL España,standard,GAME_OR_UNKNOWN,DEVELOPER,,Mitchell Corporation,HIGH,REMASTER_OF_ORIGINAL_WORK,ADD_DEVELOPER,Las fuentes consultadas atribuyen el desarrollo a Mitchell Corporation.,https://www.iningames.com/games/cannon-dancer-osman,,ADD,,mitchell-corporation,Mitchell Corporation,https://www.iningames.com/games/cannon-dancer-osman,,,2026-09-05,company-credit-ps4-pal-rapid-review-2026-09-05
ps4-cannon-dancer-osman-collector%27s-edition,Cannon Dancer - Osman [Collector's Edition],Cannon Dancer: Osman [Collector's Edition],PAL España,standard,EDITION_VARIANT,DEVELOPER,,Mitchell Corporation,HIGH,REMASTER_OF_ORIGINAL_WORK,ADD_DEVELOPER,Las fuentes consultadas atribuyen el desarrollo a Mitchell Corporation.,https://www.iningames.com/games/cannon-dancer-osman,,ADD,,mitchell-corporation,Mitchell Corporation,https://www.iningames.com/games/cannon-dancer-osman,ps4-cannon-dancer-osman,,2026-09-05,company-credit-ps4-pal-rapid-review-2026-09-05
ps4-cannon-dancer-osman-collector%27s-edition,Cannon Dancer - Osman [Collector's Edition],Cannon Dancer - Osman [Collector's Edition],PAL España,standard,EDITION_VARIANT,PHYSICAL_PUBLISHER_OR_DISTRIBUTOR,,Strictly Limited Games,HIGH,SAME_WORK_EDITION,ADD_OR_CONFIRM_CREDIT,Coincidencia rápida: VERIFIED_PAL_SIBLING.,,,ADD,,strictly-limited-games,Strictly Limited Games,https://www.pricecharting.com/game/pal-playstation-4/cannon-dancer-osman,ps4-cannon-dancer-osman,,2026-09-05,company-credit-ps4-pal-rapid-review-2026-09-05
ps4-caos-en-deponia,Caos en Deponia,Chaos on Deponia,PAL España,standard,GAME_OR_UNKNOWN,DEVELOPER,,Daedalic Entertainment,HIGH,EXACT_PS4_WORK,ADD_DEVELOPER,Las fuentes consultadas atribuyen el desarrollo a Daedalic Entertainment.,https://www.daedalic.com/games/chaos-on-deponia,,ADD,,daedalic-entertainment,Daedalic Entertainment,https://www.daedalic.com/games/chaos-on-deponia,,,2026-09-05,company-credit-ps4-pal-rapid-review-2026-09-05
ps4-caos-en-deponia,Caos en Deponia,Chaos on Deponia,PAL España,standard,GAME_OR_UNKNOWN,PHYSICAL_PUBLISHER_OR_DISTRIBUTOR,,Daedalic Entertainment,HIGH,EXACT_PS4_WORK,ADD_PHYSICAL_PUBLISHER_OR_DISTRIBUTOR,La edición PS4 consultada atribuye la publicación o distribución física a Daedalic Entertainment.,https://www.daedalic.com/games/chaos-on-deponia,,ADD,,daedalic-entertainment,Daedalic Entertainment,https://www.daedalic.com/games/chaos-on-deponia,,,2026-09-05,company-credit-ps4-pal-rapid-review-2026-09-05
ps4-carnival-games,Carnival Games,Carnival Games,PAL España,standard,GAME_OR_UNKNOWN,PHYSICAL_PUBLISHER_OR_DISTRIBUTOR,,2K,HIGH,DIGITAL_PS4_EU | GAME_WORK,ADD_OR_CONFIRM_CREDIT,"Coincidencia rápida: PLAYSTATION_STORE, STEAM.",https://store.playstation.com/es-es/product/EP1001-CUSA13873_00-BARKERBASEGAME00,https://store.steampowered.com/app/1249740,ADD,,2k,2k,https://store.playstation.com/es-es/product/EP1001-CUSA13873_00-BARKERBASEGAME00 | https://store.steampowered.com/app/1249740,,,2026-09-05,company-credit-ps4-pal-rapid-review-2026-09-05
ps4-cat-quest-&#43;-cat-quest-ii-pawsome-pack,Cat Quest + Cat Quest II Pawsome Pack,Cat Quest + Cat Quest II: Pawsome Pack,PAL España,standard,GAME_OR_UNKNOWN,DEVELOPER,,The Gentlebros,HIGH,BUNDLE_COMPONENTS,ADD_DEVELOPER,Las fuentes consultadas atribuyen el desarrollo a The Gentlebros.,https://thegentlebros.com/cat-quest/,https://pqube.co.uk/games/cat-quest/,ADD,,the-gentlebros,The Gentlebros,https://thegentlebros.com/cat-quest/ | https://pqube.co.uk/games/cat-quest/,,,2026-09-05,company-credit-ps4-pal-rapid-review-2026-09-05
ps4-cat-quest-&#43;-cat-quest-ii-pawsome-pack,Cat Quest + Cat Quest II Pawsome Pack,Cat Quest + Cat Quest II: Pawsome Pack,PAL España,standard,GAME_OR_UNKNOWN,PHYSICAL_PUBLISHER_OR_DISTRIBUTOR,,PQube,HIGH,BUNDLE_COMPONENTS,ADD_PHYSICAL_PUBLISHER_OR_DISTRIBUTOR,La edición PS4 consultada atribuye la publicación o distribución física a PQube.,https://thegentlebros.com/cat-quest/,https://pqube.co.uk/games/cat-quest/,ADD,,pqube,PQube Ltd.,https://thegentlebros.com/cat-quest/ | https://pqube.co.uk/games/cat-quest/,,,2026-09-05,company-credit-ps4-pal-rapid-review-2026-09-05
ps4-cat-quest-cat-quest-2,Cat Quest + Cat Quest 2,Cat Quest + Cat Quest II,PAL España,standard,GAME_OR_UNKNOWN,DEVELOPER,,The Gentlebros,HIGH,BUNDLE_COMPONENTS,ADD_DEVELOPER,Las fuentes consultadas atribuyen el desarrollo a The Gentlebros.,https://thegentlebros.com/cat-quest/,https://pqube.co.uk/games/cat-quest/,ADD,,the-gentlebros,The Gentlebros,https://thegentlebros.com/cat-quest/ | https://pqube.co.uk/games/cat-quest/,,,2026-09-05,company-credit-ps4-pal-rapid-review-2026-09-05
ps4-cat-quest-cat-quest-2,Cat Quest + Cat Quest 2,Cat Quest + Cat Quest II,PAL España,standard,GAME_OR_UNKNOWN,PHYSICAL_PUBLISHER_OR_DISTRIBUTOR,,PQube,HIGH,BUNDLE_COMPONENTS,ADD_PHYSICAL_PUBLISHER_OR_DISTRIBUTOR,La edición PS4 consultada atribuye la publicación o distribución física a PQube.,https://thegentlebros.com/cat-quest/,https://pqube.co.uk/games/cat-quest/,ADD,,pqube,PQube Ltd.,https://thegentlebros.com/cat-quest/ | https://pqube.co.uk/games/cat-quest/,,,2026-09-05,company-credit-ps4-pal-rapid-review-2026-09-05
ps4-catan-console-edition,Catan: Console Edition,Catan: Console Edition,PAL España,standard,GAME_OR_UNKNOWN,DEVELOPER,,Dovetail Games,HIGH,EDITION_OF_VERIFIED_WORK,ADD_DEVELOPER,Las fuentes consultadas atribuyen el desarrollo a Dovetail Games.,https://live.dovetailgames.com/live/catan-console-edition,,ADD,,dovetail-games,Dovetail Games,https://live.dovetailgames.com/live/catan-console-edition,,,2026-09-05,company-credit-ps4-pal-rapid-review-2026-09-05
ps4-catan-console-edition,Catan: Console Edition,Catan: Console Edition,PAL España,standard,GAME_OR_UNKNOWN,PHYSICAL_PUBLISHER_OR_DISTRIBUTOR,,Dovetail Games,HIGH,GAME_WORK | PS4_RELEASE,ADD_OR_CONFIRM_CREDIT,"Coincidencia rápida: LAUNCHBOX_PS4, WIKIDATA.",https://gamesdb.launchbox-app.com/games/details/443033,https://www.wikidata.org/entity/Q122335786,ADD,,dovetail-games,Dovetail Games,https://gamesdb.launchbox-app.com/games/details/443033 | https://www.wikidata.org/entity/Q122335786,,,2026-09-05,company-credit-ps4-pal-rapid-review-2026-09-05
ps4-catan-console-edition-super-deluxe,Catan: Console Edition [Super Deluxe],Catan: Console Edition [Super Deluxe],PAL España,standard,EDITION_VARIANT,DEVELOPER,,Dovetail Games,HIGH,EDITION_OF_VERIFIED_WORK,ADD_DEVELOPER,Las fuentes consultadas atribuyen el desarrollo a Dovetail Games.,https://live.dovetailgames.com/live/catan-console-edition,,ADD,,dovetail-games,Dovetail Games,https://live.dovetailgames.com/live/catan-console-edition,,,2026-09-05,company-credit-ps4-pal-rapid-review-2026-09-05
ps4-catan-console-edition-super-deluxe,Catan: Console Edition [Super Deluxe],Catan: Console Edition [Super Deluxe],PAL España,standard,EDITION_VARIANT,PHYSICAL_PUBLISHER_OR_DISTRIBUTOR,,Dovetail Games,HIGH,GAME_WORK | PS4_RELEASE,ADD_OR_CONFIRM_CREDIT,"Coincidencia rápida: LAUNCHBOX_PS4, WIKIDATA.",https://gamesdb.launchbox-app.com/games/details/443033,https://www.wikidata.org/entity/Q122335786,ADD,,dovetail-games,Dovetail Games,https://gamesdb.launchbox-app.com/games/details/443033 | https://www.wikidata.org/entity/Q122335786,,,2026-09-05,company-credit-ps4-pal-rapid-review-2026-09-05
ps4-catmaze,Catmaze,Catmaze,PAL España,standard,GAME_OR_UNKNOWN,PHYSICAL_PUBLISHER_OR_DISTRIBUTOR,,Redblack Spade,HIGH,GAME_WORK | PS4_RELEASE,ADD_OR_CONFIRM_CREDIT,"Coincidencia rápida: LAUNCHBOX_PS4, STEAM.",https://gamesdb.launchbox-app.com/games/details/464616,https://store.steampowered.com/app/620220,ADD,,redblack-spade,Redblack Spade,https://gamesdb.launchbox-app.com/games/details/464616 | https://store.steampowered.com/app/620220,,,2026-09-05,company-credit-ps4-pal-rapid-review-2026-09-05
ps4-charon%27s-staircase,Charon's Staircase,Charon's Staircase,PAL España,standard,GAME_OR_UNKNOWN,PHYSICAL_PUBLISHER_OR_DISTRIBUTOR,,SOEDESCO,HIGH,DIGITAL_PS4_EU | GAME_WORK | PS4_RELEASE,ADD_OR_CONFIRM_CREDIT,"Coincidencia rápida: LAUNCHBOX_PS4, PLAYSTATION_STORE, STEAM, WIKIDATA.",https://gamesdb.launchbox-app.com/games/details/475535,https://store.playstation.com/es-es/product/EP4541-CUSA32328_00-CHARONSTAIRCASEU,ADD,,soedesco,Soedesco,https://gamesdb.launchbox-app.com/games/details/475535 | https://store.playstation.com/es-es/product/EP4541-CUSA32328_00-CHARONSTAIRCASEU,,,2026-09-05,company-credit-ps4-pal-rapid-review-2026-09-05
ps4-chef-life-a-restaurant-simulator-al-forno-edition,Chef Life: A Restaurant Simulator [Al Forno Edition],Chef Life: A Restaurant Simulator [Al Forno Edition],PAL España,standard,GAME_OR_UNKNOWN,PHYSICAL_PUBLISHER_OR_DISTRIBUTOR,,Nacon,HIGH,GAME_WORK | PS4_RELEASE,ADD_OR_CONFIRM_CREDIT,"Coincidencia rápida: LAUNCHBOX_PS4, STEAM, WIKIDATA.",https://gamesdb.launchbox-app.com/games/details/475531,https://store.steampowered.com/app/1122340,ADD,,nacon,Nacon,https://gamesdb.launchbox-app.com/games/details/475531 | https://store.steampowered.com/app/1122340,,,2026-09-05,company-credit-ps4-pal-rapid-review-2026-09-05
ps4-chicken-run-eggstraction,Chicken Run: Eggstraction,Chicken Run: Eggstraction,PAL España,standard,GAME_OR_UNKNOWN,PHYSICAL_PUBLISHER_OR_DISTRIBUTOR,,Outright Games,HIGH,GAME_WORK | PS4_RELEASE,ADD_OR_CONFIRM_CREDIT,"Coincidencia rápida: LAUNCHBOX_PS4, STEAM, WIKIDATA.",https://gamesdb.launchbox-app.com/games/details/475536,https://store.steampowered.com/app/3419690,ADD,,outright-games,Outright Games LTD,https://gamesdb.launchbox-app.com/games/details/475536 | https://store.steampowered.com/app/3419690,,,2026-09-05,company-credit-ps4-pal-rapid-review-2026-09-05
ps4-chivalry-ii-day-one-edition,Chivalry II [Day One Edition],Chivalry II [Day One Edition],PAL España,standard,EDITION_VARIANT,DEVELOPER,,Torn Banner Studios,HIGH,EDITION_OF_VERIFIED_WORK,ADD_DEVELOPER,Las fuentes consultadas atribuyen el desarrollo a Torn Banner Studios.,https://chivalry2.com/,https://www.deepsilver.com/games/chivalry-2,ADD,,torn-banner-studios,Torn Banner Studios,https://chivalry2.com/ | https://www.deepsilver.com/games/chivalry-2,,,2026-09-05,company-credit-ps4-pal-rapid-review-2026-09-05
ps4-chivalry-ii-day-one-edition,Chivalry II [Day One Edition],Chivalry II [Day One Edition],PAL España,standard,EDITION_VARIANT,PHYSICAL_PUBLISHER_OR_DISTRIBUTOR,,Deep Silver,HIGH,EDITION_OF_VERIFIED_WORK,ADD_PHYSICAL_PUBLISHER_OR_DISTRIBUTOR,La edición PS4 consultada atribuye la publicación o distribución física a Deep Silver.,https://chivalry2.com/,https://www.deepsilver.com/games/chivalry-2,ADD,,deep-silver,Deep SIlver,https://chivalry2.com/ | https://www.deepsilver.com/games/chivalry-2,,,2026-09-05,company-credit-ps4-pal-rapid-review-2026-09-05
ps4-chivalry-ii-steelbook-edition,Chivalry II [Steelbook Edition],Chivalry II [Steelbook Edition],PAL España,standard,EDITION_VARIANT,DEVELOPER,,Torn Banner Studios,HIGH,EDITION_OF_VERIFIED_WORK,ADD_DEVELOPER,Las fuentes consultadas atribuyen el desarrollo a Torn Banner Studios.,https://chivalry2.com/,https://www.deepsilver.com/games/chivalry-2,ADD,,torn-banner-studios,Torn Banner Studios,https://chivalry2.com/ | https://www.deepsilver.com/games/chivalry-2,,,2026-09-05,company-credit-ps4-pal-rapid-review-2026-09-05
ps4-chivalry-ii-steelbook-edition,Chivalry II [Steelbook Edition],Chivalry II [Steelbook Edition],PAL España,standard,EDITION_VARIANT,PHYSICAL_PUBLISHER_OR_DISTRIBUTOR,,Deep Silver,HIGH,EDITION_OF_VERIFIED_WORK,ADD_PHYSICAL_PUBLISHER_OR_DISTRIBUTOR,La edición PS4 consultada atribuye la publicación o distribución física a Deep Silver.,https://chivalry2.com/,https://www.deepsilver.com/games/chivalry-2,ADD,,deep-silver,Deep SIlver,https://chivalry2.com/ | https://www.deepsilver.com/games/chivalry-2,,,2026-09-05,company-credit-ps4-pal-rapid-review-2026-09-05
ps4-chronicles-of-2-heroes-amaterasu%27s-wrath,Chronicles of 2 Heroes: Amaterasu's Wrath,Chronicles of 2 Heroes: Amaterasu's Wrath,PAL España,standard,GAME_OR_UNKNOWN,DIGITAL_PUBLISHER,,Making Port,HIGH,DIGITAL_PS4_EU,ADD_OR_CONFIRM_CREDIT,Coincidencia rápida: PLAYSTATION_STORE.,https://store.playstation.com/es-es/product/EP3729-CUSA42602_00-CHRONICLES2HEROE,,ADD,,making-port,Making Port,https://store.playstation.com/es-es/product/EP3729-CUSA42602_00-CHRONICLES2HEROE,,,2026-09-05,company-credit-ps4-pal-rapid-review-2026-09-05
ps4-chronicles-of-2-heroes-amaterasu%27s-wrath-collector%27s-edition,Chronicles of 2 Heroes: Amaterasu's Wrath [Collector's Edition],Chronicles of 2 Heroes: Amaterasu's Wrath [Collector's Edition],PAL España,standard,EDITION_VARIANT,PHYSICAL_PUBLISHER_OR_DISTRIBUTOR,,Tesura Games,HIGH,EXACT_PAL_PHYSICAL_EDITION,ADD_PHYSICAL_PUBLISHER_OR_DISTRIBUTOR,La edición PS4 consultada atribuye la publicación o distribución física a Tesura Games.,https://en.tesuragames.com/,,ADD,,tesura-games,Tesura Games,https://en.tesuragames.com/,,,2026-09-05,company-credit-ps4-pal-rapid-review-2026-09-05
ps4-circuit-breakers,Circuit Breakers,Circuit Breakers,PAL España,standard,GAME_OR_UNKNOWN,DIGITAL_PUBLISHER,,CONTACT SALES LTD,HIGH,DIGITAL_PS4_EU,ADD_OR_CONFIRM_CREDIT,Coincidencia rápida: PLAYSTATION_STORE.,https://store.playstation.com/es-es/product/EP0806-CUSA06389_00-CIRCUITBREAKERS0,,ADD,,contact-sales-ltd,CONTACT SALES LTD,https://store.playstation.com/es-es/product/EP0806-CUSA06389_00-CIRCUITBREAKERS0,,,2026-09-05,company-credit-ps4-pal-rapid-review-2026-09-05
ps4-clash-artifacts-of-chaos-zeno-edition,Clash: Artifacts of Chaos [Zeno Edition],Clash: Artifacts of Chaos [Zeno Edition],PAL España,standard,GAME_OR_UNKNOWN,PHYSICAL_PUBLISHER_OR_DISTRIBUTOR,,Nacon,HIGH,GAME_WORK | PS4_RELEASE,ADD_OR_CONFIRM_CREDIT,"Coincidencia rápida: LAUNCHBOX_PS4, STEAM, WIKIDATA.",https://gamesdb.launchbox-app.com/games/details/447027,https://store.steampowered.com/app/1430680,ADD,,nacon,Nacon,https://gamesdb.launchbox-app.com/games/details/447027 | https://store.steampowered.com/app/1430680,,,2026-09-05,company-credit-ps4-pal-rapid-review-2026-09-05
ps4-clive-%27n%27-wrench,Clive 'N' Wrench,Clive 'N' Wrench,PAL España,standard,GAME_OR_UNKNOWN,PHYSICAL_PUBLISHER_OR_DISTRIBUTOR,,Numskull Games,HIGH,GAME_WORK | PS4_RELEASE,ADD_OR_CONFIRM_CREDIT,"Coincidencia rápida: LAUNCHBOX_PS4, STEAM, WIKIDATA.",https://gamesdb.launchbox-app.com/games/details/447114,https://store.steampowered.com/app/1094720,ADD,,numskull-games,Numskull Games Ltd.,https://gamesdb.launchbox-app.com/games/details/447114 | https://store.steampowered.com/app/1094720,,,2026-09-05,company-credit-ps4-pal-rapid-review-2026-09-05
ps4-clive-%27n%27-wrench-collector%27s-edition,Clive 'N' Wrench [Collector's Edition],Clive 'N' Wrench [Collector's Edition],PAL España,standard,EDITION_VARIANT,PHYSICAL_PUBLISHER_OR_DISTRIBUTOR,,Numskull Games,HIGH,GAME_WORK | PS4_RELEASE,ADD_OR_CONFIRM_CREDIT,"Coincidencia rápida: LAUNCHBOX_PS4, STEAM, WIKIDATA.",https://gamesdb.launchbox-app.com/games/details/447114,https://store.steampowered.com/app/1094720,ADD,,numskull-games,Numskull Games Ltd.,https://gamesdb.launchbox-app.com/games/details/447114 | https://store.steampowered.com/app/1094720,,,2026-09-05,company-credit-ps4-pal-rapid-review-2026-09-05
ps4-cobra-kai-2-dojos-rising,Cobra Kai 2: Dojos Rising,Cobra Kai 2: Dojos Rising,PAL España,standard,GAME_OR_UNKNOWN,PHYSICAL_PUBLISHER_OR_DISTRIBUTOR,,GameMill Entertainment,HIGH,GAME_WORK | PS4_RELEASE,ADD_OR_CONFIRM_CREDIT,"Coincidencia rápida: LAUNCHBOX_PS4, STEAM.",https://gamesdb.launchbox-app.com/games/details/446262,https://store.steampowered.com/app/1681870,ADD,,gamemill-entertainment,GameMill Entertainment,https://gamesdb.launchbox-app.com/games/details/446262 | https://store.steampowered.com/app/1681870,,,2026-09-05,company-credit-ps4-pal-rapid-review-2026-09-05
ps4-code-realize-bouquet-of-rainbows,Code Realize Bouquet of Rainbows,Code: Realize — Bouquet of Rainbows,PAL España,standard,GAME_OR_UNKNOWN,DEVELOPER,,Idea Factory,HIGH,EXACT_PS4_WORK,ADD_DEVELOPER,Las fuentes consultadas atribuyen el desarrollo a Idea Factory.,https://www.aksysgames.com/coderealize/,,ADD,,idea-factory,"Idea Factory Co., Ltd.",https://www.aksysgames.com/coderealize/,,,2026-09-05,company-credit-ps4-pal-rapid-review-2026-09-05
ps4-code-realize-bouquet-of-rainbows,Code Realize Bouquet of Rainbows,Code Realize Bouquet of Rainbows,PAL España,standard,GAME_OR_UNKNOWN,DIGITAL_PUBLISHER,,Aksys Games Localization Inc.,HIGH,DIGITAL_PS4_EU,ADD_OR_CONFIRM_CREDIT,Coincidencia rápida: PLAYSTATION_STORE.,https://store.playstation.com/es-es/product/EP1024-CUSA10876_00-CODEREALIZESHPS4,,ADD,,aksys-games-localization,Aksys Games Localization,https://store.playstation.com/es-es/product/EP1024-CUSA10876_00-CODEREALIZESHPS4,,,2026-09-05,company-credit-ps4-pal-rapid-review-2026-09-05
ps4-code-realize-wintertide-miracles,Code Realize Wintertide Miracles,Code: Realize — Wintertide Miracles,PAL España,standard,GAME_OR_UNKNOWN,DEVELOPER,,Idea Factory,HIGH,EXACT_PS4_WORK,ADD_DEVELOPER,Las fuentes consultadas atribuyen el desarrollo a Idea Factory.,https://www.aksysgames.com/coderealize/,,ADD,,idea-factory,"Idea Factory Co., Ltd.",https://www.aksysgames.com/coderealize/,,,2026-09-05,company-credit-ps4-pal-rapid-review-2026-09-05
ps4-code-realize-wintertide-miracles,Code Realize Wintertide Miracles,Code Realize Wintertide Miracles,PAL España,standard,GAME_OR_UNKNOWN,DIGITAL_PUBLISHER,,Aksys Games Localization Inc.,HIGH,DIGITAL_PS4_EU,ADD_OR_CONFIRM_CREDIT,Coincidencia rápida: PLAYSTATION_STORE.,https://store.playstation.com/es-es/product/EP1024-CUSA12950_00-CODEREALIZEFD2P4,,ADD,,aksys-games-localization,Aksys Games Localization,https://store.playstation.com/es-es/product/EP1024-CUSA12950_00-CODEREALIZEFD2P4,,,2026-09-05,company-credit-ps4-pal-rapid-review-2026-09-05
ps4-coffee-talk-2-in-1-double-pack,Coffee Talk 2-In-1 Double Pack,Coffee Talk 2-in-1 Double Pack,PAL España,standard,POSSIBLE_COMPILATION_OR_MULTI_PRODUCT,DEVELOPER,Toge Productions,Toge Productions,HIGH,BUNDLE_COMPONENTS,ADD_DEVELOPER,Las fuentes consultadas atribuyen el desarrollo a Toge Productions.,https://www.togeproductions.com/project/coffee-talk/,,CONFIRM,Toge Productions,toge-productions,Toge Productions,https://www.togeproductions.com/project/coffee-talk/,,,2026-09-05,company-credit-ps4-pal-rapid-review-2026-09-05
ps4-commandos-2-&amp;-3-hd-remaster-double-pack,Commandos 2 & 3 HD Remaster Double Pack,Commandos 2 & 3 HD Remaster Double Pack,PAL España,standard,POSSIBLE_COMPILATION_OR_MULTI_PRODUCT,DEVELOPER,,Raylight Games,HIGH,BUNDLE_COMPONENTS,ADD_DEVELOPER,Las fuentes consultadas atribuyen el desarrollo a Raylight Games.,https://www.kalypsomedia.com/eu/commandos-2-3-hd-remaster-double-pack,,ADD,,raylight-studios,Raylight Studios,https://www.kalypsomedia.com/eu/commandos-2-3-hd-remaster-double-pack,,,2026-09-05,company-credit-ps4-pal-rapid-review-2026-09-05
ps4-commandos-2-&amp;-3-hd-remaster-double-pack,Commandos 2 & 3 HD Remaster Double Pack,Commandos 2 & 3 HD Remaster Double Pack,PAL España,standard,POSSIBLE_COMPILATION_OR_MULTI_PRODUCT,PHYSICAL_PUBLISHER_OR_DISTRIBUTOR,,Kalypso Media,HIGH,BUNDLE_COMPONENTS,ADD_PHYSICAL_PUBLISHER_OR_DISTRIBUTOR,La edición PS4 consultada atribuye la publicación o distribución física a Kalypso Media.,https://www.kalypsomedia.com/eu/commandos-2-3-hd-remaster-double-pack,,ADD,,kalypso-media,Kalypso Media,https://www.kalypsomedia.com/eu/commandos-2-3-hd-remaster-double-pack,,,2026-09-05,company-credit-ps4-pal-rapid-review-2026-09-05
ps4-commandos-2-&amp;-praetorians-hd-remaster-double-pack,Commandos 2 & Praetorians HD Remaster Double Pack,Commandos 2 & Praetorians HD Remaster Double Pack,PAL España,standard,POSSIBLE_COMPILATION_OR_MULTI_PRODUCT,DEVELOPER,,Yippee Entertainment,HIGH,BUNDLE_COMPONENTS,ADD_DEVELOPER,Las fuentes consultadas atribuyen el desarrollo a Yippee Entertainment.,https://www.kalypsomedia.com/eu/commandos-2-praetorians-hd-remaster-double-pack,,ADD,,yippee-entertainment,Yippee Entertainment,https://www.kalypsomedia.com/eu/commandos-2-praetorians-hd-remaster-double-pack,,,2026-09-05,company-credit-ps4-pal-rapid-review-2026-09-05
ps4-commandos-2-&amp;-praetorians-hd-remaster-double-pack,Commandos 2 & Praetorians HD Remaster Double Pack,Commandos 2 & Praetorians HD Remaster Double Pack,PAL España,standard,POSSIBLE_COMPILATION_OR_MULTI_PRODUCT,PHYSICAL_PUBLISHER_OR_DISTRIBUTOR,,Kalypso Media,HIGH,BUNDLE_COMPONENTS,ADD_PHYSICAL_PUBLISHER_OR_DISTRIBUTOR,La edición PS4 consultada atribuye la publicación o distribución física a Kalypso Media.,https://www.kalypsomedia.com/eu/commandos-2-praetorians-hd-remaster-double-pack,,ADD,,kalypso-media,Kalypso Media,https://www.kalypsomedia.com/eu/commandos-2-praetorians-hd-remaster-double-pack,,,2026-09-05,company-credit-ps4-pal-rapid-review-2026-09-05
ps4-conan-exile-collector%27s-edition,Conan Exile [Collector's Edition],Conan Exiles [Collector's Edition],PAL España,standard,EDITION_VARIANT,DEVELOPER,,Funcom,HIGH,EDITION_OF_VERIFIED_WORK,ADD_DEVELOPER,Las fuentes consultadas atribuyen el desarrollo a Funcom.,https://www.conanexiles.com/,,ADD,,funcom,Funcom,https://www.conanexiles.com/,,,2026-09-05,company-credit-ps4-pal-rapid-review-2026-09-05
ps4-conan-exile-collector%27s-edition,Conan Exile [Collector's Edition],Conan Exiles [Collector's Edition],PAL España,standard,EDITION_VARIANT,PHYSICAL_PUBLISHER_OR_DISTRIBUTOR,,Deep Silver,HIGH,EDITION_OF_VERIFIED_WORK,ADD_PHYSICAL_PUBLISHER_OR_DISTRIBUTOR,La edición PS4 consultada atribuye la publicación o distribución física a Deep Silver.,https://www.conanexiles.com/,,ADD,,deep-silver,Deep SIlver,https://www.conanexiles.com/,,,2026-09-05,company-credit-ps4-pal-rapid-review-2026-09-05
ps4-construction-simulator-day-one-edition,Construction Simulator [Day One Edition],Construction Simulator [Day One Edition],PAL España,standard,EDITION_VARIANT,PHYSICAL_PUBLISHER_OR_DISTRIBUTOR,,astragon Entertainment,HIGH,GAME_WORK | PS4_RELEASE,ADD_OR_CONFIRM_CREDIT,"Coincidencia rápida: LAUNCHBOX_PS4, STEAM.",https://gamesdb.launchbox-app.com/games/details/447325,https://store.steampowered.com/app/1273400,ADD,,astragon,Astragon,https://gamesdb.launchbox-app.com/games/details/447325 | https://store.steampowered.com/app/1273400,,,2026-09-05,company-credit-ps4-pal-rapid-review-2026-09-05
ps4-construction-simulator-gold-edition,Construction Simulator [Gold Edition],Construction Simulator [Gold Edition],PAL España,standard,GAME_OR_UNKNOWN,PHYSICAL_PUBLISHER_OR_DISTRIBUTOR,,astragon Entertainment,HIGH,GAME_WORK | PS4_RELEASE,ADD_OR_CONFIRM_CREDIT,"Coincidencia rápida: LAUNCHBOX_PS4, STEAM.",https://gamesdb.launchbox-app.com/games/details/447325,https://store.steampowered.com/app/1273400,ADD,,astragon,Astragon,https://gamesdb.launchbox-app.com/games/details/447325 | https://store.steampowered.com/app/1273400,,,2026-09-05,company-credit-ps4-pal-rapid-review-2026-09-05
ps4-constructor,Constructor,Constructor,PAL España,standard,GAME_OR_UNKNOWN,DIGITAL_PUBLISHER,,SYSTEM 3 SOFTWARE,HIGH,DIGITAL_PS4_EU,ADD_OR_CONFIRM_CREDIT,Coincidencia rápida: PLAYSTATION_STORE.,https://store.playstation.com/es-es/product/EP4037-CUSA04035_00-CONSTRUCTRPS4EUD,,ADD,,system-3-software-ltd,System 3 Software Ltd,https://store.playstation.com/es-es/product/EP4037-CUSA04035_00-CONSTRUCTRPS4EUD,,,2026-09-05,company-credit-ps4-pal-rapid-review-2026-09-05
ps4-contraptions-collection,Contraptions Collection,Contraptions Collection,PAL España,standard,POSSIBLE_COMPILATION_OR_MULTI_PRODUCT,DEVELOPER,Moragami,Moragami,HIGH,EXACT_PS4_COMPILATION,ADD_DEVELOPER,Las fuentes consultadas atribuyen el desarrollo a Moragami.,https://store.steampowered.com/app/2827950/Contraptions_Collection/,https://funboxmedia.co.uk/,CONFIRM,Moragami,moragami,Moragami,https://store.steampowered.com/app/2827950/Contraptions_Collection/ | https://funboxmedia.co.uk/,,,2026-09-05,company-credit-ps4-pal-rapid-review-2026-09-05
ps4-contraptions-collection,Contraptions Collection,Contraptions Collection,PAL España,standard,POSSIBLE_COMPILATION_OR_MULTI_PRODUCT,PHYSICAL_PUBLISHER_OR_DISTRIBUTOR,,Funbox Media,HIGH,EXACT_PS4_COMPILATION,ADD_PHYSICAL_PUBLISHER_OR_DISTRIBUTOR,La edición PS4 consultada atribuye la publicación o distribución física a Funbox Media.,https://store.steampowered.com/app/2827950/Contraptions_Collection/,https://funboxmedia.co.uk/,ADD,,funbox-media,Funbox Media,https://store.steampowered.com/app/2827950/Contraptions_Collection/ | https://funboxmedia.co.uk/,,,2026-09-05,company-credit-ps4-pal-rapid-review-2026-09-05
ps4-cooking-mama,Cooking Mama,Cooking Mama: Cookstar,PAL España,standard,GAME_OR_UNKNOWN,DEVELOPER,,1st Playable Productions,HIGH,EXACT_PS4_WORK,ADD_DEVELOPER,Las fuentes consultadas atribuyen el desarrollo a 1st Playable Productions.,https://www.cookingmamacookstar.com/,,ADD,,1st-playable-productions,1st Playable Productions,https://www.cookingmamacookstar.com/,,,2026-09-05,company-credit-ps4-pal-rapid-review-2026-09-05
ps4-cooking-mama,Cooking Mama,Cooking Mama: Cookstar,PAL España,standard,GAME_OR_UNKNOWN,PHYSICAL_PUBLISHER_OR_DISTRIBUTOR,,Planet Entertainment,HIGH,EXACT_PS4_WORK,ADD_PHYSICAL_PUBLISHER_OR_DISTRIBUTOR,La edición PS4 consultada atribuye la publicación o distribución física a Planet Entertainment.,https://www.cookingmamacookstar.com/,,ADD,,planet-entertainment,Planet Entertainment,https://www.cookingmamacookstar.com/,,,2026-09-05,company-credit-ps4-pal-rapid-review-2026-09-05
ps4-cooking-mama-cookstar,Cooking Mama: Cookstar,Cooking Mama: Cookstar,PAL España,standard,GAME_OR_UNKNOWN,DEVELOPER,,1st Playable Productions,HIGH,EXACT_PS4_WORK,ADD_DEVELOPER,Las fuentes consultadas atribuyen el desarrollo a 1st Playable Productions.,https://www.cookingmamacookstar.com/,,ADD,,1st-playable-productions,1st Playable Productions,https://www.cookingmamacookstar.com/,,,2026-09-05,company-credit-ps4-pal-rapid-review-2026-09-05
ps4-cooking-mama-cookstar,Cooking Mama: Cookstar,Cooking Mama: Cookstar,PAL España,standard,GAME_OR_UNKNOWN,PHYSICAL_PUBLISHER_OR_DISTRIBUTOR,,Planet Entertainment,HIGH,EXACT_PS4_WORK,ADD_PHYSICAL_PUBLISHER_OR_DISTRIBUTOR,La edición PS4 consultada atribuye la publicación o distribución física a Planet Entertainment.,https://www.cookingmamacookstar.com/,,ADD,,planet-entertainment,Planet Entertainment,https://www.cookingmamacookstar.com/,,,2026-09-05,company-credit-ps4-pal-rapid-review-2026-09-05
ps4-coolpaintr-vr,CoolPaintr VR,CoolPaintr VR,PAL España,standard,GAME_OR_UNKNOWN,DEVELOPER,,Wildbit Studios,HIGH,EXACT_PAL_PHYSICAL,ADD_DEVELOPER,Las fuentes consultadas atribuyen el desarrollo a Wildbit Studios.,https://www.gamepitt.co.uk/coolpaintr-vr-psvr-review/,https://perpgames.com/game/synth-riders/,ADD,,wildbits-studio,Wildbits studio,https://www.gamepitt.co.uk/coolpaintr-vr-psvr-review/ | https://perpgames.com/game/synth-riders/,,,2026-09-05,company-credit-ps4-pal-rapid-review-2026-09-05
ps4-coolpaintr-vr,CoolPaintr VR,CoolPaintr VR,PAL España,standard,GAME_OR_UNKNOWN,PHYSICAL_PUBLISHER_OR_DISTRIBUTOR,,Perp Games,HIGH,EXACT_PAL_PHYSICAL,ADD_PHYSICAL_PUBLISHER_OR_DISTRIBUTOR,La edición PS4 consultada atribuye la publicación o distribución física a Perp Games.,https://www.gamepitt.co.uk/coolpaintr-vr-psvr-review/,https://perpgames.com/game/synth-riders/,ADD,,perp-games,Perp Games,https://www.gamepitt.co.uk/coolpaintr-vr-psvr-review/ | https://perpgames.com/game/synth-riders/,,,2026-09-05,company-credit-ps4-pal-rapid-review-2026-09-05
ps4-cotton-fantasy-strictly-limited,Cotton Fantasy [Strictly Limited],Cotton Fantasy [Strictly Limited],PAL España,standard,EDITION_VARIANT,DEVELOPER,,Success,HIGH,EDITION_OF_VERIFIED_WORK,ADD_DEVELOPER,Las fuentes consultadas atribuyen el desarrollo a Success.,https://www.strictlylimitedgames.com/,,ADD,,success,Success,https://www.strictlylimitedgames.com/,,,2026-09-05,company-credit-ps4-pal-rapid-review-2026-09-05
ps4-crash-bandicoot-n-sane-trilogy,Crash Bandicoot N. Sane Trilogy,Crash Bandicoot N. Sane Trilogy,PAL España,standard,POSSIBLE_COMPILATION_OR_MULTI_PRODUCT,DEVELOPER,Vicarious Visions,Vicarious Visions,HIGH,GAME_WORK | PS4_RELEASE,ADD_OR_CONFIRM_CREDIT,"Coincidencia rápida: LAUNCHBOX_PS4, STEAM.",https://gamesdb.launchbox-app.com/games/details/129193,https://store.steampowered.com/app/731490,CONFIRM,Vicarious Visions,vicarious-visions,Vicarious Visions,https://gamesdb.launchbox-app.com/games/details/129193 | https://store.steampowered.com/app/731490,,,2026-09-05,company-credit-ps4-pal-rapid-review-2026-09-05
ps4-crash-team-racing-&amp;-spyro-reignited-trilogy,Crash Team Racing & Spyro Reignited Trilogy,Crash Team Racing + Spyro Reignited Trilogy,PAL España,standard,POSSIBLE_COMPILATION_OR_MULTI_PRODUCT,PHYSICAL_PUBLISHER_OR_DISTRIBUTOR,,Activision,HIGH,MULTI_GAME_BUNDLE,ADD_PHYSICAL_PUBLISHER_OR_DISTRIBUTOR,La edición PS4 consultada atribuye la publicación o distribución física a Activision.,https://www.activision.com/,,ADD,,activision,Activision,https://www.activision.com/,,,2026-09-05,company-credit-ps4-pal-rapid-review-2026-09-05
ps4-crashbots,Crashbots,Crashbots,PAL España,standard,GAME_OR_UNKNOWN,DIGITAL_PUBLISHER,,EVGENIY KOLPAKOV,HIGH,DIGITAL_PS4_EU,ADD_OR_CONFIRM_CREDIT,Coincidencia rápida: PLAYSTATION_STORE.,https://store.playstation.com/es-es/product/EP1661-CUSA14617_00-SYPS4CRASHBOTS00,,ADD,,evgeniy-kolpakov,EVGENIY KOLPAKOV,https://store.playstation.com/es-es/product/EP1661-CUSA14617_00-SYPS4CRASHBOTS00,,,2026-09-05,company-credit-ps4-pal-rapid-review-2026-09-05
ps4-crazy-chicken-jump-%27n%27-run-traps-and-treasures,Crazy Chicken Jump 'N' Run: Traps And Treasures,Crazy Chicken Jump 'n' Run: Traps and Treasures,PAL España,standard,GAME_OR_UNKNOWN,DEVELOPER,,Higgs Games,HIGH,EXACT_PS4_WORK,ADD_DEVELOPER,Las fuentes consultadas atribuyen el desarrollo a Higgs Games.,https://store.playstation.com/en-gb/product/EP3024-PPSA07104_00-MOORHUHNJUMPNRUN,,ADD,,higgs-games,Higgs Games,https://store.playstation.com/en-gb/product/EP3024-PPSA07104_00-MOORHUHNJUMPNRUN,,,2026-09-05,company-credit-ps4-pal-rapid-review-2026-09-05
ps4-crazy-chicken-jump-%27n%27-run-traps-and-treasures,Crazy Chicken Jump 'N' Run: Traps And Treasures,Crazy Chicken Jump 'N' Run: Traps And Treasures,PAL España,standard,GAME_OR_UNKNOWN,PHYSICAL_PUBLISHER_OR_DISTRIBUTOR,,Markt+Technik Verlag,HIGH,DIGITAL_PS4_EU | PS4_RELEASE,ADD_OR_CONFIRM_CREDIT,"Coincidencia rápida: LAUNCHBOX_PS4, PLAYSTATION_STORE.",https://gamesdb.launchbox-app.com/games/details/447384,https://store.playstation.com/es-es/product/EP3024-CUSA33012_00-MOORHUHNJUMPNRUN,ADD,,markt-amp-technik-verlag,Markt & Technik Verlag,https://gamesdb.launchbox-app.com/games/details/447384 | https://store.playstation.com/es-es/product/EP3024-CUSA33012_00-MOORHUHNJUMPNRUN,,,2026-09-05,company-credit-ps4-pal-rapid-review-2026-09-05
ps4-crazy-machines-vr,Crazy Machines VR,Crazy Machines VR,PAL España,standard,GAME_OR_UNKNOWN,PHYSICAL_PUBLISHER_OR_DISTRIBUTOR,,EuroVideo Medien,HIGH,DIGITAL_PS4_EU | PS4_RELEASE,ADD_OR_CONFIRM_CREDIT,"Coincidencia rápida: LAUNCHBOX_PS4, PLAYSTATION_STORE.",https://gamesdb.launchbox-app.com/games/details/447379,https://store.playstation.com/es-es/product/EP0841-CUSA13142_00-YDH2K8LVCNBMVT2Y,ADD,,eurovideo,EUROVIDEO,https://gamesdb.launchbox-app.com/games/details/447379 | https://store.playstation.com/es-es/product/EP0841-CUSA13142_00-YDH2K8LVCNBMVT2Y,,,2026-09-05,company-credit-ps4-pal-rapid-review-2026-09-05
ps4-creed-rise-to-glory,Creed Rise to Glory,Creed Rise to Glory,PAL España,standard,GAME_OR_UNKNOWN,PHYSICAL_PUBLISHER_OR_DISTRIBUTOR,,Survios,HIGH,DIGITAL_PS4_EU | GAME_WORK | PS4_RELEASE,ADD_OR_CONFIRM_CREDIT,"Coincidencia rápida: LAUNCHBOX_PS4, PLAYSTATION_STORE, STEAM.",https://gamesdb.launchbox-app.com/games/details/473019,https://store.playstation.com/es-es/product/EP2147-CUSA13482_00-CR1RELEASE000001,ADD,,survios,Survios,https://gamesdb.launchbox-app.com/games/details/473019 | https://store.playstation.com/es-es/product/EP2147-CUSA13482_00-CR1RELEASE000001,,,2026-09-05,company-credit-ps4-pal-rapid-review-2026-09-05
ps4-cricket-19-the-official-game-of-the-ashes,Cricket 19: The Official Game Of The Ashes,Cricket 19: The Official Game of the Ashes,PAL España,standard,GAME_OR_UNKNOWN,DEVELOPER,,Big Ant Studios,HIGH,EXACT_PS4_WORK,ADD_DEVELOPER,Las fuentes consultadas atribuyen el desarrollo a Big Ant Studios.,https://www.bigant.com/all-game-list/cricket/,https://store.steampowered.com/app/3468650/Cricket_26__The_Official_Game_of_the_Ashes/,ADD,,big-ant-studios,Big Ant Studios,https://www.bigant.com/all-game-list/cricket/ | https://store.steampowered.com/app/3468650/Cricket_26__The_Official_Game_of_the_Ashes/,,,2026-09-05,company-credit-ps4-pal-rapid-review-2026-09-05
ps4-cricket-19-the-official-game-of-the-ashes,Cricket 19: The Official Game Of The Ashes,Cricket 19: The Official Game of the Ashes,PAL España,standard,GAME_OR_UNKNOWN,PHYSICAL_PUBLISHER_OR_DISTRIBUTOR,,Big Ant Studios,HIGH,EXACT_PS4_WORK,ADD_PHYSICAL_PUBLISHER_OR_DISTRIBUTOR,La edición PS4 consultada atribuye la publicación o distribución física a Big Ant Studios.,https://www.bigant.com/all-game-list/cricket/,https://store.steampowered.com/app/3468650/Cricket_26__The_Official_Game_of_the_Ashes/,ADD,,big-ant-studios,Big Ant Studios,https://www.bigant.com/all-game-list/cricket/ | https://store.steampowered.com/app/3468650/Cricket_26__The_Official_Game_of_the_Ashes/,,,2026-09-05,company-credit-ps4-pal-rapid-review-2026-09-05
ps4-cricket-22-the-official-game-of-the-ashes,Cricket 22: The Official Game of The Ashes,Cricket 22: The Official Game of the Ashes,PAL España,standard,GAME_OR_UNKNOWN,DEVELOPER,,Big Ant Studios,HIGH,EXACT_PS4_WORK,ADD_DEVELOPER,Las fuentes consultadas atribuyen el desarrollo a Big Ant Studios.,https://www.bigant.com/all-game-list/cricket/,https://store.steampowered.com/app/3468650/Cricket_26__The_Official_Game_of_the_Ashes/,ADD,,big-ant-studios,Big Ant Studios,https://www.bigant.com/all-game-list/cricket/ | https://store.steampowered.com/app/3468650/Cricket_26__The_Official_Game_of_the_Ashes/,,,2026-09-05,company-credit-ps4-pal-rapid-review-2026-09-05
ps4-cricket-22-the-official-game-of-the-ashes,Cricket 22: The Official Game of The Ashes,Cricket 22: The Official Game of the Ashes,PAL España,standard,GAME_OR_UNKNOWN,PHYSICAL_PUBLISHER_OR_DISTRIBUTOR,,Nacon,HIGH,EXACT_PS4_WORK,ADD_PHYSICAL_PUBLISHER_OR_DISTRIBUTOR,La edición PS4 consultada atribuye la publicación o distribución física a Nacon.,https://www.bigant.com/all-game-list/cricket/,https://store.steampowered.com/app/3468650/Cricket_26__The_Official_Game_of_the_Ashes/,ADD,,nacon,Nacon,https://www.bigant.com/all-game-list/cricket/ | https://store.steampowered.com/app/3468650/Cricket_26__The_Official_Game_of_the_Ashes/,,,2026-09-05,company-credit-ps4-pal-rapid-review-2026-09-05
ps4-cricket-26-the-official-game-of-the-ashes,Cricket 26: The Official Game Of The Ashes,Cricket 26: The Official Game of the Ashes,PAL España,standard,GAME_OR_UNKNOWN,PHYSICAL_PUBLISHER_OR_DISTRIBUTOR,,Nacon,HIGH,EXACT_PS4_WORK,ADD_PHYSICAL_PUBLISHER_OR_DISTRIBUTOR,La edición PS4 consultada atribuye la publicación o distribución física a Nacon.,https://www.bigant.com/all-game-list/cricket/,https://store.steampowered.com/app/3468650/Cricket_26__The_Official_Game_of_the_Ashes/,ADD,,nacon,Nacon,https://www.bigant.com/all-game-list/cricket/ | https://store.steampowered.com/app/3468650/Cricket_26__The_Official_Game_of_the_Ashes/,,,2026-09-05,company-credit-ps4-pal-rapid-review-2026-09-05
ps4-crymachina,Crymachina,Crymachina,PAL España,standard,GAME_OR_UNKNOWN,PHYSICAL_PUBLISHER_OR_DISTRIBUTOR,,NIS America,HIGH,GAME_WORK | PS4_RELEASE,ADD_OR_CONFIRM_CREDIT,"Coincidencia rápida: LAUNCHBOX_PS4, STEAM.",https://gamesdb.launchbox-app.com/games/details/475602,https://store.steampowered.com/app/2258500,ADD,,nis-america,NIS America,https://gamesdb.launchbox-app.com/games/details/475602 | https://store.steampowered.com/app/2258500,,,2026-09-05,company-credit-ps4-pal-rapid-review-2026-09-05
ps4-crymachina-deluxe-edition,Crymachina [Deluxe Edition],Crymachina [Deluxe Edition],PAL España,standard,EDITION_VARIANT,PHYSICAL_PUBLISHER_OR_DISTRIBUTOR,,NIS America,HIGH,GAME_WORK | PS4_RELEASE,ADD_OR_CONFIRM_CREDIT,"Coincidencia rápida: LAUNCHBOX_PS4, STEAM.",https://gamesdb.launchbox-app.com/games/details/475602,https://store.steampowered.com/app/2258500,ADD,,nis-america,NIS America,https://gamesdb.launchbox-app.com/games/details/475602 | https://store.steampowered.com/app/2258500,,,2026-09-05,company-credit-ps4-pal-rapid-review-2026-09-05
ps4-crysis-remastered-trilogy,Crysis Remastered Trilogy,Crysis Remastered Trilogy,PAL España,standard,POSSIBLE_COMPILATION_OR_MULTI_PRODUCT,DEVELOPER,,Crytek,HIGH,REMASTER_COMPILATION,ADD_DEVELOPER,Las fuentes consultadas atribuyen el desarrollo a Crytek.,https://www.crysis.com/,,ADD,,crytek,Crytek,https://www.crysis.com/,,,2026-09-05,company-credit-ps4-pal-rapid-review-2026-09-05
ps4-curse-of-the-sea-rats,Curse of the Sea Rats,Curse of the Sea Rats,PAL España,standard,GAME_OR_UNKNOWN,PHYSICAL_PUBLISHER_OR_DISTRIBUTOR,,PQube,HIGH,GAME_WORK | PS4_RELEASE,ADD_OR_CONFIRM_CREDIT,"Coincidencia rápida: LAUNCHBOX_PS4, STEAM, WIKIDATA.",https://gamesdb.launchbox-app.com/games/details/475598,https://store.steampowered.com/app/1453900,ADD,,pqube,PQube Ltd.,https://gamesdb.launchbox-app.com/games/details/475598 | https://store.steampowered.com/app/1453900,,,2026-09-05,company-credit-ps4-pal-rapid-review-2026-09-05
ps4-cyberdimension-4-goddesses-online,Cyberdimension 4 Goddesses Online,Cyberdimension Neptunia: 4 Goddesses Online,PAL España,standard,GAME_OR_UNKNOWN,DEVELOPER,Tamsoft,Tamsoft,HIGH,EXACT_PS4_WORK,ADD_DEVELOPER,Las fuentes consultadas atribuyen el desarrollo a Tamsoft.,https://ideafintl.com/cyberdimension/,,CONFIRM,Tamsoft,tamsoft,Tamsoft Corporation,https://ideafintl.com/cyberdimension/,,,2026-09-05,company-credit-ps4-pal-rapid-review-2026-09-05
ps4-cyberdimension-4-goddesses-online,Cyberdimension 4 Goddesses Online,Cyberdimension Neptunia: 4 Goddesses Online,PAL España,standard,GAME_OR_UNKNOWN,PHYSICAL_PUBLISHER_OR_DISTRIBUTOR,Idea Factory,Idea Factory International,HIGH,EXACT_PS4_WORK,ADD_PHYSICAL_PUBLISHER_OR_DISTRIBUTOR,La edición PS4 consultada atribuye la publicación o distribución física a Idea Factory International.,https://ideafintl.com/cyberdimension/,,REPLACE,Idea Factory,idea-factory-international,Idea Factory International,https://ideafintl.com/cyberdimension/,,,2026-09-05,company-credit-ps4-pal-rapid-review-2026-09-05
ps4-cyberpunk-2077-fan-bundle,Cyberpunk 2077 [Fan Bundle],Cyberpunk 2077 [Fan Bundle],PAL España,standard,BUNDLE_OR_MULTI_PRODUCT,DEVELOPER,,CD PROJEKT RED,HIGH,GAME_WORK | PS4_RELEASE | SAME_WORK_EDITION,ADD_OR_CONFIRM_CREDIT,"Coincidencia rápida: LAUNCHBOX_PS4, STEAM, VERIFIED_PS4_SIBLING, WIKIDATA.",https://gamesdb.launchbox-app.com/games/details/22722,https://store.steampowered.com/app/1091500,ADD,,cd-projekt-red,CD Projekt RED,https://gamesdb.launchbox-app.com/games/details/22722 | https://store.steampowered.com/app/1091500,,,2026-09-05,company-credit-ps4-pal-rapid-review-2026-09-05
ps4-cyberpunk-2077-samurai-pack,Cyberpunk 2077 [Samurai Pack],Cyberpunk 2077 [Samurai Pack],PAL España,standard,BUNDLE_OR_MULTI_PRODUCT,DEVELOPER,,CD PROJEKT RED,HIGH,GAME_WORK | PS4_RELEASE | SAME_WORK_EDITION,ADD_OR_CONFIRM_CREDIT,"Coincidencia rápida: LAUNCHBOX_PS4, STEAM, VERIFIED_PS4_SIBLING, WIKIDATA.",https://gamesdb.launchbox-app.com/games/details/22722,https://store.steampowered.com/app/1091500,ADD,,cd-projekt-red,CD Projekt RED,https://gamesdb.launchbox-app.com/games/details/22722 | https://store.steampowered.com/app/1091500,,,2026-09-05,company-credit-ps4-pal-rapid-review-2026-09-05
ps4-cyberpunk-2077-edicion-day-one,Cyberpunk 2077 Edición Day one,Cyberpunk 2077 [Day One Edition],PAL España,standard,EDITION_VARIANT,DEVELOPER,,CD Projekt Red,HIGH,EXACT_PAL_PHYSICAL_EDITION,ADD_DEVELOPER,Las fuentes consultadas atribuyen el desarrollo a CD Projekt Red.,https://www.cyberpunk.net/,https://en.bandainamcoent.eu/cyberpunk/cyberpunk-2077,ADD,,cd-projekt-red,CD Projekt RED,https://www.cyberpunk.net/ | https://en.bandainamcoent.eu/cyberpunk/cyberpunk-2077,,,2026-09-05,company-credit-ps4-pal-rapid-review-2026-09-05
ps4-cyberpunk-2077-edicion-day-one,Cyberpunk 2077 Edición Day one,Cyberpunk 2077 [Day One Edition],PAL España,standard,EDITION_VARIANT,PHYSICAL_PUBLISHER_OR_DISTRIBUTOR,,Bandai Namco Entertainment Europe,HIGH,EXACT_PAL_PHYSICAL_EDITION,ADD_PHYSICAL_PUBLISHER_OR_DISTRIBUTOR,La edición PS4 consultada atribuye la publicación o distribución física a Bandai Namco Entertainment Europe.,https://www.cyberpunk.net/,https://en.bandainamcoent.eu/cyberpunk/cyberpunk-2077,ADD,,bandai-namco-entertainment-europe,Bandai Namco Entertainment Europe,https://www.cyberpunk.net/ | https://en.bandainamcoent.eu/cyberpunk/cyberpunk-2077,,,2026-09-05,company-credit-ps4-pal-rapid-review-2026-09-05
ps4-dakar-desert-rally,Dakar Desert Rally,Dakar Desert Rally,PAL España,standard,GAME_OR_UNKNOWN,PHYSICAL_PUBLISHER_OR_DISTRIBUTOR,,Saber Interactive,HIGH,GAME_WORK | PS4_RELEASE,ADD_OR_CONFIRM_CREDIT,"Coincidencia rápida: LAUNCHBOX_PS4, STEAM, WIKIDATA.",https://gamesdb.launchbox-app.com/games/details/442363,https://store.steampowered.com/app/1839940,ADD,,saber-interactive,Saber Interactive Inc,https://gamesdb.launchbox-app.com/games/details/442363 | https://store.steampowered.com/app/1839940,,,2026-09-05,company-credit-ps4-pal-rapid-review-2026-09-05
ps4-danganronpa-trilogy,Danganronpa Trilogy,Danganronpa Trilogy,PAL España,standard,POSSIBLE_COMPILATION_OR_MULTI_PRODUCT,DEVELOPER,Spike Chunsoft,Spike Chunsoft,HIGH,EXACT_TITLE_OR_EDITION_FAMILY,ADD_OR_CONFIRM_CREDIT,Crédito verificado para la obra base y aplicado únicamente a esta edición: Spike Chunsoft.,https://nisamerica.com/games/danganronpa-trilogy/,,CONFIRM,Spike Chunsoft,spike-chunsoft,Spike Chunsoft,https://nisamerica.com/games/danganronpa-trilogy/,,,2026-09-05,company-credit-ps4-pal-rapid-review-2026-09-05
ps4-dangerous-driving,Dangerous Driving,Dangerous Driving,PAL España,standard,GAME_OR_UNKNOWN,DIGITAL_PUBLISHER,,THREE FIELDS ENTERTAINMENT LIMITED,HIGH,DIGITAL_PS4_EU,ADD_OR_CONFIRM_CREDIT,Coincidencia rápida: PLAYSTATION_STORE.,https://store.playstation.com/es-es/product/EP1884-CUSA13942_00-DANGEROUSDRIVING,,ADD,,three-fields-entertainment,Three Fields Entertainment,https://store.playstation.com/es-es/product/EP1884-CUSA13942_00-DANGEROUSDRIVING,,,2026-09-05,company-credit-ps4-pal-rapid-review-2026-09-05
ps4-darius-cozmic-collection-arcade,Darius Cozmic Collection Arcade,Darius Cozmic Collection Arcade,PAL España,standard,POSSIBLE_COMPILATION_OR_MULTI_PRODUCT,DEVELOPER,M2,M2,HIGH,EXACT_TITLE_OR_EDITION_FAMILY,ADD_OR_CONFIRM_CREDIT,Crédito verificado para la obra base y aplicado únicamente a esta edición: M2.,https://www.iningames.com/games/darius-cozmic-collection,,CONFIRM,M2,m2,M2,https://www.iningames.com/games/darius-cozmic-collection,,,2026-09-05,company-credit-ps4-pal-rapid-review-2026-09-05
ps4-darius-cozmic-collection-console,Darius Cozmic Collection Console,Darius Cozmic Collection Console,PAL España,standard,POSSIBLE_COMPILATION_OR_MULTI_PRODUCT,DEVELOPER,M2,M2,HIGH,EXACT_TITLE_OR_EDITION_FAMILY,ADD_OR_CONFIRM_CREDIT,Crédito verificado para la obra base y aplicado únicamente a esta edición: M2.,https://www.iningames.com/games/darius-cozmic-collection,,CONFIRM,M2,m2,M2,https://www.iningames.com/games/darius-cozmic-collection,,,2026-09-05,company-credit-ps4-pal-rapid-review-2026-09-05
ps4-dariusburst-another-chronicle-ex&#43;,Dariusburst: Another Chronicle EX+,Dariusburst: Another Chronicle EX+,PAL España,standard,GAME_OR_UNKNOWN,DEVELOPER,,Pyramid,HIGH,EXACT_TITLE_OR_EDITION_FAMILY,ADD_OR_CONFIRM_CREDIT,Crédito verificado para la obra base y aplicado únicamente a esta edición: Pyramid.,https://www.iningames.com/games/dariusburst-another-chronicle-ex,,ADD,,pyramid,Pyramid,https://www.iningames.com/games/dariusburst-another-chronicle-ex,,,2026-09-05,company-credit-ps4-pal-rapid-review-2026-09-05
ps4-dariusburst-another-chronicle-ex&#43;,Dariusburst: Another Chronicle EX+,Dariusburst: Another Chronicle EX+,PAL España,standard,GAME_OR_UNKNOWN,PHYSICAL_PUBLISHER_OR_DISTRIBUTOR,,ININ Games,HIGH,EXACT_TITLE_OR_EDITION_FAMILY,ADD_OR_CONFIRM_CREDIT,Crédito verificado para la obra base y aplicado únicamente a esta edición: ININ Games.,https://www.iningames.com/games/dariusburst-another-chronicle-ex,,ADD,,inin-games,ININ Games,https://www.iningames.com/games/dariusburst-another-chronicle-ex,,,2026-09-05,company-credit-ps4-pal-rapid-review-2026-09-05
ps4-dark-pictures-anthology-house-of-ashes,Dark Pictures Anthology: House of Ashes,Dark Pictures Anthology: House of Ashes,PAL España,standard,GAME_OR_UNKNOWN,DEVELOPER,,Supermassive Games,HIGH,EXACT_TITLE_OR_EDITION_FAMILY,ADD_OR_CONFIRM_CREDIT,Crédito verificado para la obra base y aplicado únicamente a esta edición: Supermassive Games.,https://en.bandainamcoent.eu/the-dark-pictures/the-dark-pictures-house-of-ashes,,ADD,,supermassive-games,SuperMassive Games Ltd.,https://en.bandainamcoent.eu/the-dark-pictures/the-dark-pictures-house-of-ashes,,,2026-09-05,company-credit-ps4-pal-rapid-review-2026-09-05
ps4-dark-pictures-anthology-house-of-ashes,Dark Pictures Anthology: House of Ashes,Dark Pictures Anthology: House of Ashes,PAL España,standard,GAME_OR_UNKNOWN,PHYSICAL_PUBLISHER_OR_DISTRIBUTOR,,Bandai Namco Entertainment Europe,HIGH,EXACT_TITLE_OR_EDITION_FAMILY,ADD_OR_CONFIRM_CREDIT,Crédito verificado para la obra base y aplicado únicamente a esta edición: Bandai Namco Entertainment Europe.,https://en.bandainamcoent.eu/the-dark-pictures/the-dark-pictures-house-of-ashes,,ADD,,bandai-namco-entertainment-europe,Bandai Namco Entertainment Europe,https://en.bandainamcoent.eu/the-dark-pictures/the-dark-pictures-house-of-ashes,,,2026-09-05,company-credit-ps4-pal-rapid-review-2026-09-05
ps4-dark-soul-i,Dark Soul I,Dark Soul I,PAL España,standard,GAME_OR_UNKNOWN,DEVELOPER,,FromSoftware,HIGH,EXACT_TITLE_OR_EDITION_FAMILY,ADD_OR_CONFIRM_CREDIT,Crédito verificado para la obra base y aplicado únicamente a esta edición: FromSoftware.,https://en.bandainamcoent.eu/dark-souls/dark-souls-remastered,,ADD,,fromsoftware,FromSoftware,https://en.bandainamcoent.eu/dark-souls/dark-souls-remastered,,,2026-09-05,company-credit-ps4-pal-rapid-review-2026-09-05
ps4-dark-soul-i,Dark Soul I,Dark Soul I,PAL España,standard,GAME_OR_UNKNOWN,PHYSICAL_PUBLISHER_OR_DISTRIBUTOR,,Bandai Namco Entertainment Europe,HIGH,EXACT_TITLE_OR_EDITION_FAMILY,ADD_OR_CONFIRM_CREDIT,Crédito verificado para la obra base y aplicado únicamente a esta edición: Bandai Namco Entertainment Europe.,https://en.bandainamcoent.eu/dark-souls/dark-souls-remastered,,ADD,,bandai-namco-entertainment-europe,Bandai Namco Entertainment Europe,https://en.bandainamcoent.eu/dark-souls/dark-souls-remastered,,,2026-09-05,company-credit-ps4-pal-rapid-review-2026-09-05
ps4-dark-souls-trilogy,Dark Souls Trilogy,Dark Souls Trilogy,PAL España,standard,POSSIBLE_COMPILATION_OR_MULTI_PRODUCT,DEVELOPER,From Software,FromSoftware,HIGH,EXACT_TITLE_OR_EDITION_FAMILY,ADD_OR_CONFIRM_CREDIT,Crédito verificado para la obra base y aplicado únicamente a esta edición: FromSoftware.,https://en.bandainamcoent.eu/dark-souls/dark-souls-trilogy,,REPLACE,From Software,fromsoftware,FromSoftware,https://en.bandainamcoent.eu/dark-souls/dark-souls-trilogy,,,2026-09-05,company-credit-ps4-pal-rapid-review-2026-09-05
ps4-dark-souls-trilogy-collector%27s-edition,Dark Souls Trilogy [Collector's Edition],Dark Souls Trilogy [Collector's Edition],PAL España,standard,EDITION_VARIANT,DEVELOPER,,FromSoftware,HIGH,EXACT_TITLE_OR_EDITION_FAMILY,ADD_OR_CONFIRM_CREDIT,Crédito verificado para la obra base y aplicado únicamente a esta edición: FromSoftware.,https://en.bandainamcoent.eu/dark-souls/dark-souls-trilogy,,ADD,,fromsoftware,FromSoftware,https://en.bandainamcoent.eu/dark-souls/dark-souls-trilogy,,,2026-09-05,company-credit-ps4-pal-rapid-review-2026-09-05
ps4-dark-souls-trilogy-collector%27s-edition,Dark Souls Trilogy [Collector's Edition],Dark Souls Trilogy [Collector's Edition],PAL España,standard,EDITION_VARIANT,PHYSICAL_PUBLISHER_OR_DISTRIBUTOR,,Bandai Namco Entertainment Europe,HIGH,EXACT_TITLE_OR_EDITION_FAMILY,ADD_OR_CONFIRM_CREDIT,Crédito verificado para la obra base y aplicado únicamente a esta edición: Bandai Namco Entertainment Europe.,https://en.bandainamcoent.eu/dark-souls/dark-souls-trilogy,,ADD,,bandai-namco-entertainment-europe,Bandai Namco Entertainment Europe,https://en.bandainamcoent.eu/dark-souls/dark-souls-trilogy,,,2026-09-05,company-credit-ps4-pal-rapid-review-2026-09-05
ps4-dark-thrones-&amp;-witch-hunter-double-pack,Dark Thrones & Witch Hunter Double Pack,Dark Thrones & Witch Hunter Double Pack,PAL España,standard,POSSIBLE_COMPILATION_OR_MULTI_PRODUCT,PHYSICAL_PUBLISHER_OR_DISTRIBUTOR,,GS2 Games,HIGH,EXACT_PS4_PHYSICAL_COMPILATION,ADD_PHYSICAL_PUBLISHER_OR_DISTRIBUTOR,La edición PS4 consultada atribuye la publicación o distribución física a GS2 Games.,https://www.ebay.com/p/24050997184,,ADD,,gs2-games,GS2 Games,https://www.ebay.com/p/24050997184,,,2026-09-05,company-credit-ps4-pal-rapid-review-2026-09-05
ps4-darkest-dungeon-ancestral-edition,Darkest Dungeon: Ancestral Edition,Darkest Dungeon: Ancestral Edition,PAL España,standard,GAME_OR_UNKNOWN,DEVELOPER,,Red Hook Studios,HIGH,EXACT_TITLE_OR_EDITION_FAMILY,ADD_OR_CONFIRM_CREDIT,Crédito verificado para la obra base y aplicado únicamente a esta edición: Red Hook Studios.,https://www.darkestdungeon.com/,,ADD,,red-hook-studios,Red Hook Studios,https://www.darkestdungeon.com/,,,2026-09-05,company-credit-ps4-pal-rapid-review-2026-09-05
ps4-darkest-dungeon-ancestral-edition,Darkest Dungeon: Ancestral Edition,Darkest Dungeon: Ancestral Edition,PAL España,standard,GAME_OR_UNKNOWN,PHYSICAL_PUBLISHER_OR_DISTRIBUTOR,,Merge Games,HIGH,EXACT_TITLE_OR_EDITION_FAMILY,ADD_OR_CONFIRM_CREDIT,Crédito verificado para la obra base y aplicado únicamente a esta edición: Merge Games.,https://www.darkestdungeon.com/,,ADD,,merge-games,Merge Games,https://www.darkestdungeon.com/,,,2026-09-05,company-credit-ps4-pal-rapid-review-2026-09-05
ps4-darq-ultimate-edition,Darq Ultimate Edition,Darq Ultimate Edition,PAL España,standard,EDITION_VARIANT,DEVELOPER,,Unfold Games,HIGH,EXACT_TITLE_OR_EDITION_FAMILY,ADD_OR_CONFIRM_CREDIT,Crédito verificado para la obra base y aplicado únicamente a esta edición: Unfold Games.,https://darqgame.com/,,ADD,,unfold-games,Unfold Games,https://darqgame.com/,,,2026-09-05,company-credit-ps4-pal-rapid-review-2026-09-05
ps4-darq-ultimate-edition,Darq Ultimate Edition,Darq Ultimate Edition,PAL España,standard,EDITION_VARIANT,PHYSICAL_PUBLISHER_OR_DISTRIBUTOR,,Feardemic,HIGH,EXACT_TITLE_OR_EDITION_FAMILY,ADD_OR_CONFIRM_CREDIT,Crédito verificado para la obra base y aplicado únicamente a esta edición: Feardemic.,https://darqgame.com/,,ADD,,feardemic,Feardemic,https://darqgame.com/,,,2026-09-05,company-credit-ps4-pal-rapid-review-2026-09-05
ps4-date-a-live-rio-reincarnation-limited-edition,Date A Live: Rio Reincarnation [Limited Edition],Date A Live: Rio Reincarnation [Limited Edition],PAL España,standard,EDITION_VARIANT,PHYSICAL_PUBLISHER_OR_DISTRIBUTOR,,Idea Factory International,HIGH,GAME_WORK | PS4_RELEASE,ADD_OR_CONFIRM_CREDIT,"Coincidencia rápida: LAUNCHBOX_PS4, STEAM, WIKIDATA.",https://gamesdb.launchbox-app.com/games/details/185588,https://store.steampowered.com/app/1047440,ADD,,idea-factory-international,Idea Factory International,https://gamesdb.launchbox-app.com/games/details/185588 | https://store.steampowered.com/app/1047440,,,2026-09-05,company-credit-ps4-pal-rapid-review-2026-09-05
ps4-daymare-1994-sandcastle-limited-edition,Daymare: 1994 Sandcastle [Limited Edition],Daymare: 1994 Sandcastle [Limited Edition],PAL España,standard,EDITION_VARIANT,PHYSICAL_PUBLISHER_OR_DISTRIBUTOR,,Leonardo Interactive,HIGH,GAME_WORK,ADD_OR_CONFIRM_CREDIT,"Coincidencia rápida: STEAM, WIKIDATA.",https://store.steampowered.com/app/1530470,https://www.wikidata.org/entity/Q106977312,ADD,,leonardo-interactive,Leonardo Interactive,https://store.steampowered.com/app/1530470 | https://www.wikidata.org/entity/Q106977312,,,2026-09-05,company-credit-ps4-pal-rapid-review-2026-09-05
ps4-days-gone-edicion-especial,Days Gone Edición Especial,Days Gone Edición Especial,PAL España,standard,EDITION_VARIANT,DEVELOPER,,Bend Studio,HIGH,EXACT_TITLE_OR_EDITION_FAMILY,ADD_OR_CONFIRM_CREDIT,Crédito verificado para la obra base y aplicado únicamente a esta edición: Bend Studio.,https://www.playstation.com/en-gb/games/days-gone/,,ADD,,bend-studio,Bend Studio,https://www.playstation.com/en-gb/games/days-gone/,,,2026-09-05,company-credit-ps4-pal-rapid-review-2026-09-05
ps4-days-gone-edicion-especial,Days Gone Edición Especial,Days Gone Edición Especial,PAL España,standard,EDITION_VARIANT,PHYSICAL_PUBLISHER_OR_DISTRIBUTOR,,Sony Interactive Entertainment,HIGH,EXACT_TITLE_OR_EDITION_FAMILY,ADD_OR_CONFIRM_CREDIT,Crédito verificado para la obra base y aplicado únicamente a esta edición: Sony Interactive Entertainment.,https://www.playstation.com/en-gb/games/days-gone/,,ADD,,sony-interactive-entertainment,Sony Interactive Entertainment,https://www.playstation.com/en-gb/games/days-gone/,,,2026-09-05,company-credit-ps4-pal-rapid-review-2026-09-05
ps4-days-of-doom,Days of Doom,Days of Doom,PAL España,standard,GAME_OR_UNKNOWN,PHYSICAL_PUBLISHER_OR_DISTRIBUTOR,,Atari,HIGH,GAME_WORK | PS4_RELEASE,ADD_OR_CONFIRM_CREDIT,"Coincidencia rápida: LAUNCHBOX_PS4, STEAM.",https://gamesdb.launchbox-app.com/games/details/475616,https://store.steampowered.com/app/2258180,ADD,,atari,Atari Europe,https://gamesdb.launchbox-app.com/games/details/475616 | https://store.steampowered.com/app/2258180,,,2026-09-05,company-credit-ps4-pal-rapid-review-2026-09-05
ps4-dc-league-of-super-pets-adventure-of-krypto-&amp;-ace,DC League of Super-Pets: Adventure of Krypto & Ace,DC League of Super-Pets: Adventure of Krypto & Ace,PAL España,standard,GAME_OR_UNKNOWN,DEVELOPER,,PHL Collective,HIGH,EXACT_TITLE_OR_EDITION_FAMILY,ADD_OR_CONFIRM_CREDIT,Crédito verificado para la obra base y aplicado únicamente a esta edición: PHL Collective.,https://www.outrightgames.com/games/dc-league-of-super-pets/,,ADD,,phl-collective,PHL Collective,https://www.outrightgames.com/games/dc-league-of-super-pets/,,,2026-09-05,company-credit-ps4-pal-rapid-review-2026-09-05
ps4-dc-league-of-super-pets-adventure-of-krypto-&amp;-ace,DC League of Super-Pets: Adventure of Krypto & Ace,DC League of Super-Pets: Adventure of Krypto & Ace,PAL España,standard,GAME_OR_UNKNOWN,PHYSICAL_PUBLISHER_OR_DISTRIBUTOR,,Outright Games,HIGH,EXACT_TITLE_OR_EDITION_FAMILY,ADD_OR_CONFIRM_CREDIT,Crédito verificado para la obra base y aplicado únicamente a esta edición: Outright Games.,https://www.outrightgames.com/games/dc-league-of-super-pets/,,ADD,,outright-games,Outright Games LTD,https://www.outrightgames.com/games/dc-league-of-super-pets/,,,2026-09-05,company-credit-ps4-pal-rapid-review-2026-09-05
ps4-dc%27s-justice-league-cosmic-chaos,DC's Justice League: Cosmic Chaos,DC's Justice League: Cosmic Chaos,PAL España,standard,GAME_OR_UNKNOWN,PHYSICAL_PUBLISHER_OR_DISTRIBUTOR,,Outright Games,HIGH,GAME_WORK | PS4_RELEASE,ADD_OR_CONFIRM_CREDIT,"Coincidencia rápida: LAUNCHBOX_PS4, STEAM.",https://gamesdb.launchbox-app.com/games/details/469926,https://store.steampowered.com/app/1944850,ADD,,outright-games,Outright Games LTD,https://gamesdb.launchbox-app.com/games/details/469926 | https://store.steampowered.com/app/1944850,,,2026-09-05,company-credit-ps4-pal-rapid-review-2026-09-05
ps4-dcl-the-game,DCL: The Game,DCL: The Game,PAL España,standard,GAME_OR_UNKNOWN,PHYSICAL_PUBLISHER_OR_DISTRIBUTOR,,THQ Nordic,HIGH,DIGITAL_PS4_EU | GAME_WORK | PS4_RELEASE,ADD_OR_CONFIRM_CREDIT,"Coincidencia rápida: LAUNCHBOX_PS4, PLAYSTATION_STORE, STEAM.",https://gamesdb.launchbox-app.com/games/details/473024,https://store.playstation.com/es-es/product/EP4389-CUSA17440_00-DCLGAMEEU0000000,ADD,,thq-nordic,THQ Nordic GmbH,https://gamesdb.launchbox-app.com/games/details/473024 | https://store.playstation.com/es-es/product/EP4389-CUSA17440_00-DCLGAMEEU0000000,,,2026-09-05,company-credit-ps4-pal-rapid-review-2026-09-05
ps4-dead-cells-return-to-castlevania-edition,Dead Cells: Return to Castlevania Edition,Dead Cells: Return to Castlevania Edition,PAL España,standard,GAME_OR_UNKNOWN,DEVELOPER,,Motion Twin,HIGH,EXACT_TITLE_OR_EDITION_FAMILY,ADD_OR_CONFIRM_CREDIT,Crédito verificado para la obra base y aplicado únicamente a esta edición: Motion Twin.,https://dead-cells.com/,,ADD,,motion-twin,Motion Twin,https://dead-cells.com/,,,2026-09-05,company-credit-ps4-pal-rapid-review-2026-09-05
ps4-dead-cells-return-to-castlevania-edition,Dead Cells: Return to Castlevania Edition,Dead Cells: Return to Castlevania Edition,PAL España,standard,GAME_OR_UNKNOWN,PHYSICAL_PUBLISHER_OR_DISTRIBUTOR,,Merge Games,HIGH,EXACT_TITLE_OR_EDITION_FAMILY,ADD_OR_CONFIRM_CREDIT,Crédito verificado para la obra base y aplicado únicamente a esta edición: Merge Games.,https://dead-cells.com/,,ADD,,merge-games,Merge Games,https://dead-cells.com/,,,2026-09-05,company-credit-ps4-pal-rapid-review-2026-09-05
ps4-dead-island-2-brain-freeze-bundle,Dead Island 2 [Brain Freeze Bundle],Dead Island 2 [Brain Freeze Bundle],PAL España,standard,BUNDLE_OR_MULTI_PRODUCT,DEVELOPER,,Dambuster Studios,HIGH,EXACT_TITLE_OR_EDITION_FAMILY,ADD_OR_CONFIRM_CREDIT,Crédito verificado para la obra base y aplicado únicamente a esta edición: Dambuster Studios.,https://deadisland.com/,,ADD,,dambuster-studios,Dambuster Studios,https://deadisland.com/,,,2026-09-05,company-credit-ps4-pal-rapid-review-2026-09-05
ps4-dead-island-2-brain-freeze-bundle,Dead Island 2 [Brain Freeze Bundle],Dead Island 2 [Brain Freeze Bundle],PAL España,standard,BUNDLE_OR_MULTI_PRODUCT,PHYSICAL_PUBLISHER_OR_DISTRIBUTOR,,Deep Silver,HIGH,EXACT_TITLE_OR_EDITION_FAMILY,ADD_OR_CONFIRM_CREDIT,Crédito verificado para la obra base y aplicado únicamente a esta edición: Deep Silver.,https://deadisland.com/,,ADD,,deep-silver,Deep SIlver,https://deadisland.com/,,,2026-09-05,company-credit-ps4-pal-rapid-review-2026-09-05
ps4-dead-island-2-carver-the-shark-bundle,Dead Island 2 [Carver the Shark Bundle],Dead Island 2 [Carver the Shark Bundle],PAL España,standard,BUNDLE_OR_MULTI_PRODUCT,DEVELOPER,,Dambuster Studios,HIGH,EXACT_TITLE_OR_EDITION_FAMILY,ADD_OR_CONFIRM_CREDIT,Crédito verificado para la obra base y aplicado únicamente a esta edición: Dambuster Studios.,https://deadisland.com/,,ADD,,dambuster-studios,Dambuster Studios,https://deadisland.com/,,,2026-09-05,company-credit-ps4-pal-rapid-review-2026-09-05
ps4-dead-island-2-carver-the-shark-bundle,Dead Island 2 [Carver the Shark Bundle],Dead Island 2 [Carver the Shark Bundle],PAL España,standard,BUNDLE_OR_MULTI_PRODUCT,PHYSICAL_PUBLISHER_OR_DISTRIBUTOR,,Deep Silver,HIGH,EXACT_TITLE_OR_EDITION_FAMILY,ADD_OR_CONFIRM_CREDIT,Crédito verificado para la obra base y aplicado únicamente a esta edición: Deep Silver.,https://deadisland.com/,,ADD,,deep-silver,Deep SIlver,https://deadisland.com/,,,2026-09-05,company-credit-ps4-pal-rapid-review-2026-09-05
ps4-dead-island-definitive-collection,Dead Island [Definitive Collection],Dead Island [Definitive Collection],PAL España,standard,BUNDLE_OR_MULTI_PRODUCT,DEVELOPER,,Techland,HIGH,EXACT_TITLE_OR_EDITION_FAMILY,ADD_OR_CONFIRM_CREDIT,Crédito verificado para la obra base y aplicado únicamente a esta edición: Techland.,https://www.deepsilver.com/games/dead-island-definitive-collection,,ADD,,techland,Techland,https://www.deepsilver.com/games/dead-island-definitive-collection,,,2026-09-05,company-credit-ps4-pal-rapid-review-2026-09-05
ps4-dead-island-definitive-collection,Dead Island [Definitive Collection],Dead Island [Definitive Collection],PAL España,standard,BUNDLE_OR_MULTI_PRODUCT,PHYSICAL_PUBLISHER_OR_DISTRIBUTOR,,Deep Silver,HIGH,EXACT_TITLE_OR_EDITION_FAMILY,ADD_OR_CONFIRM_CREDIT,Crédito verificado para la obra base y aplicado únicamente a esta edición: Deep Silver.,https://www.deepsilver.com/games/dead-island-definitive-collection,,ADD,,deep-silver,Deep SIlver,https://www.deepsilver.com/games/dead-island-definitive-collection,,,2026-09-05,company-credit-ps4-pal-rapid-review-2026-09-05
ps4-dead-island-definitive-collection-slaughter-pack,Dead Island Definitive Collection [Slaughter Pack],Dead Island Definitive Collection [Slaughter Pack],PAL España,standard,BUNDLE_OR_MULTI_PRODUCT,DEVELOPER,,Techland,HIGH,EXACT_TITLE_OR_EDITION_FAMILY,ADD_OR_CONFIRM_CREDIT,Crédito verificado para la obra base y aplicado únicamente a esta edición: Techland.,https://www.deepsilver.com/games/dead-island-definitive-collection,,ADD,,techland,Techland,https://www.deepsilver.com/games/dead-island-definitive-collection,,,2026-09-05,company-credit-ps4-pal-rapid-review-2026-09-05
ps4-dead-island-definitive-collection-slaughter-pack,Dead Island Definitive Collection [Slaughter Pack],Dead Island Definitive Collection [Slaughter Pack],PAL España,standard,BUNDLE_OR_MULTI_PRODUCT,PHYSICAL_PUBLISHER_OR_DISTRIBUTOR,,Deep Silver,HIGH,EXACT_TITLE_OR_EDITION_FAMILY,ADD_OR_CONFIRM_CREDIT,Crédito verificado para la obra base y aplicado únicamente a esta edición: Deep Silver.,https://www.deepsilver.com/games/dead-island-definitive-collection,,ADD,,deep-silver,Deep SIlver,https://www.deepsilver.com/games/dead-island-definitive-collection,,,2026-09-05,company-credit-ps4-pal-rapid-review-2026-09-05
ps4-dead-rising-4-frank%27s-big-package,Dead Rising 4 Frank's Big Package,Dead Rising 4 Frank's Big Package,PAL España,standard,GAME_OR_UNKNOWN,DEVELOPER,,Capcom Vancouver,HIGH,EXACT_TITLE_OR_EDITION_FAMILY,ADD_OR_CONFIRM_CREDIT,Crédito verificado para la obra base y aplicado únicamente a esta edición: Capcom Vancouver.,https://www.capcom.com/deadrising/,,ADD,,capcom-vancouver,Capcom Vancouver,https://www.capcom.com/deadrising/,,,2026-09-05,company-credit-ps4-pal-rapid-review-2026-09-05
ps4-dead-rising-4-frank%27s-big-package,Dead Rising 4 Frank's Big Package,Dead Rising 4 Frank's Big Package,PAL España,standard,GAME_OR_UNKNOWN,PHYSICAL_PUBLISHER_OR_DISTRIBUTOR,,Capcom,HIGH,EXACT_TITLE_OR_EDITION_FAMILY,ADD_OR_CONFIRM_CREDIT,Crédito verificado para la obra base y aplicado únicamente a esta edición: Capcom.,https://www.capcom.com/deadrising/,,ADD,,capcom,Capcom,https://www.capcom.com/deadrising/,,,2026-09-05,company-credit-ps4-pal-rapid-review-2026-09-05
ps4-dead-rising-4-frank%27s-big-package-not-for-resale,Dead Rising 4: Frank's Big Package [Not For Resale],Dead Rising 4: Frank's Big Package [Not For Resale],PAL España,standard,PROMO_COPY,DEVELOPER,,Capcom Vancouver,HIGH,EXACT_TITLE_OR_EDITION_FAMILY,ADD_OR_CONFIRM_CREDIT,Crédito verificado para la obra base y aplicado únicamente a esta edición: Capcom Vancouver.,https://www.capcom.com/deadrising/,,ADD,,capcom-vancouver,Capcom Vancouver,https://www.capcom.com/deadrising/,,,2026-09-05,company-credit-ps4-pal-rapid-review-2026-09-05
ps4-dead-rising-4-frank%27s-big-package-not-for-resale,Dead Rising 4: Frank's Big Package [Not For Resale],Dead Rising 4: Frank's Big Package [Not For Resale],PAL España,standard,PROMO_COPY,PHYSICAL_PUBLISHER_OR_DISTRIBUTOR,,Capcom,HIGH,EXACT_TITLE_OR_EDITION_FAMILY,ADD_OR_CONFIRM_CREDIT,Crédito verificado para la obra base y aplicado únicamente a esta edición: Capcom.,https://www.capcom.com/deadrising/,,ADD,,capcom,Capcom,https://www.capcom.com/deadrising/,,,2026-09-05,company-credit-ps4-pal-rapid-review-2026-09-05
ps4-deadpool-masacre,DeadPool Masacre,DeadPool Masacre,PAL España,standard,GAME_OR_UNKNOWN,DEVELOPER,,High Moon Studios,HIGH,EXACT_TITLE_OR_EDITION_FAMILY,ADD_OR_CONFIRM_CREDIT,Crédito verificado para la obra base y aplicado únicamente a esta edición: High Moon Studios.,https://www.activision.com/,,ADD,,high-moon-studios,High Moon Studios,https://www.activision.com/,,,2026-09-05,company-credit-ps4-pal-rapid-review-2026-09-05
ps4-deadpool-masacre,DeadPool Masacre,DeadPool Masacre,PAL España,standard,GAME_OR_UNKNOWN,PHYSICAL_PUBLISHER_OR_DISTRIBUTOR,,Activision,HIGH,EXACT_TITLE_OR_EDITION_FAMILY,ADD_OR_CONFIRM_CREDIT,Crédito verificado para la obra base y aplicado únicamente a esta edición: Activision.,https://www.activision.com/,,ADD,,activision,Activision,https://www.activision.com/,,,2026-09-05,company-credit-ps4-pal-rapid-review-2026-09-05
ps4-death-end-re;quest-triple-pack,Death End Re;Quest [Triple Pack],Death End Re;Quest [Triple Pack],PAL España,standard,BUNDLE_OR_MULTI_PRODUCT,DEVELOPER,,Idea Factory,HIGH,GAME_WORK | PS4_RELEASE | SAME_WORK_EDITION,ADD_OR_CONFIRM_CREDIT,"Coincidencia rápida: LAUNCHBOX_PS4, STEAM, VERIFIED_PS4_SIBLING.",https://gamesdb.launchbox-app.com/games/details/163393,https://store.steampowered.com/app/990050,ADD,,idea-factory,"Idea Factory Co., Ltd.",https://gamesdb.launchbox-app.com/games/details/163393 | https://store.steampowered.com/app/990050,,,2026-09-05,company-credit-ps4-pal-rapid-review-2026-09-05
ps4-death-end-re;quest-triple-pack,Death End Re;Quest [Triple Pack],Death End Re;Quest [Triple Pack],PAL España,standard,BUNDLE_OR_MULTI_PRODUCT,PHYSICAL_PUBLISHER_OR_DISTRIBUTOR,,Idea Factory International,HIGH,GAME_WORK | PS4_RELEASE,ADD_OR_CONFIRM_CREDIT,"Coincidencia rápida: LAUNCHBOX_PS4, STEAM, WIKIDATA.",https://gamesdb.launchbox-app.com/games/details/163393,https://store.steampowered.com/app/990050,ADD,,idea-factory-international,Idea Factory International,https://gamesdb.launchbox-app.com/games/details/163393 | https://store.steampowered.com/app/990050,,,2026-09-05,company-credit-ps4-pal-rapid-review-2026-09-05
ps4-death-end-re;quest-code-z-day-one-edition,Death End Re;Quest: Code Z [Day One Edition],Death End Re;Quest: Code Z [Day One Edition],PAL España,standard,EDITION_VARIANT,DIGITAL_PUBLISHER,,Reef Entertainment,HIGH,DIGITAL_PS4_EU,ADD_OR_CONFIRM_CREDIT,Coincidencia rápida: PLAYSTATION_STORE.,https://store.playstation.com/es-es/product/EP4060-CUSA51455_00-DEATHENDREQUZ001,,ADD,,reef-entertainment,Reef Entertainment,https://store.playstation.com/es-es/product/EP4060-CUSA51455_00-DEATHENDREQUZ001,,,2026-09-05,company-credit-ps4-pal-rapid-review-2026-09-05
ps4-death-mark,Death Mark,Death Mark,PAL España,standard,GAME_OR_UNKNOWN,DIGITAL_PUBLISHER,,Aksys Games Localization Inc.,HIGH,DIGITAL_PS4_EU,ADD_OR_CONFIRM_CREDIT,Coincidencia rápida: PLAYSTATION_STORE.,https://store.playstation.com/es-es/product/EP1024-CUSA12947_00-EXPHORROR2018HRP,,ADD,,aksys-games-localization,Aksys Games Localization,https://store.playstation.com/es-es/product/EP1024-CUSA12947_00-EXPHORROR2018HRP,,,2026-09-05,company-credit-ps4-pal-rapid-review-2026-09-05
ps4-death-stranding-higgs-variant,Death Stranding [Higgs Variant],Death Stranding [Higgs Variant],PAL España,standard,GAME_OR_UNKNOWN,DEVELOPER,,Kojima Productions,HIGH,EXACT_TITLE_OR_EDITION_FAMILY,ADD_OR_CONFIRM_CREDIT,Crédito verificado para la obra base y aplicado únicamente a esta edición: Kojima Productions.,https://www.playstation.com/en-gb/games/death-stranding/,,ADD,,kojima-productions,Kojima Productions,https://www.playstation.com/en-gb/games/death-stranding/,,,2026-09-05,company-credit-ps4-pal-rapid-review-2026-09-05
ps4-death-stranding-higgs-variant,Death Stranding [Higgs Variant],Death Stranding [Higgs Variant],PAL España,standard,GAME_OR_UNKNOWN,PHYSICAL_PUBLISHER_OR_DISTRIBUTOR,,Sony Interactive Entertainment,HIGH,EXACT_TITLE_OR_EDITION_FAMILY,ADD_OR_CONFIRM_CREDIT,Crédito verificado para la obra base y aplicado únicamente a esta edición: Sony Interactive Entertainment.,https://www.playstation.com/en-gb/games/death-stranding/,,ADD,,sony-interactive-entertainment,Sony Interactive Entertainment,https://www.playstation.com/en-gb/games/death-stranding/,,,2026-09-05,company-credit-ps4-pal-rapid-review-2026-09-05
ps4-deeeer-simulator-your-average-everyday-deer-game,DEEEER Simulator: Your Average Everyday Deer Game,DEEEER Simulator: Your Average Everyday Deer Game,PAL España,standard,GAME_OR_UNKNOWN,PHYSICAL_PUBLISHER_OR_DISTRIBUTOR,,PLAYISM,HIGH,EXACT_TITLE_OR_EDITION_FAMILY,ADD_OR_CONFIRM_CREDIT,Crédito verificado para la obra base y aplicado únicamente a esta edición: PLAYISM.,https://playism.com/en/game/deeeer-simulator/,,ADD,,playism,Playism,https://playism.com/en/game/deeeer-simulator/,,,2026-09-05,company-credit-ps4-pal-rapid-review-2026-09-05
ps4-deer-hunter-reloaded,Deer Hunter Reloaded,Deer Hunter: Reloaded,PAL España,standard,GAME_OR_UNKNOWN,DEVELOPER,,Game Mechanic Studios,HIGH,EXACT_PS4_WORK,ADD_DEVELOPER,Las fuentes consultadas atribuyen el desarrollo a Game Mechanic Studios.,https://www.gamestop.com/video-games/playstation-4/products/deer-hunter-reloaded/10150097.html,,ADD,,game-mechanic-studios,Game Mechanic Studios,https://www.gamestop.com/video-games/playstation-4/products/deer-hunter-reloaded/10150097.html,,,2026-09-05,company-credit-ps4-pal-rapid-review-2026-09-05
ps4-deer-hunter-reloaded,Deer Hunter Reloaded,Deer Hunter: Reloaded,PAL España,standard,GAME_OR_UNKNOWN,PHYSICAL_PUBLISHER_OR_DISTRIBUTOR,,GameMill Entertainment,HIGH,EXACT_PS4_WORK,ADD_PHYSICAL_PUBLISHER_OR_DISTRIBUTOR,La edición PS4 consultada atribuye la publicación o distribución física a GameMill Entertainment.,https://www.gamestop.com/video-games/playstation-4/products/deer-hunter-reloaded/10150097.html,,ADD,,gamemill-entertainment,GameMill Entertainment,https://www.gamestop.com/video-games/playstation-4/products/deer-hunter-reloaded/10150097.html,,,2026-09-05,company-credit-ps4-pal-rapid-review-2026-09-05
ps4-defunct,Defunct,Defunct,PAL España,standard,GAME_OR_UNKNOWN,PHYSICAL_PUBLISHER_OR_DISTRIBUTOR,,SOEDESCO,HIGH,DIGITAL_PS4_EU | GAME_WORK,ADD_OR_CONFIRM_CREDIT,"Coincidencia rápida: PLAYSTATION_STORE, STEAM, WIKIDATA.",https://store.playstation.com/es-es/product/EP4541-CUSA08388_00-DEFUNCTEU0000000,https://store.steampowered.com/app/359350,ADD,,soedesco,Soedesco,https://store.playstation.com/es-es/product/EP4541-CUSA08388_00-DEFUNCTEU0000000 | https://store.steampowered.com/app/359350,,,2026-09-05,company-credit-ps4-pal-rapid-review-2026-09-05
ps4-demon-gaze-2,Demon Gaze 2,Demon Gaze 2,PAL España,standard,GAME_OR_UNKNOWN,DEVELOPER,,Experience,HIGH,EXACT_TITLE_OR_EDITION_FAMILY,ADD_OR_CONFIRM_CREDIT,Crédito verificado para la obra base y aplicado únicamente a esta edición: Experience.,https://nisamerica.com/games/demon-gaze-ii/,,ADD,,experience,Experience,https://nisamerica.com/games/demon-gaze-ii/,,,2026-09-05,company-credit-ps4-pal-rapid-review-2026-09-05
ps4-demon-gaze-2,Demon Gaze 2,Demon Gaze 2,PAL España,standard,GAME_OR_UNKNOWN,PHYSICAL_PUBLISHER_OR_DISTRIBUTOR,,NIS America,HIGH,EXACT_TITLE_OR_EDITION_FAMILY,ADD_OR_CONFIRM_CREDIT,Crédito verificado para la obra base y aplicado únicamente a esta edición: NIS America.,https://nisamerica.com/games/demon-gaze-ii/,,ADD,,nis-america,NIS America,https://nisamerica.com/games/demon-gaze-ii/,,,2026-09-05,company-credit-ps4-pal-rapid-review-2026-09-05
ps4-demon-slayer-the-hinokami-chronicles,Demon Slayer: The Hinokami Chronicles,Demon Slayer: The Hinokami Chronicles,PAL España,standard,GAME_OR_UNKNOWN,PHYSICAL_PUBLISHER_OR_DISTRIBUTOR,,Sega,HIGH,EXACT_TITLE_OR_EDITION_FAMILY,ADD_OR_CONFIRM_CREDIT,Crédito verificado para la obra base y aplicado únicamente a esta edición: Sega.,https://asia.sega.com/kimetsu_hinokami/en/,,ADD,,sega,Sega,https://asia.sega.com/kimetsu_hinokami/en/,,,2026-09-05,company-credit-ps4-pal-rapid-review-2026-09-05
ps4-deponia-collection,Deponia Collection,Deponia Collection,PAL España,standard,POSSIBLE_COMPILATION_OR_MULTI_PRODUCT,DEVELOPER,Daedalic Entertainment,Daedalic Entertainment,HIGH,EXACT_TITLE_OR_EDITION_FAMILY,ADD_OR_CONFIRM_CREDIT,Crédito verificado para la obra base y aplicado únicamente a esta edición: Daedalic Entertainment.,https://www.daedalic.com/deponia,,CONFIRM,Daedalic Entertainment,daedalic-entertainment,Daedalic Entertainment,https://www.daedalic.com/deponia,,,2026-09-05,company-credit-ps4-pal-rapid-review-2026-09-05
ps4-deponia-collection,Deponia Collection,Deponia Collection,PAL España,standard,POSSIBLE_COMPILATION_OR_MULTI_PRODUCT,PHYSICAL_PUBLISHER_OR_DISTRIBUTOR,,Daedalic Entertainment,HIGH,EXACT_TITLE_OR_EDITION_FAMILY,ADD_OR_CONFIRM_CREDIT,Crédito verificado para la obra base y aplicado únicamente a esta edición: Daedalic Entertainment.,https://www.daedalic.com/deponia,,ADD,,daedalic-entertainment,Daedalic Entertainment,https://www.daedalic.com/deponia,,,2026-09-05,company-credit-ps4-pal-rapid-review-2026-09-05
ps4-destiny-2-forsaken-legendary-collection,Destiny 2 Forsaken Legendary Collection,Destiny 2 Forsaken Legendary Collection,PAL España,standard,POSSIBLE_COMPILATION_OR_MULTI_PRODUCT,DEVELOPER,,Bungie,HIGH,EXACT_TITLE_OR_EDITION_FAMILY,ADD_OR_CONFIRM_CREDIT,Crédito verificado para la obra base y aplicado únicamente a esta edición: Bungie.,https://www.bungie.net/7/en/Destiny,,ADD,,bungie,Bungie,https://www.bungie.net/7/en/Destiny,,,2026-09-05,company-credit-ps4-pal-rapid-review-2026-09-05
ps4-destiny-2-forsaken-legendary-collection,Destiny 2 Forsaken Legendary Collection,Destiny 2 Forsaken Legendary Collection,PAL España,standard,POSSIBLE_COMPILATION_OR_MULTI_PRODUCT,PHYSICAL_PUBLISHER_OR_DISTRIBUTOR,,Activision,HIGH,EXACT_TITLE_OR_EDITION_FAMILY,ADD_OR_CONFIRM_CREDIT,Crédito verificado para la obra base y aplicado únicamente a esta edición: Activision.,https://www.bungie.net/7/en/Destiny,,ADD,,activision,Activision,https://www.bungie.net/7/en/Destiny,,,2026-09-05,company-credit-ps4-pal-rapid-review-2026-09-05
ps4-destiny-2-los-renegados,Destiny 2 Los Renegados,Destiny 2 Los Renegados,PAL España,standard,GAME_OR_UNKNOWN,DEVELOPER,,Bungie,HIGH,EXACT_TITLE_OR_EDITION_FAMILY,ADD_OR_CONFIRM_CREDIT,Crédito verificado para la obra base y aplicado únicamente a esta edición: Bungie.,https://www.bungie.net/7/en/Destiny,,ADD,,bungie,Bungie,https://www.bungie.net/7/en/Destiny,,,2026-09-05,company-credit-ps4-pal-rapid-review-2026-09-05
ps4-destiny-2-los-renegados,Destiny 2 Los Renegados,Destiny 2 Los Renegados,PAL España,standard,GAME_OR_UNKNOWN,PHYSICAL_PUBLISHER_OR_DISTRIBUTOR,,Activision,HIGH,EXACT_TITLE_OR_EDITION_FAMILY,ADD_OR_CONFIRM_CREDIT,Crédito verificado para la obra base y aplicado únicamente a esta edición: Activision.,https://www.bungie.net/7/en/Destiny,,ADD,,activision,Activision,https://www.bungie.net/7/en/Destiny,,,2026-09-05,company-credit-ps4-pal-rapid-review-2026-09-05
ps4-destiny-the-collection,Destiny: The Collection,Destiny: The Collection,PAL España,standard,POSSIBLE_COMPILATION_OR_MULTI_PRODUCT,DEVELOPER,,Bungie,HIGH,EXACT_TITLE_OR_EDITION_FAMILY,ADD_OR_CONFIRM_CREDIT,Crédito verificado para la obra base y aplicado únicamente a esta edición: Bungie.,https://www.bungie.net/7/en/Destiny,,ADD,,bungie,Bungie,https://www.bungie.net/7/en/Destiny,,,2026-09-05,company-credit-ps4-pal-rapid-review-2026-09-05
ps4-destiny-the-collection,Destiny: The Collection,Destiny: The Collection,PAL España,standard,POSSIBLE_COMPILATION_OR_MULTI_PRODUCT,PHYSICAL_PUBLISHER_OR_DISTRIBUTOR,,Activision,HIGH,EXACT_TITLE_OR_EDITION_FAMILY,ADD_OR_CONFIRM_CREDIT,Crédito verificado para la obra base y aplicado únicamente a esta edición: Activision.,https://www.bungie.net/7/en/Destiny,,ADD,,activision,Activision,https://www.bungie.net/7/en/Destiny,,,2026-09-05,company-credit-ps4-pal-rapid-review-2026-09-05
ps4-destiny-the-taken-king-collector%27s-edition,Destiny: The Taken King [Collector's Edition],Destiny: The Taken King [Collector's Edition],PAL España,standard,EDITION_VARIANT,DEVELOPER,,Bungie,HIGH,EXACT_TITLE_OR_EDITION_FAMILY,ADD_OR_CONFIRM_CREDIT,Crédito verificado para la obra base y aplicado únicamente a esta edición: Bungie.,https://www.bungie.net/7/en/Destiny,,ADD,,bungie,Bungie,https://www.bungie.net/7/en/Destiny,,,2026-09-05,company-credit-ps4-pal-rapid-review-2026-09-05
ps4-destiny-the-taken-king-collector%27s-edition,Destiny: The Taken King [Collector's Edition],Destiny: The Taken King [Collector's Edition],PAL España,standard,EDITION_VARIANT,PHYSICAL_PUBLISHER_OR_DISTRIBUTOR,,Activision,HIGH,EXACT_TITLE_OR_EDITION_FAMILY,ADD_OR_CONFIRM_CREDIT,Crédito verificado para la obra base y aplicado únicamente a esta edición: Activision.,https://www.bungie.net/7/en/Destiny,,ADD,,activision,Activision,https://www.bungie.net/7/en/Destiny,,,2026-09-05,company-credit-ps4-pal-rapid-review-2026-09-05
ps4-destroy-all-humans-2-single-player,Destroy All Humans! 2: Single Player,Destroy All Humans! 2: Single Player,PAL España,standard,GAME_OR_UNKNOWN,DEVELOPER,,Black Forest Games,HIGH,EXACT_TITLE_OR_EDITION_FAMILY,ADD_OR_CONFIRM_CREDIT,Crédito verificado para la obra base y aplicado únicamente a esta edición: Black Forest Games.,https://www.destroyallhumansgame.com/,,ADD,,black-forest-games,Black Forest Games,https://www.destroyallhumansgame.com/,,,2026-09-05,company-credit-ps4-pal-rapid-review-2026-09-05
ps4-destroy-all-humans-2-single-player,Destroy All Humans! 2: Single Player,Destroy All Humans! 2: Single Player,PAL España,standard,GAME_OR_UNKNOWN,PHYSICAL_PUBLISHER_OR_DISTRIBUTOR,,THQ Nordic,HIGH,EXACT_TITLE_OR_EDITION_FAMILY,ADD_OR_CONFIRM_CREDIT,Crédito verificado para la obra base y aplicado únicamente a esta edición: THQ Nordic.,https://www.destroyallhumansgame.com/,,ADD,,thq-nordic,THQ Nordic GmbH,https://www.destroyallhumansgame.com/,,,2026-09-05,company-credit-ps4-pal-rapid-review-2026-09-05
ps4-devil-may-cry-hd-collection,Devil May Cry HD Collection,Devil May Cry HD Collection,PAL España,standard,POSSIBLE_COMPILATION_OR_MULTI_PRODUCT,DEVELOPER,,Capcom,HIGH,GAME_WORK | PS4_RELEASE,ADD_OR_CONFIRM_CREDIT,"Coincidencia rápida: LAUNCHBOX_PS4, STEAM, WIKIDATA.",https://gamesdb.launchbox-app.com/games/details/164242,https://store.steampowered.com/app/631510,ADD,,capcom,Capcom,https://gamesdb.launchbox-app.com/games/details/164242 | https://store.steampowered.com/app/631510,,,2026-09-05,company-credit-ps4-pal-rapid-review-2026-09-05
ps4-diablo-iii-eternal-collection,Diablo III Eternal Collection,Diablo III Eternal Collection,PAL España,standard,POSSIBLE_COMPILATION_OR_MULTI_PRODUCT,DEVELOPER,Blizzard Entertainment,Blizzard Entertainment,HIGH,EXACT_TITLE_OR_EDITION_FAMILY,ADD_OR_CONFIRM_CREDIT,Crédito verificado para la obra base y aplicado únicamente a esta edición: Blizzard Entertainment.,https://diablo3.blizzard.com/,,CONFIRM,Blizzard Entertainment,blizzard-entertainment,Blizzard Entertainment,https://diablo3.blizzard.com/,,,2026-09-05,company-credit-ps4-pal-rapid-review-2026-09-05
ps4-diablo-iii-reaper-of-souls-ultimate-evil-edition-promo-not-for-resale,Diablo III: Reaper of Souls - Ultimate Evil Edition [Promo Not For Resale],Diablo III: Reaper of Souls - Ultimate Evil Edition [Promo Not For Resale],PAL España,standard,PROMO_COPY,DEVELOPER,,Blizzard Entertainment,HIGH,EXACT_TITLE_OR_EDITION_FAMILY,ADD_OR_CONFIRM_CREDIT,Crédito verificado para la obra base y aplicado únicamente a esta edición: Blizzard Entertainment.,https://diablo3.blizzard.com/,,ADD,,blizzard-entertainment,Blizzard Entertainment,https://diablo3.blizzard.com/,,,2026-09-05,company-credit-ps4-pal-rapid-review-2026-09-05
ps4-diablo-iii-reaper-of-souls-ultimate-evil-edition-promo-not-for-resale,Diablo III: Reaper of Souls - Ultimate Evil Edition [Promo Not For Resale],Diablo III: Reaper of Souls - Ultimate Evil Edition [Promo Not For Resale],PAL España,standard,PROMO_COPY,PHYSICAL_PUBLISHER_OR_DISTRIBUTOR,,Blizzard Entertainment,HIGH,EXACT_TITLE_OR_EDITION_FAMILY,ADD_OR_CONFIRM_CREDIT,Crédito verificado para la obra base y aplicado únicamente a esta edición: Blizzard Entertainment.,https://diablo3.blizzard.com/,,ADD,,blizzard-entertainment,Blizzard Entertainment,https://diablo3.blizzard.com/,,,2026-09-05,company-credit-ps4-pal-rapid-review-2026-09-05
ps4-die-saulen-der-erde,Die Saulen der Erde,Die Saulen der Erde,PAL España,standard,GAME_OR_UNKNOWN,DEVELOPER,,Daedalic Entertainment,HIGH,EXACT_TITLE_OR_EDITION_FAMILY,ADD_OR_CONFIRM_CREDIT,Crédito verificado para la obra base y aplicado únicamente a esta edición: Daedalic Entertainment.,https://www.daedalic.com/the-pillars-of-the-earth,,ADD,,daedalic-entertainment,Daedalic Entertainment,https://www.daedalic.com/the-pillars-of-the-earth,,,2026-09-05,company-credit-ps4-pal-rapid-review-2026-09-05
ps4-die-saulen-der-erde,Die Saulen der Erde,Die Saulen der Erde,PAL España,standard,GAME_OR_UNKNOWN,PHYSICAL_PUBLISHER_OR_DISTRIBUTOR,,Daedalic Entertainment,HIGH,EXACT_TITLE_OR_EDITION_FAMILY,ADD_OR_CONFIRM_CREDIT,Crédito verificado para la obra base y aplicado únicamente a esta edición: Daedalic Entertainment.,https://www.daedalic.com/the-pillars-of-the-earth,,ADD,,daedalic-entertainment,Daedalic Entertainment,https://www.daedalic.com/the-pillars-of-the-earth,,,2026-09-05,company-credit-ps4-pal-rapid-review-2026-09-05
ps4-digimon-story-cyber-sleuth-hackers-memory,Digimon Story: Cyber Sleuth Hackers Memory,Digimon Story: Cyber Sleuth Hackers Memory,PAL España,standard,GAME_OR_UNKNOWN,DEVELOPER,Media.Vision,Media.Vision,HIGH,EXACT_TITLE_OR_EDITION_FAMILY,ADD_OR_CONFIRM_CREDIT,Crédito verificado para la obra base y aplicado únicamente a esta edición: Media.Vision.,https://en.bandainamcoent.eu/digimon/digimon-story-cyber-sleuth-hackers-memory,,CONFIRM,Media.Vision,media-vision,Media Vision,https://en.bandainamcoent.eu/digimon/digimon-story-cyber-sleuth-hackers-memory,,,2026-09-05,company-credit-ps4-pal-rapid-review-2026-09-05
ps4-digimon-story-cyber-sleuth-hackers-memory,Digimon Story: Cyber Sleuth Hackers Memory,Digimon Story: Cyber Sleuth Hackers Memory,PAL España,standard,GAME_OR_UNKNOWN,PHYSICAL_PUBLISHER_OR_DISTRIBUTOR,Bandai,Bandai Namco Entertainment Europe,HIGH,EXACT_TITLE_OR_EDITION_FAMILY,ADD_OR_CONFIRM_CREDIT,Crédito verificado para la obra base y aplicado únicamente a esta edición: Bandai Namco Entertainment Europe.,https://en.bandainamcoent.eu/digimon/digimon-story-cyber-sleuth-hackers-memory,,REPLACE,Bandai,bandai-namco-entertainment-europe,Bandai Namco Entertainment Europe,https://en.bandainamcoent.eu/digimon/digimon-story-cyber-sleuth-hackers-memory,,,2026-09-05,company-credit-ps4-pal-rapid-review-2026-09-05
ps4-dino-dini%27s-kick-off-revival,Dino Dini's Kick Off Revival,Dino Dini's Kick Off Revival,PAL España,standard,GAME_OR_UNKNOWN,DEVELOPER,,Koo Games,HIGH,EXACT_PS4_EDITION,ADD_DEVELOPER,Las fuentes consultadas atribuyen el desarrollo a Koo Games.,https://store.playstation.com/en-us/concept/221861,https://www.thedigitalounge.com/kickoffpresskit.html,ADD,,koo-games,Koo Games,https://store.playstation.com/en-us/concept/221861 | https://www.thedigitalounge.com/kickoffpresskit.html,,,2026-09-05,company-credit-ps4-pal-rapid-review-2026-09-05
ps4-dino-dini%27s-kick-off-revival,Dino Dini's Kick Off Revival,Dino Dini's Kick Off Revival,PAL España,standard,GAME_OR_UNKNOWN,PHYSICAL_PUBLISHER_OR_DISTRIBUTOR,,The Digital Lounge,HIGH,EXACT_PS4_EDITION,ADD_PHYSICAL_PUBLISHER_OR_DISTRIBUTOR,La edición PS4 consultada atribuye la publicación o distribución física a The Digital Lounge.,https://store.playstation.com/en-us/concept/221861,https://www.thedigitalounge.com/kickoffpresskit.html,ADD,,digital-lounge,The Digital Lounge,https://store.playstation.com/en-us/concept/221861 | https://www.thedigitalounge.com/kickoffpresskit.html,,,2026-09-05,company-credit-ps4-pal-rapid-review-2026-09-05
ps4-dino-dini%27s-kick-off-revival-limited-edition,Dino Dini's Kick Off Revival Limited Edition,Dino Dini's Kick Off Revival [Limited Edition],PAL España,standard,EDITION_VARIANT,PHYSICAL_PUBLISHER_OR_DISTRIBUTOR,,The Digital Lounge,HIGH,EXACT_PS4_EDITION,ADD_PHYSICAL_PUBLISHER_OR_DISTRIBUTOR,La edición PS4 consultada atribuye la publicación o distribución física a The Digital Lounge.,https://store.playstation.com/en-us/concept/221861,https://www.thedigitalounge.com/kickoffpresskit.html,ADD,,digital-lounge,The Digital Lounge,https://store.playstation.com/en-us/concept/221861 | https://www.thedigitalounge.com/kickoffpresskit.html,,,2026-09-05,company-credit-ps4-pal-rapid-review-2026-09-05
ps4-dinosaurs-mission-dino-camp,Dinosaurs: Mission Dino Camp,Dinosaurs: Mission Dino Camp,PAL España,standard,GAME_OR_UNKNOWN,DEVELOPER,,Caipirinha Games,HIGH,EXACT_TITLE_OR_EDITION_FAMILY,ADD_OR_CONFIRM_CREDIT,Crédito verificado para la obra base y aplicado únicamente a esta edición: Caipirinha Games.,https://www.wildriver.games/en/games/mission-dino-camp,,ADD,,caipirinha-games,Caipirinha Games,https://www.wildriver.games/en/games/mission-dino-camp,,,2026-09-05,company-credit-ps4-pal-rapid-review-2026-09-05
ps4-dinosaurs-mission-dino-camp,Dinosaurs: Mission Dino Camp,Dinosaurs: Mission Dino Camp,PAL España,standard,GAME_OR_UNKNOWN,PHYSICAL_PUBLISHER_OR_DISTRIBUTOR,,Wild River Games,HIGH,EXACT_TITLE_OR_EDITION_FAMILY,ADD_OR_CONFIRM_CREDIT,Crédito verificado para la obra base y aplicado únicamente a esta edición: Wild River Games.,https://www.wildriver.games/en/games/mission-dino-camp,,ADD,,wild-river-games,Wild River Games,https://www.wildriver.games/en/games/mission-dino-camp,,,2026-09-05,company-credit-ps4-pal-rapid-review-2026-09-05
ps4-dirt-rally-20-game-of-the-year,Dirt Rally 2.0 [Game of the Year],Dirt Rally 2.0 [Game of the Year],PAL España,standard,GAME_OR_UNKNOWN,PHYSICAL_PUBLISHER_OR_DISTRIBUTOR,,Codemasters,HIGH,GAME_WORK | PS4_RELEASE,ADD_OR_CONFIRM_CREDIT,"Coincidencia rápida: LAUNCHBOX_PS4, STEAM.",https://gamesdb.launchbox-app.com/games/details/177945,https://store.steampowered.com/app/690790,ADD,,codemasters,Codemasters,https://gamesdb.launchbox-app.com/games/details/177945 | https://store.steampowered.com/app/690790,,,2026-09-05,company-credit-ps4-pal-rapid-review-2026-09-05
ps4-dirt-rally-vr,Dirt Rally VR,Dirt Rally VR,PAL España,standard,GAME_OR_UNKNOWN,DEVELOPER,,Codemasters,HIGH,EXACT_TITLE_OR_EDITION_FAMILY,ADD_OR_CONFIRM_CREDIT,Crédito verificado para la obra base y aplicado únicamente a esta edición: Codemasters.,https://www.codemasters.com/game/dirt-rally/,,ADD,,codemasters,Codemasters,https://www.codemasters.com/game/dirt-rally/,,,2026-09-05,company-credit-ps4-pal-rapid-review-2026-09-05
ps4-dirt-rally-vr,Dirt Rally VR,Dirt Rally VR,PAL España,standard,GAME_OR_UNKNOWN,PHYSICAL_PUBLISHER_OR_DISTRIBUTOR,,Codemasters,HIGH,EXACT_TITLE_OR_EDITION_FAMILY,ADD_OR_CONFIRM_CREDIT,Crédito verificado para la obra base y aplicado únicamente a esta edición: Codemasters.,https://www.codemasters.com/game/dirt-rally/,,ADD,,codemasters,Codemasters,https://www.codemasters.com/game/dirt-rally/,,,2026-09-05,company-credit-ps4-pal-rapid-review-2026-09-05
ps4-disgaea-1-complete-rosen-queen%27s-finest,Disgaea 1 Complete [Rosen Queen's Finest],Disgaea 1 Complete [Rosen Queen's Finest],PAL España,standard,GAME_OR_UNKNOWN,DEVELOPER,,Nippon Ichi Software,HIGH,EXACT_TITLE_OR_EDITION_FAMILY,ADD_OR_CONFIRM_CREDIT,Crédito verificado para la obra base y aplicado únicamente a esta edición: Nippon Ichi Software.,https://nisamerica.com/games/disgaea-1-complete/,,ADD,,nippon-ichi-software,Nippon Ichi Software,https://nisamerica.com/games/disgaea-1-complete/,,,2026-09-05,company-credit-ps4-pal-rapid-review-2026-09-05
ps4-disgaea-1-complete-rosen-queen%27s-finest,Disgaea 1 Complete [Rosen Queen's Finest],Disgaea 1 Complete [Rosen Queen's Finest],PAL España,standard,GAME_OR_UNKNOWN,PHYSICAL_PUBLISHER_OR_DISTRIBUTOR,,NIS America,HIGH,EXACT_TITLE_OR_EDITION_FAMILY,ADD_OR_CONFIRM_CREDIT,Crédito verificado para la obra base y aplicado únicamente a esta edición: NIS America.,https://nisamerica.com/games/disgaea-1-complete/,,ADD,,nis-america,NIS America,https://nisamerica.com/games/disgaea-1-complete/,,,2026-09-05,company-credit-ps4-pal-rapid-review-2026-09-05
ps4-disgaea-5-alliance-of-vengeance,Disgaea 5 Alliance of Vengeance,Disgaea 5 Alliance of Vengeance,PAL España,standard,GAME_OR_UNKNOWN,PHYSICAL_PUBLISHER_OR_DISTRIBUTOR,,NIS America,HIGH,EXACT_TITLE_OR_EDITION_FAMILY,ADD_OR_CONFIRM_CREDIT,Crédito verificado para la obra base y aplicado únicamente a esta edición: NIS America.,https://nisamerica.com/games/disgaea-5/,,ADD,,nis-america,NIS America,https://nisamerica.com/games/disgaea-5/,,,2026-09-05,company-credit-ps4-pal-rapid-review-2026-09-05
ps4-disgaea-5-alliance-of-vengeance-limited-edition,Disgaea 5: Alliance of Vengeance [Limited Edition],Disgaea 5: Alliance of Vengeance [Limited Edition],PAL España,standard,EDITION_VARIANT,PHYSICAL_PUBLISHER_OR_DISTRIBUTOR,,NIS America,HIGH,EXACT_TITLE_OR_EDITION_FAMILY,ADD_OR_CONFIRM_CREDIT,Crédito verificado para la obra base y aplicado únicamente a esta edición: NIS America.,https://nisamerica.com/games/disgaea-5/,,ADD,,nis-america,NIS America,https://nisamerica.com/games/disgaea-5/,,,2026-09-05,company-credit-ps4-pal-rapid-review-2026-09-05
ps4-disgaea-6-complete-deluxe-edition,Disgaea 6 Complete [Deluxe Edition],Disgaea 6 Complete [Deluxe Edition],PAL España,standard,EDITION_VARIANT,PHYSICAL_PUBLISHER_OR_DISTRIBUTOR,,NIS America,HIGH,GAME_WORK | PS4_RELEASE,ADD_OR_CONFIRM_CREDIT,"Coincidencia rápida: LAUNCHBOX_PS4, STEAM.",https://gamesdb.launchbox-app.com/games/details/473014,https://store.steampowered.com/app/1749750,ADD,,nis-america,NIS America,https://gamesdb.launchbox-app.com/games/details/473014 | https://store.steampowered.com/app/1749750,,,2026-09-05,company-credit-ps4-pal-rapid-review-2026-09-05
ps4-dishonored-pray-arkane-collection,Dishonored & Pray Arkane Collection,Dishonored & Pray Arkane Collection,PAL España,standard,POSSIBLE_COMPILATION_OR_MULTI_PRODUCT,PHYSICAL_PUBLISHER_OR_DISTRIBUTOR,,Bethesda Softworks,HIGH,EXACT_TITLE_OR_EDITION_FAMILY,ADD_OR_CONFIRM_CREDIT,Crédito verificado para la obra base y aplicado únicamente a esta edición: Bethesda Softworks.,https://bethesda.net/en/game/dishonored,,ADD,,bethesda-softworks,Bethesda Softworks,https://bethesda.net/en/game/dishonored,,,2026-09-05,company-credit-ps4-pal-rapid-review-2026-09-05
ps4-disney-classic-games-collection-the-jungle-book-aladdin-&amp;-the-lion-king,"Disney Classic Games Collection: The Jungle Book, Aladdin & The Lion King","Disney Classic Games Collection: The Jungle Book, Aladdin & The Lion King",PAL España,standard,POSSIBLE_COMPILATION_OR_MULTI_PRODUCT,DEVELOPER,,Digital Eclipse,HIGH,EXACT_TITLE_OR_EDITION_FAMILY,ADD_OR_CONFIRM_CREDIT,Crédito verificado para la obra base y aplicado únicamente a esta edición: Digital Eclipse.,https://www.digitaleclipse.com/games/disney-classic-games,,ADD,,digital-eclipse,Digital Eclipse,https://www.digitaleclipse.com/games/disney-classic-games,,,2026-09-05,company-credit-ps4-pal-rapid-review-2026-09-05
ps4-disney-dreamlight-valley-cozy-edition,Disney Dreamlight Valley: Cozy Edition,Disney Dreamlight Valley: Cozy Edition,PAL España,standard,GAME_OR_UNKNOWN,DEVELOPER,,Gameloft Montreal,HIGH,EXACT_TITLE_OR_EDITION_FAMILY,ADD_OR_CONFIRM_CREDIT,Crédito verificado para la obra base y aplicado únicamente a esta edición: Gameloft Montreal.,https://disneydreamlightvalley.com/,,ADD,,gameloft-montreal,Gameloft Montreal,https://disneydreamlightvalley.com/,,,2026-09-05,company-credit-ps4-pal-rapid-review-2026-09-05
ps4-disney-infinity,Disney Infinity,Disney Infinity,PAL España,standard,GAME_OR_UNKNOWN,DEVELOPER,,Avalanche Software,HIGH,EXACT_TITLE_OR_EDITION_FAMILY,ADD_OR_CONFIRM_CREDIT,Crédito verificado para la obra base y aplicado únicamente a esta edición: Avalanche Software.,https://www.avalanchesoftware.com/games,,ADD,,avalanche-software,Avalanche Software,https://www.avalanchesoftware.com/games,,,2026-09-05,company-credit-ps4-pal-rapid-review-2026-09-05
ps4-disney-infinity,Disney Infinity,Disney Infinity,PAL España,standard,GAME_OR_UNKNOWN,PHYSICAL_PUBLISHER_OR_DISTRIBUTOR,,Disney Interactive Studios,HIGH,EXACT_TITLE_OR_EDITION_FAMILY,ADD_OR_CONFIRM_CREDIT,Crédito verificado para la obra base y aplicado únicamente a esta edición: Disney Interactive Studios.,https://www.avalanchesoftware.com/games,,ADD,,disney-interactive-studios,Disney Interactive Studios,https://www.avalanchesoftware.com/games,,,2026-09-05,company-credit-ps4-pal-rapid-review-2026-09-05
ps4-disney-infinity-30-star-wars-saga-bundle,Disney Infinity 3.0 [Star Wars Saga Bundle],Disney Infinity 3.0 [Star Wars Saga Bundle],PAL España,standard,BUNDLE_OR_MULTI_PRODUCT,DEVELOPER,,Avalanche Software,HIGH,EXACT_TITLE_OR_EDITION_FAMILY,ADD_OR_CONFIRM_CREDIT,Crédito verificado para la obra base y aplicado únicamente a esta edición: Avalanche Software.,https://www.avalanchesoftware.com/games,,ADD,,avalanche-software,Avalanche Software,https://www.avalanchesoftware.com/games,,,2026-09-05,company-credit-ps4-pal-rapid-review-2026-09-05
ps4-disney-infinity-30-star-wars-saga-bundle,Disney Infinity 3.0 [Star Wars Saga Bundle],Disney Infinity 3.0 [Star Wars Saga Bundle],PAL España,standard,BUNDLE_OR_MULTI_PRODUCT,PHYSICAL_PUBLISHER_OR_DISTRIBUTOR,,Disney Interactive Studios,HIGH,EXACT_TITLE_OR_EDITION_FAMILY,ADD_OR_CONFIRM_CREDIT,Crédito verificado para la obra base y aplicado únicamente a esta edición: Disney Interactive Studios.,https://www.avalanchesoftware.com/games,,ADD,,disney-interactive-studios,Disney Interactive Studios,https://www.avalanchesoftware.com/games,,,2026-09-05,company-credit-ps4-pal-rapid-review-2026-09-05
ps4-disney-infinity-30-starter-pack,Disney Infinity 3.0 Starter Pack,Disney Infinity 3.0 Starter Pack,PAL España,standard,GAME_OR_UNKNOWN,DEVELOPER,,Avalanche Software,HIGH,EXACT_TITLE_OR_EDITION_FAMILY,ADD_OR_CONFIRM_CREDIT,Crédito verificado para la obra base y aplicado únicamente a esta edición: Avalanche Software.,https://www.avalanchesoftware.com/games,,ADD,,avalanche-software,Avalanche Software,https://www.avalanchesoftware.com/games,,,2026-09-05,company-credit-ps4-pal-rapid-review-2026-09-05
ps4-disney-infinity-30-starter-pack,Disney Infinity 3.0 Starter Pack,Disney Infinity 3.0 Starter Pack,PAL España,standard,GAME_OR_UNKNOWN,PHYSICAL_PUBLISHER_OR_DISTRIBUTOR,,Disney Interactive Studios,HIGH,EXACT_TITLE_OR_EDITION_FAMILY,ADD_OR_CONFIRM_CREDIT,Crédito verificado para la obra base y aplicado únicamente a esta edición: Disney Interactive Studios.,https://www.avalanchesoftware.com/games,,ADD,,disney-interactive-studios,Disney Interactive Studios,https://www.avalanchesoftware.com/games,,,2026-09-05,company-credit-ps4-pal-rapid-review-2026-09-05
ps4-disney-infinity-marvel-3-0-starter-pack,Disney Infinity Marvel 3.0. Starter Pack,Disney Infinity Marvel 3.0. Starter Pack,PAL España,standard,GAME_OR_UNKNOWN,DEVELOPER,,Avalanche Software,HIGH,EXACT_TITLE_OR_EDITION_FAMILY,ADD_OR_CONFIRM_CREDIT,Crédito verificado para la obra base y aplicado únicamente a esta edición: Avalanche Software.,https://www.avalanchesoftware.com/games,,ADD,,avalanche-software,Avalanche Software,https://www.avalanchesoftware.com/games,,,2026-09-05,company-credit-ps4-pal-rapid-review-2026-09-05
ps4-disney-infinity-marvel-3-0-starter-pack,Disney Infinity Marvel 3.0. Starter Pack,Disney Infinity Marvel 3.0. Starter Pack,PAL España,standard,GAME_OR_UNKNOWN,PHYSICAL_PUBLISHER_OR_DISTRIBUTOR,,Disney Interactive Studios,HIGH,EXACT_TITLE_OR_EDITION_FAMILY,ADD_OR_CONFIRM_CREDIT,Crédito verificado para la obra base y aplicado únicamente a esta edición: Disney Interactive Studios.,https://www.avalanchesoftware.com/games,,ADD,,disney-interactive-studios,Disney Interactive Studios,https://www.avalanchesoftware.com/games,,,2026-09-05,company-credit-ps4-pal-rapid-review-2026-09-05
ps4-disney-infinity-marvel-super-heroes-starter-pak-20,Disney Infinity: Marvel Super Heroes Starter Pak 2.0,Disney Infinity: Marvel Super Heroes Starter Pak 2.0,PAL España,standard,GAME_OR_UNKNOWN,DEVELOPER,,Avalanche Software,HIGH,EXACT_TITLE_OR_EDITION_FAMILY,ADD_OR_CONFIRM_CREDIT,Crédito verificado para la obra base y aplicado únicamente a esta edición: Avalanche Software.,https://www.avalanchesoftware.com/games,,ADD,,avalanche-software,Avalanche Software,https://www.avalanchesoftware.com/games,,,2026-09-05,company-credit-ps4-pal-rapid-review-2026-09-05
ps4-disney-infinity-marvel-super-heroes-starter-pak-20,Disney Infinity: Marvel Super Heroes Starter Pak 2.0,Disney Infinity: Marvel Super Heroes Starter Pak 2.0,PAL España,standard,GAME_OR_UNKNOWN,PHYSICAL_PUBLISHER_OR_DISTRIBUTOR,,Disney Interactive Studios,HIGH,EXACT_TITLE_OR_EDITION_FAMILY,ADD_OR_CONFIRM_CREDIT,Crédito verificado para la obra base y aplicado únicamente a esta edición: Disney Interactive Studios.,https://www.avalanchesoftware.com/games,,ADD,,disney-interactive-studios,Disney Interactive Studios,https://www.avalanchesoftware.com/games,,,2026-09-05,company-credit-ps4-pal-rapid-review-2026-09-05
ps4-disney-universe,Disney Universe,Disney Universe,PAL España,standard,GAME_OR_UNKNOWN,PHYSICAL_PUBLISHER_OR_DISTRIBUTOR,,Disney Interactive Studios,HIGH,EXACT_TITLE_OR_EDITION_FAMILY,ADD_OR_CONFIRM_CREDIT,Crédito verificado para la obra base y aplicado únicamente a esta edición: Disney Interactive Studios.,https://www.disney.com/,,ADD,,disney-interactive-studios,Disney Interactive Studios,https://www.disney.com/,,,2026-09-05,company-credit-ps4-pal-rapid-review-2026-09-05
ps4-divinity-original-sin-ii-definitive-edition,Divinity: Original Sin II: Definitive Edition,Divinity: Original Sin II: Definitive Edition,PAL España,standard,EDITION_VARIANT,DEVELOPER,,Larian Studios,HIGH,EXACT_TITLE_OR_EDITION_FAMILY,ADD_OR_CONFIRM_CREDIT,Crédito verificado para la obra base y aplicado únicamente a esta edición: Larian Studios.,https://larian.com/games/divinity-original-sin-2,,ADD,,larian-studios,Larian Studios,https://larian.com/games/divinity-original-sin-2,,,2026-09-05,company-credit-ps4-pal-rapid-review-2026-09-05
ps4-divinity-original-sin-ii-definitive-edition,Divinity: Original Sin II: Definitive Edition,Divinity: Original Sin II: Definitive Edition,PAL España,standard,EDITION_VARIANT,PHYSICAL_PUBLISHER_OR_DISTRIBUTOR,,Bandai Namco Entertainment Europe,HIGH,EXACT_TITLE_OR_EDITION_FAMILY,ADD_OR_CONFIRM_CREDIT,Crédito verificado para la obra base y aplicado únicamente a esta edición: Bandai Namco Entertainment Europe.,https://larian.com/games/divinity-original-sin-2,,ADD,,bandai-namco-entertainment-europe,Bandai Namco Entertainment Europe,https://larian.com/games/divinity-original-sin-2,,,2026-09-05,company-credit-ps4-pal-rapid-review-2026-09-05
ps4-do-not-open,Do Not Open,Do Not Open,PAL España,standard,GAME_OR_UNKNOWN,PHYSICAL_PUBLISHER_OR_DISTRIBUTOR,,UNREALITY S.L.,HIGH,DIGITAL_PS4_EU | GAME_WORK,ADD_OR_CONFIRM_CREDIT,"Coincidencia rápida: PLAYSTATION_STORE, STEAM.",https://store.playstation.com/es-es/product/EP0811-CUSA25382_00-7733581958431808,https://store.steampowered.com/app/2061710,ADD,,unreality-s-l,UNREALITY S.L.,https://store.playstation.com/es-es/product/EP0811-CUSA25382_00-7733581958431808 | https://store.steampowered.com/app/2061710,,,2026-09-05,company-credit-ps4-pal-rapid-review-2026-09-05
ps4-doctor-who-duo-bundle,Doctor Who: Duo Bundle,Doctor Who: Duo Bundle,PAL España,standard,GAME_OR_UNKNOWN,PHYSICAL_PUBLISHER_OR_DISTRIBUTOR,,Maximum Games,HIGH,EXACT_PS4_PHYSICAL_BUNDLE,ADD_PHYSICAL_PUBLISHER_OR_DISTRIBUTOR,La edición PS4 consultada atribuye la publicación o distribución física a Maximum Games.,https://gameware.com/product/playstation/ps4-games/doctor-who-duo-bundle-2/,,ADD,,maximum-games,Maximum Games,https://gameware.com/product/playstation/ps4-games/doctor-who-duo-bundle-2/,,,2026-09-05,company-credit-ps4-pal-rapid-review-2026-09-05
ps4-dogchild,Dogchild,Dogchild,PAL España,standard,GAME_OR_UNKNOWN,DEVELOPER,,Animatoon Studio,HIGH,EXACT_TITLE_OR_EDITION_FAMILY,ADD_OR_CONFIRM_CREDIT,Crédito verificado para la obra base y aplicado únicamente a esta edición: Animatoon Studio.,https://www.playstation.com/es-es/,,ADD,,animatoon-studio,Animatoon Studio,https://www.playstation.com/es-es/,,,2026-09-05,company-credit-ps4-pal-rapid-review-2026-09-05
ps4-dogchild,Dogchild,Dogchild,PAL España,standard,GAME_OR_UNKNOWN,PHYSICAL_PUBLISHER_OR_DISTRIBUTOR,,Sony Interactive Entertainment España,HIGH,EXACT_TITLE_OR_EDITION_FAMILY,ADD_OR_CONFIRM_CREDIT,Crédito verificado para la obra base y aplicado únicamente a esta edición: Sony Interactive Entertainment España.,https://www.playstation.com/es-es/,,ADD,,sony-interactive-entertainment-espana,Sony Interactive Entertainment España,https://www.playstation.com/es-es/,,,2026-09-05,company-credit-ps4-pal-rapid-review-2026-09-05
ps4-dolphin-spirit-ocean-mission,Dolphin Spirit: Ocean Mission,Dolphin Spirit: Ocean Mission,PAL España,standard,GAME_OR_UNKNOWN,PHYSICAL_PUBLISHER_OR_DISTRIBUTOR,,Microids,HIGH,GAME_WORK | PS4_RELEASE,ADD_OR_CONFIRM_CREDIT,"Coincidencia rápida: LAUNCHBOX_PS4, STEAM.",https://gamesdb.launchbox-app.com/games/details/473055,https://store.steampowered.com/app/2149120,ADD,,microids,Microids,https://gamesdb.launchbox-app.com/games/details/473055 | https://store.steampowered.com/app/2149120,,,2026-09-05,company-credit-ps4-pal-rapid-review-2026-09-05
ps4-don-bradman-cricket,Don Bradman Cricket,Don Bradman Cricket,PAL España,standard,GAME_OR_UNKNOWN,DIGITAL_PUBLISHER,,Home Ent Suppliers,HIGH,DIGITAL_PS4_EU,ADD_OR_CONFIRM_CREDIT,Coincidencia rápida: PLAYSTATION_STORE.,https://store.playstation.com/es-es/product/EP4116-CUSA00786_00-DBC1400000000000,,ADD,,home-ent-suppliers,Home Ent Suppliers,https://store.playstation.com/es-es/product/EP4116-CUSA00786_00-DBC1400000000000,,,2026-09-05,company-credit-ps4-pal-rapid-review-2026-09-05
ps4-don%27t-knock-twice,Don't Knock Twice,Don't Knock Twice,PAL España,standard,GAME_OR_UNKNOWN,PHYSICAL_PUBLISHER_OR_DISTRIBUTOR,,Wales Interactive,HIGH,DIGITAL_PS4_EU | GAME_WORK,ADD_OR_CONFIRM_CREDIT,"Coincidencia rápida: PLAYSTATION_STORE, STEAM.",https://store.playstation.com/es-es/product/EP4459-CUSA06467_00-DONTKNOCKTWICE00,https://store.steampowered.com/app/328590,ADD,,wales-interactive,Wales Interactive,https://store.playstation.com/es-es/product/EP4459-CUSA06467_00-DONTKNOCKTWICE00 | https://store.steampowered.com/app/328590,,,2026-09-05,company-credit-ps4-pal-rapid-review-2026-09-05
ps4-doom-uac-pack,Doom [UAC Pack],Doom [UAC Pack],PAL España,standard,BUNDLE_OR_MULTI_PRODUCT,DEVELOPER,,id Software,HIGH,EXACT_TITLE_OR_EDITION_FAMILY,ADD_OR_CONFIRM_CREDIT,Crédito verificado para la obra base y aplicado únicamente a esta edición: id Software.,https://slayersclub.bethesda.net/,,ADD,,id-software,Id Software,https://slayersclub.bethesda.net/,,,2026-09-05,company-credit-ps4-pal-rapid-review-2026-09-05
ps4-doom-anthology-collector%27s-edition,Doom Anthology [Collector's Edition],Doom Anthology [Collector's Edition],PAL España,standard,EDITION_VARIANT,DEVELOPER,,id Software,HIGH,EXACT_TITLE_OR_EDITION_FAMILY,ADD_OR_CONFIRM_CREDIT,Crédito verificado para la obra base y aplicado únicamente a esta edición: id Software.,https://slayersclub.bethesda.net/,,ADD,,id-software,Id Software,https://slayersclub.bethesda.net/,,,2026-09-05,company-credit-ps4-pal-rapid-review-2026-09-05
ps4-doom-anthology-collector%27s-edition,Doom Anthology [Collector's Edition],Doom Anthology [Collector's Edition],PAL España,standard,EDITION_VARIANT,PHYSICAL_PUBLISHER_OR_DISTRIBUTOR,,Bethesda Softworks,HIGH,EXACT_TITLE_OR_EDITION_FAMILY,ADD_OR_CONFIRM_CREDIT,Crédito verificado para la obra base y aplicado únicamente a esta edición: Bethesda Softworks.,https://slayersclub.bethesda.net/,,ADD,,bethesda-softworks,Bethesda Softworks,https://slayersclub.bethesda.net/,,,2026-09-05,company-credit-ps4-pal-rapid-review-2026-09-05
ps4-doom-slayers-collection,Doom Slayers Collection,Doom Slayers Collection,PAL España,standard,POSSIBLE_COMPILATION_OR_MULTI_PRODUCT,DEVELOPER,,id Software,HIGH,EXACT_TITLE_OR_EDITION_FAMILY,ADD_OR_CONFIRM_CREDIT,Crédito verificado para la obra base y aplicado únicamente a esta edición: id Software.,https://slayersclub.bethesda.net/,,ADD,,id-software,Id Software,https://slayersclub.bethesda.net/,,,2026-09-05,company-credit-ps4-pal-rapid-review-2026-09-05
ps4-doom-slayers-collection,Doom Slayers Collection,Doom Slayers Collection,PAL España,standard,POSSIBLE_COMPILATION_OR_MULTI_PRODUCT,PHYSICAL_PUBLISHER_OR_DISTRIBUTOR,Bethesda Softworks,Bethesda Softworks,HIGH,EXACT_TITLE_OR_EDITION_FAMILY,ADD_OR_CONFIRM_CREDIT,Crédito verificado para la obra base y aplicado únicamente a esta edición: Bethesda Softworks.,https://slayersclub.bethesda.net/,,CONFIRM,Bethesda Softworks,bethesda-softworks,Bethesda Softworks,https://slayersclub.bethesda.net/,,,2026-09-05,company-credit-ps4-pal-rapid-review-2026-09-05
ps4-doom-vfr,Doom VFR,Doom VFR,PAL España,standard,GAME_OR_UNKNOWN,PHYSICAL_PUBLISHER_OR_DISTRIBUTOR,,Bethesda Softworks,HIGH,EXACT_TITLE_OR_EDITION_FAMILY,ADD_OR_CONFIRM_CREDIT,Crédito verificado para la obra base y aplicado únicamente a esta edición: Bethesda Softworks.,https://slayersclub.bethesda.net/,,ADD,,bethesda-softworks,Bethesda Softworks,https://slayersclub.bethesda.net/,,,2026-09-05,company-credit-ps4-pal-rapid-review-2026-09-05
ps4-double-kick-heroes-steel-book,Double Kick Heroes [Steel Book],Double Kick Heroes [Steel Book],PAL España,standard,GAME_OR_UNKNOWN,DEVELOPER,,Headbang Club,HIGH,EXACT_TITLE_OR_EDITION_FAMILY,ADD_OR_CONFIRM_CREDIT,Crédito verificado para la obra base y aplicado únicamente a esta edición: Headbang Club.,https://www.headbang.club/double-kick-heroes,,ADD,,headbang-club,Headbang Club,https://www.headbang.club/double-kick-heroes,,,2026-09-05,company-credit-ps4-pal-rapid-review-2026-09-05
ps4-double-kick-heroes-steel-book,Double Kick Heroes [Steel Book],Double Kick Heroes [Steel Book],PAL España,standard,GAME_OR_UNKNOWN,PHYSICAL_PUBLISHER_OR_DISTRIBUTOR,,Red Art Games,HIGH,EXACT_TITLE_OR_EDITION_FAMILY,ADD_OR_CONFIRM_CREDIT,Crédito verificado para la obra base y aplicado únicamente a esta edición: Red Art Games.,https://www.headbang.club/double-kick-heroes,,ADD,,red-art-games,Red Art Games,https://www.headbang.club/double-kick-heroes,,,2026-09-05,company-credit-ps4-pal-rapid-review-2026-09-05
ps4-double-pack-assassin%27s-creed-odyssey-&#43;-assassin%27s-creed-origins,Double Pack: Assassin's Creed Odyssey + Assassin's Creed Origins,Double Pack: Assassin's Creed Odyssey + Assassin's Creed Origins,PAL España,standard,POSSIBLE_COMPILATION_OR_MULTI_PRODUCT,DEVELOPER,,Ubisoft Montreal,HIGH,EXACT_TITLE_OR_EDITION_FAMILY,ADD_OR_CONFIRM_CREDIT,Crédito verificado para la obra base y aplicado únicamente a esta edición: Ubisoft Montreal.,https://www.ubisoft.com/en-us/game/assassins-creed,,ADD,,ubisoft-montreal,Ubisoft Montreal,https://www.ubisoft.com/en-us/game/assassins-creed,,,2026-09-05,company-credit-ps4-pal-rapid-review-2026-09-05
ps4-dragon-age-inquisition-game-of-the-year,Dragon Age: Inquisition [Game of the Year],Dragon Age: Inquisition [Game of the Year],PAL España,standard,GAME_OR_UNKNOWN,PHYSICAL_PUBLISHER_OR_DISTRIBUTOR,,Electronic Arts,HIGH,GAME_WORK | PS4_RELEASE,ADD_OR_CONFIRM_CREDIT,"Coincidencia rápida: LAUNCHBOX_PS4, STEAM, WIKIDATA.",https://gamesdb.launchbox-app.com/games/details/20213,https://gamesdb.launchbox-app.com/games/details/21403,ADD,,electronic-arts,Electronic Arts,https://gamesdb.launchbox-app.com/games/details/20213 | https://gamesdb.launchbox-app.com/games/details/21403,,,2026-09-05,company-credit-ps4-pal-rapid-review-2026-09-05
ps4-dragon-quest-xi-echoes-of-an-elusive-age,Dragon Quest XI Echoes of An Elusive Age,Dragon Quest XI Echoes of An Elusive Age,PAL España,standard,GAME_OR_UNKNOWN,DEVELOPER,,Square Enix,HIGH,EXACT_TITLE_OR_EDITION_FAMILY,ADD_OR_CONFIRM_CREDIT,Crédito verificado para la obra base y aplicado únicamente a esta edición: Square Enix.,https://dragonquest.square-enix-games.com/xi/en-us/,,ADD,,square-enix,Square Enix,https://dragonquest.square-enix-games.com/xi/en-us/,,,2026-09-05,company-credit-ps4-pal-rapid-review-2026-09-05
ps4-dragon-quest-xi-echoes-of-an-elusive-age,Dragon Quest XI Echoes of An Elusive Age,Dragon Quest XI Echoes of An Elusive Age,PAL España,standard,GAME_OR_UNKNOWN,PHYSICAL_PUBLISHER_OR_DISTRIBUTOR,,Square Enix,HIGH,EXACT_TITLE_OR_EDITION_FAMILY,ADD_OR_CONFIRM_CREDIT,Crédito verificado para la obra base y aplicado únicamente a esta edición: Square Enix.,https://dragonquest.square-enix-games.com/xi/en-us/,,ADD,,square-enix,Square Enix,https://dragonquest.square-enix-games.com/xi/en-us/,,,2026-09-05,company-credit-ps4-pal-rapid-review-2026-09-05
ps4-dragon-quest-xi-edicion-definitiva,Dragon Quest XI Edición Definitiva,Dragon Quest XI Edición Definitiva,PAL España,standard,EDITION_VARIANT,DEVELOPER,,Square Enix,HIGH,EXACT_TITLE_OR_EDITION_FAMILY,ADD_OR_CONFIRM_CREDIT,Crédito verificado para la obra base y aplicado únicamente a esta edición: Square Enix.,https://dragonquest.square-enix-games.com/xi/en-us/,,ADD,,square-enix,Square Enix,https://dragonquest.square-enix-games.com/xi/en-us/,,,2026-09-05,company-credit-ps4-pal-rapid-review-2026-09-05
ps4-dragon-quest-xi-edicion-definitiva,Dragon Quest XI Edición Definitiva,Dragon Quest XI Edición Definitiva,PAL España,standard,EDITION_VARIANT,PHYSICAL_PUBLISHER_OR_DISTRIBUTOR,,Square Enix,HIGH,EXACT_TITLE_OR_EDITION_FAMILY,ADD_OR_CONFIRM_CREDIT,Crédito verificado para la obra base y aplicado únicamente a esta edición: Square Enix.,https://dragonquest.square-enix-games.com/xi/en-us/,,ADD,,square-enix,Square Enix,https://dragonquest.square-enix-games.com/xi/en-us/,,,2026-09-05,company-credit-ps4-pal-rapid-review-2026-09-05
ps4-dragon-quest-xi-echoes-of-an-elusive-age-edition-of-light,Dragon Quest XI: Echoes Of An Elusive Age [Edition Of Light],Dragon Quest XI: Echoes Of An Elusive Age [Edition Of Light],PAL España,standard,GAME_OR_UNKNOWN,DEVELOPER,,Square Enix,HIGH,EXACT_TITLE_OR_EDITION_FAMILY,ADD_OR_CONFIRM_CREDIT,Crédito verificado para la obra base y aplicado únicamente a esta edición: Square Enix.,https://dragonquest.square-enix-games.com/xi/en-us/,,ADD,,square-enix,Square Enix,https://dragonquest.square-enix-games.com/xi/en-us/,,,2026-09-05,company-credit-ps4-pal-rapid-review-2026-09-05
ps4-dragon-quest-xi-echoes-of-an-elusive-age-edition-of-light,Dragon Quest XI: Echoes Of An Elusive Age [Edition Of Light],Dragon Quest XI: Echoes Of An Elusive Age [Edition Of Light],PAL España,standard,GAME_OR_UNKNOWN,PHYSICAL_PUBLISHER_OR_DISTRIBUTOR,,Square Enix,HIGH,EXACT_TITLE_OR_EDITION_FAMILY,ADD_OR_CONFIRM_CREDIT,Crédito verificado para la obra base y aplicado únicamente a esta edición: Square Enix.,https://dragonquest.square-enix-games.com/xi/en-us/,,ADD,,square-enix,Square Enix,https://dragonquest.square-enix-games.com/xi/en-us/,,,2026-09-05,company-credit-ps4-pal-rapid-review-2026-09-05
ps4-dragon-quest-xi-echoes-of-an-elusive-age-edition-of-lost-time,Dragon Quest XI: Echoes Of An Elusive Age [Edition Of Lost Time],Dragon Quest XI: Echoes Of An Elusive Age [Edition Of Lost Time],PAL España,standard,GAME_OR_UNKNOWN,DEVELOPER,,Square Enix,HIGH,EXACT_TITLE_OR_EDITION_FAMILY,ADD_OR_CONFIRM_CREDIT,Crédito verificado para la obra base y aplicado únicamente a esta edición: Square Enix.,https://dragonquest.square-enix-games.com/xi/en-us/,,ADD,,square-enix,Square Enix,https://dragonquest.square-enix-games.com/xi/en-us/,,,2026-09-05,company-credit-ps4-pal-rapid-review-2026-09-05
ps4-dragon-quest-xi-echoes-of-an-elusive-age-edition-of-lost-time,Dragon Quest XI: Echoes Of An Elusive Age [Edition Of Lost Time],Dragon Quest XI: Echoes Of An Elusive Age [Edition Of Lost Time],PAL España,standard,GAME_OR_UNKNOWN,PHYSICAL_PUBLISHER_OR_DISTRIBUTOR,,Square Enix,HIGH,EXACT_TITLE_OR_EDITION_FAMILY,ADD_OR_CONFIRM_CREDIT,Crédito verificado para la obra base y aplicado únicamente a esta edición: Square Enix.,https://dragonquest.square-enix-games.com/xi/en-us/,,ADD,,square-enix,Square Enix,https://dragonquest.square-enix-games.com/xi/en-us/,,,2026-09-05,company-credit-ps4-pal-rapid-review-2026-09-05
ps4-dragons-crwon-pro,Dragons Crwon Pro,Dragons Crwon Pro,PAL España,standard,GAME_OR_UNKNOWN,DEVELOPER,,Vanillaware,HIGH,EXACT_TITLE_OR_EDITION_FAMILY,ADD_OR_CONFIRM_CREDIT,Crédito verificado para la obra base y aplicado únicamente a esta edición: Vanillaware.,https://atlus.com/dragonscrown/,,ADD,,vanillaware,Vanillaware,https://atlus.com/dragonscrown/,,,2026-09-05,company-credit-ps4-pal-rapid-review-2026-09-05
ps4-dragons-crwon-pro,Dragons Crwon Pro,Dragons Crwon Pro,PAL España,standard,GAME_OR_UNKNOWN,PHYSICAL_PUBLISHER_OR_DISTRIBUTOR,,Atlus,HIGH,EXACT_TITLE_OR_EDITION_FAMILY,ADD_OR_CONFIRM_CREDIT,Crédito verificado para la obra base y aplicado únicamente a esta edición: Atlus.,https://atlus.com/dragonscrown/,,ADD,,atlus,Atlus Co Ltd.,https://atlus.com/dragonscrown/,,,2026-09-05,company-credit-ps4-pal-rapid-review-2026-09-05
ps4-dragons-dawn-of-new-riders,Dragons Dawn Of New Riders,Dragons Dawn Of New Riders,PAL España,standard,GAME_OR_UNKNOWN,DIGITAL_PUBLISHER,,OUTRIGHT GAMES LLC,HIGH,DIGITAL_PS4_EU,ADD_OR_CONFIRM_CREDIT,Coincidencia rápida: PLAYSTATION_STORE.,https://store.playstation.com/es-es/product/EP3678-CUSA12945_00-HTTYD3BASEGAME01,,ADD,,outright-games,Outright Games LTD,https://store.playstation.com/es-es/product/EP3678-CUSA12945_00-HTTYD3BASEGAME01,,,2026-09-05,company-credit-ps4-pal-rapid-review-2026-09-05
ps4-dragons-legends-of-the-nine-realms,Dragons: Legends of the Nine Realms,Dragons: Legends of the Nine Realms,PAL España,standard,GAME_OR_UNKNOWN,DEVELOPER,,A Heartful of Games,HIGH,EXACT_TITLE_OR_EDITION_FAMILY,ADD_OR_CONFIRM_CREDIT,Crédito verificado para la obra base y aplicado únicamente a esta edición: A Heartful of Games.,https://www.outrightgames.com/games/dreamworks-dragons-legends-of-the-nine-realms/,,ADD,,aheartfulofgames,aheartfulofgames,https://www.outrightgames.com/games/dreamworks-dragons-legends-of-the-nine-realms/,,,2026-09-05,company-credit-ps4-pal-rapid-review-2026-09-05
ps4-dragons-legends-of-the-nine-realms,Dragons: Legends of the Nine Realms,Dragons: Legends of the Nine Realms,PAL España,standard,GAME_OR_UNKNOWN,PHYSICAL_PUBLISHER_OR_DISTRIBUTOR,,Outright Games,HIGH,EXACT_TITLE_OR_EDITION_FAMILY,ADD_OR_CONFIRM_CREDIT,Crédito verificado para la obra base y aplicado únicamente a esta edición: Outright Games.,https://www.outrightgames.com/games/dreamworks-dragons-legends-of-the-nine-realms/,,ADD,,outright-games,Outright Games LTD,https://www.outrightgames.com/games/dreamworks-dragons-legends-of-the-nine-realms/,,,2026-09-05,company-credit-ps4-pal-rapid-review-2026-09-05
ps4-dredge-deluxe-edition,Dredge: Deluxe Edition,Dredge: Deluxe Edition,PAL España,standard,EDITION_VARIANT,PHYSICAL_PUBLISHER_OR_DISTRIBUTOR,,Team17,HIGH,GAME_WORK,ADD_OR_CONFIRM_CREDIT,"Coincidencia rápida: STEAM, WIKIDATA.",https://store.steampowered.com/app/1562430,https://www.wikidata.org/entity/Q113647971,ADD,,team17,Team17,https://store.steampowered.com/app/1562430 | https://www.wikidata.org/entity/Q113647971,,,2026-09-05,company-credit-ps4-pal-rapid-review-2026-09-05
ps4-driveclub-vr,DriveClub VR,DriveClub VR,PAL España,standard,GAME_OR_UNKNOWN,DEVELOPER,,Evolution Studios,HIGH,GAME_WORK | PS4_RELEASE,ADD_OR_CONFIRM_CREDIT,"Coincidencia rápida: LAUNCHBOX_PS4, WIKIDATA.",https://gamesdb.launchbox-app.com/games/details/193192,https://www.wikidata.org/entity/Q122997835,ADD,,evolution-studios,Evolution Studios,https://gamesdb.launchbox-app.com/games/details/193192 | https://www.wikidata.org/entity/Q122997835,,,2026-09-05,company-credit-ps4-pal-rapid-review-2026-09-05
ps4-driveclub-vr,DriveClub VR,DriveClub VR,PAL España,standard,GAME_OR_UNKNOWN,PHYSICAL_PUBLISHER_OR_DISTRIBUTOR,,Sony Interactive Entertainment,HIGH,GAME_WORK | PS4_RELEASE,ADD_OR_CONFIRM_CREDIT,"Coincidencia rápida: LAUNCHBOX_PS4, WIKIDATA.",https://gamesdb.launchbox-app.com/games/details/193192,https://www.wikidata.org/entity/Q122997835,ADD,,sony-interactive-entertainment,Sony Interactive Entertainment,https://gamesdb.launchbox-app.com/games/details/193192 | https://www.wikidata.org/entity/Q122997835,,,2026-09-05,company-credit-ps4-pal-rapid-review-2026-09-05
ps4-dungeons-&amp;-dragons-dark-alliance-steelbook-edition,Dungeons & Dragons Dark Alliance [Steelbook Edition],Dungeons & Dragons Dark Alliance [Steelbook Edition],PAL España,standard,EDITION_VARIANT,DEVELOPER,,Tuque Games,HIGH,GAME_WORK | PS4_RELEASE,ADD_OR_CONFIRM_CREDIT,"Coincidencia rápida: LAUNCHBOX_PS4, WIKIDATA.",https://gamesdb.launchbox-app.com/games/details/473145,https://www.wikidata.org/entity/Q85757918,ADD,,tuque-games,Tuque Games,https://gamesdb.launchbox-app.com/games/details/473145 | https://www.wikidata.org/entity/Q85757918,,,2026-09-05,company-credit-ps4-pal-rapid-review-2026-09-05
ps4-dungeons-&amp;-dragons-dark-alliance-steelbook-edition,Dungeons & Dragons Dark Alliance [Steelbook Edition],Dungeons & Dragons Dark Alliance [Steelbook Edition],PAL España,standard,EDITION_VARIANT,PHYSICAL_PUBLISHER_OR_DISTRIBUTOR,,Wizards of the Coast,HIGH,GAME_WORK | PS4_RELEASE,ADD_OR_CONFIRM_CREDIT,"Coincidencia rápida: LAUNCHBOX_PS4, WIKIDATA.",https://gamesdb.launchbox-app.com/games/details/473145,https://www.wikidata.org/entity/Q85757918,ADD,,wizards-of-the-coast,Wizards of the Coast,https://gamesdb.launchbox-app.com/games/details/473145 | https://www.wikidata.org/entity/Q85757918,,,2026-09-05,company-credit-ps4-pal-rapid-review-2026-09-05
ps4-dungeons-&amp;-dragons-dark-alliance-day-one-edition,Dungeons & Dragons: Dark Alliance [Day One Edition],Dungeons & Dragons: Dark Alliance [Day One Edition],PAL España,standard,EDITION_VARIANT,DEVELOPER,,Tuque Games,HIGH,GAME_WORK | PS4_RELEASE,ADD_OR_CONFIRM_CREDIT,"Coincidencia rápida: LAUNCHBOX_PS4, WIKIDATA.",https://gamesdb.launchbox-app.com/games/details/473145,https://www.wikidata.org/entity/Q85757918,ADD,,tuque-games,Tuque Games,https://gamesdb.launchbox-app.com/games/details/473145 | https://www.wikidata.org/entity/Q85757918,,,2026-09-05,company-credit-ps4-pal-rapid-review-2026-09-05
ps4-dungeons-&amp;-dragons-dark-alliance-day-one-edition,Dungeons & Dragons: Dark Alliance [Day One Edition],Dungeons & Dragons: Dark Alliance [Day One Edition],PAL España,standard,EDITION_VARIANT,PHYSICAL_PUBLISHER_OR_DISTRIBUTOR,,Wizards of the Coast,HIGH,GAME_WORK | PS4_RELEASE,ADD_OR_CONFIRM_CREDIT,"Coincidencia rápida: LAUNCHBOX_PS4, WIKIDATA.",https://gamesdb.launchbox-app.com/games/details/473145,https://www.wikidata.org/entity/Q85757918,ADD,,wizards-of-the-coast,Wizards of the Coast,https://gamesdb.launchbox-app.com/games/details/473145 | https://www.wikidata.org/entity/Q85757918,,,2026-09-05,company-credit-ps4-pal-rapid-review-2026-09-05
ps4-dungeons-iii,Dungeons III,Dungeons III,PAL España,standard,GAME_OR_UNKNOWN,DEVELOPER,,Realmforge Studios,HIGH,EXACT_TITLE_OR_EDITION_FAMILY,ADD_OR_CONFIRM_CREDIT,Crédito verificado para la obra base y aplicado únicamente a esta edición: Realmforge Studios.,https://www.kalypsomedia.com/eu/dungeons-3,,ADD,,realmforge-studios,Realmforge Studios,https://www.kalypsomedia.com/eu/dungeons-3,,,2026-09-05,company-credit-ps4-pal-rapid-review-2026-09-05
ps4-dungeons-iii,Dungeons III,Dungeons III,PAL España,standard,GAME_OR_UNKNOWN,PHYSICAL_PUBLISHER_OR_DISTRIBUTOR,,Kalypso Media,HIGH,EXACT_TITLE_OR_EDITION_FAMILY,ADD_OR_CONFIRM_CREDIT,Crédito verificado para la obra base y aplicado únicamente a esta edición: Kalypso Media.,https://www.kalypsomedia.com/eu/dungeons-3,,ADD,,kalypso-media,Kalypso Media,https://www.kalypsomedia.com/eu/dungeons-3,,,2026-09-05,company-credit-ps4-pal-rapid-review-2026-09-05
ps4-dungeons-iii-complete-collection,Dungeons III: Complete Collection,Dungeons III: Complete Collection,PAL España,standard,POSSIBLE_COMPILATION_OR_MULTI_PRODUCT,DEVELOPER,,Realmforge Studios,HIGH,EXACT_TITLE_OR_EDITION_FAMILY,ADD_OR_CONFIRM_CREDIT,Crédito verificado para la obra base y aplicado únicamente a esta edición: Realmforge Studios.,https://www.kalypsomedia.com/eu/dungeons-3,,ADD,,realmforge-studios,Realmforge Studios,https://www.kalypsomedia.com/eu/dungeons-3,,,2026-09-05,company-credit-ps4-pal-rapid-review-2026-09-05
ps4-dungeons-iii-complete-collection,Dungeons III: Complete Collection,Dungeons III: Complete Collection,PAL España,standard,POSSIBLE_COMPILATION_OR_MULTI_PRODUCT,PHYSICAL_PUBLISHER_OR_DISTRIBUTOR,,Kalypso Media,HIGH,EXACT_TITLE_OR_EDITION_FAMILY,ADD_OR_CONFIRM_CREDIT,Crédito verificado para la obra base y aplicado únicamente a esta edición: Kalypso Media.,https://www.kalypsomedia.com/eu/dungeons-3,,ADD,,kalypso-media,Kalypso Media,https://www.kalypsomedia.com/eu/dungeons-3,,,2026-09-05,company-credit-ps4-pal-rapid-review-2026-09-05
ps4-dungeons-of-the-endless-signature-edition,Dungeons of the Endless Signature Edition,Dungeons of the Endless Signature Edition,PAL España,standard,EDITION_VARIANT,DEVELOPER,,Amplitude Studios,HIGH,EXACT_TITLE_OR_EDITION_FAMILY,ADD_OR_CONFIRM_CREDIT,Crédito verificado para la obra base y aplicado únicamente a esta edición: Amplitude Studios.,https://www.amplitude-studios.com/amplitude-games/dungeon-of-the-endless,,ADD,,amplitude-studios,Amplitude Studios,https://www.amplitude-studios.com/amplitude-games/dungeon-of-the-endless,,,2026-09-05,company-credit-ps4-pal-rapid-review-2026-09-05
ps4-dungeons-of-the-endless-signature-edition,Dungeons of the Endless Signature Edition,Dungeons of the Endless Signature Edition,PAL España,standard,EDITION_VARIANT,PHYSICAL_PUBLISHER_OR_DISTRIBUTOR,,Sega,HIGH,EXACT_TITLE_OR_EDITION_FAMILY,ADD_OR_CONFIRM_CREDIT,Crédito verificado para la obra base y aplicado únicamente a esta edición: Sega.,https://www.amplitude-studios.com/amplitude-games/dungeon-of-the-endless,,ADD,,sega,Sega,https://www.amplitude-studios.com/amplitude-games/dungeon-of-the-endless,,,2026-09-05,company-credit-ps4-pal-rapid-review-2026-09-05
ps4-ea-sports-madden-nfl-25,EA Sports Madden NFL 25,EA Sports Madden NFL 25,PAL España,standard,GAME_OR_UNKNOWN,PHYSICAL_PUBLISHER_OR_DISTRIBUTOR,EA Sports,EA Sports,HIGH,EXACT_TITLE_OR_EDITION_FAMILY,ADD_OR_CONFIRM_CREDIT,Crédito verificado para la obra base y aplicado únicamente a esta edición: EA Sports.,https://www.ea.com/games/madden-nfl/madden-nfl-25,,CONFIRM,EA Sports,ea-sports,EA Sports,https://www.ea.com/games/madden-nfl/madden-nfl-25,,,2026-09-05,company-credit-ps4-pal-rapid-review-2026-09-05
ps4-eagle-flight,Eagle Flight,Eagle Flight,PAL España,standard,GAME_OR_UNKNOWN,PHYSICAL_PUBLISHER_OR_DISTRIBUTOR,,Ubisoft,HIGH,DIGITAL_PS4_EU | GAME_WORK | PS4_RELEASE,ADD_OR_CONFIRM_CREDIT,"Coincidencia rápida: LAUNCHBOX_PS4, PLAYSTATION_STORE, STEAM.",https://gamesdb.launchbox-app.com/games/details/466094,https://store.playstation.com/es-es/product/EP0001-CUSA04876_00-EAGLEFLIGHTGAME0,ADD,,ubisoft,Ubisoft,https://gamesdb.launchbox-app.com/games/details/466094 | https://store.playstation.com/es-es/product/EP0001-CUSA04876_00-EAGLEFLIGHTGAME0,,,2026-09-05,company-credit-ps4-pal-rapid-review-2026-09-05
ps4-earth-s-dawn,Earth's Dawn,Earth's Dawn,PAL España,standard,GAME_OR_UNKNOWN,PHYSICAL_PUBLISHER_OR_DISTRIBUTOR,,One or Eight,HIGH,DIGITAL_PS4_EU | GAME_WORK,ADD_OR_CONFIRM_CREDIT,"Coincidencia rápida: PLAYSTATION_STORE, STEAM.",https://store.playstation.com/es-es/product/EP4034-CUSA05087_00-EARTHSDAWN000000,https://store.steampowered.com/app/494600,ADD,,one-or-eight,One or Eight,https://store.playstation.com/es-es/product/EP4034-CUSA05087_00-EARTHSDAWN000000 | https://store.steampowered.com/app/494600,,,2026-09-05,company-credit-ps4-pal-rapid-review-2026-09-05
ps4-elden-ring-lanzamiento,Elden Ring Lanzamiento,Elden Ring Lanzamiento,PAL España,standard,EDITION_VARIANT,DEVELOPER,,FromSoftware,HIGH,EXACT_TITLE_OR_EDITION_FAMILY,ADD_OR_CONFIRM_CREDIT,Crédito verificado para la obra base y aplicado únicamente a esta edición: FromSoftware.,https://en.bandainamcoent.eu/elden-ring/elden-ring,,ADD,,fromsoftware,FromSoftware,https://en.bandainamcoent.eu/elden-ring/elden-ring,,,2026-09-05,company-credit-ps4-pal-rapid-review-2026-09-05
ps4-elden-ring-lanzamiento,Elden Ring Lanzamiento,Elden Ring Lanzamiento,PAL España,standard,EDITION_VARIANT,PHYSICAL_PUBLISHER_OR_DISTRIBUTOR,,Bandai Namco Entertainment Europe,HIGH,EXACT_TITLE_OR_EDITION_FAMILY,ADD_OR_CONFIRM_CREDIT,Crédito verificado para la obra base y aplicado únicamente a esta edición: Bandai Namco Entertainment Europe.,https://en.bandainamcoent.eu/elden-ring/elden-ring,,ADD,,bandai-namco-entertainment-europe,Bandai Namco Entertainment Europe,https://en.bandainamcoent.eu/elden-ring/elden-ring,,,2026-09-05,company-credit-ps4-pal-rapid-review-2026-09-05
ps4-elder-scorlls-online-morrowind,Elder Scorlls Online : Morrowind,Elder Scorlls Online : Morrowind,PAL España,standard,GAME_OR_UNKNOWN,DEVELOPER,,ZeniMax Online Studios,HIGH,EXACT_TITLE_OR_EDITION_FAMILY,ADD_OR_CONFIRM_CREDIT,Crédito verificado para la obra base y aplicado únicamente a esta edición: ZeniMax Online Studios.,https://www.elderscrollsonline.com/,,ADD,,zenimax-online-studios,ZeniMax Online Studios,https://www.elderscrollsonline.com/,,,2026-09-05,company-credit-ps4-pal-rapid-review-2026-09-05
ps4-elder-scorlls-online-morrowind,Elder Scorlls Online : Morrowind,Elder Scorlls Online : Morrowind,PAL España,standard,GAME_OR_UNKNOWN,PHYSICAL_PUBLISHER_OR_DISTRIBUTOR,,Bethesda Softworks,HIGH,EXACT_TITLE_OR_EDITION_FAMILY,ADD_OR_CONFIRM_CREDIT,Crédito verificado para la obra base y aplicado únicamente a esta edición: Bethesda Softworks.,https://www.elderscrollsonline.com/,,ADD,,bethesda-softworks,Bethesda Softworks,https://www.elderscrollsonline.com/,,,2026-09-05,company-credit-ps4-pal-rapid-review-2026-09-05
ps4-elder-scrolls-online-morrowind,Elder Scrolls Online Morrowind,Elder Scrolls Online Morrowind,PAL España,standard,GAME_OR_UNKNOWN,DEVELOPER,,ZeniMax Online Studios,HIGH,EXACT_TITLE_OR_EDITION_FAMILY,ADD_OR_CONFIRM_CREDIT,Crédito verificado para la obra base y aplicado únicamente a esta edición: ZeniMax Online Studios.,https://www.elderscrollsonline.com/,,ADD,,zenimax-online-studios,ZeniMax Online Studios,https://www.elderscrollsonline.com/,,,2026-09-05,company-credit-ps4-pal-rapid-review-2026-09-05
ps4-elder-scrolls-online-morrowind,Elder Scrolls Online Morrowind,Elder Scrolls Online Morrowind,PAL España,standard,GAME_OR_UNKNOWN,PHYSICAL_PUBLISHER_OR_DISTRIBUTOR,,Bethesda Softworks,HIGH,EXACT_TITLE_OR_EDITION_FAMILY,ADD_OR_CONFIRM_CREDIT,Crédito verificado para la obra base y aplicado únicamente a esta edición: Bethesda Softworks.,https://www.elderscrollsonline.com/,,ADD,,bethesda-softworks,Bethesda Softworks,https://www.elderscrollsonline.com/,,,2026-09-05,company-credit-ps4-pal-rapid-review-2026-09-05
ps4-elder-scrolls-online-summerset,Elder Scrolls Online Summerset,Elder Scrolls Online Summerset,PAL España,standard,GAME_OR_UNKNOWN,DEVELOPER,,ZeniMax Online Studios,HIGH,EXACT_TITLE_OR_EDITION_FAMILY,ADD_OR_CONFIRM_CREDIT,Crédito verificado para la obra base y aplicado únicamente a esta edición: ZeniMax Online Studios.,https://www.elderscrollsonline.com/,,ADD,,zenimax-online-studios,ZeniMax Online Studios,https://www.elderscrollsonline.com/,,,2026-09-05,company-credit-ps4-pal-rapid-review-2026-09-05
ps4-elder-scrolls-online-summerset,Elder Scrolls Online Summerset,Elder Scrolls Online Summerset,PAL España,standard,GAME_OR_UNKNOWN,PHYSICAL_PUBLISHER_OR_DISTRIBUTOR,,Bethesda Softworks,HIGH,EXACT_TITLE_OR_EDITION_FAMILY,ADD_OR_CONFIRM_CREDIT,Crédito verificado para la obra base y aplicado únicamente a esta edición: Bethesda Softworks.,https://www.elderscrollsonline.com/,,ADD,,bethesda-softworks,Bethesda Softworks,https://www.elderscrollsonline.com/,,,2026-09-05,company-credit-ps4-pal-rapid-review-2026-09-05
ps4-elder-scrolls-online-tamriel-unlimited,Elder Scrolls Online Tamriel Unlimited,Elder Scrolls Online Tamriel Unlimited,PAL España,standard,GAME_OR_UNKNOWN,DEVELOPER,,ZeniMax Online Studios,HIGH,EXACT_TITLE_OR_EDITION_FAMILY,ADD_OR_CONFIRM_CREDIT,Crédito verificado para la obra base y aplicado únicamente a esta edición: ZeniMax Online Studios.,https://www.elderscrollsonline.com/,,ADD,,zenimax-online-studios,ZeniMax Online Studios,https://www.elderscrollsonline.com/,,,2026-09-05,company-credit-ps4-pal-rapid-review-2026-09-05
ps4-elder-scrolls-online-tamriel-unlimited,Elder Scrolls Online Tamriel Unlimited,Elder Scrolls Online Tamriel Unlimited,PAL España,standard,GAME_OR_UNKNOWN,PHYSICAL_PUBLISHER_OR_DISTRIBUTOR,,Bethesda Softworks,HIGH,EXACT_TITLE_OR_EDITION_FAMILY,ADD_OR_CONFIRM_CREDIT,Crédito verificado para la obra base y aplicado únicamente a esta edición: Bethesda Softworks.,https://www.elderscrollsonline.com/,,ADD,,bethesda-softworks,Bethesda Softworks,https://www.elderscrollsonline.com/,,,2026-09-05,company-credit-ps4-pal-rapid-review-2026-09-05
ps4-elder-scrolls-online-gold-edition,Elder Scrolls Online: Gold Edition,Elder Scrolls Online: Gold Edition,PAL España,standard,GAME_OR_UNKNOWN,DEVELOPER,,ZeniMax Online Studios,HIGH,EXACT_TITLE_OR_EDITION_FAMILY,ADD_OR_CONFIRM_CREDIT,Crédito verificado para la obra base y aplicado únicamente a esta edición: ZeniMax Online Studios.,https://www.elderscrollsonline.com/,,ADD,,zenimax-online-studios,ZeniMax Online Studios,https://www.elderscrollsonline.com/,,,2026-09-05,company-credit-ps4-pal-rapid-review-2026-09-05
ps4-elder-scrolls-online-gold-edition,Elder Scrolls Online: Gold Edition,Elder Scrolls Online: Gold Edition,PAL España,standard,GAME_OR_UNKNOWN,PHYSICAL_PUBLISHER_OR_DISTRIBUTOR,,Bethesda Softworks,HIGH,EXACT_TITLE_OR_EDITION_FAMILY,ADD_OR_CONFIRM_CREDIT,Crédito verificado para la obra base y aplicado únicamente a esta edición: Bethesda Softworks.,https://www.elderscrollsonline.com/,,ADD,,bethesda-softworks,Bethesda Softworks,https://www.elderscrollsonline.com/,,,2026-09-05,company-credit-ps4-pal-rapid-review-2026-09-05
ps4-elder-scrolls-online-morrowind-collector%27s-edition,Elder Scrolls Online: Morrowind [Collector's Edition],Elder Scrolls Online: Morrowind [Collector's Edition],PAL España,standard,EDITION_VARIANT,DEVELOPER,,ZeniMax Online Studios,HIGH,EXACT_TITLE_OR_EDITION_FAMILY,ADD_OR_CONFIRM_CREDIT,Crédito verificado para la obra base y aplicado únicamente a esta edición: ZeniMax Online Studios.,https://www.elderscrollsonline.com/,,ADD,,zenimax-online-studios,ZeniMax Online Studios,https://www.elderscrollsonline.com/,,,2026-09-05,company-credit-ps4-pal-rapid-review-2026-09-05
ps4-elder-scrolls-online-morrowind-collector%27s-edition,Elder Scrolls Online: Morrowind [Collector's Edition],Elder Scrolls Online: Morrowind [Collector's Edition],PAL España,standard,EDITION_VARIANT,PHYSICAL_PUBLISHER_OR_DISTRIBUTOR,,Bethesda Softworks,HIGH,EXACT_TITLE_OR_EDITION_FAMILY,ADD_OR_CONFIRM_CREDIT,Crédito verificado para la obra base y aplicado únicamente a esta edición: Bethesda Softworks.,https://www.elderscrollsonline.com/,,ADD,,bethesda-softworks,Bethesda Softworks,https://www.elderscrollsonline.com/,,,2026-09-05,company-credit-ps4-pal-rapid-review-2026-09-05
ps4-elder-scrolls-online-summerset-collector%27s-edition,Elder Scrolls Online: Summerset [Collector's Edition],Elder Scrolls Online: Summerset [Collector's Edition],PAL España,standard,EDITION_VARIANT,DEVELOPER,,ZeniMax Online Studios,HIGH,EXACT_TITLE_OR_EDITION_FAMILY,ADD_OR_CONFIRM_CREDIT,Crédito verificado para la obra base y aplicado únicamente a esta edición: ZeniMax Online Studios.,https://www.elderscrollsonline.com/,,ADD,,zenimax-online-studios,ZeniMax Online Studios,https://www.elderscrollsonline.com/,,,2026-09-05,company-credit-ps4-pal-rapid-review-2026-09-05
ps4-elder-scrolls-online-summerset-collector%27s-edition,Elder Scrolls Online: Summerset [Collector's Edition],Elder Scrolls Online: Summerset [Collector's Edition],PAL España,standard,EDITION_VARIANT,PHYSICAL_PUBLISHER_OR_DISTRIBUTOR,,Bethesda Softworks,HIGH,EXACT_TITLE_OR_EDITION_FAMILY,ADD_OR_CONFIRM_CREDIT,Crédito verificado para la obra base y aplicado únicamente a esta edición: Bethesda Softworks.,https://www.elderscrollsonline.com/,,ADD,,bethesda-softworks,Bethesda Softworks,https://www.elderscrollsonline.com/,,,2026-09-05,company-credit-ps4-pal-rapid-review-2026-09-05
ps4-elder-scrolls-online-tamriel-unlimited-imperial-edition,Elder Scrolls Online: Tamriel Unlimited [Imperial Edition],Elder Scrolls Online: Tamriel Unlimited [Imperial Edition],PAL España,standard,GAME_OR_UNKNOWN,DEVELOPER,,ZeniMax Online Studios,HIGH,EXACT_TITLE_OR_EDITION_FAMILY,ADD_OR_CONFIRM_CREDIT,Crédito verificado para la obra base y aplicado únicamente a esta edición: ZeniMax Online Studios.,https://www.elderscrollsonline.com/,,ADD,,zenimax-online-studios,ZeniMax Online Studios,https://www.elderscrollsonline.com/,,,2026-09-05,company-credit-ps4-pal-rapid-review-2026-09-05
ps4-elder-scrolls-online-tamriel-unlimited-imperial-edition,Elder Scrolls Online: Tamriel Unlimited [Imperial Edition],Elder Scrolls Online: Tamriel Unlimited [Imperial Edition],PAL España,standard,GAME_OR_UNKNOWN,PHYSICAL_PUBLISHER_OR_DISTRIBUTOR,,Bethesda Softworks,HIGH,EXACT_TITLE_OR_EDITION_FAMILY,ADD_OR_CONFIRM_CREDIT,Crédito verificado para la obra base y aplicado únicamente a esta edición: Bethesda Softworks.,https://www.elderscrollsonline.com/,,ADD,,bethesda-softworks,Bethesda Softworks,https://www.elderscrollsonline.com/,,,2026-09-05,company-credit-ps4-pal-rapid-review-2026-09-05
ps4-elder-scrolls-online-tamriel-unlimited-not-for-resale,Elder Scrolls Online: Tamriel Unlimited [Not For Resale],Elder Scrolls Online: Tamriel Unlimited [Not For Resale],PAL España,standard,PROMO_COPY,DEVELOPER,,ZeniMax Online Studios,HIGH,EXACT_TITLE_OR_EDITION_FAMILY,ADD_OR_CONFIRM_CREDIT,Crédito verificado para la obra base y aplicado únicamente a esta edición: ZeniMax Online Studios.,https://www.elderscrollsonline.com/,,ADD,,zenimax-online-studios,ZeniMax Online Studios,https://www.elderscrollsonline.com/,,,2026-09-05,company-credit-ps4-pal-rapid-review-2026-09-05
ps4-elder-scrolls-online-tamriel-unlimited-not-for-resale,Elder Scrolls Online: Tamriel Unlimited [Not For Resale],Elder Scrolls Online: Tamriel Unlimited [Not For Resale],PAL España,standard,PROMO_COPY,PHYSICAL_PUBLISHER_OR_DISTRIBUTOR,,Bethesda Softworks,HIGH,EXACT_TITLE_OR_EDITION_FAMILY,ADD_OR_CONFIRM_CREDIT,Crédito verificado para la obra base y aplicado únicamente a esta edición: Bethesda Softworks.,https://www.elderscrollsonline.com/,,ADD,,bethesda-softworks,Bethesda Softworks,https://www.elderscrollsonline.com/,,,2026-09-05,company-credit-ps4-pal-rapid-review-2026-09-05
ps4-elite-dangerous-legendary-edition,Elite Dangerous: Legendary Edition,Elite Dangerous: Legendary Edition,PAL España,standard,GAME_OR_UNKNOWN,DEVELOPER,,Frontier Developments,HIGH,EXACT_TITLE_OR_EDITION_FAMILY,ADD_OR_CONFIRM_CREDIT,Crédito verificado para la obra base y aplicado únicamente a esta edición: Frontier Developments.,https://www.elitedangerous.com/,,ADD,,frontier-developments,Frontier Developments,https://www.elitedangerous.com/,,,2026-09-05,company-credit-ps4-pal-rapid-review-2026-09-05
ps4-elite-dangerous-legendary-edition,Elite Dangerous: Legendary Edition,Elite Dangerous: Legendary Edition,PAL España,standard,GAME_OR_UNKNOWN,PHYSICAL_PUBLISHER_OR_DISTRIBUTOR,,Frontier Developments,HIGH,EXACT_TITLE_OR_EDITION_FAMILY,ADD_OR_CONFIRM_CREDIT,Crédito verificado para la obra base y aplicado únicamente a esta edición: Frontier Developments.,https://www.elitedangerous.com/,,ADD,,frontier-developments,Frontier Developments,https://www.elitedangerous.com/,,,2026-09-05,company-credit-ps4-pal-rapid-review-2026-09-05
ps4-embr-uber-firefighters,Embr: Uber Firefighters,Embr: Uber Firefighters,PAL España,standard,GAME_OR_UNKNOWN,PHYSICAL_PUBLISHER_OR_DISTRIBUTOR,,Curve Games,HIGH,EXACT_TITLE_OR_EDITION_FAMILY,ADD_OR_CONFIRM_CREDIT,Crédito verificado para la obra base y aplicado únicamente a esta edición: Curve Games.,https://www.curvegames.com/games/embr/,,ADD,,curve-digital,Curve Digital,https://www.curvegames.com/games/embr/,,,2026-09-05,company-credit-ps4-pal-rapid-review-2026-09-05
ps4-emergency-call-the-attack-squad,Emergency Call - The Attack Squad,Emergency Call - The Attack Squad,PAL España,standard,GAME_OR_UNKNOWN,DEVELOPER,,Crenetic,HIGH,EXACT_TITLE_OR_EDITION_FAMILY,ADD_OR_CONFIRM_CREDIT,Crédito verificado para la obra base y aplicado únicamente a esta edición: Crenetic.,https://www.aerosoft.com/en/shop/move/simulation-games/fire-fighting/,,ADD,,crenetic,Crenetic,https://www.aerosoft.com/en/shop/move/simulation-games/fire-fighting/,,,2026-09-05,company-credit-ps4-pal-rapid-review-2026-09-05
ps4-emergency-call-the-attack-squad,Emergency Call - The Attack Squad,Emergency Call - The Attack Squad,PAL España,standard,GAME_OR_UNKNOWN,PHYSICAL_PUBLISHER_OR_DISTRIBUTOR,,Aerosoft,HIGH,EXACT_TITLE_OR_EDITION_FAMILY,ADD_OR_CONFIRM_CREDIT,Crédito verificado para la obra base y aplicado únicamente a esta edición: Aerosoft.,https://www.aerosoft.com/en/shop/move/simulation-games/fire-fighting/,,ADD,,aerosoft,Aerosoft GmbH,https://www.aerosoft.com/en/shop/move/simulation-games/fire-fighting/,,,2026-09-05,company-credit-ps4-pal-rapid-review-2026-09-05
ps4-ender-lilies,Ender Lilies,Ender Lilies,PAL España,standard,GAME_OR_UNKNOWN,DEVELOPER,,Live Wire,HIGH,EXACT_TITLE_OR_EDITION_FAMILY,ADD_OR_CONFIRM_CREDIT,Crédito verificado para la obra base y aplicado únicamente a esta edición: Live Wire.,https://en.enderlilies.com/,,ADD,,live-wire,Live Wire,https://en.enderlilies.com/,,,2026-09-05,company-credit-ps4-pal-rapid-review-2026-09-05
ps4-ender-lilies,Ender Lilies,Ender Lilies,PAL España,standard,GAME_OR_UNKNOWN,PHYSICAL_PUBLISHER_OR_DISTRIBUTOR,,Binary Haze Interactive,HIGH,EXACT_TITLE_OR_EDITION_FAMILY,ADD_OR_CONFIRM_CREDIT,Crédito verificado para la obra base y aplicado únicamente a esta edición: Binary Haze Interactive.,https://en.enderlilies.com/,,ADD,,binary-haze-interactive,Binary Haze Interactive,https://en.enderlilies.com/,,,2026-09-05,company-credit-ps4-pal-rapid-review-2026-09-05
ps4-ender-magnolia-bloom-in-the-mist,Ender Magnolia: Bloom In The Mist,Ender Magnolia: Bloom In The Mist,PAL España,standard,GAME_OR_UNKNOWN,PHYSICAL_PUBLISHER_OR_DISTRIBUTOR,,Binary Haze Interactive,HIGH,EXACT_TITLE_OR_EDITION_FAMILY,ADD_OR_CONFIRM_CREDIT,Crédito verificado para la obra base y aplicado únicamente a esta edición: Binary Haze Interactive.,https://www.endermagnolia.com/,,ADD,,binary-haze-interactive,Binary Haze Interactive,https://www.endermagnolia.com/,,,2026-09-05,company-credit-ps4-pal-rapid-review-2026-09-05
ps4-enter-digiton-heart-of-corruption,Enter Digiton: Heart of Corruption,Enter Digiton: Heart of Corruption,PAL España,standard,GAME_OR_UNKNOWN,DEVELOPER,,Morne Venter,HIGH,EXACT_TITLE_OR_EDITION_FAMILY,ADD_OR_CONFIRM_CREDIT,Crédito verificado para la obra base y aplicado únicamente a esta edición: Morne Venter.,https://www.eastasiasoft.com/games/Enter-Digiton-Heart-of-Corruption,,ADD,,morne-venter,Morne Venter,https://www.eastasiasoft.com/games/Enter-Digiton-Heart-of-Corruption,,,2026-09-05,company-credit-ps4-pal-rapid-review-2026-09-05
ps4-enter-digiton-heart-of-corruption,Enter Digiton: Heart of Corruption,Enter Digiton: Heart of Corruption,PAL España,standard,GAME_OR_UNKNOWN,PHYSICAL_PUBLISHER_OR_DISTRIBUTOR,,Eastasiasoft,HIGH,EXACT_TITLE_OR_EDITION_FAMILY,ADD_OR_CONFIRM_CREDIT,Crédito verificado para la obra base y aplicado únicamente a esta edición: Eastasiasoft.,https://www.eastasiasoft.com/games/Enter-Digiton-Heart-of-Corruption,,ADD,,eastasiasoft,EastAsiaSoft,https://www.eastasiasoft.com/games/Enter-Digiton-Heart-of-Corruption,,,2026-09-05,company-credit-ps4-pal-rapid-review-2026-09-05
ps4-epic-mickey,Epic Mickey,Epic Mickey,PAL España,standard,GAME_OR_UNKNOWN,DEVELOPER,Purple Lamp Studios,Junction Point Studios,HIGH,EXACT_TITLE_OR_EDITION_FAMILY,ADD_OR_CONFIRM_CREDIT,Crédito verificado para la obra base y aplicado únicamente a esta edición: Junction Point Studios.,https://www.disney.com/,,REPLACE,Purple Lamp Studios,junction-point,Junction Point,https://www.disney.com/,,,2026-09-05,company-credit-ps4-pal-rapid-review-2026-09-05
ps4-epic-mickey,Epic Mickey,Epic Mickey,PAL España,standard,GAME_OR_UNKNOWN,PHYSICAL_PUBLISHER_OR_DISTRIBUTOR,THQ Nordic,Disney Interactive Studios,HIGH,EXACT_TITLE_OR_EDITION_FAMILY,ADD_OR_CONFIRM_CREDIT,Crédito verificado para la obra base y aplicado únicamente a esta edición: Disney Interactive Studios.,https://www.disney.com/,,REPLACE,THQ Nordic,disney-interactive-studios,Disney Interactive Studios,https://www.disney.com/,,,2026-09-05,company-credit-ps4-pal-rapid-review-2026-09-05
ps4-epics-of-hammerwatch-heroes-edition,Epics Of Hammerwatch: Heroes Edition,Epics Of Hammerwatch: Heroes Edition,PAL España,standard,GAME_OR_UNKNOWN,DEVELOPER,,Crackshell,HIGH,EXACT_TITLE_OR_EDITION_FAMILY,ADD_OR_CONFIRM_CREDIT,Crédito verificado para la obra base y aplicado únicamente a esta edición: Crackshell.,https://www.crackshell.dk/,,ADD,,crackshell,Crackshell,https://www.crackshell.dk/,,,2026-09-05,company-credit-ps4-pal-rapid-review-2026-09-05
ps4-epics-of-hammerwatch-heroes-edition,Epics Of Hammerwatch: Heroes Edition,Epics Of Hammerwatch: Heroes Edition,PAL España,standard,GAME_OR_UNKNOWN,PHYSICAL_PUBLISHER_OR_DISTRIBUTOR,,Strictly Limited Games,HIGH,EXACT_TITLE_OR_EDITION_FAMILY,ADD_OR_CONFIRM_CREDIT,Crédito verificado para la obra base y aplicado únicamente a esta edición: Strictly Limited Games.,https://www.crackshell.dk/,,ADD,,strictly-limited-games,Strictly Limited Games,https://www.crackshell.dk/,,,2026-09-05,company-credit-ps4-pal-rapid-review-2026-09-05
ps4-epics-of-hammerwatch-heroes%27-edition-special-limited,Epics Of Hammerwatch: Heroes' Edition [Special Limited],Epics Of Hammerwatch: Heroes' Edition [Special Limited],PAL España,standard,EDITION_VARIANT,DEVELOPER,,Crackshell,HIGH,EXACT_TITLE_OR_EDITION_FAMILY,ADD_OR_CONFIRM_CREDIT,Crédito verificado para la obra base y aplicado únicamente a esta edición: Crackshell.,https://www.crackshell.dk/,,ADD,,crackshell,Crackshell,https://www.crackshell.dk/,,,2026-09-05,company-credit-ps4-pal-rapid-review-2026-09-05
ps4-epics-of-hammerwatch-heroes%27-edition-special-limited,Epics Of Hammerwatch: Heroes' Edition [Special Limited],Epics Of Hammerwatch: Heroes' Edition [Special Limited],PAL España,standard,EDITION_VARIANT,PHYSICAL_PUBLISHER_OR_DISTRIBUTOR,,Strictly Limited Games,HIGH,EXACT_TITLE_OR_EDITION_FAMILY,ADD_OR_CONFIRM_CREDIT,Crédito verificado para la obra base y aplicado únicamente a esta edición: Strictly Limited Games.,https://www.crackshell.dk/,,ADD,,strictly-limited-games,Strictly Limited Games,https://www.crackshell.dk/,,,2026-09-05,company-credit-ps4-pal-rapid-review-2026-09-05
ps4-equestrian-training,Equestrian Training,Equestrian Training,PAL España,standard,GAME_OR_UNKNOWN,PHYSICAL_PUBLISHER_OR_DISTRIBUTOR,,Microids,HIGH,DIGITAL_PS4_EU | GAME_WORK,ADD_OR_CONFIRM_CREDIT,"Coincidencia rápida: PLAYSTATION_STORE, STEAM.",https://store.playstation.com/es-es/product/EP4295-CUSA27348_00-GALOPSPS400000EU,https://store.steampowered.com/app/1631330,ADD,,microids,Microids,https://store.playstation.com/es-es/product/EP4295-CUSA27348_00-GALOPSPS400000EU | https://store.steampowered.com/app/1631330,,,2026-09-05,company-credit-ps4-pal-rapid-review-2026-09-05
ps4-escape-from-life-inc,Escape from Life Inc,Escape from Life Inc,PAL España,standard,GAME_OR_UNKNOWN,DIGITAL_PUBLISHER,,EVGENIY KOLPAKOV,HIGH,DIGITAL_PS4_EU,ADD_OR_CONFIRM_CREDIT,Coincidencia rápida: PLAYSTATION_STORE.,https://store.playstation.com/es-es/product/EP1661-CUSA24948_00-SYPS4ESCAPELIFEI,,ADD,,evgeniy-kolpakov,EVGENIY KOLPAKOV,https://store.playstation.com/es-es/product/EP1661-CUSA24948_00-SYPS4ESCAPELIFEI,,,2026-09-05,company-credit-ps4-pal-rapid-review-2026-09-05
ps4-eve-valkyrie,EVE Valkyrie,EVE Valkyrie,PAL España,standard,GAME_OR_UNKNOWN,DEVELOPER,,CCP Games,HIGH,EXACT_TITLE_OR_EDITION_FAMILY,ADD_OR_CONFIRM_CREDIT,Crédito verificado para la obra base y aplicado únicamente a esta edición: CCP Games.,https://www.evevalkyrie.com/,,ADD,,ccp-games,CCP Games,https://www.evevalkyrie.com/,,,2026-09-05,company-credit-ps4-pal-rapid-review-2026-09-05
ps4-eve-valkyrie,EVE Valkyrie,EVE Valkyrie,PAL España,standard,GAME_OR_UNKNOWN,PHYSICAL_PUBLISHER_OR_DISTRIBUTOR,,CCP Games,HIGH,EXACT_TITLE_OR_EDITION_FAMILY,ADD_OR_CONFIRM_CREDIT,Crédito verificado para la obra base y aplicado únicamente a esta edición: CCP Games.,https://www.evevalkyrie.com/,,ADD,,ccp-games,CCP Games,https://www.evevalkyrie.com/,,,2026-09-05,company-credit-ps4-pal-rapid-review-2026-09-05
ps4-everybody%27s-golf-vr,Everybody's Golf VR,Everybody's Golf VR,PAL España,standard,GAME_OR_UNKNOWN,DEVELOPER,Clap Hanz,Clap Hanz,HIGH,EXACT_TITLE_OR_EDITION_FAMILY,ADD_OR_CONFIRM_CREDIT,Crédito verificado para la obra base y aplicado únicamente a esta edición: Clap Hanz.,https://www.playstation.com/en-gb/games/everybodys-golf-vr/,,CONFIRM,Clap Hanz,clap-hanz,Clap Hanz,https://www.playstation.com/en-gb/games/everybodys-golf-vr/,,,2026-09-05,company-credit-ps4-pal-rapid-review-2026-09-05
ps4-everyday-heroes-firefighting-&amp;-construction,Everyday Heroes: Firefighting & Construction,Everyday Heroes: Firefighting & Construction,PAL España,standard,GAME_OR_UNKNOWN,DEVELOPER,,Chronos Unterhaltungssoftware,HIGH,EXACT_TITLE_OR_EDITION_FAMILY,ADD_OR_CONFIRM_CREDIT,Crédito verificado para la obra base y aplicado únicamente a esta edición: Chronos Unterhaltungssoftware.,https://www.aerosoft.com/,,ADD,,chronos-unterhaltungssoftware,Chronos Unterhaltungssoftware,https://www.aerosoft.com/,,,2026-09-05,company-credit-ps4-pal-rapid-review-2026-09-05
ps4-everyday-heroes-firefighting-&amp;-construction,Everyday Heroes: Firefighting & Construction,Everyday Heroes: Firefighting & Construction,PAL España,standard,GAME_OR_UNKNOWN,PHYSICAL_PUBLISHER_OR_DISTRIBUTOR,,Aerosoft,HIGH,EXACT_TITLE_OR_EDITION_FAMILY,ADD_OR_CONFIRM_CREDIT,Crédito verificado para la obra base y aplicado únicamente a esta edición: Aerosoft.,https://www.aerosoft.com/,,ADD,,aerosoft,Aerosoft GmbH,https://www.aerosoft.com/,,,2026-09-05,company-credit-ps4-pal-rapid-review-2026-09-05
ps4-evoland-10th-anniversary-edition,Evoland [10th Anniversary Edition],Evoland [10th Anniversary Edition],PAL España,standard,EDITION_VARIANT,PHYSICAL_PUBLISHER_OR_DISTRIBUTOR,,Red Art Games,HIGH,SAME_WORK_EDITION,ADD_OR_CONFIRM_CREDIT,Coincidencia rápida: VERIFIED_PAL_SIBLING.,,,ADD,,red-art-games,Red Art Games,https://www.pricecharting.com/game/pal-playstation-4/evoland-legendary-edition,ps4-evoland-legendary-edition,,2026-09-05,company-credit-ps4-pal-rapid-review-2026-09-05
ps4-exist-archive-the-other-side-of-the-sky,Exist Archive The Other Side of the Sky,Exist Archive The Other Side of the Sky,PAL España,standard,GAME_OR_UNKNOWN,DEVELOPER,Spike Chunsoft,tri-Ace,HIGH,EXACT_TITLE_OR_EDITION_FAMILY,ADD_OR_CONFIRM_CREDIT,Crédito verificado para la obra base y aplicado únicamente a esta edición: tri-Ace.,https://www.aksysgames.com/,,REPLACE,Spike Chunsoft,tri-ace,Tri-Ace Inc.,https://www.aksysgames.com/,,,2026-09-05,company-credit-ps4-pal-rapid-review-2026-09-05
ps4-exist-archive-the-other-side-of-the-sky,Exist Archive The Other Side of the Sky,Exist Archive The Other Side of the Sky,PAL España,standard,GAME_OR_UNKNOWN,PHYSICAL_PUBLISHER_OR_DISTRIBUTOR,Spike Chunsoft,Aksys Games,HIGH,EXACT_TITLE_OR_EDITION_FAMILY,ADD_OR_CONFIRM_CREDIT,Crédito verificado para la obra base y aplicado únicamente a esta edición: Aksys Games.,https://www.aksysgames.com/,,REPLACE,Spike Chunsoft,aksys-games,Aksys Games,https://www.aksysgames.com/,,,2026-09-05,company-credit-ps4-pal-rapid-review-2026-09-05
ps4-f1-manager-23,F1 Manager 23,F1 Manager 23,PAL España,standard,GAME_OR_UNKNOWN,PHYSICAL_PUBLISHER_OR_DISTRIBUTOR,,Frontier Foundry,HIGH,EXACT_TITLE_OR_EDITION_FAMILY,ADD_OR_CONFIRM_CREDIT,Crédito verificado para la obra base y aplicado únicamente a esta edición: Frontier Foundry.,https://www.f1manager.com/2023,,ADD,,frontier-foundry,Frontier Foundry,https://www.f1manager.com/2023,,,2026-09-05,company-credit-ps4-pal-rapid-review-2026-09-05
ps4-fade-to-silence,Fade To Silence,Fade To Silence,PAL España,standard,GAME_OR_UNKNOWN,PHYSICAL_PUBLISHER_OR_DISTRIBUTOR,,THQ Nordic,HIGH,DIGITAL_PS4_EU | GAME_WORK,ADD_OR_CONFIRM_CREDIT,"Coincidencia rápida: PLAYSTATION_STORE, STEAM, WIKIDATA.",https://store.playstation.com/es-es/product/EP4389-CUSA11485_00-FADETOSILENCEEU1,https://store.steampowered.com/app/706020,ADD,,thq-nordic,THQ Nordic GmbH,https://store.playstation.com/es-es/product/EP4389-CUSA11485_00-FADETOSILENCEEU1 | https://store.steampowered.com/app/706020,,,2026-09-05,company-credit-ps4-pal-rapid-review-2026-09-05
ps4-fahrenheit,Fahrenheit,Fahrenheit,PAL España,standard,GAME_OR_UNKNOWN,DIGITAL_PUBLISHER,,QUANTIC DREAM SA,HIGH,DIGITAL_PS4_EU,ADD_OR_CONFIRM_CREDIT,Coincidencia rápida: PLAYSTATION_STORE.,https://store.playstation.com/es-es/product/EP1628-CUSA05760_00-SLES535390000001,,ADD,,quantic-dream,Quantic Dream,https://store.playstation.com/es-es/product/EP1628-CUSA05760_00-SLES535390000001,,,2026-09-05,company-credit-ps4-pal-rapid-review-2026-09-05
ps4-fairy-fencer-f-refrain-chord,Fairy Fencer F: Refrain Chord,Fairy Fencer F: Refrain Chord,PAL España,standard,GAME_OR_UNKNOWN,PHYSICAL_PUBLISHER_OR_DISTRIBUTOR,,Idea Factory International,HIGH,EXACT_TITLE_OR_EDITION_FAMILY,ADD_OR_CONFIRM_CREDIT,Crédito verificado para la obra base y aplicado únicamente a esta edición: Idea Factory International.,https://ideafintl.com/fairyfencerf-refrainchord/,,ADD,,idea-factory-international,Idea Factory International,https://ideafintl.com/fairyfencerf-refrainchord/,,,2026-09-05,company-credit-ps4-pal-rapid-review-2026-09-05
ps4-fairy-fencer-f-refrain-chord-day-one-edition,Fairy Fencer F: Refrain Chord [Day One Edition],Fairy Fencer F: Refrain Chord [Day One Edition],PAL España,standard,EDITION_VARIANT,PHYSICAL_PUBLISHER_OR_DISTRIBUTOR,,Idea Factory International,HIGH,EXACT_TITLE_OR_EDITION_FAMILY,ADD_OR_CONFIRM_CREDIT,Crédito verificado para la obra base y aplicado únicamente a esta edición: Idea Factory International.,https://ideafintl.com/fairyfencerf-refrainchord/,,ADD,,idea-factory-international,Idea Factory International,https://ideafintl.com/fairyfencerf-refrainchord/,,,2026-09-05,company-credit-ps4-pal-rapid-review-2026-09-05
ps4-fairy-tail-guild-box,Fairy Tail [Guild Box],Fairy Tail [Guild Box],PAL España,standard,GAME_OR_UNKNOWN,DEVELOPER,,Gust,HIGH,GAME_WORK | PS4_RELEASE,ADD_OR_CONFIRM_CREDIT,"Coincidencia rápida: LAUNCHBOX_PS4, WIKIDATA.",https://gamesdb.launchbox-app.com/games/details/190250,https://www.wikidata.org/entity/Q90276402,ADD,,gust,Gust,https://gamesdb.launchbox-app.com/games/details/190250 | https://www.wikidata.org/entity/Q90276402,,,2026-09-05,company-credit-ps4-pal-rapid-review-2026-09-05
ps4-fairy-tail-guild-box,Fairy Tail [Guild Box],Fairy Tail [Guild Box],PAL España,standard,GAME_OR_UNKNOWN,PHYSICAL_PUBLISHER_OR_DISTRIBUTOR,,Koei Tecmo Games,HIGH,GAME_WORK | PS4_RELEASE,ADD_OR_CONFIRM_CREDIT,"Coincidencia rápida: LAUNCHBOX_PS4, STEAM, WIKIDATA.",https://gamesdb.launchbox-app.com/games/details/190250,https://store.steampowered.com/app/1233260,ADD,,koei-tecmo-games,KOEI Tecmo Games,https://gamesdb.launchbox-app.com/games/details/190250 | https://store.steampowered.com/app/1233260,,,2026-09-05,company-credit-ps4-pal-rapid-review-2026-09-05
ps4-fallout-4-goty-steelbook-edition,Fallout 4 GOTY SteelBook Edition,Fallout 4 GOTY SteelBook Edition,PAL España,standard,EDITION_VARIANT,DEVELOPER,,Bethesda Game Studios,HIGH,EXACT_TITLE_OR_EDITION_FAMILY,ADD_OR_CONFIRM_CREDIT,Crédito verificado para la obra base y aplicado únicamente a esta edición: Bethesda Game Studios.,https://fallout.bethesda.net/en/games/fallout-4,,ADD,,bethesda-game-studios,Bethesda Game Studios,https://fallout.bethesda.net/en/games/fallout-4,,,2026-09-05,company-credit-ps4-pal-rapid-review-2026-09-05
ps4-fallout-4-goty-steelbook-edition,Fallout 4 GOTY SteelBook Edition,Fallout 4 GOTY SteelBook Edition,PAL España,standard,EDITION_VARIANT,PHYSICAL_PUBLISHER_OR_DISTRIBUTOR,,Bethesda Softworks,HIGH,EXACT_TITLE_OR_EDITION_FAMILY,ADD_OR_CONFIRM_CREDIT,Crédito verificado para la obra base y aplicado únicamente a esta edición: Bethesda Softworks.,https://fallout.bethesda.net/en/games/fallout-4,,ADD,,bethesda-softworks,Bethesda Softworks,https://fallout.bethesda.net/en/games/fallout-4,,,2026-09-05,company-credit-ps4-pal-rapid-review-2026-09-05
ps4-fallout-4-pipboy-edition,Fallout 4 PipBoy Edition,Fallout 4 PipBoy Edition,PAL España,standard,GAME_OR_UNKNOWN,DEVELOPER,,Bethesda Game Studios,HIGH,EXACT_TITLE_OR_EDITION_FAMILY,ADD_OR_CONFIRM_CREDIT,Crédito verificado para la obra base y aplicado únicamente a esta edición: Bethesda Game Studios.,https://fallout.bethesda.net/en/games/fallout-4,,ADD,,bethesda-game-studios,Bethesda Game Studios,https://fallout.bethesda.net/en/games/fallout-4,,,2026-09-05,company-credit-ps4-pal-rapid-review-2026-09-05
ps4-fallout-4-pipboy-edition,Fallout 4 PipBoy Edition,Fallout 4 PipBoy Edition,PAL España,standard,GAME_OR_UNKNOWN,PHYSICAL_PUBLISHER_OR_DISTRIBUTOR,,Bethesda Softworks,HIGH,EXACT_TITLE_OR_EDITION_FAMILY,ADD_OR_CONFIRM_CREDIT,Crédito verificado para la obra base y aplicado únicamente a esta edición: Bethesda Softworks.,https://fallout.bethesda.net/en/games/fallout-4,,ADD,,bethesda-softworks,Bethesda Softworks,https://fallout.bethesda.net/en/games/fallout-4,,,2026-09-05,company-credit-ps4-pal-rapid-review-2026-09-05
ps4-fallout-76-wastelanders,Fallout 76 Wastelanders,Fallout 76 Wastelanders,PAL España,standard,GAME_OR_UNKNOWN,PHYSICAL_PUBLISHER_OR_DISTRIBUTOR,,Bethesda Softworks,HIGH,EXACT_TITLE_OR_EDITION_FAMILY,ADD_OR_CONFIRM_CREDIT,Crédito verificado para la obra base y aplicado únicamente a esta edición: Bethesda Softworks.,https://fallout.bethesda.net/en/games/fallout-76,,ADD,,bethesda-softworks,Bethesda Softworks,https://fallout.bethesda.net/en/games/fallout-76,,,2026-09-05,company-credit-ps4-pal-rapid-review-2026-09-05
ps4-far-cry-4-&amp;-far-cry-5-double-pack,Far Cry 4 & Far Cry 5 Double Pack,Far Cry 4 & Far Cry 5 Double Pack,PAL España,standard,POSSIBLE_COMPILATION_OR_MULTI_PRODUCT,DEVELOPER,,Ubisoft Montreal,HIGH,EXACT_TITLE_OR_EDITION_FAMILY,ADD_OR_CONFIRM_CREDIT,Crédito verificado para la obra base y aplicado únicamente a esta edición: Ubisoft Montreal.,https://www.ubisoft.com/en-us/game/far-cry,,ADD,,ubisoft-montreal,Ubisoft Montreal,https://www.ubisoft.com/en-us/game/far-cry,,,2026-09-05,company-credit-ps4-pal-rapid-review-2026-09-05
ps4-far-cry-4-complete-edition,Far Cry 4: Complete Edition,Far Cry 4: Complete Edition,PAL España,standard,EDITION_VARIANT,DEVELOPER,,Ubisoft Montreal,HIGH,EXACT_TITLE_OR_EDITION_FAMILY,ADD_OR_CONFIRM_CREDIT,Crédito verificado para la obra base y aplicado únicamente a esta edición: Ubisoft Montreal.,https://www.ubisoft.com/en-us/game/far-cry,,ADD,,ubisoft-montreal,Ubisoft Montreal,https://www.ubisoft.com/en-us/game/far-cry,,,2026-09-05,company-credit-ps4-pal-rapid-review-2026-09-05
ps4-far-cry-4-complete-edition,Far Cry 4: Complete Edition,Far Cry 4: Complete Edition,PAL España,standard,EDITION_VARIANT,PHYSICAL_PUBLISHER_OR_DISTRIBUTOR,,Ubisoft,HIGH,EXACT_TITLE_OR_EDITION_FAMILY,ADD_OR_CONFIRM_CREDIT,Crédito verificado para la obra base y aplicado únicamente a esta edición: Ubisoft.,https://www.ubisoft.com/en-us/game/far-cry,,ADD,,ubisoft,Ubisoft,https://www.ubisoft.com/en-us/game/far-cry,,,2026-09-05,company-credit-ps4-pal-rapid-review-2026-09-05
ps4-far-cry-new-dawn-promo-not-for-resale,Far Cry New Dawn [Promo Not For Resale],Far Cry New Dawn [Promo Not For Resale],PAL España,standard,PROMO_COPY,PHYSICAL_PUBLISHER_OR_DISTRIBUTOR,,Ubisoft,HIGH,EXACT_TITLE_OR_EDITION_FAMILY,ADD_OR_CONFIRM_CREDIT,Crédito verificado para la obra base y aplicado únicamente a esta edición: Ubisoft.,https://www.ubisoft.com/en-us/game/far-cry,,ADD,,ubisoft,Ubisoft,https://www.ubisoft.com/en-us/game/far-cry,,,2026-09-05,company-credit-ps4-pal-rapid-review-2026-09-05
ps4-far-cry-new-dawn-steelbook-edition,Far Cry New Dawn [Steelbook Edition],Far Cry New Dawn [Steelbook Edition],PAL España,standard,EDITION_VARIANT,PHYSICAL_PUBLISHER_OR_DISTRIBUTOR,,Ubisoft,HIGH,EXACT_TITLE_OR_EDITION_FAMILY,ADD_OR_CONFIRM_CREDIT,Crédito verificado para la obra base y aplicado únicamente a esta edición: Ubisoft.,https://www.ubisoft.com/en-us/game/far-cry,,ADD,,ubisoft,Ubisoft,https://www.ubisoft.com/en-us/game/far-cry,,,2026-09-05,company-credit-ps4-pal-rapid-review-2026-09-05
ps4-far-cry-new-dawn-superbloom-edition,Far Cry New Dawn [Superbloom Edition],Far Cry New Dawn [Superbloom Edition],PAL España,standard,GAME_OR_UNKNOWN,PHYSICAL_PUBLISHER_OR_DISTRIBUTOR,,Ubisoft,HIGH,EXACT_TITLE_OR_EDITION_FAMILY,ADD_OR_CONFIRM_CREDIT,Crédito verificado para la obra base y aplicado únicamente a esta edición: Ubisoft.,https://www.ubisoft.com/en-us/game/far-cry,,ADD,,ubisoft,Ubisoft,https://www.ubisoft.com/en-us/game/far-cry,,,2026-09-05,company-credit-ps4-pal-rapid-review-2026-09-05
ps4-far-cry-primal-and-far-cry-4-double-pack,Far Cry Primal and Far Cry 4 Double Pack,Far Cry Primal and Far Cry 4 Double Pack,PAL España,standard,POSSIBLE_COMPILATION_OR_MULTI_PRODUCT,DEVELOPER,Ubisoft,Ubisoft Montreal,HIGH,EXACT_TITLE_OR_EDITION_FAMILY,ADD_OR_CONFIRM_CREDIT,Crédito verificado para la obra base y aplicado únicamente a esta edición: Ubisoft Montreal.,https://www.ubisoft.com/en-us/game/far-cry,,REPLACE,Ubisoft,ubisoft-montreal,Ubisoft Montreal,https://www.ubisoft.com/en-us/game/far-cry,,,2026-09-05,company-credit-ps4-pal-rapid-review-2026-09-05
ps4-farcry-5-limited-edition,Farcry 5 [Limited Edition],Farcry 5 [Limited Edition],PAL España,standard,EDITION_VARIANT,DEVELOPER,,Ubisoft Montreal,HIGH,EXACT_TITLE_OR_EDITION_FAMILY,ADD_OR_CONFIRM_CREDIT,Crédito verificado para la obra base y aplicado únicamente a esta edición: Ubisoft Montreal.,https://www.ubisoft.com/en-us/game/far-cry,,ADD,,ubisoft-montreal,Ubisoft Montreal,https://www.ubisoft.com/en-us/game/far-cry,,,2026-09-05,company-credit-ps4-pal-rapid-review-2026-09-05
ps4-farcry-5-limited-edition,Farcry 5 [Limited Edition],Farcry 5 [Limited Edition],PAL España,standard,EDITION_VARIANT,PHYSICAL_PUBLISHER_OR_DISTRIBUTOR,,Ubisoft,HIGH,EXACT_TITLE_OR_EDITION_FAMILY,ADD_OR_CONFIRM_CREDIT,Crédito verificado para la obra base y aplicado únicamente a esta edición: Ubisoft.,https://www.ubisoft.com/en-us/game/far-cry,,ADD,,ubisoft,Ubisoft,https://www.ubisoft.com/en-us/game/far-cry,,,2026-09-05,company-credit-ps4-pal-rapid-review-2026-09-05
ps4-farcry-6-gold-edition,FARCRY 6 Gold Edition,FARCRY 6 Gold Edition,PAL España,standard,GAME_OR_UNKNOWN,DEVELOPER,,Ubisoft Montreal,HIGH,EXACT_TITLE_OR_EDITION_FAMILY,ADD_OR_CONFIRM_CREDIT,Crédito verificado para la obra base y aplicado únicamente a esta edición: Ubisoft Montreal.,https://www.ubisoft.com/en-us/game/far-cry,,ADD,,ubisoft-montreal,Ubisoft Montreal,https://www.ubisoft.com/en-us/game/far-cry,,,2026-09-05,company-credit-ps4-pal-rapid-review-2026-09-05
ps4-farcry-6-gold-edition,FARCRY 6 Gold Edition,FARCRY 6 Gold Edition,PAL España,standard,GAME_OR_UNKNOWN,PHYSICAL_PUBLISHER_OR_DISTRIBUTOR,,Ubisoft,HIGH,EXACT_TITLE_OR_EDITION_FAMILY,ADD_OR_CONFIRM_CREDIT,Crédito verificado para la obra base y aplicado únicamente a esta edición: Ubisoft.,https://www.ubisoft.com/en-us/game/far-cry,,ADD,,ubisoft,Ubisoft,https://www.ubisoft.com/en-us/game/far-cry,,,2026-09-05,company-credit-ps4-pal-rapid-review-2026-09-05
ps4-farmers-vs-zombies,Farmers vs Zombies,Farmers vs. Zombies,PAL España,standard,GAME_OR_UNKNOWN,DEVELOPER,,Hammer Labs,HIGH,EXACT_PAL_PS4_WORK,ADD_DEVELOPER,Las fuentes consultadas atribuyen el desarrollo a Hammer Labs.,https://www.playright.dk/info/titel/farmers-vs-zombies,https://stratege.ru/ps4/games/farm_for_your_life,ADD,,hammer-labs,Hammer Labs,https://www.playright.dk/info/titel/farmers-vs-zombies | https://stratege.ru/ps4/games/farm_for_your_life,,,2026-09-05,company-credit-ps4-pal-rapid-review-2026-09-05
ps4-farmers-vs-zombies,Farmers vs Zombies,Farmers vs. Zombies,PAL España,standard,GAME_OR_UNKNOWN,PHYSICAL_PUBLISHER_OR_DISTRIBUTOR,,Mindscape,HIGH,EXACT_PAL_PS4_WORK,ADD_PHYSICAL_PUBLISHER_OR_DISTRIBUTOR,La edición PS4 consultada atribuye la publicación o distribución física a Mindscape.,https://www.playright.dk/info/titel/farmers-vs-zombies,https://stratege.ru/ps4/games/farm_for_your_life,ADD,,mindscape,Mindscape Inc,https://www.playright.dk/info/titel/farmers-vs-zombies | https://stratege.ru/ps4/games/farm_for_your_life,,,2026-09-05,company-credit-ps4-pal-rapid-review-2026-09-05
ps4-farming-simulator-2017,Farming Simulator 2017,Farming Simulator 2017,PAL España,standard,GAME_OR_UNKNOWN,DEVELOPER,,GIANTS Software,HIGH,EXACT_TITLE_OR_EDITION_FAMILY,ADD_OR_CONFIRM_CREDIT,Crédito verificado para la obra base y aplicado únicamente a esta edición: GIANTS Software.,https://www.farming-simulator.com/,,ADD,,giants-software,GIANTS Software,https://www.farming-simulator.com/,,,2026-09-05,company-credit-ps4-pal-rapid-review-2026-09-05
ps4-farming-simulator-2017,Farming Simulator 2017,Farming Simulator 2017,PAL España,standard,GAME_OR_UNKNOWN,PHYSICAL_PUBLISHER_OR_DISTRIBUTOR,,Focus Home Interactive,HIGH,EXACT_TITLE_OR_EDITION_FAMILY,ADD_OR_CONFIRM_CREDIT,Crédito verificado para la obra base y aplicado únicamente a esta edición: Focus Home Interactive.,https://www.farming-simulator.com/,,ADD,,focus-home-interactive,Focus Home Interactive,https://www.farming-simulator.com/,,,2026-09-05,company-credit-ps4-pal-rapid-review-2026-09-05
ps4-farpoint,Farpoint,Farpoint,PAL España,standard,GAME_OR_UNKNOWN,PHYSICAL_PUBLISHER_OR_DISTRIBUTOR,,Sony Interactive Entertainment,HIGH,EXACT_TITLE_OR_EDITION_FAMILY,ADD_OR_CONFIRM_CREDIT,Crédito verificado para la obra base y aplicado únicamente a esta edición: Sony Interactive Entertainment.,https://www.playstation.com/en-gb/games/farpoint/,,ADD,,sony-interactive-entertainment,Sony Interactive Entertainment,https://www.playstation.com/en-gb/games/farpoint/,,,2026-09-05,company-credit-ps4-pal-rapid-review-2026-09-05
ps4-farpoint-bundle,Farpoint [Bundle],Farpoint [Bundle],PAL España,standard,BUNDLE_OR_MULTI_PRODUCT,DEVELOPER,,Impulse Gear,HIGH,EXACT_TITLE_OR_EDITION_FAMILY,ADD_OR_CONFIRM_CREDIT,Crédito verificado para la obra base y aplicado únicamente a esta edición: Impulse Gear.,https://www.playstation.com/en-gb/games/farpoint/,,ADD,,impulse-gear,Impulse Gear,https://www.playstation.com/en-gb/games/farpoint/,,,2026-09-05,company-credit-ps4-pal-rapid-review-2026-09-05
ps4-farpoint-bundle,Farpoint [Bundle],Farpoint [Bundle],PAL España,standard,BUNDLE_OR_MULTI_PRODUCT,PHYSICAL_PUBLISHER_OR_DISTRIBUTOR,,Sony Interactive Entertainment,HIGH,EXACT_TITLE_OR_EDITION_FAMILY,ADD_OR_CONFIRM_CREDIT,Crédito verificado para la obra base y aplicado únicamente a esta edición: Sony Interactive Entertainment.,https://www.playstation.com/en-gb/games/farpoint/,,ADD,,sony-interactive-entertainment,Sony Interactive Entertainment,https://www.playstation.com/en-gb/games/farpoint/,,,2026-09-05,company-credit-ps4-pal-rapid-review-2026-09-05
ps4-farpoint-not-for-resale,Farpoint [Not for Resale],Farpoint [Not for Resale],PAL España,standard,PROMO_COPY,PHYSICAL_PUBLISHER_OR_DISTRIBUTOR,,Sony Interactive Entertainment,HIGH,EXACT_TITLE_OR_EDITION_FAMILY,ADD_OR_CONFIRM_CREDIT,Crédito verificado para la obra base y aplicado únicamente a esta edición: Sony Interactive Entertainment.,https://www.playstation.com/en-gb/games/farpoint/,,ADD,,sony-interactive-entertainment,Sony Interactive Entertainment,https://www.playstation.com/en-gb/games/farpoint/,,,2026-09-05,company-credit-ps4-pal-rapid-review-2026-09-05
ps4-farpoint-promo-not-for-resale,Farpoint [Promo Not For Resale],Farpoint [Promo Not For Resale],PAL España,standard,PROMO_COPY,PHYSICAL_PUBLISHER_OR_DISTRIBUTOR,,Sony Interactive Entertainment,HIGH,EXACT_TITLE_OR_EDITION_FAMILY,ADD_OR_CONFIRM_CREDIT,Crédito verificado para la obra base y aplicado únicamente a esta edición: Sony Interactive Entertainment.,https://www.playstation.com/en-gb/games/farpoint/,,ADD,,sony-interactive-entertainment,Sony Interactive Entertainment,https://www.playstation.com/en-gb/games/farpoint/,,,2026-09-05,company-credit-ps4-pal-rapid-review-2026-09-05
ps4-fast-&amp;-furious-spy-racers-rise-of-sh1ft3r,Fast & Furious: Spy Racers - Rise of Sh1ft3r,Fast & Furious: Spy Racers - Rise of Sh1ft3r,PAL España,standard,GAME_OR_UNKNOWN,PHYSICAL_PUBLISHER_OR_DISTRIBUTOR,,Outright Games,HIGH,GAME_WORK | PS4_RELEASE,ADD_OR_CONFIRM_CREDIT,"Coincidencia rápida: LAUNCHBOX_PS4, STEAM, WIKIDATA.",https://gamesdb.launchbox-app.com/games/details/473173,https://store.steampowered.com/app/1434320,ADD,,outright-games,Outright Games LTD,https://gamesdb.launchbox-app.com/games/details/473173 | https://store.steampowered.com/app/1434320,,,2026-09-05,company-credit-ps4-pal-rapid-review-2026-09-05
ps4-fatal-frame-mask-of-the-lunar-eclipse,Fatal Frame : Mask of the Lunar Eclipse,Fatal Frame : Mask of the Lunar Eclipse,PAL España,standard,GAME_OR_UNKNOWN,DEVELOPER,Koei Tecmo Games,Koei Tecmo Games,HIGH,EXACT_TITLE_OR_EDITION_FAMILY,ADD_OR_CONFIRM_CREDIT,Crédito verificado para la obra base y aplicado únicamente a esta edición: Koei Tecmo Games.,https://www.koeitecmoeurope.com/fatalframe/mol/,,CONFIRM,Koei Tecmo Games,koei-tecmo-games,KOEI Tecmo Games,https://www.koeitecmoeurope.com/fatalframe/mol/,,,2026-09-05,company-credit-ps4-pal-rapid-review-2026-09-05
ps4-fatal-frame-mask-of-the-lunar-eclipse,Fatal Frame : Mask of the Lunar Eclipse,Fatal Frame : Mask of the Lunar Eclipse,PAL España,standard,GAME_OR_UNKNOWN,PHYSICAL_PUBLISHER_OR_DISTRIBUTOR,Koei Tecmo Games,Koei Tecmo Europe,HIGH,EXACT_TITLE_OR_EDITION_FAMILY,ADD_OR_CONFIRM_CREDIT,Crédito verificado para la obra base y aplicado únicamente a esta edición: Koei Tecmo Europe.,https://www.koeitecmoeurope.com/fatalframe/mol/,,REPLACE,Koei Tecmo Games,koei-tecmo-europe,Koei Tecmo Europe,https://www.koeitecmoeurope.com/fatalframe/mol/,,,2026-09-05,company-credit-ps4-pal-rapid-review-2026-09-05
ps4-fatesamurai-remnant,Fate/Samurai Remnant,Fate/Samurai Remnant,PAL España,standard,GAME_OR_UNKNOWN,PHYSICAL_PUBLISHER_OR_DISTRIBUTOR,,Koei Tecmo Games,HIGH,GAME_WORK,ADD_OR_CONFIRM_CREDIT,"Coincidencia rápida: STEAM, WIKIDATA.",https://store.steampowered.com/app/1902690,https://www.wikidata.org/entity/Q115950128,ADD,,koei-tecmo-games,KOEI Tecmo Games,https://store.steampowered.com/app/1902690 | https://www.wikidata.org/entity/Q115950128,,,2026-09-05,company-credit-ps4-pal-rapid-review-2026-09-05
ps4-fifa-18-world-cup-edition,FIFA 18: World Cup Edition,FIFA 18: World Cup Edition,PAL España,standard,GAME_OR_UNKNOWN,DEVELOPER,,EA Vancouver,HIGH,EXACT_TITLE_OR_EDITION_FAMILY,ADD_OR_CONFIRM_CREDIT,Crédito verificado para la obra base y aplicado únicamente a esta edición: EA Vancouver.,https://www.ea.com/games/fifa/fifa-18,,ADD,,ea-vancouver,EA Vancouver,https://www.ea.com/games/fifa/fifa-18,,,2026-09-05,company-credit-ps4-pal-rapid-review-2026-09-05
ps4-fifa-18-world-cup-edition,FIFA 18: World Cup Edition,FIFA 18: World Cup Edition,PAL España,standard,GAME_OR_UNKNOWN,PHYSICAL_PUBLISHER_OR_DISTRIBUTOR,,EA Sports,HIGH,EXACT_TITLE_OR_EDITION_FAMILY,ADD_OR_CONFIRM_CREDIT,Crédito verificado para la obra base y aplicado únicamente a esta edición: EA Sports.,https://www.ea.com/games/fifa/fifa-18,,ADD,,ea-sports,EA Sports,https://www.ea.com/games/fifa/fifa-18,,,2026-09-05,company-credit-ps4-pal-rapid-review-2026-09-05
ps4-fifa-19-ultimate-team-steelbook-edition,FIFA 19 Ultimate Team [Steelbook Edition],FIFA 19 Ultimate Team [Steelbook Edition],PAL España,standard,EDITION_VARIANT,DEVELOPER,,EA Vancouver,HIGH,EXACT_TITLE_OR_EDITION_FAMILY,ADD_OR_CONFIRM_CREDIT,Crédito verificado para la obra base y aplicado únicamente a esta edición: EA Vancouver.,https://www.ea.com/games/fifa/fifa-19,,ADD,,ea-vancouver,EA Vancouver,https://www.ea.com/games/fifa/fifa-19,,,2026-09-05,company-credit-ps4-pal-rapid-review-2026-09-05
ps4-fifa-19-ultimate-team-steelbook-edition,FIFA 19 Ultimate Team [Steelbook Edition],FIFA 19 Ultimate Team [Steelbook Edition],PAL España,standard,EDITION_VARIANT,PHYSICAL_PUBLISHER_OR_DISTRIBUTOR,,EA Sports,HIGH,EXACT_TITLE_OR_EDITION_FAMILY,ADD_OR_CONFIRM_CREDIT,Crédito verificado para la obra base y aplicado únicamente a esta edición: EA Sports.,https://www.ea.com/games/fifa/fifa-19,,ADD,,ea-sports,EA Sports,https://www.ea.com/games/fifa/fifa-19,,,2026-09-05,company-credit-ps4-pal-rapid-review-2026-09-05
ps4-fifa-20-champions-editions,FIFA 20 [Champions Editions],FIFA 20 [Champions Editions],PAL España,standard,GAME_OR_UNKNOWN,DEVELOPER,,EA Vancouver,HIGH,EXACT_TITLE_OR_EDITION_FAMILY,ADD_OR_CONFIRM_CREDIT,Crédito verificado para la obra base y aplicado únicamente a esta edición: EA Vancouver.,https://www.ea.com/games/fifa/fifa-20,,ADD,,ea-vancouver,EA Vancouver,https://www.ea.com/games/fifa/fifa-20,,,2026-09-05,company-credit-ps4-pal-rapid-review-2026-09-05
ps4-fight-%27n-rage-5th-anniversary-edition,Fight 'n Rage: 5th Anniversary Edition,Fight 'n Rage: 5th Anniversary Edition,PAL España,standard,EDITION_VARIANT,DEVELOPER,,SebaGamesDev,HIGH,EXACT_TITLE_OR_EDITION_FAMILY,ADD_OR_CONFIRM_CREDIT,Crédito verificado para la obra base y aplicado únicamente a esta edición: SebaGamesDev.,https://www.blitworks.com/fight-n-rage,,ADD,,sebagamesdev,SebaGamesDev,https://www.blitworks.com/fight-n-rage,,,2026-09-05,company-credit-ps4-pal-rapid-review-2026-09-05
ps4-fight-%27n-rage-5th-anniversary-edition,Fight 'n Rage: 5th Anniversary Edition,Fight 'n Rage: 5th Anniversary Edition,PAL España,standard,EDITION_VARIANT,PHYSICAL_PUBLISHER_OR_DISTRIBUTOR,,BlitWorks Games,HIGH,EXACT_TITLE_OR_EDITION_FAMILY,ADD_OR_CONFIRM_CREDIT,Crédito verificado para la obra base y aplicado únicamente a esta edición: BlitWorks Games.,https://www.blitworks.com/fight-n-rage,,ADD,,blitworks-games,Blitworks Games,https://www.blitworks.com/fight-n-rage,,,2026-09-05,company-credit-ps4-pal-rapid-review-2026-09-05
ps4-final-fantasy-dissidia,Final Fantasy Dissidia,Final Fantasy Dissidia,PAL España,standard,GAME_OR_UNKNOWN,DEVELOPER,Square Enix,Team Ninja,HIGH,EXACT_TITLE_OR_EDITION_FAMILY,ADD_OR_CONFIRM_CREDIT,Crédito verificado para la obra base y aplicado únicamente a esta edición: Team Ninja.,https://dissidiafinalfantasynT.square-enix-games.com/,,REPLACE,Square Enix,team-ninja,Team NINJA,https://dissidiafinalfantasynT.square-enix-games.com/,,,2026-09-05,company-credit-ps4-pal-rapid-review-2026-09-05
ps4-final-fantasy-dissidia,Final Fantasy Dissidia,Final Fantasy Dissidia,PAL España,standard,GAME_OR_UNKNOWN,PHYSICAL_PUBLISHER_OR_DISTRIBUTOR,Sony Computer Entertainment,Square Enix,HIGH,EXACT_TITLE_OR_EDITION_FAMILY,ADD_OR_CONFIRM_CREDIT,Crédito verificado para la obra base y aplicado únicamente a esta edición: Square Enix.,https://dissidiafinalfantasynT.square-enix-games.com/,,REPLACE,Sony Computer Entertainment,square-enix,Square Enix,https://dissidiafinalfantasynT.square-enix-games.com/,,,2026-09-05,company-credit-ps4-pal-rapid-review-2026-09-05
ps4-final-fantasy-i-vi-aniversary-collection-eng,Final Fantasy I - VI Aniversary Collection ENG,Final Fantasy I - VI Aniversary Collection ENG,PAL UK/ENG,standard,POSSIBLE_COMPILATION_OR_MULTI_PRODUCT,DEVELOPER,,Square Enix,HIGH,EXACT_TITLE_OR_EDITION_FAMILY,ADD_OR_CONFIRM_CREDIT,Crédito verificado para la obra base y aplicado únicamente a esta edición: Square Enix.,https://finalfantasypixelremaster.square-enix-games.com/,,ADD,,square-enix,Square Enix,https://finalfantasypixelremaster.square-enix-games.com/,,,2026-09-05,company-credit-ps4-pal-rapid-review-2026-09-05
ps4-final-fantasy-i-vi-aniversary-collection-eng,Final Fantasy I - VI Aniversary Collection ENG,Final Fantasy I - VI Aniversary Collection ENG,PAL UK/ENG,standard,POSSIBLE_COMPILATION_OR_MULTI_PRODUCT,PHYSICAL_PUBLISHER_OR_DISTRIBUTOR,,Square Enix,HIGH,EXACT_TITLE_OR_EDITION_FAMILY,ADD_OR_CONFIRM_CREDIT,Crédito verificado para la obra base y aplicado únicamente a esta edición: Square Enix.,https://finalfantasypixelremaster.square-enix-games.com/,,ADD,,square-enix,Square Enix,https://finalfantasypixelremaster.square-enix-games.com/,,,2026-09-05,company-credit-ps4-pal-rapid-review-2026-09-05
ps4-final-fantasy-i-vi-aniversary-collection-esp,Final Fantasy I - VI Aniversary Collection ESP,Final Fantasy I - VI Aniversary Collection ESP,PAL España,standard,POSSIBLE_COMPILATION_OR_MULTI_PRODUCT,DEVELOPER,,Square Enix,HIGH,EXACT_TITLE_OR_EDITION_FAMILY,ADD_OR_CONFIRM_CREDIT,Crédito verificado para la obra base y aplicado únicamente a esta edición: Square Enix.,https://finalfantasypixelremaster.square-enix-games.com/,,ADD,,square-enix,Square Enix,https://finalfantasypixelremaster.square-enix-games.com/,,,2026-09-05,company-credit-ps4-pal-rapid-review-2026-09-05
ps4-final-fantasy-i-vi-aniversary-collection-esp,Final Fantasy I - VI Aniversary Collection ESP,Final Fantasy I - VI Aniversary Collection ESP,PAL España,standard,POSSIBLE_COMPILATION_OR_MULTI_PRODUCT,PHYSICAL_PUBLISHER_OR_DISTRIBUTOR,,Square Enix,HIGH,EXACT_TITLE_OR_EDITION_FAMILY,ADD_OR_CONFIRM_CREDIT,Crédito verificado para la obra base y aplicado únicamente a esta edición: Square Enix.,https://finalfantasypixelremaster.square-enix-games.com/,,ADD,,square-enix,Square Enix,https://finalfantasypixelremaster.square-enix-games.com/,,,2026-09-05,company-credit-ps4-pal-rapid-review-2026-09-05
ps4-final-fantasy-i-vi-collection-pixel-remaster-anniversary-edition,Final Fantasy I-VI Collection Pixel Remaster [Anniversary Edition],Final Fantasy I-VI Collection Pixel Remaster [Anniversary Edition],PAL España,standard,EDITION_VARIANT,DEVELOPER,,Square Enix,HIGH,EXACT_TITLE_OR_EDITION_FAMILY,ADD_OR_CONFIRM_CREDIT,Crédito verificado para la obra base y aplicado únicamente a esta edición: Square Enix.,https://finalfantasypixelremaster.square-enix-games.com/,,ADD,,square-enix,Square Enix,https://finalfantasypixelremaster.square-enix-games.com/,,,2026-09-05,company-credit-ps4-pal-rapid-review-2026-09-05
ps4-final-fantasy-i-vi-collection-pixel-remaster-anniversary-edition,Final Fantasy I-VI Collection Pixel Remaster [Anniversary Edition],Final Fantasy I-VI Collection Pixel Remaster [Anniversary Edition],PAL España,standard,EDITION_VARIANT,PHYSICAL_PUBLISHER_OR_DISTRIBUTOR,,Square Enix,HIGH,EXACT_TITLE_OR_EDITION_FAMILY,ADD_OR_CONFIRM_CREDIT,Crédito verificado para la obra base y aplicado únicamente a esta edición: Square Enix.,https://finalfantasypixelremaster.square-enix-games.com/,,ADD,,square-enix,Square Enix,https://finalfantasypixelremaster.square-enix-games.com/,,,2026-09-05,company-credit-ps4-pal-rapid-review-2026-09-05
ps4-final-fantasy-vii-rebirth,Final Fantasy VII Rebirth,Final Fantasy VII Rebirth,PAL España,standard,GAME_OR_UNKNOWN,PHYSICAL_PUBLISHER_OR_DISTRIBUTOR,,Square Enix,HIGH,EXACT_TITLE_OR_EDITION_FAMILY,ADD_OR_CONFIRM_CREDIT,Crédito verificado para la obra base y aplicado únicamente a esta edición: Square Enix.,https://ffvii.square-enix-games.com/en-us/games/rebirth,,ADD,,square-enix,Square Enix,https://ffvii.square-enix-games.com/en-us/games/rebirth,,,2026-09-05,company-credit-ps4-pal-rapid-review-2026-09-05
ps4-final-fantasy-vii-rebirth-deluxe,Final Fantasy VII Rebirth DELUXE,Final Fantasy VII Rebirth DELUXE,PAL España,standard,EDITION_VARIANT,DEVELOPER,,Square Enix Creative Business Unit I,HIGH,EXACT_TITLE_OR_EDITION_FAMILY,ADD_OR_CONFIRM_CREDIT,Crédito verificado para la obra base y aplicado únicamente a esta edición: Square Enix Creative Business Unit I.,https://ffvii.square-enix-games.com/en-us/games/rebirth,,ADD,,square-enix-creative-business-unit-i,Square Enix Creative Business Unit I,https://ffvii.square-enix-games.com/en-us/games/rebirth,,,2026-09-05,company-credit-ps4-pal-rapid-review-2026-09-05
ps4-final-fantasy-vii-rebirth-deluxe,Final Fantasy VII Rebirth DELUXE,Final Fantasy VII Rebirth DELUXE,PAL España,standard,EDITION_VARIANT,PHYSICAL_PUBLISHER_OR_DISTRIBUTOR,,Square Enix,HIGH,EXACT_TITLE_OR_EDITION_FAMILY,ADD_OR_CONFIRM_CREDIT,Crédito verificado para la obra base y aplicado únicamente a esta edición: Square Enix.,https://ffvii.square-enix-games.com/en-us/games/rebirth,,ADD,,square-enix,Square Enix,https://ffvii.square-enix-games.com/en-us/games/rebirth,,,2026-09-05,company-credit-ps4-pal-rapid-review-2026-09-05
ps4-final-fantasy-vii-remake-deluxe,Final Fantasy VII Remake DELUXE,Final Fantasy VII Remake DELUXE,PAL España,standard,EDITION_VARIANT,DEVELOPER,,Square Enix Business Division 1,HIGH,EXACT_TITLE_OR_EDITION_FAMILY,ADD_OR_CONFIRM_CREDIT,Crédito verificado para la obra base y aplicado únicamente a esta edición: Square Enix Business Division 1.,https://ffvii-remake-intergrade.square-enix-games.com/,,ADD,,square-enix-business-division-1,Square Enix Business Division 1,https://ffvii-remake-intergrade.square-enix-games.com/,,,2026-09-05,company-credit-ps4-pal-rapid-review-2026-09-05
ps4-final-fantasy-vii-remake-deluxe,Final Fantasy VII Remake DELUXE,Final Fantasy VII Remake DELUXE,PAL España,standard,EDITION_VARIANT,PHYSICAL_PUBLISHER_OR_DISTRIBUTOR,,Square Enix,HIGH,EXACT_TITLE_OR_EDITION_FAMILY,ADD_OR_CONFIRM_CREDIT,Crédito verificado para la obra base y aplicado únicamente a esta edición: Square Enix.,https://ffvii-remake-intergrade.square-enix-games.com/,,ADD,,square-enix,Square Enix,https://ffvii-remake-intergrade.square-enix-games.com/,,,2026-09-05,company-credit-ps4-pal-rapid-review-2026-09-05
ps4-final-fantasy-viii,Final Fantasy VIII,Final Fantasy VIII,PAL España,standard,GAME_OR_UNKNOWN,PHYSICAL_PUBLISHER_OR_DISTRIBUTOR,SquareSoft,Square Enix,HIGH,EXACT_TITLE_OR_EDITION_FAMILY,ADD_OR_CONFIRM_CREDIT,Crédito verificado para la obra base y aplicado únicamente a esta edición: Square Enix.,https://www.square-enix-games.com/games/final-fantasy-viii-remastered,,REPLACE,SquareSoft,square-enix,Square Enix,https://www.square-enix-games.com/games/final-fantasy-viii-remastered,,,2026-09-05,company-credit-ps4-pal-rapid-review-2026-09-05
ps4-final-fantasy-xii,Final Fantasy XII,Final Fantasy XII,PAL España,standard,GAME_OR_UNKNOWN,DEVELOPER,Square Enix,Square Enix,HIGH,EXACT_TITLE_OR_EDITION_FAMILY,ADD_OR_CONFIRM_CREDIT,Crédito verificado para la obra base y aplicado únicamente a esta edición: Square Enix.,https://finalfantasyxii.square-enix-games.com/,,CONFIRM,Square Enix,square-enix,Square Enix,https://finalfantasyxii.square-enix-games.com/,,,2026-09-05,company-credit-ps4-pal-rapid-review-2026-09-05
ps4-final-fantasy-xii,Final Fantasy XII,Final Fantasy XII,PAL España,standard,GAME_OR_UNKNOWN,PHYSICAL_PUBLISHER_OR_DISTRIBUTOR,Sony Computer Entertainment,Square Enix,HIGH,EXACT_TITLE_OR_EDITION_FAMILY,ADD_OR_CONFIRM_CREDIT,Crédito verificado para la obra base y aplicado únicamente a esta edición: Square Enix.,https://finalfantasyxii.square-enix-games.com/,,REPLACE,Sony Computer Entertainment,square-enix,Square Enix,https://finalfantasyxii.square-enix-games.com/,,,2026-09-05,company-credit-ps4-pal-rapid-review-2026-09-05
ps4-final-fantasy-xiv-complete-edition,Final Fantasy XIV Complete Edition,Final Fantasy XIV Complete Edition,PAL España,standard,EDITION_VARIANT,DEVELOPER,,Square Enix Creative Business Unit III,HIGH,EXACT_TITLE_OR_EDITION_FAMILY,ADD_OR_CONFIRM_CREDIT,Crédito verificado para la obra base y aplicado únicamente a esta edición: Square Enix Creative Business Unit III.,https://na.finalfantasyxiv.com/,,ADD,,square-enix-creative-business-unit-iii,Square Enix Creative Business Unit III,https://na.finalfantasyxiv.com/,,,2026-09-05,company-credit-ps4-pal-rapid-review-2026-09-05
ps4-final-fantasy-xiv-complete-edition,Final Fantasy XIV Complete Edition,Final Fantasy XIV Complete Edition,PAL España,standard,EDITION_VARIANT,PHYSICAL_PUBLISHER_OR_DISTRIBUTOR,,Square Enix,HIGH,EXACT_TITLE_OR_EDITION_FAMILY,ADD_OR_CONFIRM_CREDIT,Crédito verificado para la obra base y aplicado únicamente a esta edición: Square Enix.,https://na.finalfantasyxiv.com/,,ADD,,square-enix,Square Enix,https://na.finalfantasyxiv.com/,,,2026-09-05,company-credit-ps4-pal-rapid-review-2026-09-05
ps4-final-fantasy-xiv-online-complete-edition,Final Fantasy XIV Online Complete Edition,Final Fantasy XIV Online Complete Edition,PAL España,standard,EDITION_VARIANT,DEVELOPER,,Square Enix Creative Business Unit III,HIGH,EXACT_TITLE_OR_EDITION_FAMILY,ADD_OR_CONFIRM_CREDIT,Crédito verificado para la obra base y aplicado únicamente a esta edición: Square Enix Creative Business Unit III.,https://na.finalfantasyxiv.com/,,ADD,,square-enix-creative-business-unit-iii,Square Enix Creative Business Unit III,https://na.finalfantasyxiv.com/,,,2026-09-05,company-credit-ps4-pal-rapid-review-2026-09-05
ps4-final-fantasy-xiv-online-complete-edition,Final Fantasy XIV Online Complete Edition,Final Fantasy XIV Online Complete Edition,PAL España,standard,EDITION_VARIANT,PHYSICAL_PUBLISHER_OR_DISTRIBUTOR,,Square Enix,HIGH,EXACT_TITLE_OR_EDITION_FAMILY,ADD_OR_CONFIRM_CREDIT,Crédito verificado para la obra base y aplicado únicamente a esta edición: Square Enix.,https://na.finalfantasyxiv.com/,,ADD,,square-enix,Square Enix,https://na.finalfantasyxiv.com/,,,2026-09-05,company-credit-ps4-pal-rapid-review-2026-09-05
ps4-final-fantasy-xiv-online-heavensward,Final Fantasy XIV Online: Heavensward,Final Fantasy XIV Online: Heavensward,PAL España,standard,GAME_OR_UNKNOWN,DEVELOPER,,Square Enix Creative Business Unit III,HIGH,EXACT_TITLE_OR_EDITION_FAMILY,ADD_OR_CONFIRM_CREDIT,Crédito verificado para la obra base y aplicado únicamente a esta edición: Square Enix Creative Business Unit III.,https://na.finalfantasyxiv.com/,,ADD,,square-enix-creative-business-unit-iii,Square Enix Creative Business Unit III,https://na.finalfantasyxiv.com/,,,2026-09-05,company-credit-ps4-pal-rapid-review-2026-09-05
ps4-final-fantasy-xiv-online-heavensward,Final Fantasy XIV Online: Heavensward,Final Fantasy XIV Online: Heavensward,PAL España,standard,GAME_OR_UNKNOWN,PHYSICAL_PUBLISHER_OR_DISTRIBUTOR,,Square Enix,HIGH,EXACT_TITLE_OR_EDITION_FAMILY,ADD_OR_CONFIRM_CREDIT,Crédito verificado para la obra base y aplicado únicamente a esta edición: Square Enix.,https://na.finalfantasyxiv.com/,,ADD,,square-enix,Square Enix,https://na.finalfantasyxiv.com/,,,2026-09-05,company-credit-ps4-pal-rapid-review-2026-09-05
ps4-final-fantasy-xiv-online-heavensward-collector%27s-edition,Final Fantasy XIV Online: Heavensward [Collector's Edition],Final Fantasy XIV Online: Heavensward [Collector's Edition],PAL España,standard,EDITION_VARIANT,DEVELOPER,,Square Enix Creative Business Unit III,HIGH,EXACT_TITLE_OR_EDITION_FAMILY,ADD_OR_CONFIRM_CREDIT,Crédito verificado para la obra base y aplicado únicamente a esta edición: Square Enix Creative Business Unit III.,https://na.finalfantasyxiv.com/,,ADD,,square-enix-creative-business-unit-iii,Square Enix Creative Business Unit III,https://na.finalfantasyxiv.com/,,,2026-09-05,company-credit-ps4-pal-rapid-review-2026-09-05
ps4-final-fantasy-xiv-online-heavensward-collector%27s-edition,Final Fantasy XIV Online: Heavensward [Collector's Edition],Final Fantasy XIV Online: Heavensward [Collector's Edition],PAL España,standard,EDITION_VARIANT,PHYSICAL_PUBLISHER_OR_DISTRIBUTOR,,Square Enix,HIGH,EXACT_TITLE_OR_EDITION_FAMILY,ADD_OR_CONFIRM_CREDIT,Crédito verificado para la obra base y aplicado únicamente a esta edición: Square Enix.,https://na.finalfantasyxiv.com/,,ADD,,square-enix,Square Enix,https://na.finalfantasyxiv.com/,,,2026-09-05,company-credit-ps4-pal-rapid-review-2026-09-05
ps4-final-vendetta,Final Vendetta,Final Vendetta,PAL España,standard,GAME_OR_UNKNOWN,PHYSICAL_PUBLISHER_OR_DISTRIBUTOR,,Numskull Games,HIGH,GAME_WORK,ADD_OR_CONFIRM_CREDIT,"Coincidencia rápida: STEAM, WIKIDATA.",https://store.steampowered.com/app/1891090,https://www.wikidata.org/entity/Q113652894,ADD,,numskull-games,Numskull Games Ltd.,https://store.steampowered.com/app/1891090 | https://www.wikidata.org/entity/Q113652894,,,2026-09-05,company-credit-ps4-pal-rapid-review-2026-09-05
ps4-firefighting-simulator-the-squad,Firefighting Simulator - The Squad,Firefighting Simulator - The Squad,PAL España,standard,GAME_OR_UNKNOWN,PHYSICAL_PUBLISHER_OR_DISTRIBUTOR,,astragon Entertainment,HIGH,GAME_WORK | PS4_RELEASE,ADD_OR_CONFIRM_CREDIT,"Coincidencia rápida: LAUNCHBOX_PS4, STEAM.",https://gamesdb.launchbox-app.com/games/details/475710,https://store.steampowered.com/app/420560,ADD,,astragon,Astragon,https://gamesdb.launchbox-app.com/games/details/475710 | https://store.steampowered.com/app/420560,,,2026-09-05,company-credit-ps4-pal-rapid-review-2026-09-05
ps4-firewall-zero-hour,Firewall Zero Hour,Firewall Zero Hour,PAL España,standard,GAME_OR_UNKNOWN,PHYSICAL_PUBLISHER_OR_DISTRIBUTOR,,Sony Interactive Entertainment,HIGH,DIGITAL_PS4_EU | GAME_WORK | PS4_RELEASE,ADD_OR_CONFIRM_CREDIT,"Coincidencia rápida: LAUNCHBOX_PS4, PLAYSTATION_STORE, WIKIDATA.",https://gamesdb.launchbox-app.com/games/details/193197,https://store.playstation.com/es-es/product/EP9000-CUSA11182_00-FIREWALL00000000,ADD,,sony-interactive-entertainment,Sony Interactive Entertainment,https://gamesdb.launchbox-app.com/games/details/193197 | https://store.playstation.com/es-es/product/EP9000-CUSA11182_00-FIREWALL00000000,,,2026-09-05,company-credit-ps4-pal-rapid-review-2026-09-05
ps4-firewall-zero-hour-bundle,Firewall Zero Hour [Bundle],Firewall Zero Hour [Bundle],PAL España,standard,BUNDLE_OR_MULTI_PRODUCT,DEVELOPER,,First Contact Entertainment,HIGH,PS4_RELEASE | SAME_WORK_EDITION,ADD_OR_CONFIRM_CREDIT,"Coincidencia rápida: LAUNCHBOX_PS4, VERIFIED_PS4_SIBLING.",https://gamesdb.launchbox-app.com/games/details/193197,,ADD,,first-contact-entertainment,First Contact Entertainment,https://gamesdb.launchbox-app.com/games/details/193197,,,2026-09-05,company-credit-ps4-pal-rapid-review-2026-09-05
ps4-firewall-zero-hour-bundle,Firewall Zero Hour [Bundle],Firewall Zero Hour [Bundle],PAL España,standard,BUNDLE_OR_MULTI_PRODUCT,PHYSICAL_PUBLISHER_OR_DISTRIBUTOR,,Sony Interactive Entertainment,HIGH,GAME_WORK | PS4_RELEASE,ADD_OR_CONFIRM_CREDIT,"Coincidencia rápida: LAUNCHBOX_PS4, WIKIDATA.",https://gamesdb.launchbox-app.com/games/details/193197,https://www.wikidata.org/entity/Q56808985,ADD,,sony-interactive-entertainment,Sony Interactive Entertainment,https://gamesdb.launchbox-app.com/games/details/193197 | https://www.wikidata.org/entity/Q56808985,,,2026-09-05,company-credit-ps4-pal-rapid-review-2026-09-05
ps4-fishing-north-atlantic-complete-edition,Fishing North Atlantic: Complete Edition,Fishing North Atlantic: Complete Edition,PAL España,standard,EDITION_VARIANT,DEVELOPER,,Misc Games,HIGH,EXACT_TITLE_OR_EDITION_FAMILY,ADD_OR_CONFIRM_CREDIT,Crédito verificado para la obra base y aplicado únicamente a esta edición: Misc Games.,https://www.miscgames.no/fishing-north-atlantic,,ADD,,misc-games,Misc Games,https://www.miscgames.no/fishing-north-atlantic,,,2026-09-05,company-credit-ps4-pal-rapid-review-2026-09-05
ps4-fishing-north-atlantic-complete-edition,Fishing North Atlantic: Complete Edition,Fishing North Atlantic: Complete Edition,PAL España,standard,EDITION_VARIANT,PHYSICAL_PUBLISHER_OR_DISTRIBUTOR,,Astragon Entertainment,HIGH,EXACT_TITLE_OR_EDITION_FAMILY,ADD_OR_CONFIRM_CREDIT,Crédito verificado para la obra base y aplicado únicamente a esta edición: Astragon Entertainment.,https://www.miscgames.no/fishing-north-atlantic,,ADD,,astragon,Astragon,https://www.miscgames.no/fishing-north-atlantic,,,2026-09-05,company-credit-ps4-pal-rapid-review-2026-09-05
ps4-fishing-sim-world,Fishing Sim World,Fishing Sim World,PAL España,standard,GAME_OR_UNKNOWN,DEVELOPER,,Dovetail Games,HIGH,EXACT_TITLE_OR_EDITION_FAMILY,ADD_OR_CONFIRM_CREDIT,Crédito verificado para la obra base y aplicado únicamente a esta edición: Dovetail Games.,https://live.dovetailgames.com/live/fishing-sim-world,,ADD,,dovetail-games,Dovetail Games,https://live.dovetailgames.com/live/fishing-sim-world,,,2026-09-05,company-credit-ps4-pal-rapid-review-2026-09-05
ps4-fishing-sim-world,Fishing Sim World,Fishing Sim World,PAL España,standard,GAME_OR_UNKNOWN,PHYSICAL_PUBLISHER_OR_DISTRIBUTOR,,Dovetail Games,HIGH,EXACT_TITLE_OR_EDITION_FAMILY,ADD_OR_CONFIRM_CREDIT,Crédito verificado para la obra base y aplicado únicamente a esta edición: Dovetail Games.,https://live.dovetailgames.com/live/fishing-sim-world,,ADD,,dovetail-games,Dovetail Games,https://live.dovetailgames.com/live/fishing-sim-world,,,2026-09-05,company-credit-ps4-pal-rapid-review-2026-09-05
ps4-five-nights-at-freddy%27s-core-collection,Five Nights At Freddy's [Core Collection],Five Nights At Freddy's [Core Collection],PAL España,standard,BUNDLE_OR_MULTI_PRODUCT,DEVELOPER,Clickteam LLC,Scott Cawthon,HIGH,GAME_WORK | PS4_RELEASE,ADD_OR_CONFIRM_CREDIT,"Coincidencia rápida: LAUNCHBOX_PS4, STEAM, WIKIDATA.",https://gamesdb.launchbox-app.com/games/details/203374,https://store.steampowered.com/app/319510,REPLACE,Clickteam LLC,scott-cawthon,Scott Cawthon,https://gamesdb.launchbox-app.com/games/details/203374 | https://store.steampowered.com/app/319510,,,2026-09-05,company-credit-ps4-pal-rapid-review-2026-09-05
ps4-flashback-25th-anniversary-collector%27s-edition,Flashback 25th Anniversary [Collector's Edition],Flashback 25th Anniversary [Collector's Edition],PAL España,standard,EDITION_VARIANT,DEVELOPER,,Paul Cuisset,HIGH,EXACT_TITLE_OR_EDITION_FAMILY,ADD_OR_CONFIRM_CREDIT,Crédito verificado para la obra base y aplicado únicamente a esta edición: Paul Cuisset.,https://www.microids.com/game-flashback/,,ADD,,paul-cuisset,Paul Cuisset,https://www.microids.com/game-flashback/,,,2026-09-05,company-credit-ps4-pal-rapid-review-2026-09-05
ps4-flashback-25th-anniversary-collector%27s-edition,Flashback 25th Anniversary [Collector's Edition],Flashback 25th Anniversary [Collector's Edition],PAL España,standard,EDITION_VARIANT,PHYSICAL_PUBLISHER_OR_DISTRIBUTOR,,Microids,HIGH,EXACT_TITLE_OR_EDITION_FAMILY,ADD_OR_CONFIRM_CREDIT,Crédito verificado para la obra base y aplicado únicamente a esta edición: Microids.,https://www.microids.com/game-flashback/,,ADD,,microids,Microids,https://www.microids.com/game-flashback/,,,2026-09-05,company-credit-ps4-pal-rapid-review-2026-09-05
ps4-flashback-classics-vol1,Flashback Classics vol.1,Flashback Classics vol.1,PAL España,standard,GAME_OR_UNKNOWN,DEVELOPER,,Atari,HIGH,EXACT_TITLE_OR_EDITION_FAMILY,ADD_OR_CONFIRM_CREDIT,Crédito verificado para la obra base y aplicado únicamente a esta edición: Atari.,https://atari.com/collections/atari-flashback-classics,,ADD,,atari,Atari Europe,https://atari.com/collections/atari-flashback-classics,,,2026-09-05,company-credit-ps4-pal-rapid-review-2026-09-05
ps4-flashback-classics-vol1,Flashback Classics vol.1,Flashback Classics vol.1,PAL España,standard,GAME_OR_UNKNOWN,PHYSICAL_PUBLISHER_OR_DISTRIBUTOR,,Atari,HIGH,EXACT_TITLE_OR_EDITION_FAMILY,ADD_OR_CONFIRM_CREDIT,Crédito verificado para la obra base y aplicado únicamente a esta edición: Atari.,https://atari.com/collections/atari-flashback-classics,,ADD,,atari,Atari Europe,https://atari.com/collections/atari-flashback-classics,,,2026-09-05,company-credit-ps4-pal-rapid-review-2026-09-05
ps4-flashback-classics-vol2,Flashback Classics Vol.2,Flashback Classics Vol.2,PAL España,standard,GAME_OR_UNKNOWN,DEVELOPER,,Atari,HIGH,EXACT_TITLE_OR_EDITION_FAMILY,ADD_OR_CONFIRM_CREDIT,Crédito verificado para la obra base y aplicado únicamente a esta edición: Atari.,https://atari.com/collections/atari-flashback-classics,,ADD,,atari,Atari Europe,https://atari.com/collections/atari-flashback-classics,,,2026-09-05,company-credit-ps4-pal-rapid-review-2026-09-05
ps4-flashback-classics-vol2,Flashback Classics Vol.2,Flashback Classics Vol.2,PAL España,standard,GAME_OR_UNKNOWN,PHYSICAL_PUBLISHER_OR_DISTRIBUTOR,,Atari,HIGH,EXACT_TITLE_OR_EDITION_FAMILY,ADD_OR_CONFIRM_CREDIT,Crédito verificado para la obra base y aplicado únicamente a esta edición: Atari.,https://atari.com/collections/atari-flashback-classics,,ADD,,atari,Atari Europe,https://atari.com/collections/atari-flashback-classics,,,2026-09-05,company-credit-ps4-pal-rapid-review-2026-09-05
ps4-fobia-st-dinfna-hotel,Fobia : St. Dinfna Hotel,Fobia : St. Dinfna Hotel,PAL España,standard,GAME_OR_UNKNOWN,PHYSICAL_PUBLISHER_OR_DISTRIBUTOR,,Maximum Entertainment,HIGH,DIGITAL_PS4_EU | GAME_WORK,ADD_OR_CONFIRM_CREDIT,"Coincidencia rápida: PLAYSTATION_STORE, STEAM.",https://store.playstation.com/es-es/product/EP1877-CUSA30959_00-FOBIA00000000000,https://store.steampowered.com/app/1298140,ADD,,maximum-games,Maximum Games,https://store.playstation.com/es-es/product/EP1877-CUSA30959_00-FOBIA00000000000 | https://store.steampowered.com/app/1298140,,,2026-09-05,company-credit-ps4-pal-rapid-review-2026-09-05
ps4-forestry-2017,Forestry 2017,Forestry 2017,PAL España,standard,GAME_OR_UNKNOWN,DIGITAL_PUBLISHER,,Iridium Media Group GmbH,HIGH,DIGITAL_PS4_EU,ADD_OR_CONFIRM_CREDIT,Coincidencia rápida: PLAYSTATION_STORE.,https://store.playstation.com/es-es/product/EP8935-CUSA04691_00-FORE17PS4EU00000,,ADD,,iridium-media-group-gmbh,Iridium Media Group GmbH,https://store.playstation.com/es-es/product/EP8935-CUSA04691_00-FORE17PS4EU00000,,,2026-09-05,company-credit-ps4-pal-rapid-review-2026-09-05
ps4-formula-retro-racing-world-tour-special-edition,Formula Retro Racing: World Tour [Special Edition],Formula Retro Racing: World Tour [Special Edition],PAL España,standard,EDITION_VARIANT,DIGITAL_PUBLISHER,,Repixel8 Ltd,HIGH,DIGITAL_PS4_EU,ADD_OR_CONFIRM_CREDIT,Coincidencia rápida: PLAYSTATION_STORE.,https://store.playstation.com/es-es/product/EP6197-CUSA38314_00-9332719615991892,,ADD,,repixel8-ltd,Repixel8 Ltd,https://store.playstation.com/es-es/product/EP6197-CUSA38314_00-9332719615991892,,,2026-09-05,company-credit-ps4-pal-rapid-review-2026-09-05
ps4-fornite-ps4-promo,Fornite PS4 PROMO,Fortnite [PS4 Promo],PAL España,standard,GAME_OR_UNKNOWN,DEVELOPER,,Epic Games,HIGH,PROMO_OF_VERIFIED_WORK,ADD_DEVELOPER,Las fuentes consultadas atribuyen el desarrollo a Epic Games.,https://www.fortnite.com/,,ADD,,epic-games,Epic Games,https://www.fortnite.com/,,,2026-09-05,company-credit-ps4-pal-rapid-review-2026-09-05
ps4-fornite-ps4-promo,Fornite PS4 PROMO,Fortnite [PS4 Promo],PAL España,standard,GAME_OR_UNKNOWN,PHYSICAL_PUBLISHER_OR_DISTRIBUTOR,,Epic Games,HIGH,PROMO_OF_VERIFIED_WORK,ADD_PHYSICAL_PUBLISHER_OR_DISTRIBUTOR,La edición PS4 consultada atribuye la publicación o distribución física a Epic Games.,https://www.fortnite.com/,,ADD,,epic-games,Epic Games,https://www.fortnite.com/,,,2026-09-05,company-credit-ps4-pal-rapid-review-2026-09-05
ps4-fort-boyard,Fort Boyard,Fort Boyard,PAL España,standard,GAME_OR_UNKNOWN,PHYSICAL_PUBLISHER_OR_DISTRIBUTOR,,Microids,HIGH,EXACT_TITLE_OR_EDITION_FAMILY,ADD_OR_CONFIRM_CREDIT,Crédito verificado para la obra base y aplicado únicamente a esta edición: Microids.,https://www.microids.com/game-fort-boyard/,,ADD,,microids,Microids,https://www.microids.com/game-fort-boyard/,,,2026-09-05,company-credit-ps4-pal-rapid-review-2026-09-05
ps4-fort-boyard-2022,Fort Boyard 2022,Fort Boyard 2022,PAL España,standard,GAME_OR_UNKNOWN,DEVELOPER,,Appeal Studios,HIGH,EXACT_TITLE_OR_EDITION_FAMILY,ADD_OR_CONFIRM_CREDIT,Crédito verificado para la obra base y aplicado únicamente a esta edición: Appeal Studios.,https://www.microids.com/game-fort-boyard/,,ADD,,appeal-studios,Appeal Studios,https://www.microids.com/game-fort-boyard/,,,2026-09-05,company-credit-ps4-pal-rapid-review-2026-09-05
ps4-fort-boyard-2022,Fort Boyard 2022,Fort Boyard 2022,PAL España,standard,GAME_OR_UNKNOWN,PHYSICAL_PUBLISHER_OR_DISTRIBUTOR,,Microids,HIGH,EXACT_TITLE_OR_EDITION_FAMILY,ADD_OR_CONFIRM_CREDIT,Crédito verificado para la obra base y aplicado únicamente a esta edición: Microids.,https://www.microids.com/game-fort-boyard/,,ADD,,microids,Microids,https://www.microids.com/game-fort-boyard/,,,2026-09-05,company-credit-ps4-pal-rapid-review-2026-09-05
ps4-fortnite-con-1-codigo,Fortnite CON 1 Código,Fortnite CON 1 Código,PAL España,standard,GAME_OR_UNKNOWN,DEVELOPER,,Epic Games,HIGH,EXACT_TITLE_OR_EDITION_FAMILY,ADD_OR_CONFIRM_CREDIT,Crédito verificado para la obra base y aplicado únicamente a esta edición: Epic Games.,https://www.fortnite.com/,,ADD,,epic-games,Epic Games,https://www.fortnite.com/,,,2026-09-05,company-credit-ps4-pal-rapid-review-2026-09-05
ps4-fortnite-con-1-codigo,Fortnite CON 1 Código,Fortnite CON 1 Código,PAL España,standard,GAME_OR_UNKNOWN,PHYSICAL_PUBLISHER_OR_DISTRIBUTOR,,Epic Games,HIGH,EXACT_TITLE_OR_EDITION_FAMILY,ADD_OR_CONFIRM_CREDIT,Crédito verificado para la obra base y aplicado únicamente a esta edición: Epic Games.,https://www.fortnite.com/,,ADD,,epic-games,Epic Games,https://www.fortnite.com/,,,2026-09-05,company-credit-ps4-pal-rapid-review-2026-09-05
ps4-fortnite-con-codigos,Fortnite CON CÓDIGOS,Fortnite CON CÓDIGOS,PAL España,standard,GAME_OR_UNKNOWN,DEVELOPER,,Epic Games,HIGH,EXACT_TITLE_OR_EDITION_FAMILY,ADD_OR_CONFIRM_CREDIT,Crédito verificado para la obra base y aplicado únicamente a esta edición: Epic Games.,https://www.fortnite.com/,,ADD,,epic-games,Epic Games,https://www.fortnite.com/,,,2026-09-05,company-credit-ps4-pal-rapid-review-2026-09-05
ps4-fortnite-con-codigos,Fortnite CON CÓDIGOS,Fortnite CON CÓDIGOS,PAL España,standard,GAME_OR_UNKNOWN,PHYSICAL_PUBLISHER_OR_DISTRIBUTOR,,Epic Games,HIGH,EXACT_TITLE_OR_EDITION_FAMILY,ADD_OR_CONFIRM_CREDIT,Crédito verificado para la obra base y aplicado únicamente a esta edición: Epic Games.,https://www.fortnite.com/,,ADD,,epic-games,Epic Games,https://www.fortnite.com/,,,2026-09-05,company-credit-ps4-pal-rapid-review-2026-09-05
ps4-fortnite-sin-codigos,Fortnite SIN CÓDIGOS,Fortnite SIN CÓDIGOS,PAL España,standard,GAME_OR_UNKNOWN,DEVELOPER,,Epic Games,HIGH,EXACT_TITLE_OR_EDITION_FAMILY,ADD_OR_CONFIRM_CREDIT,Crédito verificado para la obra base y aplicado únicamente a esta edición: Epic Games.,https://www.fortnite.com/,,ADD,,epic-games,Epic Games,https://www.fortnite.com/,,,2026-09-05,company-credit-ps4-pal-rapid-review-2026-09-05
ps4-fortnite-sin-codigos,Fortnite SIN CÓDIGOS,Fortnite SIN CÓDIGOS,PAL España,standard,GAME_OR_UNKNOWN,PHYSICAL_PUBLISHER_OR_DISTRIBUTOR,,Epic Games,HIGH,EXACT_TITLE_OR_EDITION_FAMILY,ADD_OR_CONFIRM_CREDIT,Crédito verificado para la obra base y aplicado únicamente a esta edición: Epic Games.,https://www.fortnite.com/,,ADD,,epic-games,Epic Games,https://www.fortnite.com/,,,2026-09-05,company-credit-ps4-pal-rapid-review-2026-09-05
ps4-fortnite-anime-legends,Fortnite: Anime Legends,Fortnite: Anime Legends,PAL España,standard,GAME_OR_UNKNOWN,PHYSICAL_PUBLISHER_OR_DISTRIBUTOR,,Epic Games,HIGH,EXACT_TITLE_OR_EDITION_FAMILY,ADD_OR_CONFIRM_CREDIT,Crédito verificado para la obra base y aplicado únicamente a esta edición: Epic Games.,https://www.fortnite.com/,,ADD,,epic-games,Epic Games,https://www.fortnite.com/,,,2026-09-05,company-credit-ps4-pal-rapid-review-2026-09-05
ps4-fortnite-deep-freeze-bundle,Fortnite: Deep Freeze Bundle,Fortnite: Deep Freeze Bundle,PAL España,standard,GAME_OR_UNKNOWN,DEVELOPER,,Epic Games,HIGH,EXACT_TITLE_OR_EDITION_FAMILY,ADD_OR_CONFIRM_CREDIT,Crédito verificado para la obra base y aplicado únicamente a esta edición: Epic Games.,https://www.fortnite.com/,,ADD,,epic-games,Epic Games,https://www.fortnite.com/,,,2026-09-05,company-credit-ps4-pal-rapid-review-2026-09-05
ps4-fortnite-deep-freeze-bundle,Fortnite: Deep Freeze Bundle,Fortnite: Deep Freeze Bundle,PAL España,standard,GAME_OR_UNKNOWN,PHYSICAL_PUBLISHER_OR_DISTRIBUTOR,,Epic Games,HIGH,EXACT_TITLE_OR_EDITION_FAMILY,ADD_OR_CONFIRM_CREDIT,Crédito verificado para la obra base y aplicado únicamente a esta edición: Epic Games.,https://www.fortnite.com/,,ADD,,epic-games,Epic Games,https://www.fortnite.com/,,,2026-09-05,company-credit-ps4-pal-rapid-review-2026-09-05
ps4-fortnite-minty-legends-pack,Fortnite: Minty Legends Pack,Fortnite: Minty Legends Pack,PAL España,standard,GAME_OR_UNKNOWN,PHYSICAL_PUBLISHER_OR_DISTRIBUTOR,,Epic Games,HIGH,EXACT_TITLE_OR_EDITION_FAMILY,ADD_OR_CONFIRM_CREDIT,Crédito verificado para la obra base y aplicado únicamente a esta edición: Epic Games.,https://www.fortnite.com/,,ADD,,epic-games,Epic Games,https://www.fortnite.com/,,,2026-09-05,company-credit-ps4-pal-rapid-review-2026-09-05
ps4-fortnite-transformers-pack,Fortnite: Transformers Pack,Fortnite: Transformers Pack,PAL España,standard,GAME_OR_UNKNOWN,DEVELOPER,,Epic Games,HIGH,EXACT_TITLE_OR_EDITION_FAMILY,ADD_OR_CONFIRM_CREDIT,Crédito verificado para la obra base y aplicado únicamente a esta edición: Epic Games.,https://www.fortnite.com/,,ADD,,epic-games,Epic Games,https://www.fortnite.com/,,,2026-09-05,company-credit-ps4-pal-rapid-review-2026-09-05
ps4-fortnite-transformers-pack,Fortnite: Transformers Pack,Fortnite: Transformers Pack,PAL España,standard,GAME_OR_UNKNOWN,PHYSICAL_PUBLISHER_OR_DISTRIBUTOR,,Epic Games,HIGH,EXACT_TITLE_OR_EDITION_FAMILY,ADD_OR_CONFIRM_CREDIT,Crédito verificado para la obra base y aplicado únicamente a esta edición: Epic Games.,https://www.fortnite.com/,,ADD,,epic-games,Epic Games,https://www.fortnite.com/,,,2026-09-05,company-credit-ps4-pal-rapid-review-2026-09-05
ps4-foxyland-collection,FoxyLand Collection,FoxyLand Collection,PAL España,standard,POSSIBLE_COMPILATION_OR_MULTI_PRODUCT,DEVELOPER,,BUG-Studio,HIGH,EXACT_TITLE_OR_EDITION_FAMILY,ADD_OR_CONFIRM_CREDIT,Crédito verificado para la obra base y aplicado únicamente a esta edición: BUG-Studio.,https://www.ratalaikagames.com/games/foxyland,,ADD,,bug-studio,BUG-Studio,https://www.ratalaikagames.com/games/foxyland,,,2026-09-05,company-credit-ps4-pal-rapid-review-2026-09-05
ps4-foxyland-collection,FoxyLand Collection,FoxyLand Collection,PAL España,standard,POSSIBLE_COMPILATION_OR_MULTI_PRODUCT,PHYSICAL_PUBLISHER_OR_DISTRIBUTOR,,Ratalaika Games,HIGH,EXACT_TITLE_OR_EDITION_FAMILY,ADD_OR_CONFIRM_CREDIT,Crédito verificado para la obra base y aplicado únicamente a esta edición: Ratalaika Games.,https://www.ratalaikagames.com/games/foxyland,,ADD,,ratalaika-games,Ratalaika Games,https://www.ratalaikagames.com/games/foxyland,,,2026-09-05,company-credit-ps4-pal-rapid-review-2026-09-05
ps4-friday-the-13th,Friday The 13th,Friday The 13th,PAL España,standard,GAME_OR_UNKNOWN,PHYSICAL_PUBLISHER_OR_DISTRIBUTOR,,Gun Media,HIGH,EXACT_TITLE_OR_EDITION_FAMILY,ADD_OR_CONFIRM_CREDIT,Crédito verificado para la obra base y aplicado únicamente a esta edición: Gun Media.,https://fridaythe13thgame.com/,,ADD,,gun-media,Gun Media,https://fridaythe13thgame.com/,,,2026-09-05,company-credit-ps4-pal-rapid-review-2026-09-05
ps4-friday-the-13th-ultimate-slasher-edition,Friday The 13th [Ultimate Slasher Edition],Friday The 13th [Ultimate Slasher Edition],PAL España,standard,EDITION_VARIANT,DEVELOPER,,IllFonic,HIGH,EXACT_TITLE_OR_EDITION_FAMILY,ADD_OR_CONFIRM_CREDIT,Crédito verificado para la obra base y aplicado únicamente a esta edición: IllFonic.,https://fridaythe13thgame.com/,,ADD,,illfonic,IllFonic,https://fridaythe13thgame.com/,,,2026-09-05,company-credit-ps4-pal-rapid-review-2026-09-05
ps4-friday-the-13th-ultimate-slasher-edition,Friday The 13th [Ultimate Slasher Edition],Friday The 13th [Ultimate Slasher Edition],PAL España,standard,EDITION_VARIANT,PHYSICAL_PUBLISHER_OR_DISTRIBUTOR,,Gun Media,HIGH,EXACT_TITLE_OR_EDITION_FAMILY,ADD_OR_CONFIRM_CREDIT,Crédito verificado para la obra base y aplicado únicamente a esta edición: Gun Media.,https://fridaythe13thgame.com/,,ADD,,gun-media,Gun Media,https://fridaythe13thgame.com/,,,2026-09-05,company-credit-ps4-pal-rapid-review-2026-09-05
ps4-fruit-ninja-vr,Fruit Ninja VR,Fruit Ninja VR,PAL España,standard,GAME_OR_UNKNOWN,PHYSICAL_PUBLISHER_OR_DISTRIBUTOR,,Halfbrick Studios,HIGH,DIGITAL_PS4_EU | PS4_RELEASE,ADD_OR_CONFIRM_CREDIT,"Coincidencia rápida: LAUNCHBOX_PS4, PLAYSTATION_STORE.",https://gamesdb.launchbox-app.com/games/details/466100,https://store.playstation.com/es-es/product/EP4043-CUSA06882_00-0000000000000006,ADD,,halfbrick-studios,Halfbrick Studios,https://gamesdb.launchbox-app.com/games/details/466100 | https://store.playstation.com/es-es/product/EP4043-CUSA06882_00-0000000000000006,,,2026-09-05,company-credit-ps4-pal-rapid-review-2026-09-05
ps4-gabby%27s-dollhouse-ready-to-party,Gabby's Dollhouse: Ready To Party,Gabby's Dollhouse: Ready To Party,PAL España,standard,GAME_OR_UNKNOWN,DEVELOPER,,Infinigon Games,HIGH,EXACT_TITLE_OR_EDITION_FAMILY,ADD_OR_CONFIRM_CREDIT,Crédito verificado para la obra base y aplicado únicamente a esta edición: Infinigon Games.,https://www.outrightgames.com/,,ADD,,infinigon,Infinigon,https://www.outrightgames.com/,,,2026-09-05,company-credit-ps4-pal-rapid-review-2026-09-05
ps4-gabby%27s-dollhouse-ready-to-party,Gabby's Dollhouse: Ready To Party,Gabby's Dollhouse: Ready To Party,PAL España,standard,GAME_OR_UNKNOWN,PHYSICAL_PUBLISHER_OR_DISTRIBUTOR,,Outright Games,HIGH,EXACT_TITLE_OR_EDITION_FAMILY,ADD_OR_CONFIRM_CREDIT,Crédito verificado para la obra base y aplicado únicamente a esta edición: Outright Games.,https://www.outrightgames.com/,,ADD,,outright-games,Outright Games LTD,https://www.outrightgames.com/,,,2026-09-05,company-credit-ps4-pal-rapid-review-2026-09-05
ps4-gal-guardians-demon-purge,Gal Guardians: Demon Purge,Gal Guardians: Demon Purge,PAL España,standard,GAME_OR_UNKNOWN,PHYSICAL_PUBLISHER_OR_DISTRIBUTOR,,PQube,HIGH,EXACT_TITLE_OR_EDITION_FAMILY,ADD_OR_CONFIRM_CREDIT,Crédito verificado para la obra base y aplicado únicamente a esta edición: PQube.,https://galguardians.com/en/,,ADD,,pqube,PQube Ltd.,https://galguardians.com/en/,,,2026-09-05,company-credit-ps4-pal-rapid-review-2026-09-05
ps4-galgun-2,GalGun 2,GalGun 2,PAL España,standard,GAME_OR_UNKNOWN,DEVELOPER,,Inti Creates,HIGH,EXACT_TITLE_OR_EDITION_FAMILY,ADD_OR_CONFIRM_CREDIT,Crédito verificado para la obra base y aplicado únicamente a esta edición: Inti Creates.,https://pqube.co.uk/games/gal-gun-2/,,ADD,,inti-creates,Inti Creates,https://pqube.co.uk/games/gal-gun-2/,,,2026-09-05,company-credit-ps4-pal-rapid-review-2026-09-05
ps4-galgun-2,GalGun 2,GalGun 2,PAL España,standard,GAME_OR_UNKNOWN,PHYSICAL_PUBLISHER_OR_DISTRIBUTOR,,PQube,HIGH,EXACT_TITLE_OR_EDITION_FAMILY,ADD_OR_CONFIRM_CREDIT,Crédito verificado para la obra base y aplicado únicamente a esta edición: PQube.,https://pqube.co.uk/games/gal-gun-2/,,ADD,,pqube,PQube Ltd.,https://pqube.co.uk/games/gal-gun-2/,,,2026-09-05,company-credit-ps4-pal-rapid-review-2026-09-05
ps4-galgun-double-peace,GalGun: Double Peace,GalGun: Double Peace,PAL España,standard,GAME_OR_UNKNOWN,DEVELOPER,,Inti Creates,HIGH,EXACT_TITLE_OR_EDITION_FAMILY,ADD_OR_CONFIRM_CREDIT,Crédito verificado para la obra base y aplicado únicamente a esta edición: Inti Creates.,https://pqube.co.uk/games/gal-gun-2/,,ADD,,inti-creates,Inti Creates,https://pqube.co.uk/games/gal-gun-2/,,,2026-09-05,company-credit-ps4-pal-rapid-review-2026-09-05
ps4-galgun-double-peace,GalGun: Double Peace,GalGun: Double Peace,PAL España,standard,GAME_OR_UNKNOWN,PHYSICAL_PUBLISHER_OR_DISTRIBUTOR,,PQube,HIGH,EXACT_TITLE_OR_EDITION_FAMILY,ADD_OR_CONFIRM_CREDIT,Crédito verificado para la obra base y aplicado únicamente a esta edición: PQube.,https://pqube.co.uk/games/gal-gun-2/,,ADD,,pqube,PQube Ltd.,https://pqube.co.uk/games/gal-gun-2/,,,2026-09-05,company-credit-ps4-pal-rapid-review-2026-09-05
ps4-galgun-double-peace-limited-edition,GalGun: Double Peace [Limited Edition],GalGun: Double Peace [Limited Edition],PAL España,standard,EDITION_VARIANT,DEVELOPER,,Inti Creates,HIGH,EXACT_TITLE_OR_EDITION_FAMILY,ADD_OR_CONFIRM_CREDIT,Crédito verificado para la obra base y aplicado únicamente a esta edición: Inti Creates.,https://pqube.co.uk/games/gal-gun-2/,,ADD,,inti-creates,Inti Creates,https://pqube.co.uk/games/gal-gun-2/,,,2026-09-05,company-credit-ps4-pal-rapid-review-2026-09-05
ps4-galgun-double-peace-limited-edition,GalGun: Double Peace [Limited Edition],GalGun: Double Peace [Limited Edition],PAL España,standard,EDITION_VARIANT,PHYSICAL_PUBLISHER_OR_DISTRIBUTOR,,PQube,HIGH,EXACT_TITLE_OR_EDITION_FAMILY,ADD_OR_CONFIRM_CREDIT,Crédito verificado para la obra base y aplicado únicamente a esta edición: PQube.,https://pqube.co.uk/games/gal-gun-2/,,ADD,,pqube,PQube Ltd.,https://pqube.co.uk/games/gal-gun-2/,,,2026-09-05,company-credit-ps4-pal-rapid-review-2026-09-05
ps4-galgun-double-peace-mr-happiness-edition,GalGun: Double Peace [Mr. Happiness Edition],GalGun: Double Peace [Mr. Happiness Edition],PAL España,standard,GAME_OR_UNKNOWN,DEVELOPER,,Inti Creates,HIGH,EXACT_TITLE_OR_EDITION_FAMILY,ADD_OR_CONFIRM_CREDIT,Crédito verificado para la obra base y aplicado únicamente a esta edición: Inti Creates.,https://pqube.co.uk/games/gal-gun-2/,,ADD,,inti-creates,Inti Creates,https://pqube.co.uk/games/gal-gun-2/,,,2026-09-05,company-credit-ps4-pal-rapid-review-2026-09-05
ps4-galgun-double-peace-mr-happiness-edition,GalGun: Double Peace [Mr. Happiness Edition],GalGun: Double Peace [Mr. Happiness Edition],PAL España,standard,GAME_OR_UNKNOWN,PHYSICAL_PUBLISHER_OR_DISTRIBUTOR,,PQube,HIGH,EXACT_TITLE_OR_EDITION_FAMILY,ADD_OR_CONFIRM_CREDIT,Crédito verificado para la obra base y aplicado únicamente a esta edición: PQube.,https://pqube.co.uk/games/gal-gun-2/,,ADD,,pqube,PQube Ltd.,https://pqube.co.uk/games/gal-gun-2/,,,2026-09-05,company-credit-ps4-pal-rapid-review-2026-09-05
ps4-garden-life-a-cozy-simulator,Garden Life: A Cozy Simulator,Garden Life: A Cozy Simulator,PAL España,standard,GAME_OR_UNKNOWN,PHYSICAL_PUBLISHER_OR_DISTRIBUTOR,,Nacon,HIGH,GAME_WORK | PS4_RELEASE,ADD_OR_CONFIRM_CREDIT,"Coincidencia rápida: LAUNCHBOX_PS4, STEAM, WIKIDATA.",https://gamesdb.launchbox-app.com/games/details/475820,https://store.steampowered.com/app/1915380,ADD,,nacon,Nacon,https://gamesdb.launchbox-app.com/games/details/475820 | https://store.steampowered.com/app/1915380,,,2026-09-05,company-credit-ps4-pal-rapid-review-2026-09-05
ps4-garden-simulator,Garden Simulator,Garden Simulator,PAL España,standard,GAME_OR_UNKNOWN,PHYSICAL_PUBLISHER_OR_DISTRIBUTOR,,Toplitz Productions,HIGH,DIGITAL_PS4_EU | GAME_WORK,ADD_OR_CONFIRM_CREDIT,"Coincidencia rápida: PLAYSTATION_STORE, STEAM.",https://store.playstation.com/es-es/product/EP3550-CUSA40882_00-GARDENSIMPS4EU00,https://store.steampowered.com/app/1403310,ADD,,toplitz-productions,Toplitz Productions,https://store.playstation.com/es-es/product/EP3550-CUSA40882_00-GARDENSIMPS4EU00 | https://store.steampowered.com/app/1403310,,,2026-09-05,company-credit-ps4-pal-rapid-review-2026-09-05
ps4-garfield-lasagna-party,Garfield Lasagna Party,Garfield Lasagna Party,PAL España,standard,GAME_OR_UNKNOWN,PHYSICAL_PUBLISHER_OR_DISTRIBUTOR,,Microids,HIGH,GAME_WORK | PS4_RELEASE,ADD_OR_CONFIRM_CREDIT,"Coincidencia rápida: LAUNCHBOX_PS4, STEAM.",https://gamesdb.launchbox-app.com/games/details/473165,https://store.steampowered.com/app/2008410,ADD,,microids,Microids,https://gamesdb.launchbox-app.com/games/details/473165 | https://store.steampowered.com/app/2008410,,,2026-09-05,company-credit-ps4-pal-rapid-review-2026-09-05
ps4-gear-club-unlimited-2-ultimate-edition,Gear Club Unlimited 2 [Ultimate Edition],Gear Club Unlimited 2 [Ultimate Edition],PAL España,standard,EDITION_VARIANT,PHYSICAL_PUBLISHER_OR_DISTRIBUTOR,,Microids,HIGH,GAME_WORK | PS4_RELEASE,ADD_OR_CONFIRM_CREDIT,"Coincidencia rápida: LAUNCHBOX_PS4, STEAM.",https://gamesdb.launchbox-app.com/games/details/473120,https://store.steampowered.com/app/1557860,ADD,,microids,Microids,https://gamesdb.launchbox-app.com/games/details/473120 | https://store.steampowered.com/app/1557860,,,2026-09-05,company-credit-ps4-pal-rapid-review-2026-09-05
ps4-gear-shifters,Gear Shifters,Gear Shifters,PAL España,standard,GAME_OR_UNKNOWN,DIGITAL_PUBLISHER,,NUMSKULL GAMES LTD,HIGH,DIGITAL_PS4_EU,ADD_OR_CONFIRM_CREDIT,Coincidencia rápida: PLAYSTATION_STORE.,https://store.playstation.com/es-es/product/EP5938-CUSA20035_00-GEARSHIFTERS0001,,ADD,,numskull-games,Numskull Games Ltd.,https://store.playstation.com/es-es/product/EP5938-CUSA20035_00-GEARSHIFTERS0001,,,2026-09-05,company-credit-ps4-pal-rapid-review-2026-09-05
ps4-ghost-giant,Ghost Giant,Ghost Giant,PAL España,standard,GAME_OR_UNKNOWN,DEVELOPER,,Zoink Games,HIGH,EXACT_TITLE_OR_EDITION_FAMILY,ADD_OR_CONFIRM_CREDIT,Crédito verificado para la obra base y aplicado únicamente a esta edición: Zoink Games.,https://www.zoinkgames.com/ghost-giant,,ADD,,zoink,Zoink!,https://www.zoinkgames.com/ghost-giant,,,2026-09-05,company-credit-ps4-pal-rapid-review-2026-09-05
ps4-ghost-giant,Ghost Giant,Ghost Giant,PAL España,standard,GAME_OR_UNKNOWN,PHYSICAL_PUBLISHER_OR_DISTRIBUTOR,,Perp Games,HIGH,EXACT_TITLE_OR_EDITION_FAMILY,ADD_OR_CONFIRM_CREDIT,Crédito verificado para la obra base y aplicado únicamente a esta edición: Perp Games.,https://www.zoinkgames.com/ghost-giant,,ADD,,perp-games,Perp Games,https://www.zoinkgames.com/ghost-giant,,,2026-09-05,company-credit-ps4-pal-rapid-review-2026-09-05
ps4-ghost-recon-breakpoint,Ghost Recon Breakpoint,Ghost Recon Breakpoint,PAL España,standard,GAME_OR_UNKNOWN,DEVELOPER,,Ubisoft Paris,HIGH,EXACT_TITLE_OR_EDITION_FAMILY,ADD_OR_CONFIRM_CREDIT,Crédito verificado para la obra base y aplicado únicamente a esta edición: Ubisoft Paris.,https://www.ubisoft.com/en-us/game/ghost-recon,,ADD,,ubisoft-paris,Ubisoft Paris,https://www.ubisoft.com/en-us/game/ghost-recon,,,2026-09-05,company-credit-ps4-pal-rapid-review-2026-09-05
ps4-ghost-recon-breakpoint-auroa-edition,Ghost Recon Breakpoint [Auroa Edition],Ghost Recon Breakpoint [Auroa Edition],PAL España,standard,GAME_OR_UNKNOWN,DEVELOPER,,Ubisoft Paris,HIGH,EXACT_TITLE_OR_EDITION_FAMILY,ADD_OR_CONFIRM_CREDIT,Crédito verificado para la obra base y aplicado únicamente a esta edición: Ubisoft Paris.,https://www.ubisoft.com/en-us/game/ghost-recon,,ADD,,ubisoft-paris,Ubisoft Paris,https://www.ubisoft.com/en-us/game/ghost-recon,,,2026-09-05,company-credit-ps4-pal-rapid-review-2026-09-05
ps4-ghost-recon-breakpoint-auroa-edition,Ghost Recon Breakpoint [Auroa Edition],Ghost Recon Breakpoint [Auroa Edition],PAL España,standard,GAME_OR_UNKNOWN,PHYSICAL_PUBLISHER_OR_DISTRIBUTOR,,Ubisoft,HIGH,EXACT_TITLE_OR_EDITION_FAMILY,ADD_OR_CONFIRM_CREDIT,Crédito verificado para la obra base y aplicado únicamente a esta edición: Ubisoft.,https://www.ubisoft.com/en-us/game/ghost-recon,,ADD,,ubisoft,Ubisoft,https://www.ubisoft.com/en-us/game/ghost-recon,,,2026-09-05,company-credit-ps4-pal-rapid-review-2026-09-05
ps4-ghost-recon-breakpoint-promo-not-for-resale,Ghost Recon Breakpoint [Promo Not For Resale],Ghost Recon Breakpoint [Promo Not For Resale],PAL España,standard,PROMO_COPY,DEVELOPER,,Ubisoft Paris,HIGH,EXACT_TITLE_OR_EDITION_FAMILY,ADD_OR_CONFIRM_CREDIT,Crédito verificado para la obra base y aplicado únicamente a esta edición: Ubisoft Paris.,https://www.ubisoft.com/en-us/game/ghost-recon,,ADD,,ubisoft-paris,Ubisoft Paris,https://www.ubisoft.com/en-us/game/ghost-recon,,,2026-09-05,company-credit-ps4-pal-rapid-review-2026-09-05
ps4-ghost-recon-breakpoint-promo-not-for-resale,Ghost Recon Breakpoint [Promo Not For Resale],Ghost Recon Breakpoint [Promo Not For Resale],PAL España,standard,PROMO_COPY,PHYSICAL_PUBLISHER_OR_DISTRIBUTOR,,Ubisoft,HIGH,EXACT_TITLE_OR_EDITION_FAMILY,ADD_OR_CONFIRM_CREDIT,Crédito verificado para la obra base y aplicado únicamente a esta edición: Ubisoft.,https://www.ubisoft.com/en-us/game/ghost-recon,,ADD,,ubisoft,Ubisoft,https://www.ubisoft.com/en-us/game/ghost-recon,,,2026-09-05,company-credit-ps4-pal-rapid-review-2026-09-05
ps4-ghost-recon-breakpoint-ultimate-edition,Ghost Recon Breakpoint [Ultimate Edition],Ghost Recon Breakpoint [Ultimate Edition],PAL España,standard,EDITION_VARIANT,DEVELOPER,,Ubisoft Paris,HIGH,EXACT_TITLE_OR_EDITION_FAMILY,ADD_OR_CONFIRM_CREDIT,Crédito verificado para la obra base y aplicado únicamente a esta edición: Ubisoft Paris.,https://www.ubisoft.com/en-us/game/ghost-recon,,ADD,,ubisoft-paris,Ubisoft Paris,https://www.ubisoft.com/en-us/game/ghost-recon,,,2026-09-05,company-credit-ps4-pal-rapid-review-2026-09-05
ps4-ghost-recon-breakpoint-ultimate-edition,Ghost Recon Breakpoint [Ultimate Edition],Ghost Recon Breakpoint [Ultimate Edition],PAL España,standard,EDITION_VARIANT,PHYSICAL_PUBLISHER_OR_DISTRIBUTOR,,Ubisoft,HIGH,EXACT_TITLE_OR_EDITION_FAMILY,ADD_OR_CONFIRM_CREDIT,Crédito verificado para la obra base y aplicado únicamente a esta edición: Ubisoft.,https://www.ubisoft.com/en-us/game/ghost-recon,,ADD,,ubisoft,Ubisoft,https://www.ubisoft.com/en-us/game/ghost-recon,,,2026-09-05,company-credit-ps4-pal-rapid-review-2026-09-05
ps4-ghost-recon-wildlands,Ghost Recon Wildlands,Ghost Recon Wildlands,PAL España,standard,GAME_OR_UNKNOWN,DEVELOPER,,Ubisoft Paris,HIGH,EXACT_TITLE_OR_EDITION_FAMILY,ADD_OR_CONFIRM_CREDIT,Crédito verificado para la obra base y aplicado únicamente a esta edición: Ubisoft Paris.,https://www.ubisoft.com/en-us/game/ghost-recon,,ADD,,ubisoft-paris,Ubisoft Paris,https://www.ubisoft.com/en-us/game/ghost-recon,,,2026-09-05,company-credit-ps4-pal-rapid-review-2026-09-05
ps4-ghost-recon-wildlands,Ghost Recon Wildlands,Ghost Recon Wildlands,PAL España,standard,GAME_OR_UNKNOWN,PHYSICAL_PUBLISHER_OR_DISTRIBUTOR,,Ubisoft,HIGH,EXACT_TITLE_OR_EDITION_FAMILY,ADD_OR_CONFIRM_CREDIT,Crédito verificado para la obra base y aplicado únicamente a esta edición: Ubisoft.,https://www.ubisoft.com/en-us/game/ghost-recon,,ADD,,ubisoft,Ubisoft,https://www.ubisoft.com/en-us/game/ghost-recon,,,2026-09-05,company-credit-ps4-pal-rapid-review-2026-09-05
ps4-ghost-recon-wildlands-gold-edition,Ghost Recon Wildlands [Gold Edition],Ghost Recon Wildlands [Gold Edition],PAL España,standard,GAME_OR_UNKNOWN,DEVELOPER,,Ubisoft Paris,HIGH,EXACT_TITLE_OR_EDITION_FAMILY,ADD_OR_CONFIRM_CREDIT,Crédito verificado para la obra base y aplicado únicamente a esta edición: Ubisoft Paris.,https://www.ubisoft.com/en-us/game/ghost-recon,,ADD,,ubisoft-paris,Ubisoft Paris,https://www.ubisoft.com/en-us/game/ghost-recon,,,2026-09-05,company-credit-ps4-pal-rapid-review-2026-09-05
ps4-ghost-recon-wildlands-gold-edition,Ghost Recon Wildlands [Gold Edition],Ghost Recon Wildlands [Gold Edition],PAL España,standard,GAME_OR_UNKNOWN,PHYSICAL_PUBLISHER_OR_DISTRIBUTOR,,Ubisoft,HIGH,EXACT_TITLE_OR_EDITION_FAMILY,ADD_OR_CONFIRM_CREDIT,Crédito verificado para la obra base y aplicado únicamente a esta edición: Ubisoft.,https://www.ubisoft.com/en-us/game/ghost-recon,,ADD,,ubisoft,Ubisoft,https://www.ubisoft.com/en-us/game/ghost-recon,,,2026-09-05,company-credit-ps4-pal-rapid-review-2026-09-05
ps4-ghost-recon-wildlands-limited-edition,Ghost Recon Wildlands [Limited Edition],Ghost Recon Wildlands [Limited Edition],PAL España,standard,EDITION_VARIANT,DEVELOPER,,Ubisoft Paris,HIGH,EXACT_TITLE_OR_EDITION_FAMILY,ADD_OR_CONFIRM_CREDIT,Crédito verificado para la obra base y aplicado únicamente a esta edición: Ubisoft Paris.,https://www.ubisoft.com/en-us/game/ghost-recon,,ADD,,ubisoft-paris,Ubisoft Paris,https://www.ubisoft.com/en-us/game/ghost-recon,,,2026-09-05,company-credit-ps4-pal-rapid-review-2026-09-05
ps4-ghost-recon-wildlands-promo-not-for-resale,Ghost Recon Wildlands [Promo Not For Resale],Ghost Recon Wildlands [Promo Not For Resale],PAL España,standard,PROMO_COPY,DEVELOPER,,Ubisoft Paris,HIGH,EXACT_TITLE_OR_EDITION_FAMILY,ADD_OR_CONFIRM_CREDIT,Crédito verificado para la obra base y aplicado únicamente a esta edición: Ubisoft Paris.,https://www.ubisoft.com/en-us/game/ghost-recon,,ADD,,ubisoft-paris,Ubisoft Paris,https://www.ubisoft.com/en-us/game/ghost-recon,,,2026-09-05,company-credit-ps4-pal-rapid-review-2026-09-05
ps4-ghost-recon-wildlands-promo-not-for-resale,Ghost Recon Wildlands [Promo Not For Resale],Ghost Recon Wildlands [Promo Not For Resale],PAL España,standard,PROMO_COPY,PHYSICAL_PUBLISHER_OR_DISTRIBUTOR,,Ubisoft,HIGH,EXACT_TITLE_OR_EDITION_FAMILY,ADD_OR_CONFIRM_CREDIT,Crédito verificado para la obra base y aplicado únicamente a esta edición: Ubisoft.,https://www.ubisoft.com/en-us/game/ghost-recon,,ADD,,ubisoft,Ubisoft,https://www.ubisoft.com/en-us/game/ghost-recon,,,2026-09-05,company-credit-ps4-pal-rapid-review-2026-09-05
ps4-ghost-recon-wildlands-year-2-gold-edition,Ghost Recon Wildlands [Year 2 Gold Edition],Ghost Recon Wildlands [Year 2 Gold Edition],PAL España,standard,GAME_OR_UNKNOWN,DEVELOPER,,Ubisoft Paris,HIGH,EXACT_TITLE_OR_EDITION_FAMILY,ADD_OR_CONFIRM_CREDIT,Crédito verificado para la obra base y aplicado únicamente a esta edición: Ubisoft Paris.,https://www.ubisoft.com/en-us/game/ghost-recon,,ADD,,ubisoft-paris,Ubisoft Paris,https://www.ubisoft.com/en-us/game/ghost-recon,,,2026-09-05,company-credit-ps4-pal-rapid-review-2026-09-05
ps4-ghost-recon-wildlands-year-2-gold-edition,Ghost Recon Wildlands [Year 2 Gold Edition],Ghost Recon Wildlands [Year 2 Gold Edition],PAL España,standard,GAME_OR_UNKNOWN,PHYSICAL_PUBLISHER_OR_DISTRIBUTOR,,Ubisoft,HIGH,EXACT_TITLE_OR_EDITION_FAMILY,ADD_OR_CONFIRM_CREDIT,Crédito verificado para la obra base y aplicado únicamente a esta edición: Ubisoft.,https://www.ubisoft.com/en-us/game/ghost-recon,,ADD,,ubisoft,Ubisoft,https://www.ubisoft.com/en-us/game/ghost-recon,,,2026-09-05,company-credit-ps4-pal-rapid-review-2026-09-05
ps4-ghost-song,Ghost Song,Ghost Song,PAL España,standard,GAME_OR_UNKNOWN,PHYSICAL_PUBLISHER_OR_DISTRIBUTOR,,Humble Games,HIGH,GAME_WORK | PS4_RELEASE,ADD_OR_CONFIRM_CREDIT,"Coincidencia rápida: LAUNCHBOX_PS4, STEAM.",https://gamesdb.launchbox-app.com/games/details/473242,https://store.steampowered.com/app/347800,ADD,,humble-games,Humble Games,https://gamesdb.launchbox-app.com/games/details/473242 | https://store.steampowered.com/app/347800,,,2026-09-05,company-credit-ps4-pal-rapid-review-2026-09-05
ps4-ghostbusters-spirits-unleashed-collector%27s-edition,Ghostbusters: Spirits Unleashed [Collector's Edition],Ghostbusters: Spirits Unleashed [Collector's Edition],PAL España,standard,EDITION_VARIANT,DEVELOPER,,IllFonic,HIGH,GAME_WORK | PS4_RELEASE,ADD_OR_CONFIRM_CREDIT,"Coincidencia rápida: LAUNCHBOX_PS4, WIKIDATA.",https://gamesdb.launchbox-app.com/games/details/473208,https://www.wikidata.org/entity/Q111507526,ADD,,illfonic,IllFonic,https://gamesdb.launchbox-app.com/games/details/473208 | https://www.wikidata.org/entity/Q111507526,,,2026-09-05,company-credit-ps4-pal-rapid-review-2026-09-05
ps4-ghostbusters-spirits-unleashed-collector%27s-edition,Ghostbusters: Spirits Unleashed [Collector's Edition],Ghostbusters: Spirits Unleashed [Collector's Edition],PAL España,standard,EDITION_VARIANT,PHYSICAL_PUBLISHER_OR_DISTRIBUTOR,,IllFonic,HIGH,GAME_WORK | PS4_RELEASE | SAME_WORK_EDITION,ADD_OR_CONFIRM_CREDIT,"Coincidencia rápida: LAUNCHBOX_PS4, VERIFIED_PAL_SIBLING, WIKIDATA.",https://gamesdb.launchbox-app.com/games/details/473208,https://www.wikidata.org/entity/Q111507526,ADD,,illfonic,IllFonic,https://gamesdb.launchbox-app.com/games/details/473208 | https://www.wikidata.org/entity/Q111507526,,,2026-09-05,company-credit-ps4-pal-rapid-review-2026-09-05
ps4-giana-sisters-dream-runners,Giana Sisters Dream Runners,Giana Sisters Dream Runners,PAL España,standard,GAME_OR_UNKNOWN,PHYSICAL_PUBLISHER_OR_DISTRIBUTOR,,EuroVideo Medien,HIGH,DIGITAL_PS4_EU | GAME_WORK,ADD_OR_CONFIRM_CREDIT,"Coincidencia rápida: PLAYSTATION_STORE, STEAM.",https://store.playstation.com/es-es/product/EP0841-CUSA02689_00-GIANASISTERS00DC,https://store.steampowered.com/app/352900,ADD,,eurovideo,EUROVIDEO,https://store.playstation.com/es-es/product/EP0841-CUSA02689_00-GIANASISTERS00DC | https://store.steampowered.com/app/352900,,,2026-09-05,company-credit-ps4-pal-rapid-review-2026-09-05
ps4-gigantosaurus-dino-kart,Gigantosaurus: Dino Kart,Gigantosaurus: Dino Kart,PAL España,standard,GAME_OR_UNKNOWN,PHYSICAL_PUBLISHER_OR_DISTRIBUTOR,,Outright Games,HIGH,EXACT_TITLE_OR_EDITION_FAMILY,ADD_OR_CONFIRM_CREDIT,Crédito verificado para la obra base y aplicado únicamente a esta edición: Outright Games.,https://www.outrightgames.com/,,ADD,,outright-games,Outright Games LTD,https://www.outrightgames.com/,,,2026-09-05,company-credit-ps4-pal-rapid-review-2026-09-05
ps4-gigantosaurus-dino-sports,Gigantosaurus: Dino Sports,Gigantosaurus: Dino Sports,PAL España,standard,GAME_OR_UNKNOWN,PHYSICAL_PUBLISHER_OR_DISTRIBUTOR,,Outright Games,HIGH,EXACT_TITLE_OR_EDITION_FAMILY,ADD_OR_CONFIRM_CREDIT,Crédito verificado para la obra base y aplicado únicamente a esta edición: Outright Games.,https://www.outrightgames.com/,,ADD,,outright-games,Outright Games LTD,https://www.outrightgames.com/,,,2026-09-05,company-credit-ps4-pal-rapid-review-2026-09-05
ps4-ginger-beyond-the-crystal,Ginger Beyond the Crystal,Ginger Beyond the Crystal,PAL España,standard,GAME_OR_UNKNOWN,PHYSICAL_PUBLISHER_OR_DISTRIBUTOR,,BadLand Publishing,HIGH,EXACT_TITLE_OR_EDITION_FAMILY,ADD_OR_CONFIRM_CREDIT,Crédito verificado para la obra base y aplicado únicamente a esta edición: BadLand Publishing.,https://www.drakharstudio.com/,,ADD,,badland-publishing,BadLand Publishing,https://www.drakharstudio.com/,,,2026-09-05,company-credit-ps4-pal-rapid-review-2026-09-05
ps4-gloomhaven-mercenaries-edition,Gloomhaven: Mercenaries Edition,Gloomhaven: Mercenaries Edition,PAL España,standard,GAME_OR_UNKNOWN,PHYSICAL_PUBLISHER_OR_DISTRIBUTOR,,Nacon,HIGH,EXACT_TITLE_OR_EDITION_FAMILY,ADD_OR_CONFIRM_CREDIT,Crédito verificado para la obra base y aplicado únicamente a esta edición: Nacon.,https://www.nacongaming.com/en-GB/gloomhaven,,ADD,,nacon,Nacon,https://www.nacongaming.com/en-GB/gloomhaven,,,2026-09-05,company-credit-ps4-pal-rapid-review-2026-09-05
ps4-god-of-rock,God of Rock,God of Rock,PAL España,standard,GAME_OR_UNKNOWN,PHYSICAL_PUBLISHER_OR_DISTRIBUTOR,,Modus Games,HIGH,GAME_WORK | PS4_RELEASE,ADD_OR_CONFIRM_CREDIT,"Coincidencia rápida: LAUNCHBOX_PS4, WIKIDATA.",https://gamesdb.launchbox-app.com/games/details/473210,https://www.wikidata.org/entity/Q119832440,ADD,,modus-games,Modus Games,https://gamesdb.launchbox-app.com/games/details/473210 | https://www.wikidata.org/entity/Q119832440,,,2026-09-05,company-credit-ps4-pal-rapid-review-2026-09-05
ps4-god-of-war-remastered-promo-not-for-resale,God of War Remastered [Promo Not For Resale],God of War Remastered [Promo Not For Resale],PAL España,standard,PROMO_COPY,DEVELOPER,,Santa Monica Studio,HIGH,EXACT_TITLE_OR_EDITION_FAMILY,ADD_OR_CONFIRM_CREDIT,Crédito verificado para la obra base y aplicado únicamente a esta edición: Santa Monica Studio.,https://www.playstation.com/en-gb/god-of-war/,,ADD,,santa-monica-studio,Santa Monica Studio,https://www.playstation.com/en-gb/god-of-war/,,,2026-09-05,company-credit-ps4-pal-rapid-review-2026-09-05
ps4-god-of-war-remastered-promo-not-for-resale,God of War Remastered [Promo Not For Resale],God of War Remastered [Promo Not For Resale],PAL España,standard,PROMO_COPY,PHYSICAL_PUBLISHER_OR_DISTRIBUTOR,,Sony Computer Entertainment,HIGH,EXACT_TITLE_OR_EDITION_FAMILY,ADD_OR_CONFIRM_CREDIT,Crédito verificado para la obra base y aplicado únicamente a esta edición: Sony Computer Entertainment.,https://www.playstation.com/en-gb/god-of-war/,,ADD,,sony-interactive-entertainment,Sony Interactive Entertainment,https://www.playstation.com/en-gb/god-of-war/,,,2026-09-05,company-credit-ps4-pal-rapid-review-2026-09-05
ps4-godzilla,Godzilla,Godzilla,PAL España,standard,GAME_OR_UNKNOWN,DEVELOPER,Natsume,Natsume Atari,HIGH,EXACT_TITLE_OR_EDITION_FAMILY,ADD_OR_CONFIRM_CREDIT,Crédito verificado para la obra base y aplicado únicamente a esta edición: Natsume Atari.,https://en.bandainamcoent.eu/,,REPLACE,Natsume,natsume-atari,Natsume Atari,https://en.bandainamcoent.eu/,,,2026-09-05,company-credit-ps4-pal-rapid-review-2026-09-05
ps4-godzilla,Godzilla,Godzilla,PAL España,standard,GAME_OR_UNKNOWN,PHYSICAL_PUBLISHER_OR_DISTRIBUTOR,Namco Bandai Games,Bandai Namco Entertainment Europe,HIGH,EXACT_TITLE_OR_EDITION_FAMILY,ADD_OR_CONFIRM_CREDIT,Crédito verificado para la obra base y aplicado únicamente a esta edición: Bandai Namco Entertainment Europe.,https://en.bandainamcoent.eu/,,REPLACE,Namco Bandai Games,bandai-namco-entertainment-europe,Bandai Namco Entertainment Europe,https://en.bandainamcoent.eu/,,,2026-09-05,company-credit-ps4-pal-rapid-review-2026-09-05
ps4-golem,Golem,Golem,PAL España,standard,GAME_OR_UNKNOWN,PHYSICAL_PUBLISHER_OR_DISTRIBUTOR,,HIGHWIRE GAMES,HIGH,DIGITAL_PS4_EU | PS4_RELEASE,ADD_OR_CONFIRM_CREDIT,"Coincidencia rápida: LAUNCHBOX_PS4, PLAYSTATION_STORE.",https://gamesdb.launchbox-app.com/games/details/466359,https://store.playstation.com/es-es/product/EP1259-CUSA12088_00-HWGGOLEM2019SIEE,ADD,,highwire-games,Highwire Games,https://gamesdb.launchbox-app.com/games/details/466359 | https://store.playstation.com/es-es/product/EP1259-CUSA12088_00-HWGGOLEM2019SIEE,,,2026-09-05,company-credit-ps4-pal-rapid-review-2026-09-05
ps4-golf-club,Golf Club,Golf Club,PAL España,standard,GAME_OR_UNKNOWN,DEVELOPER,,HB Studios,HIGH,EXACT_TITLE_OR_EDITION_FAMILY,ADD_OR_CONFIRM_CREDIT,Crédito verificado para la obra base y aplicado únicamente a esta edición: HB Studios.,https://www.hb-studios.com/games,,ADD,,hb-studios,HB Studios,https://www.hb-studios.com/games,,,2026-09-05,company-credit-ps4-pal-rapid-review-2026-09-05
ps4-golf-club,Golf Club,Golf Club,PAL España,standard,GAME_OR_UNKNOWN,PHYSICAL_PUBLISHER_OR_DISTRIBUTOR,,Maximum Games,HIGH,EXACT_TITLE_OR_EDITION_FAMILY,ADD_OR_CONFIRM_CREDIT,Crédito verificado para la obra base y aplicado únicamente a esta edición: Maximum Games.,https://www.hb-studios.com/games,,ADD,,maximum-games,Maximum Games,https://www.hb-studios.com/games,,,2026-09-05,company-credit-ps4-pal-rapid-review-2026-09-05
ps4-golf-club-2,Golf Club 2,Golf Club 2,PAL España,standard,GAME_OR_UNKNOWN,DEVELOPER,,HB Studios,HIGH,EXACT_TITLE_OR_EDITION_FAMILY,ADD_OR_CONFIRM_CREDIT,Crédito verificado para la obra base y aplicado únicamente a esta edición: HB Studios.,https://www.hb-studios.com/games,,ADD,,hb-studios,HB Studios,https://www.hb-studios.com/games,,,2026-09-05,company-credit-ps4-pal-rapid-review-2026-09-05
ps4-golf-club-2,Golf Club 2,Golf Club 2,PAL España,standard,GAME_OR_UNKNOWN,PHYSICAL_PUBLISHER_OR_DISTRIBUTOR,,Maximum Games,HIGH,EXACT_TITLE_OR_EDITION_FAMILY,ADD_OR_CONFIRM_CREDIT,Crédito verificado para la obra base y aplicado únicamente a esta edición: Maximum Games.,https://www.hb-studios.com/games,,ADD,,maximum-games,Maximum Games,https://www.hb-studios.com/games,,,2026-09-05,company-credit-ps4-pal-rapid-review-2026-09-05
ps4-golf-club-collector%27s-edition,Golf Club [Collector's Edition],Golf Club [Collector's Edition],PAL España,standard,EDITION_VARIANT,DEVELOPER,,HB Studios,HIGH,EXACT_TITLE_OR_EDITION_FAMILY,ADD_OR_CONFIRM_CREDIT,Crédito verificado para la obra base y aplicado únicamente a esta edición: HB Studios.,https://www.hb-studios.com/games,,ADD,,hb-studios,HB Studios,https://www.hb-studios.com/games,,,2026-09-05,company-credit-ps4-pal-rapid-review-2026-09-05
ps4-golf-club-collector%27s-edition,Golf Club [Collector's Edition],Golf Club [Collector's Edition],PAL España,standard,EDITION_VARIANT,PHYSICAL_PUBLISHER_OR_DISTRIBUTOR,,Maximum Games,HIGH,EXACT_TITLE_OR_EDITION_FAMILY,ADD_OR_CONFIRM_CREDIT,Crédito verificado para la obra base y aplicado únicamente a esta edición: Maximum Games.,https://www.hb-studios.com/games,,ADD,,maximum-games,Maximum Games,https://www.hb-studios.com/games,,,2026-09-05,company-credit-ps4-pal-rapid-review-2026-09-05
ps4-goodbye-world,Goodbye World,Goodbye World,PAL España,standard,GAME_OR_UNKNOWN,DIGITAL_PUBLISHER,,PM Studios,HIGH,DIGITAL_PS4_EU,ADD_OR_CONFIRM_CREDIT,Coincidencia rápida: PLAYSTATION_STORE.,https://store.playstation.com/es-es/product/EP2011-CUSA40798_00-0324172616356838,,ADD,,pm-studios,PM Studios,https://store.playstation.com/es-es/product/EP2011-CUSA40798_00-0324172616356838,,,2026-09-05,company-credit-ps4-pal-rapid-review-2026-09-05
ps4-goosebumps-dead-of-night,Goosebumps: Dead of Night,Goosebumps: Dead of Night,PAL España,standard,GAME_OR_UNKNOWN,PHYSICAL_PUBLISHER_OR_DISTRIBUTOR,,GameMill Entertainment,HIGH,EXACT_TITLE_OR_EDITION_FAMILY,ADD_OR_CONFIRM_CREDIT,Crédito verificado para la obra base y aplicado únicamente a esta edición: GameMill Entertainment.,https://gamemill.com/games/goosebumps-dead-of-night/,,ADD,,gamemill-entertainment,GameMill Entertainment,https://gamemill.com/games/goosebumps-dead-of-night/,,,2026-09-05,company-credit-ps4-pal-rapid-review-2026-09-05
ps4-gori-cuddly-carnage,Gori: Cuddly Carnage,Gori: Cuddly Carnage,PAL España,standard,GAME_OR_UNKNOWN,PHYSICAL_PUBLISHER_OR_DISTRIBUTOR,,Wired Productions,HIGH,GAME_WORK | PS4_RELEASE,ADD_OR_CONFIRM_CREDIT,"Coincidencia rápida: LAUNCHBOX_PS4, STEAM, WIKIDATA.",https://gamesdb.launchbox-app.com/games/details/475816,https://store.steampowered.com/app/1299690,ADD,,wired-productions,Wired Productions Ltd.,https://gamesdb.launchbox-app.com/games/details/475816 | https://store.steampowered.com/app/1299690,,,2026-09-05,company-credit-ps4-pal-rapid-review-2026-09-05
ps4-grand-theft-auto-the-trilogy-definitive-edition,Grand Theft Auto: The Trilogy [Definitive Edition],Grand Theft Auto: The Trilogy [Definitive Edition],PAL España,standard,POSSIBLE_COMPILATION_OR_MULTI_PRODUCT,DEVELOPER,Rockstar Games,Grove Street Games,HIGH,EXACT_TITLE_OR_EDITION_FAMILY,ADD_OR_CONFIRM_CREDIT,Crédito verificado para la obra base y aplicado únicamente a esta edición: Grove Street Games.,https://www.rockstargames.com/GTATrilogy,,REPLACE,Rockstar Games,grove-street-games,Grove Street Games,https://www.rockstargames.com/GTATrilogy,,,2026-09-05,company-credit-ps4-pal-rapid-review-2026-09-05
ps4-grave-danger,Grave Danger,Grave Danger,PAL España,standard,GAME_OR_UNKNOWN,PHYSICAL_PUBLISHER_OR_DISTRIBUTOR,,Eastasiasoft,HIGH,EXACT_TITLE_OR_EDITION_FAMILY,ADD_OR_CONFIRM_CREDIT,Crédito verificado para la obra base y aplicado únicamente a esta edición: Eastasiasoft.,https://www.eastasiasoft.com/,,ADD,,eastasiasoft,EastAsiaSoft,https://www.eastasiasoft.com/,,,2026-09-05,company-credit-ps4-pal-rapid-review-2026-09-05
ps4-graven,Graven,Graven,PAL España,standard,GAME_OR_UNKNOWN,PHYSICAL_PUBLISHER_OR_DISTRIBUTOR,,3D Realms,HIGH,GAME_WORK | PS4_RELEASE,ADD_OR_CONFIRM_CREDIT,"Coincidencia rápida: LAUNCHBOX_PS4, STEAM, WIKIDATA.",https://gamesdb.launchbox-app.com/games/details/475786,https://store.steampowered.com/app/1371690,ADD,,3d-realms,3D Realms,https://gamesdb.launchbox-app.com/games/details/475786 | https://store.steampowered.com/app/1371690,,,2026-09-05,company-credit-ps4-pal-rapid-review-2026-09-05
ps4-gravity-circuit,Gravity Circuit,Gravity Circuit,PAL España,standard,GAME_OR_UNKNOWN,PHYSICAL_PUBLISHER_OR_DISTRIBUTOR,,PID Games,HIGH,GAME_WORK,ADD_OR_CONFIRM_CREDIT,"Coincidencia rápida: STEAM, WIKIDATA.",https://store.steampowered.com/app/858710,https://www.wikidata.org/entity/Q117031714,ADD,,pid-games,PID Games,https://store.steampowered.com/app/858710 | https://www.wikidata.org/entity/Q117031714,,,2026-09-05,company-credit-ps4-pal-rapid-review-2026-09-05
ps4-gravity-rush,Gravity Rush,Gravity Rush,PAL España,standard,GAME_OR_UNKNOWN,DEVELOPER,SCE Japan Studio,Project Siren,HIGH,EXACT_TITLE_OR_EDITION_FAMILY,ADD_OR_CONFIRM_CREDIT,Crédito verificado para la obra base y aplicado únicamente a esta edición: Project Siren.,https://www.playstation.com/en-gb/,,REPLACE,SCE Japan Studio,project-siren,Project Siren,https://www.playstation.com/en-gb/,,,2026-09-05,company-credit-ps4-pal-rapid-review-2026-09-05
ps4-gravity-rush,Gravity Rush,Gravity Rush,PAL España,standard,GAME_OR_UNKNOWN,PHYSICAL_PUBLISHER_OR_DISTRIBUTOR,Sony Computer Entertainment,Sony Interactive Entertainment,HIGH,EXACT_TITLE_OR_EDITION_FAMILY,ADD_OR_CONFIRM_CREDIT,Crédito verificado para la obra base y aplicado únicamente a esta edición: Sony Interactive Entertainment.,https://www.playstation.com/en-gb/,,REPLACE,Sony Computer Entertainment,sony-interactive-entertainment,Sony Interactive Entertainment,https://www.playstation.com/en-gb/,,,2026-09-05,company-credit-ps4-pal-rapid-review-2026-09-05
ps4-gravity-rush-2-promo-disc,Gravity Rush 2 PROMO DISC,Gravity Rush 2 PROMO DISC,PAL España,standard,EDITION_VARIANT,DEVELOPER,,Project Siren,HIGH,EXACT_TITLE_OR_EDITION_FAMILY,ADD_OR_CONFIRM_CREDIT,Crédito verificado para la obra base y aplicado únicamente a esta edición: Project Siren.,https://www.playstation.com/en-gb/,,ADD,,project-siren,Project Siren,https://www.playstation.com/en-gb/,,,2026-09-05,company-credit-ps4-pal-rapid-review-2026-09-05
ps4-gravity-rush-2-promo-disc,Gravity Rush 2 PROMO DISC,Gravity Rush 2 PROMO DISC,PAL España,standard,EDITION_VARIANT,PHYSICAL_PUBLISHER_OR_DISTRIBUTOR,,Sony Interactive Entertainment,HIGH,EXACT_TITLE_OR_EDITION_FAMILY,ADD_OR_CONFIRM_CREDIT,Crédito verificado para la obra base y aplicado únicamente a esta edición: Sony Interactive Entertainment.,https://www.playstation.com/en-gb/,,ADD,,sony-interactive-entertainment,Sony Interactive Entertainment,https://www.playstation.com/en-gb/,,,2026-09-05,company-credit-ps4-pal-rapid-review-2026-09-05
ps4-gravity-rush-promo-disc,Gravity Rush PROMO DISC,Gravity Rush PROMO DISC,PAL España,standard,EDITION_VARIANT,DEVELOPER,,Project Siren,HIGH,EXACT_TITLE_OR_EDITION_FAMILY,ADD_OR_CONFIRM_CREDIT,Crédito verificado para la obra base y aplicado únicamente a esta edición: Project Siren.,https://www.playstation.com/en-gb/,,ADD,,project-siren,Project Siren,https://www.playstation.com/en-gb/,,,2026-09-05,company-credit-ps4-pal-rapid-review-2026-09-05
ps4-gravity-rush-promo-disc,Gravity Rush PROMO DISC,Gravity Rush PROMO DISC,PAL España,standard,EDITION_VARIANT,PHYSICAL_PUBLISHER_OR_DISTRIBUTOR,,Sony Interactive Entertainment,HIGH,EXACT_TITLE_OR_EDITION_FAMILY,ADD_OR_CONFIRM_CREDIT,Crédito verificado para la obra base y aplicado únicamente a esta edición: Sony Interactive Entertainment.,https://www.playstation.com/en-gb/,,ADD,,sony-interactive-entertainment,Sony Interactive Entertainment,https://www.playstation.com/en-gb/,,,2026-09-05,company-credit-ps4-pal-rapid-review-2026-09-05
ps4-grid-ultimate-edition-promo,Grid: Ultimate Edition [Promo],Grid: Ultimate Edition [Promo],PAL España,standard,PROMO_COPY,DEVELOPER,,Codemasters,HIGH,EXACT_TITLE_OR_EDITION_FAMILY,ADD_OR_CONFIRM_CREDIT,Crédito verificado para la obra base y aplicado únicamente a esta edición: Codemasters.,https://www.codemasters.com/game/grid/,,ADD,,codemasters,Codemasters,https://www.codemasters.com/game/grid/,,,2026-09-05,company-credit-ps4-pal-rapid-review-2026-09-05
ps4-grid-ultimate-edition-promo,Grid: Ultimate Edition [Promo],Grid: Ultimate Edition [Promo],PAL España,standard,PROMO_COPY,PHYSICAL_PUBLISHER_OR_DISTRIBUTOR,,Codemasters,HIGH,EXACT_TITLE_OR_EDITION_FAMILY,ADD_OR_CONFIRM_CREDIT,Crédito verificado para la obra base y aplicado únicamente a esta edición: Codemasters.,https://www.codemasters.com/game/grid/,,ADD,,codemasters,Codemasters,https://www.codemasters.com/game/grid/,,,2026-09-05,company-credit-ps4-pal-rapid-review-2026-09-05
ps4-grip-combat-racing-airblades-vs-rollers,GRIP Combat Racing: Airblades vs Rollers,GRIP Combat Racing: Airblades vs Rollers,PAL España,standard,GAME_OR_UNKNOWN,DEVELOPER,,Caged Element,HIGH,EXACT_TITLE_OR_EDITION_FAMILY,ADD_OR_CONFIRM_CREDIT,Crédito verificado para la obra base y aplicado únicamente a esta edición: Caged Element.,https://wiredproductions.com/games/grip/,,ADD,,caged-element,Caged Element,https://wiredproductions.com/games/grip/,,,2026-09-05,company-credit-ps4-pal-rapid-review-2026-09-05
ps4-guacamelee-one-two-punch-collection,Guacamelee! One-Two Punch Collection,Guacamelee! One-Two Punch Collection,PAL España,standard,POSSIBLE_COMPILATION_OR_MULTI_PRODUCT,DEVELOPER,DrinkBox Studios Inc.,DrinkBox Studios,HIGH,EXACT_TITLE_OR_EDITION_FAMILY,ADD_OR_CONFIRM_CREDIT,Crédito verificado para la obra base y aplicado únicamente a esta edición: DrinkBox Studios.,https://www.drinkboxstudios.com/games/guacamelee-2/,,REPLACE,DrinkBox Studios Inc.,drinkbox-studios,DrinkBox Studios Inc.,https://www.drinkboxstudios.com/games/guacamelee-2/,,,2026-09-05,company-credit-ps4-pal-rapid-review-2026-09-05
ps4-guilty-gear-xrd-rev-2,Guilty Gear Xrd Rev 2,Guilty Gear Xrd Rev 2,PAL España,standard,GAME_OR_UNKNOWN,DIGITAL_PUBLISHER,,PQube Ltd,HIGH,DIGITAL_PS4_EU,ADD_OR_CONFIRM_CREDIT,Coincidencia rápida: PLAYSTATION_STORE.,https://store.playstation.com/es-es/product/EP4293-CUSA08260_00-GGXRDREV2EU00100,,ADD,,pqube,PQube Ltd.,https://store.playstation.com/es-es/product/EP4293-CUSA08260_00-GGXRDREV2EU00100,,,2026-09-05,company-credit-ps4-pal-rapid-review-2026-09-05
ps4-guitar-hero-live-2-pack-bundle,Guitar Hero Live [2 Pack Bundle],Guitar Hero Live [2 Pack Bundle],PAL España,standard,BUNDLE_OR_MULTI_PRODUCT,DEVELOPER,,FreeStyleGames,HIGH,EXACT_TITLE_OR_EDITION_FAMILY,ADD_OR_CONFIRM_CREDIT,Crédito verificado para la obra base y aplicado únicamente a esta edición: FreeStyleGames.,https://www.activision.com/,,ADD,,freestylegames,FreeStyleGames,https://www.activision.com/,,,2026-09-05,company-credit-ps4-pal-rapid-review-2026-09-05
ps4-guitar-hero-live-2-pack-bundle,Guitar Hero Live [2 Pack Bundle],Guitar Hero Live [2 Pack Bundle],PAL España,standard,BUNDLE_OR_MULTI_PRODUCT,PHYSICAL_PUBLISHER_OR_DISTRIBUTOR,,Activision,HIGH,EXACT_TITLE_OR_EDITION_FAMILY,ADD_OR_CONFIRM_CREDIT,Crédito verificado para la obra base y aplicado únicamente a esta edición: Activision.,https://www.activision.com/,,ADD,,activision,Activision,https://www.activision.com/,,,2026-09-05,company-credit-ps4-pal-rapid-review-2026-09-05
ps4-guitar-hero-live-guitar-bundle,Guitar Hero Live [Guitar Bundle],Guitar Hero Live [Guitar Bundle],PAL España,standard,BUNDLE_OR_MULTI_PRODUCT,DEVELOPER,,FreeStyleGames,HIGH,EXACT_TITLE_OR_EDITION_FAMILY,ADD_OR_CONFIRM_CREDIT,Crédito verificado para la obra base y aplicado únicamente a esta edición: FreeStyleGames.,https://www.activision.com/,,ADD,,freestylegames,FreeStyleGames,https://www.activision.com/,,,2026-09-05,company-credit-ps4-pal-rapid-review-2026-09-05
ps4-guitar-hero-live-guitar-bundle,Guitar Hero Live [Guitar Bundle],Guitar Hero Live [Guitar Bundle],PAL España,standard,BUNDLE_OR_MULTI_PRODUCT,PHYSICAL_PUBLISHER_OR_DISTRIBUTOR,,Activision,HIGH,EXACT_TITLE_OR_EDITION_FAMILY,ADD_OR_CONFIRM_CREDIT,Crédito verificado para la obra base y aplicado únicamente a esta edición: Activision.,https://www.activision.com/,,ADD,,activision,Activision,https://www.activision.com/,,,2026-09-05,company-credit-ps4-pal-rapid-review-2026-09-05
ps4-gundemoniums,Gundemoniums,Gundemoniums,PAL España,standard,GAME_OR_UNKNOWN,DEVELOPER,,Platine Dispositif,HIGH,EXACT_TITLE_OR_EDITION_FAMILY,ADD_OR_CONFIRM_CREDIT,Crédito verificado para la obra base y aplicado únicamente a esta edición: Platine Dispositif.,https://store.steampowered.com/app/922790/Gundemoniums/,,ADD,,platine-dispositif,Platine Dispositif,https://store.steampowered.com/app/922790/Gundemoniums/,,,2026-09-05,company-credit-ps4-pal-rapid-review-2026-09-05
ps4-guns-gore-&amp;-canoli-capo-dei-capi-collection,"Guns, Gore & Canoli [Capo Dei Capi Collection]","Guns, Gore & Canoli [Capo Dei Capi Collection]",PAL España,standard,BUNDLE_OR_MULTI_PRODUCT,DEVELOPER,,Crazy Monkey Studios,HIGH,EXACT_TITLE_OR_EDITION_FAMILY,ADD_OR_CONFIRM_CREDIT,Crédito verificado para la obra base y aplicado únicamente a esta edición: Crazy Monkey Studios.,https://www.strictlylimitedgames.com/,,ADD,,crazy-monkey-studios,Crazy Monkey Studios,https://www.strictlylimitedgames.com/,,,2026-09-05,company-credit-ps4-pal-rapid-review-2026-09-05
ps4-halloween-foever,Halloween Foever,Halloween Foever,PAL España,standard,GAME_OR_UNKNOWN,DEVELOPER,,Imaginary Monsters,HIGH,EXACT_TITLE_OR_EDITION_FAMILY,ADD_OR_CONFIRM_CREDIT,Crédito verificado para la obra base y aplicado únicamente a esta edición: Imaginary Monsters.,https://store.steampowered.com/app/747920/Halloween_Forever/,,ADD,,imaginary-monsters,Imaginary Monsters,https://store.steampowered.com/app/747920/Halloween_Forever/,,,2026-09-05,company-credit-ps4-pal-rapid-review-2026-09-05
ps4-halloween-foever,Halloween Foever,Halloween Foever,PAL España,standard,GAME_OR_UNKNOWN,PHYSICAL_PUBLISHER_OR_DISTRIBUTOR,,Vitei Backroom,HIGH,EXACT_TITLE_OR_EDITION_FAMILY,ADD_OR_CONFIRM_CREDIT,Crédito verificado para la obra base y aplicado únicamente a esta edición: Vitei Backroom.,https://store.steampowered.com/app/747920/Halloween_Forever/,,ADD,,vitei-backroom,Vitei Backroom,https://store.steampowered.com/app/747920/Halloween_Forever/,,,2026-09-05,company-credit-ps4-pal-rapid-review-2026-09-05
ps4-harry-potter-quidditch-champions-deluxe-edition,Harry Potter: Quidditch Champions [Deluxe Edition],Harry Potter: Quidditch Champions [Deluxe Edition],PAL España,standard,EDITION_VARIANT,PHYSICAL_PUBLISHER_OR_DISTRIBUTOR,,Warner Bros. Games,HIGH,GAME_WORK,ADD_OR_CONFIRM_CREDIT,"Coincidencia rápida: STEAM, WIKIDATA.",https://store.steampowered.com/app/2878600,https://www.wikidata.org/entity/Q117768892,ADD,,warner-bros-interactive-entertainment,Warner Bros. Interactive Entertainment,https://store.steampowered.com/app/2878600 | https://www.wikidata.org/entity/Q117768892,,,2026-09-05,company-credit-ps4-pal-rapid-review-2026-09-05
ps4-harvest-moon-the-winds-of-anthos,Harvest Moon: The Winds of Anthos,Harvest Moon: The Winds of Anthos,PAL España,standard,GAME_OR_UNKNOWN,PHYSICAL_PUBLISHER_OR_DISTRIBUTOR,,Natsume,HIGH,EXACT_TITLE_OR_EDITION_FAMILY,ADD_OR_CONFIRM_CREDIT,Crédito verificado para la obra base y aplicado únicamente a esta edición: Natsume.,https://www.natsume.com/current_game/games/harvest_moon_woa/,,ADD,,natsume,Natsume,https://www.natsume.com/current_game/games/harvest_moon_woa/,,,2026-09-05,company-credit-ps4-pal-rapid-review-2026-09-05
ps4-hasbro-family-fun-pack,Hasbro Family Fun Pack,Hasbro Family Fun Pack,PAL España,standard,GAME_OR_UNKNOWN,DEVELOPER,,Asobo Studio,HIGH,EXACT_TITLE_OR_EDITION_FAMILY,ADD_OR_CONFIRM_CREDIT,Crédito verificado para la obra base y aplicado únicamente a esta edición: Asobo Studio.,https://www.ubisoft.com/,,ADD,,asobo-studio,Asobo Studio,https://www.ubisoft.com/,,,2026-09-05,company-credit-ps4-pal-rapid-review-2026-09-05
ps4-hasbro-family-fun-pack,Hasbro Family Fun Pack,Hasbro Family Fun Pack,PAL España,standard,GAME_OR_UNKNOWN,PHYSICAL_PUBLISHER_OR_DISTRIBUTOR,,Ubisoft,HIGH,EXACT_TITLE_OR_EDITION_FAMILY,ADD_OR_CONFIRM_CREDIT,Crédito verificado para la obra base y aplicado únicamente a esta edición: Ubisoft.,https://www.ubisoft.com/,,ADD,,ubisoft,Ubisoft,https://www.ubisoft.com/,,,2026-09-05,company-credit-ps4-pal-rapid-review-2026-09-05
ps4-heavy-fire-red-shadow,Heavy Fire Red Shadow,Heavy Fire Red Shadow,PAL España,standard,GAME_OR_UNKNOWN,DEVELOPER,,Anshar Studios,HIGH,EXACT_TITLE_OR_EDITION_FAMILY,ADD_OR_CONFIRM_CREDIT,Crédito verificado para la obra base y aplicado únicamente a esta edición: Anshar Studios.,https://www.mastiff-games.com/games/heavy-fire-red-shadow/,,ADD,,anshar-studios,Anshar Studios,https://www.mastiff-games.com/games/heavy-fire-red-shadow/,,,2026-09-05,company-credit-ps4-pal-rapid-review-2026-09-05
ps4-heavy-fire-red-shadow,Heavy Fire Red Shadow,Heavy Fire Red Shadow,PAL España,standard,GAME_OR_UNKNOWN,PHYSICAL_PUBLISHER_OR_DISTRIBUTOR,,Mastiff,HIGH,EXACT_TITLE_OR_EDITION_FAMILY,ADD_OR_CONFIRM_CREDIT,Crédito verificado para la obra base y aplicado únicamente a esta edición: Mastiff.,https://www.mastiff-games.com/games/heavy-fire-red-shadow/,,ADD,,mastiff,Mastiff,https://www.mastiff-games.com/games/heavy-fire-red-shadow/,,,2026-09-05,company-credit-ps4-pal-rapid-review-2026-09-05
ps4-hell-warders,Hell Warders,Hell Warders,PAL España,standard,GAME_OR_UNKNOWN,PHYSICAL_PUBLISHER_OR_DISTRIBUTOR,,PQube,HIGH,DIGITAL_PS4_EU | GAME_WORK | PS4_RELEASE,ADD_OR_CONFIRM_CREDIT,"Coincidencia rápida: LAUNCHBOX_PS4, PLAYSTATION_STORE, STEAM, WIKIDATA.",https://gamesdb.launchbox-app.com/games/details/473259,https://store.playstation.com/es-es/product/EP4293-CUSA13537_00-0000000000000000,ADD,,pqube,PQube Ltd.,https://gamesdb.launchbox-app.com/games/details/473259 | https://store.playstation.com/es-es/product/EP4293-CUSA13537_00-0000000000000000,,,2026-09-05,company-credit-ps4-pal-rapid-review-2026-09-05
ps4-helldivers-super-earth-ultimate-edition,Helldivers: Super-Earth [Ultimate Edition],Helldivers: Super-Earth [Ultimate Edition],PAL España,standard,EDITION_VARIANT,PHYSICAL_PUBLISHER_OR_DISTRIBUTOR,,Sony Computer Entertainment,HIGH,EXACT_TITLE_OR_EDITION_FAMILY,ADD_OR_CONFIRM_CREDIT,Crédito verificado para la obra base y aplicado únicamente a esta edición: Sony Computer Entertainment.,https://www.arrowheadgamestudios.com/games/helldivers/,,ADD,,sony-interactive-entertainment,Sony Interactive Entertainment,https://www.arrowheadgamestudios.com/games/helldivers/,,,2026-09-05,company-credit-ps4-pal-rapid-review-2026-09-05
ps4-hello-neighbor-2,Hello Neighbor 2,Hello Neighbor 2,PAL España,standard,GAME_OR_UNKNOWN,PHYSICAL_PUBLISHER_OR_DISTRIBUTOR,,tinyBuild,HIGH,GAME_WORK | PS4_RELEASE,ADD_OR_CONFIRM_CREDIT,"Coincidencia rápida: LAUNCHBOX_PS4, STEAM.",https://gamesdb.launchbox-app.com/games/details/473250,https://store.steampowered.com/app/1321680,ADD,,tinybuild,tinyBuild,https://gamesdb.launchbox-app.com/games/details/473250 | https://store.steampowered.com/app/1321680,,,2026-09-05,company-credit-ps4-pal-rapid-review-2026-09-05
ps4-hello-neighbor-2-deluxe-edition,Hello Neighbor 2 [Deluxe Edition],Hello Neighbor 2 [Deluxe Edition],PAL España,standard,EDITION_VARIANT,PHYSICAL_PUBLISHER_OR_DISTRIBUTOR,,tinyBuild,HIGH,GAME_WORK | PS4_RELEASE,ADD_OR_CONFIRM_CREDIT,"Coincidencia rápida: LAUNCHBOX_PS4, STEAM.",https://gamesdb.launchbox-app.com/games/details/473250,https://store.steampowered.com/app/1321680,ADD,,tinybuild,tinyBuild,https://gamesdb.launchbox-app.com/games/details/473250 | https://store.steampowered.com/app/1321680,,,2026-09-05,company-credit-ps4-pal-rapid-review-2026-09-05
ps4-hidden-through-time-definite-edition,Hidden Through Time: Definite Edition,Hidden Through Time: Definite Edition,PAL España,standard,GAME_OR_UNKNOWN,DEVELOPER,,Rogueside,HIGH,EXACT_TITLE_OR_EDITION_FAMILY,ADD_OR_CONFIRM_CREDIT,Crédito verificado para la obra base y aplicado únicamente a esta edición: Rogueside.,https://www.hiddenthroughtime.com/,,ADD,,rogueside,Rogueside,https://www.hiddenthroughtime.com/,,,2026-09-05,company-credit-ps4-pal-rapid-review-2026-09-05
ps4-hidden-through-time-definite-edition,Hidden Through Time: Definite Edition,Hidden Through Time: Definite Edition,PAL España,standard,GAME_OR_UNKNOWN,PHYSICAL_PUBLISHER_OR_DISTRIBUTOR,,Rogueside,HIGH,EXACT_TITLE_OR_EDITION_FAMILY,ADD_OR_CONFIRM_CREDIT,Crédito verificado para la obra base y aplicado únicamente a esta edición: Rogueside.,https://www.hiddenthroughtime.com/,,ADD,,rogueside,Rogueside,https://www.hiddenthroughtime.com/,,,2026-09-05,company-credit-ps4-pal-rapid-review-2026-09-05
ps4-hillbilly-doomsday,Hillbilly Doomsday,Hillbilly Doomsday,PAL España,standard,GAME_OR_UNKNOWN,DEVELOPER,,Sometimes You,HIGH,EXACT_TITLE_OR_EDITION_FAMILY,ADD_OR_CONFIRM_CREDIT,Crédito verificado para la obra base y aplicado únicamente a esta edición: Sometimes You.,https://www.sometimesyou.com/,,ADD,,sometimes-you,Sometimes You,https://www.sometimesyou.com/,,,2026-09-05,company-credit-ps4-pal-rapid-review-2026-09-05
ps4-hitman-3-deluxe-edition,Hitman 3 [Deluxe Edition],Hitman 3 [Deluxe Edition],PAL España,standard,EDITION_VARIANT,DEVELOPER,,IO Interactive,HIGH,EXACT_TITLE_OR_EDITION_FAMILY,ADD_OR_CONFIRM_CREDIT,Crédito verificado para la obra base y aplicado únicamente a esta edición: IO Interactive.,https://ioi.dk/hitman,,ADD,,io-interactive,IO Interactive,https://ioi.dk/hitman,,,2026-09-05,company-credit-ps4-pal-rapid-review-2026-09-05
ps4-hitman-3-deluxe-edition,Hitman 3 [Deluxe Edition],Hitman 3 [Deluxe Edition],PAL España,standard,EDITION_VARIANT,PHYSICAL_PUBLISHER_OR_DISTRIBUTOR,,IO Interactive,HIGH,EXACT_TITLE_OR_EDITION_FAMILY,ADD_OR_CONFIRM_CREDIT,Crédito verificado para la obra base y aplicado únicamente a esta edición: IO Interactive.,https://ioi.dk/hitman,,ADD,,io-interactive,IO Interactive,https://ioi.dk/hitman,,,2026-09-05,company-credit-ps4-pal-rapid-review-2026-09-05
ps4-hitman-the-complete-first-season,Hitman: The Complete First Season,Hitman: The Complete First Season,PAL España,standard,GAME_OR_UNKNOWN,DEVELOPER,,IO Interactive,HIGH,EXACT_TITLE_OR_EDITION_FAMILY,ADD_OR_CONFIRM_CREDIT,Crédito verificado para la obra base y aplicado únicamente a esta edición: IO Interactive.,https://ioi.dk/hitman,,ADD,,io-interactive,IO Interactive,https://ioi.dk/hitman,,,2026-09-05,company-credit-ps4-pal-rapid-review-2026-09-05
ps4-hitman-the-complete-first-season,Hitman: The Complete First Season,Hitman: The Complete First Season,PAL España,standard,GAME_OR_UNKNOWN,PHYSICAL_PUBLISHER_OR_DISTRIBUTOR,,Square Enix,HIGH,EXACT_TITLE_OR_EDITION_FAMILY,ADD_OR_CONFIRM_CREDIT,Crédito verificado para la obra base y aplicado únicamente a esta edición: Square Enix.,https://ioi.dk/hitman,,ADD,,square-enix,Square Enix,https://ioi.dk/hitman,,,2026-09-05,company-credit-ps4-pal-rapid-review-2026-09-05
ps4-hitman-the-complete-first-season-not-for-resale,Hitman: The Complete First Season [Not For Resale],Hitman: The Complete First Season [Not For Resale],PAL España,standard,PROMO_COPY,DEVELOPER,,IO Interactive,HIGH,EXACT_TITLE_OR_EDITION_FAMILY,ADD_OR_CONFIRM_CREDIT,Crédito verificado para la obra base y aplicado únicamente a esta edición: IO Interactive.,https://ioi.dk/hitman,,ADD,,io-interactive,IO Interactive,https://ioi.dk/hitman,,,2026-09-05,company-credit-ps4-pal-rapid-review-2026-09-05
ps4-hitman-the-complete-first-season-not-for-resale,Hitman: The Complete First Season [Not For Resale],Hitman: The Complete First Season [Not For Resale],PAL España,standard,PROMO_COPY,PHYSICAL_PUBLISHER_OR_DISTRIBUTOR,,Square Enix,HIGH,EXACT_TITLE_OR_EDITION_FAMILY,ADD_OR_CONFIRM_CREDIT,Crédito verificado para la obra base y aplicado únicamente a esta edición: Square Enix.,https://ioi.dk/hitman,,ADD,,square-enix,Square Enix,https://ioi.dk/hitman,,,2026-09-05,company-credit-ps4-pal-rapid-review-2026-09-05
ps4-hollow-knight-collector-s-edition,Hollow Knight Collector´s Edition,Hollow Knight Collector´s Edition,PAL España,standard,GAME_OR_UNKNOWN,DEVELOPER,,Team Cherry,HIGH,EXACT_TITLE_OR_EDITION_FAMILY,ADD_OR_CONFIRM_CREDIT,Crédito verificado para la obra base y aplicado únicamente a esta edición: Team Cherry.,https://www.hollowknight.com/,,ADD,,team-cherry,Team Cherry,https://www.hollowknight.com/,,,2026-09-05,company-credit-ps4-pal-rapid-review-2026-09-05
ps4-hollow-knight-collector-s-edition,Hollow Knight Collector´s Edition,Hollow Knight Collector´s Edition,PAL España,standard,GAME_OR_UNKNOWN,PHYSICAL_PUBLISHER_OR_DISTRIBUTOR,,Fangamer,HIGH,EXACT_TITLE_OR_EDITION_FAMILY,ADD_OR_CONFIRM_CREDIT,Crédito verificado para la obra base y aplicado únicamente a esta edición: Fangamer.,https://www.hollowknight.com/,,ADD,,fangamer,Fangamer,https://www.hollowknight.com/,,,2026-09-05,company-credit-ps4-pal-rapid-review-2026-09-05
ps4-home-sweet-home,Home Sweet Home,Home Sweet Home,PAL España,standard,GAME_OR_UNKNOWN,PHYSICAL_PUBLISHER_OR_DISTRIBUTOR,,Mastiff,HIGH,DIGITAL_PS4_EU | PS4_RELEASE,ADD_OR_CONFIRM_CREDIT,"Coincidencia rápida: LAUNCHBOX_PS4, PLAYSTATION_STORE.",https://gamesdb.launchbox-app.com/games/details/211406,https://store.playstation.com/es-es/product/EP1059-CUSA14950_00-HOMESWEETHOME0EU,ADD,,mastiff,Mastiff,https://gamesdb.launchbox-app.com/games/details/211406 | https://store.playstation.com/es-es/product/EP1059-CUSA14950_00-HOMESWEETHOME0EU,,,2026-09-05,company-credit-ps4-pal-rapid-review-2026-09-05
ps4-horse-club-adventures,Horse Club Adventures,Horse Club Adventures,PAL España,standard,GAME_OR_UNKNOWN,PHYSICAL_PUBLISHER_OR_DISTRIBUTOR,,Wild River Games,HIGH,DIGITAL_PS4_EU | GAME_WORK,ADD_OR_CONFIRM_CREDIT,"Coincidencia rápida: PLAYSTATION_STORE, STEAM.",https://store.playstation.com/es-es/product/EP8218-CUSA20580_00-HORSECLUBADV01EU,https://store.steampowered.com/app/1518820,ADD,,wild-river-games,Wild River Games,https://store.playstation.com/es-es/product/EP8218-CUSA20580_00-HORSECLUBADV01EU | https://store.steampowered.com/app/1518820,,,2026-09-05,company-credit-ps4-pal-rapid-review-2026-09-05
ps4-horse-club-adventures-2-hazelwood-stories,Horse Club Adventures 2: Hazelwood Stories,Horse Club Adventures 2: Hazelwood Stories,PAL España,standard,GAME_OR_UNKNOWN,PHYSICAL_PUBLISHER_OR_DISTRIBUTOR,,Wild River Games,HIGH,EXACT_TITLE_OR_EDITION_FAMILY,ADD_OR_CONFIRM_CREDIT,Crédito verificado para la obra base y aplicado únicamente a esta edición: Wild River Games.,https://www.wildriver.games/,,ADD,,wild-river-games,Wild River Games,https://www.wildriver.games/,,,2026-09-05,company-credit-ps4-pal-rapid-review-2026-09-05
ps4-horse-tales-emerald-valley-ranch-limited-edition,Horse Tales: Emerald Valley Ranch [Limited Edition],Horse Tales: Emerald Valley Ranch [Limited Edition],PAL España,standard,EDITION_VARIANT,PHYSICAL_PUBLISHER_OR_DISTRIBUTOR,,Microids,HIGH,GAME_WORK | PS4_RELEASE,ADD_OR_CONFIRM_CREDIT,"Coincidencia rápida: LAUNCHBOX_PS4, STEAM.",https://gamesdb.launchbox-app.com/games/details/475755,https://store.steampowered.com/app/1474740,ADD,,microids,Microids,https://gamesdb.launchbox-app.com/games/details/475755 | https://store.steampowered.com/app/1474740,,,2026-09-05,company-credit-ps4-pal-rapid-review-2026-09-05
ps4-hotline-miami-collection,Hotline Miami Collection,Hotline Miami Collection,PAL España,standard,POSSIBLE_COMPILATION_OR_MULTI_PRODUCT,DEVELOPER,Dennaton Games,Dennaton Games,HIGH,EXACT_TITLE_OR_EDITION_FAMILY,ADD_OR_CONFIRM_CREDIT,Crédito verificado para la obra base y aplicado únicamente a esta edición: Dennaton Games.,https://www.devolverdigital.com/games/hotline-miami-collection,,CONFIRM,Dennaton Games,dennaton-games,Dennaton Games,https://www.devolverdigital.com/games/hotline-miami-collection,,,2026-09-05,company-credit-ps4-pal-rapid-review-2026-09-05
ps4-hotline-miami-collection,Hotline Miami Collection,Hotline Miami Collection,PAL España,standard,POSSIBLE_COMPILATION_OR_MULTI_PRODUCT,PHYSICAL_PUBLISHER_OR_DISTRIBUTOR,,Devolver Digital,HIGH,EXACT_TITLE_OR_EDITION_FAMILY,ADD_OR_CONFIRM_CREDIT,Crédito verificado para la obra base y aplicado únicamente a esta edición: Devolver Digital.,https://www.devolverdigital.com/games/hotline-miami-collection,,ADD,,devolver-digital,Devolver Digital,https://www.devolverdigital.com/games/hotline-miami-collection,,,2026-09-05,company-credit-ps4-pal-rapid-review-2026-09-05
ps4-house-flipper-pets-edition,House Flipper: Pets Edition,House Flipper: Pets Edition,PAL España,standard,GAME_OR_UNKNOWN,PHYSICAL_PUBLISHER_OR_DISTRIBUTOR,,Merge Games,HIGH,EXACT_TITLE_OR_EDITION_FAMILY,ADD_OR_CONFIRM_CREDIT,Crédito verificado para la obra base y aplicado únicamente a esta edición: Merge Games.,https://houseflippergame.com/,,ADD,,merge-games,Merge Games,https://houseflippergame.com/,,,2026-09-05,company-credit-ps4-pal-rapid-review-2026-09-05
ps4-human-fall-flat-dream-collection,Human Fall Flat [Dream Collection],Human Fall Flat [Dream Collection],PAL España,standard,BUNDLE_OR_MULTI_PRODUCT,DEVELOPER,,No Brakes Games,HIGH,EXACT_TITLE_OR_EDITION_FAMILY,ADD_OR_CONFIRM_CREDIT,Crédito verificado para la obra base y aplicado únicamente a esta edición: No Brakes Games.,https://www.curvegames.com/games/human-fall-flat/,,ADD,,no-brakes-games,No Brakes Games,https://www.curvegames.com/games/human-fall-flat/,,,2026-09-05,company-credit-ps4-pal-rapid-review-2026-09-05
ps4-human-fall-flat-dream-collection,Human Fall Flat [Dream Collection],Human Fall Flat [Dream Collection],PAL España,standard,BUNDLE_OR_MULTI_PRODUCT,PHYSICAL_PUBLISHER_OR_DISTRIBUTOR,,Curve Games,HIGH,EXACT_TITLE_OR_EDITION_FAMILY,ADD_OR_CONFIRM_CREDIT,Crédito verificado para la obra base y aplicado únicamente a esta edición: Curve Games.,https://www.curvegames.com/games/human-fall-flat/,,ADD,,curve-digital,Curve Digital,https://www.curvegames.com/games/human-fall-flat/,,,2026-09-05,company-credit-ps4-pal-rapid-review-2026-09-05
ps4-hunt-showdow,Hunt : Showdow,Hunt : Showdow,PAL España,standard,GAME_OR_UNKNOWN,DEVELOPER,,Crytek,HIGH,EXACT_TITLE_OR_EDITION_FAMILY,ADD_OR_CONFIRM_CREDIT,Crédito verificado para la obra base y aplicado únicamente a esta edición: Crytek.,https://www.huntshowdown.com/,,ADD,,crytek,Crytek,https://www.huntshowdown.com/,,,2026-09-05,company-credit-ps4-pal-rapid-review-2026-09-05
ps4-hunt-showdow,Hunt : Showdow,Hunt : Showdow,PAL España,standard,GAME_OR_UNKNOWN,PHYSICAL_PUBLISHER_OR_DISTRIBUTOR,,Crytek,HIGH,EXACT_TITLE_OR_EDITION_FAMILY,ADD_OR_CONFIRM_CREDIT,Crédito verificado para la obra base y aplicado únicamente a esta edición: Crytek.,https://www.huntshowdown.com/,,ADD,,crytek,Crytek,https://www.huntshowdown.com/,,,2026-09-05,company-credit-ps4-pal-rapid-review-2026-09-05
ps4-hunting-simulator,Hunting Simulator,Hunting Simulator,PAL España,standard,GAME_OR_UNKNOWN,PHYSICAL_PUBLISHER_OR_DISTRIBUTOR,,Nacon,HIGH,DIGITAL_PS4_EU | GAME_WORK | PS4_RELEASE,ADD_OR_CONFIRM_CREDIT,"Coincidencia rápida: LAUNCHBOX_PS4, PLAYSTATION_STORE, WIKIDATA.",https://gamesdb.launchbox-app.com/games/details/447564,https://store.playstation.com/es-es/product/EP4008-CUSA07164_00-HUNTINGSIMULATOR,ADD,,nacon,Nacon,https://gamesdb.launchbox-app.com/games/details/447564 | https://store.playstation.com/es-es/product/EP4008-CUSA07164_00-HUNTINGSIMULATOR,,,2026-09-05,company-credit-ps4-pal-rapid-review-2026-09-05
ps4-hustle-kings,Hustle Kings,Hustle Kings,PAL España,standard,GAME_OR_UNKNOWN,PHYSICAL_PUBLISHER_OR_DISTRIBUTOR,Sony Computer Entertainment,Sony Interactive Entertainment,HIGH,DIGITAL_PS4_EU | GAME_WORK,ADD_OR_CONFIRM_CREDIT,"Coincidencia rápida: PLAYSTATION_STORE, WIKIDATA.",https://store.playstation.com/es-es/product/EP9000-CUSA00245_00-UHUSTLEKIN000001,https://www.wikidata.org/entity/Q5949982,REPLACE,Sony Computer Entertainment,sony-interactive-entertainment,Sony Interactive Entertainment,https://store.playstation.com/es-es/product/EP9000-CUSA00245_00-UHUSTLEKIN000001 | https://www.wikidata.org/entity/Q5949982,,,2026-09-05,company-credit-ps4-pal-rapid-review-2026-09-05
ps4-hyperdimension-neptunia-re;birth-triple-pack,Hyperdimension Neptunia Re;Birth Triple Pack,Hyperdimension Neptunia Re;Birth Triple Pack,PAL España,standard,POSSIBLE_COMPILATION_OR_MULTI_PRODUCT,DEVELOPER,,Compile Heart,HIGH,EXACT_TITLE_OR_EDITION_FAMILY,ADD_OR_CONFIRM_CREDIT,Crédito verificado para la obra base y aplicado únicamente a esta edición: Compile Heart.,https://www.reef-entertainment.com/,,ADD,,compile-heart,Compile Heart,https://www.reef-entertainment.com/,,,2026-09-05,company-credit-ps4-pal-rapid-review-2026-09-05
ps4-hyperdimension-neptunia-re;birth-triple-pack,Hyperdimension Neptunia Re;Birth Triple Pack,Hyperdimension Neptunia Re;Birth Triple Pack,PAL España,standard,POSSIBLE_COMPILATION_OR_MULTI_PRODUCT,PHYSICAL_PUBLISHER_OR_DISTRIBUTOR,,Reef Entertainment,HIGH,EXACT_TITLE_OR_EDITION_FAMILY,ADD_OR_CONFIRM_CREDIT,Crédito verificado para la obra base y aplicado únicamente a esta edición: Reef Entertainment.,https://www.reef-entertainment.com/,,ADD,,reef-entertainment,Reef Entertainment,https://www.reef-entertainment.com/,,,2026-09-05,company-credit-ps4-pal-rapid-review-2026-09-05
ps4-hyperdimension-neptunia-re;birth1&#43;,Hyperdimension Neptunia Re;Birth1+,Hyperdimension Neptunia Re;Birth1+,PAL España,standard,GAME_OR_UNKNOWN,PHYSICAL_PUBLISHER_OR_DISTRIBUTOR,Idea Factory,Idea Factory International,HIGH,GAME_WORK | SAME_WORK_EDITION,ADD_OR_CONFIRM_CREDIT,"Coincidencia rápida: STEAM, VERIFIED_PAL_SIBLING.",https://store.steampowered.com/app/282900,,REPLACE,Idea Factory,idea-factory-international,Idea Factory International,https://store.steampowered.com/app/282900,,,2026-09-05,company-credit-ps4-pal-rapid-review-2026-09-05
ps4-hyperdimension-neptunia-re;birth2-sisters-generation,Hyperdimension Neptunia Re;Birth2: Sisters Generation,Hyperdimension Neptunia Re;Birth2: Sisters Generation,PAL España,standard,GAME_OR_UNKNOWN,DIGITAL_PUBLISHER,Idea Factory,Reef Entertainment,HIGH,DIGITAL_PS4_EU,ADD_OR_CONFIRM_CREDIT,Coincidencia rápida: PLAYSTATION_STORE.,https://store.playstation.com/es-es/product/EP4060-CUSA54118_00-NEPTUNEREBIRTH02,,REPLACE,Idea Factory,reef-entertainment,Reef Entertainment,https://store.playstation.com/es-es/product/EP4060-CUSA54118_00-NEPTUNEREBIRTH02,,,2026-09-05,company-credit-ps4-pal-rapid-review-2026-09-05
ps4-hyperdimension-neptunia-re;birth3-v-generation,Hyperdimension Neptunia Re;Birth3: V Generation,Hyperdimension Neptunia Re;Birth3: V Generation,PAL España,standard,GAME_OR_UNKNOWN,DIGITAL_PUBLISHER,Idea Factory,Reef Entertainment,HIGH,DIGITAL_PS4_EU,ADD_OR_CONFIRM_CREDIT,Coincidencia rápida: PLAYSTATION_STORE.,https://store.playstation.com/es-es/product/EP4060-CUSA54120_00-NEPTUNEREBIRTH03,,REPLACE,Idea Factory,reef-entertainment,Reef Entertainment,https://store.playstation.com/es-es/product/EP4060-CUSA54120_00-NEPTUNEREBIRTH03,,,2026-09-05,company-credit-ps4-pal-rapid-review-2026-09-05
ps4-ikai,IKAI,IKAI,PAL España,standard,GAME_OR_UNKNOWN,PHYSICAL_PUBLISHER_OR_DISTRIBUTOR,,PM Studios,HIGH,DIGITAL_PS4_EU | GAME_WORK | PS4_RELEASE,ADD_OR_CONFIRM_CREDIT,"Coincidencia rápida: LAUNCHBOX_PS4, PLAYSTATION_STORE, STEAM.",https://gamesdb.launchbox-app.com/games/details/447566,https://store.playstation.com/es-es/product/EP2011-CUSA32302_00-4102876612740274,ADD,,pm-studios,PM Studios,https://gamesdb.launchbox-app.com/games/details/447566 | https://store.playstation.com/es-es/product/EP2011-CUSA32302_00-4102876612740274,,,2026-09-05,company-credit-ps4-pal-rapid-review-2026-09-05
ps4-inescapable-no-rules-no-rescue,"Inescapable: No Rules, No Rescue","Inescapable: No Rules, No Rescue",PAL España,standard,GAME_OR_UNKNOWN,DIGITAL_PUBLISHER,,Aksys Games Localization Inc.,HIGH,DIGITAL_PS4_EU,ADD_OR_CONFIRM_CREDIT,Coincidencia rápida: PLAYSTATION_STORE.,https://store.playstation.com/es-es/product/EP1024-CUSA38233_00-INESCAPABLE00000,,ADD,,aksys-games-localization,Aksys Games Localization,https://store.playstation.com/es-es/product/EP1024-CUSA38233_00-INESCAPABLE00000,,,2026-09-05,company-credit-ps4-pal-rapid-review-2026-09-05
ps4-infinite-beyond-the-mind-limited-olga-edition-29-99,"Infinite - Beyond the Mind - Limited Olga Edition 29,99","Infinite - Beyond the Mind - Limited Olga Edition 29,99",PAL España,standard,GAME_OR_UNKNOWN,DEVELOPER,,Emilie Coyo,HIGH,EXACT_TITLE_OR_EDITION_FAMILY,ADD_OR_CONFIRM_CREDIT,Crédito verificado para la obra base y aplicado únicamente a esta edición: Emilie Coyo.,https://www.strictlylimitedgames.com/,,ADD,,emilie-coyo,Emilie Coyo,https://www.strictlylimitedgames.com/,,,2026-09-05,company-credit-ps4-pal-rapid-review-2026-09-05
ps4-infinite-beyond-the-mind-limited-olga-edition-29-99,"Infinite - Beyond the Mind - Limited Olga Edition 29,99","Infinite - Beyond the Mind - Limited Olga Edition 29,99",PAL España,standard,GAME_OR_UNKNOWN,PHYSICAL_PUBLISHER_OR_DISTRIBUTOR,,Strictly Limited Games,HIGH,EXACT_TITLE_OR_EDITION_FAMILY,ADD_OR_CONFIRM_CREDIT,Crédito verificado para la obra base y aplicado únicamente a esta edición: Strictly Limited Games.,https://www.strictlylimitedgames.com/,,ADD,,strictly-limited-games,Strictly Limited Games,https://www.strictlylimitedgames.com/,,,2026-09-05,company-credit-ps4-pal-rapid-review-2026-09-05
ps4-infinite-beyond-the-mind-limited-tanya-edition-29-99,"Infinite - Beyond the Mind - Limited Tanya Edition 29,99","Infinite - Beyond the Mind - Limited Tanya Edition 29,99",PAL España,standard,GAME_OR_UNKNOWN,DEVELOPER,,Emilie Coyo,HIGH,EXACT_TITLE_OR_EDITION_FAMILY,ADD_OR_CONFIRM_CREDIT,Crédito verificado para la obra base y aplicado únicamente a esta edición: Emilie Coyo.,https://www.strictlylimitedgames.com/,,ADD,,emilie-coyo,Emilie Coyo,https://www.strictlylimitedgames.com/,,,2026-09-05,company-credit-ps4-pal-rapid-review-2026-09-05
ps4-infinite-beyond-the-mind-limited-tanya-edition-29-99,"Infinite - Beyond the Mind - Limited Tanya Edition 29,99","Infinite - Beyond the Mind - Limited Tanya Edition 29,99",PAL España,standard,GAME_OR_UNKNOWN,PHYSICAL_PUBLISHER_OR_DISTRIBUTOR,,Strictly Limited Games,HIGH,EXACT_TITLE_OR_EDITION_FAMILY,ADD_OR_CONFIRM_CREDIT,Crédito verificado para la obra base y aplicado únicamente a esta edición: Strictly Limited Games.,https://www.strictlylimitedgames.com/,,ADD,,strictly-limited-games,Strictly Limited Games,https://www.strictlylimitedgames.com/,,,2026-09-05,company-credit-ps4-pal-rapid-review-2026-09-05
ps4-injustice-2-fight-bundle,Injustice 2 [Fight Bundle],Injustice 2 [Fight Bundle],PAL España,standard,BUNDLE_OR_MULTI_PRODUCT,DEVELOPER,,NetherRealm Studios,HIGH,EXACT_TITLE_OR_EDITION_FAMILY,ADD_OR_CONFIRM_CREDIT,Crédito verificado para la obra base y aplicado únicamente a esta edición: NetherRealm Studios.,https://www.injustice.com/,,ADD,,netherrealm-studios,NetherRealm Studios,https://www.injustice.com/,,,2026-09-05,company-credit-ps4-pal-rapid-review-2026-09-05
ps4-injustice-2-fight-bundle,Injustice 2 [Fight Bundle],Injustice 2 [Fight Bundle],PAL España,standard,BUNDLE_OR_MULTI_PRODUCT,PHYSICAL_PUBLISHER_OR_DISTRIBUTOR,,Warner Bros. Interactive Entertainment,HIGH,EXACT_TITLE_OR_EDITION_FAMILY,ADD_OR_CONFIRM_CREDIT,Crédito verificado para la obra base y aplicado únicamente a esta edición: Warner Bros. Interactive Entertainment.,https://www.injustice.com/,,ADD,,warner-bros-interactive-entertainment,Warner Bros. Interactive Entertainment,https://www.injustice.com/,,,2026-09-05,company-credit-ps4-pal-rapid-review-2026-09-05
ps4-inked,Inked,Inked,PAL España,standard,GAME_OR_UNKNOWN,DEVELOPER,,Somnium Games,HIGH,EXACT_TITLE_OR_EDITION_FAMILY,ADD_OR_CONFIRM_CREDIT,Crédito verificado para la obra base y aplicado únicamente a esta edición: Somnium Games.,https://store.steampowered.com/app/690120/Inked_A_Tale_of_Love/,,ADD,,somnium-games,Somnium Games,https://store.steampowered.com/app/690120/Inked_A_Tale_of_Love/,,,2026-09-05,company-credit-ps4-pal-rapid-review-2026-09-05
ps4-inked,Inked,Inked,PAL España,standard,GAME_OR_UNKNOWN,PHYSICAL_PUBLISHER_OR_DISTRIBUTOR,,Starbreeze Publishing,HIGH,EXACT_TITLE_OR_EDITION_FAMILY,ADD_OR_CONFIRM_CREDIT,Crédito verificado para la obra base y aplicado únicamente a esta edición: Starbreeze Publishing.,https://store.steampowered.com/app/690120/Inked_A_Tale_of_Love/,,ADD,,starbreeze-publishing,Starbreeze Publishing,https://store.steampowered.com/app/690120/Inked_A_Tale_of_Love/,,,2026-09-05,company-credit-ps4-pal-rapid-review-2026-09-05
ps4-inpatient,Inpatient,Inpatient,PAL España,standard,GAME_OR_UNKNOWN,DEVELOPER,,Supermassive Games,HIGH,EXACT_TITLE_OR_EDITION_FAMILY,ADD_OR_CONFIRM_CREDIT,Crédito verificado para la obra base y aplicado únicamente a esta edición: Supermassive Games.,https://www.playstation.com/en-gb/games/the-inpatient/,,ADD,,supermassive-games,SuperMassive Games Ltd.,https://www.playstation.com/en-gb/games/the-inpatient/,,,2026-09-05,company-credit-ps4-pal-rapid-review-2026-09-05
ps4-inpatient,Inpatient,Inpatient,PAL España,standard,GAME_OR_UNKNOWN,PHYSICAL_PUBLISHER_OR_DISTRIBUTOR,,Sony Interactive Entertainment,HIGH,EXACT_TITLE_OR_EDITION_FAMILY,ADD_OR_CONFIRM_CREDIT,Crédito verificado para la obra base y aplicado únicamente a esta edición: Sony Interactive Entertainment.,https://www.playstation.com/en-gb/games/the-inpatient/,,ADD,,sony-interactive-entertainment,Sony Interactive Entertainment,https://www.playstation.com/en-gb/games/the-inpatient/,,,2026-09-05,company-credit-ps4-pal-rapid-review-2026-09-05
ps4-inside-&amp;-limbo-double-pack,Inside & Limbo Double Pack,Inside & Limbo Double Pack,PAL España,standard,POSSIBLE_COMPILATION_OR_MULTI_PRODUCT,DEVELOPER,,Playdead,HIGH,EXACT_TITLE_OR_EDITION_FAMILY,ADD_OR_CONFIRM_CREDIT,Crédito verificado para la obra base y aplicado únicamente a esta edición: Playdead.,https://playdead.com/games/,,ADD,,playdead,Playdead,https://playdead.com/games/,,,2026-09-05,company-credit-ps4-pal-rapid-review-2026-09-05
ps4-inspector-gadget-mad-time-party,Inspector Gadget: Mad Time Party,Inspector Gadget: Mad Time Party,PAL España,standard,GAME_OR_UNKNOWN,PHYSICAL_PUBLISHER_OR_DISTRIBUTOR,,Microids,HIGH,GAME_WORK | PS4_RELEASE,ADD_OR_CONFIRM_CREDIT,"Coincidencia rápida: LAUNCHBOX_PS4, STEAM.",https://gamesdb.launchbox-app.com/games/details/473348,https://store.steampowered.com/app/2409500,ADD,,microids,Microids,https://gamesdb.launchbox-app.com/games/details/473348 | https://store.steampowered.com/app/2409500,,,2026-09-05,company-credit-ps4-pal-rapid-review-2026-09-05
ps4-irem-collection-volume-1,Irem Collection Volume 1,Irem Collection Volume 1,PAL España,standard,POSSIBLE_COMPILATION_OR_MULTI_PRODUCT,DEVELOPER,Irem,Ratalaika Games,HIGH,EXACT_COLLECTION_OR_EDITION,ADD_DEVELOPER,Las fuentes consultadas atribuyen el desarrollo a Ratalaika Games.,https://www.gematsu.com/2023/04/irem-collection-volume-1-announced-for-ps5-xbox-series-ps4-xbox-one-and-switch,https://www.ps4blog.net/2024/11/nintendo-switch-irem-collection-volume-2-review/,REPLACE,Irem,ratalaika-games,Ratalaika Games,https://www.gematsu.com/2023/04/irem-collection-volume-1-announced-for-ps5-xbox-series-ps4-xbox-one-and-switch | https://www.ps4blog.net/2024/11/nintendo-switch-irem-collection-volume-2-review/,,,2026-09-05,company-credit-ps4-pal-rapid-review-2026-09-05
ps4-irem-collection-volume-1-limited-edition,Irem Collection Volume 1 - Limited Edition,Irem Collection Volume 1 [Limited Edition],PAL España,standard,EDITION_VARIANT,DEVELOPER,,Ratalaika Games,HIGH,EXACT_COLLECTION_OR_EDITION,ADD_DEVELOPER,Las fuentes consultadas atribuyen el desarrollo a Ratalaika Games.,https://www.gematsu.com/2023/04/irem-collection-volume-1-announced-for-ps5-xbox-series-ps4-xbox-one-and-switch,https://www.ps4blog.net/2024/11/nintendo-switch-irem-collection-volume-2-review/,ADD,,ratalaika-games,Ratalaika Games,https://www.gematsu.com/2023/04/irem-collection-volume-1-announced-for-ps5-xbox-series-ps4-xbox-one-and-switch | https://www.ps4blog.net/2024/11/nintendo-switch-irem-collection-volume-2-review/,,,2026-09-05,company-credit-ps4-pal-rapid-review-2026-09-05
ps4-irem-collection-volume-1-limited-edition,Irem Collection Volume 1 - Limited Edition,Irem Collection Volume 1 [Limited Edition],PAL España,standard,EDITION_VARIANT,PHYSICAL_PUBLISHER_OR_DISTRIBUTOR,,ININ Games,HIGH,EXACT_COLLECTION_OR_EDITION,ADD_PHYSICAL_PUBLISHER_OR_DISTRIBUTOR,La edición PS4 consultada atribuye la publicación o distribución física a ININ Games.,https://www.gematsu.com/2023/04/irem-collection-volume-1-announced-for-ps5-xbox-series-ps4-xbox-one-and-switch,https://www.ps4blog.net/2024/11/nintendo-switch-irem-collection-volume-2-review/,ADD,,inin-games,ININ Games,https://www.gematsu.com/2023/04/irem-collection-volume-1-announced-for-ps5-xbox-series-ps4-xbox-one-and-switch | https://www.ps4blog.net/2024/11/nintendo-switch-irem-collection-volume-2-review/,,,2026-09-05,company-credit-ps4-pal-rapid-review-2026-09-05
ps4-irem-collection-volume-2-limited-edition-34-99,"Irem Collection Volume 2 - Limited Edition. 34,99",Irem Collection Volume 2 [Limited Edition],PAL España,standard,POSSIBLE_COMPILATION_OR_MULTI_PRODUCT,DEVELOPER,,Ratalaika Games,HIGH,EXACT_COLLECTION_OR_EDITION,ADD_DEVELOPER,Las fuentes consultadas atribuyen el desarrollo a Ratalaika Games.,https://www.gematsu.com/2023/04/irem-collection-volume-1-announced-for-ps5-xbox-series-ps4-xbox-one-and-switch,https://www.ps4blog.net/2024/11/nintendo-switch-irem-collection-volume-2-review/,ADD,,ratalaika-games,Ratalaika Games,https://www.gematsu.com/2023/04/irem-collection-volume-1-announced-for-ps5-xbox-series-ps4-xbox-one-and-switch | https://www.ps4blog.net/2024/11/nintendo-switch-irem-collection-volume-2-review/,,,2026-09-05,company-credit-ps4-pal-rapid-review-2026-09-05
ps4-irem-collection-volume-2-limited-edition-34-99,"Irem Collection Volume 2 - Limited Edition. 34,99",Irem Collection Volume 2 [Limited Edition],PAL España,standard,POSSIBLE_COMPILATION_OR_MULTI_PRODUCT,PHYSICAL_PUBLISHER_OR_DISTRIBUTOR,,ININ Games,HIGH,EXACT_COLLECTION_OR_EDITION,ADD_PHYSICAL_PUBLISHER_OR_DISTRIBUTOR,La edición PS4 consultada atribuye la publicación o distribución física a ININ Games.,https://www.gematsu.com/2023/04/irem-collection-volume-1-announced-for-ps5-xbox-series-ps4-xbox-one-and-switch,https://www.ps4blog.net/2024/11/nintendo-switch-irem-collection-volume-2-review/,ADD,,inin-games,ININ Games,https://www.gematsu.com/2023/04/irem-collection-volume-1-announced-for-ps5-xbox-series-ps4-xbox-one-and-switch | https://www.ps4blog.net/2024/11/nintendo-switch-irem-collection-volume-2-review/,,,2026-09-05,company-credit-ps4-pal-rapid-review-2026-09-05
ps4-is-it-wrong-to-pick-up,Is it Wrong to Pick Up,Is it Wrong to Pick Up,PAL España,standard,GAME_OR_UNKNOWN,DEVELOPER,,MAGES.,HIGH,EXACT_TITLE_OR_EDITION_FAMILY,ADD_OR_CONFIRM_CREDIT,Crédito verificado para la obra base y aplicado únicamente a esta edición: MAGES..,https://pqube.co.uk/,,ADD,,mages,Mages.,https://pqube.co.uk/,,,2026-09-05,company-credit-ps4-pal-rapid-review-2026-09-05
ps4-is-it-wrong-to-pick-up,Is it Wrong to Pick Up,Is it Wrong to Pick Up,PAL España,standard,GAME_OR_UNKNOWN,PHYSICAL_PUBLISHER_OR_DISTRIBUTOR,,PQube,HIGH,EXACT_TITLE_OR_EDITION_FAMILY,ADD_OR_CONFIRM_CREDIT,Crédito verificado para la obra base y aplicado únicamente a esta edición: PQube.,https://pqube.co.uk/,,ADD,,pqube,PQube Ltd.,https://pqube.co.uk/,,,2026-09-05,company-credit-ps4-pal-rapid-review-2026-09-05
ps4-jajamaru-legendary-ninja-collection,JaJaMaru Legendary Ninja Collection,JaJaMaru Legendary Ninja Collection,PAL España,standard,POSSIBLE_COMPILATION_OR_MULTI_PRODUCT,DEVELOPER,City Connection,Ratalaika Games,HIGH,EXACT_TITLE_OR_EDITION_FAMILY,ADD_OR_CONFIRM_CREDIT,Crédito verificado para la obra base y aplicado únicamente a esta edición: Ratalaika Games.,https://www.iningames.com/games/jajamaru-legendary-ninja-collection,,REPLACE,City Connection,ratalaika-games,Ratalaika Games,https://www.iningames.com/games/jajamaru-legendary-ninja-collection,,,2026-09-05,company-credit-ps4-pal-rapid-review-2026-09-05
ps4-jak-daxter-the-precursor-legacy,Jak & Daxter : The Precursor Legacy,Jak & Daxter : The Precursor Legacy,PAL España,standard,GAME_OR_UNKNOWN,DEVELOPER,Naughty Dog,Naughty Dog,HIGH,GAME_WORK | PS4_RELEASE,ADD_OR_CONFIRM_CREDIT,"Coincidencia rápida: LAUNCHBOX_PS4, WIKIDATA.",https://gamesdb.launchbox-app.com/games/details/473341,https://www.wikidata.org/entity/Q1784103,CONFIRM,Naughty Dog,naughty-dog,Naughty Dog,https://gamesdb.launchbox-app.com/games/details/473341 | https://www.wikidata.org/entity/Q1784103,,,2026-09-05,company-credit-ps4-pal-rapid-review-2026-09-05
ps4-jak-daxter-the-precursor-legacy,Jak & Daxter : The Precursor Legacy,Jak & Daxter : The Precursor Legacy,PAL España,standard,GAME_OR_UNKNOWN,PHYSICAL_PUBLISHER_OR_DISTRIBUTOR,Sony Computer Entertainment,Sony Computer Entertainment,HIGH,GAME_WORK | PS4_RELEASE,ADD_OR_CONFIRM_CREDIT,"Coincidencia rápida: LAUNCHBOX_PS4, WIKIDATA.",https://gamesdb.launchbox-app.com/games/details/473341,https://www.wikidata.org/entity/Q1784103,CONFIRM,Sony Computer Entertainment,sony-interactive-entertainment,Sony Interactive Entertainment,https://gamesdb.launchbox-app.com/games/details/473341 | https://www.wikidata.org/entity/Q1784103,,,2026-09-05,company-credit-ps4-pal-rapid-review-2026-09-05
ps4-jim-power-the-lost-dimension,Jim Power: The Lost Dimension,Jim Power: The Lost Dimension,PAL España,standard,GAME_OR_UNKNOWN,PHYSICAL_PUBLISHER_OR_DISTRIBUTOR,,Strictly Limited Games,HIGH,EXACT_TITLE_OR_EDITION_FAMILY,ADD_OR_CONFIRM_CREDIT,Crédito verificado para la obra base y aplicado únicamente a esta edición: Strictly Limited Games.,https://www.strictlylimitedgames.com/,,ADD,,strictly-limited-games,Strictly Limited Games,https://www.strictlylimitedgames.com/,,,2026-09-05,company-credit-ps4-pal-rapid-review-2026-09-05
ps4-joes-diner,Joes Diner,Joes Diner,PAL España,standard,GAME_OR_UNKNOWN,DEVELOPER,,VIS-Games,HIGH,EXACT_TITLE_OR_EDITION_FAMILY,ADD_OR_CONFIRM_CREDIT,Crédito verificado para la obra base y aplicado únicamente a esta edición: VIS-Games.,https://store.steampowered.com/app/377360/Joes_Diner/,,ADD,,vis-games,VIS Games,https://store.steampowered.com/app/377360/Joes_Diner/,,,2026-09-05,company-credit-ps4-pal-rapid-review-2026-09-05
ps4-joes-diner,Joes Diner,Joes Diner,PAL España,standard,GAME_OR_UNKNOWN,PHYSICAL_PUBLISHER_OR_DISTRIBUTOR,,United Independent Entertainment,HIGH,EXACT_TITLE_OR_EDITION_FAMILY,ADD_OR_CONFIRM_CREDIT,Crédito verificado para la obra base y aplicado únicamente a esta edición: United Independent Entertainment.,https://store.steampowered.com/app/377360/Joes_Diner/,,ADD,,united-independent-entertainment,United Independent Entertainment,https://store.steampowered.com/app/377360/Joes_Diner/,,,2026-09-05,company-credit-ps4-pal-rapid-review-2026-09-05
ps4-jojo-siwa-worldwide-party,JoJo Siwa: Worldwide Party,JoJo Siwa: Worldwide Party,PAL España,standard,GAME_OR_UNKNOWN,PHYSICAL_PUBLISHER_OR_DISTRIBUTOR,,Outright Games,HIGH,GAME_WORK,ADD_OR_CONFIRM_CREDIT,"Coincidencia rápida: STEAM, WIKIDATA.",https://store.steampowered.com/app/1910300,https://www.wikidata.org/entity/Q116838745,ADD,,outright-games,Outright Games LTD,https://store.steampowered.com/app/1910300 | https://www.wikidata.org/entity/Q116838745,,,2026-09-05,company-credit-ps4-pal-rapid-review-2026-09-05
ps4-jojo-s-all-star-battle,Jojo´s All Star Battle,Jojo´s All Star Battle,PAL España,standard,GAME_OR_UNKNOWN,DEVELOPER,CyberConnect2,CyberConnect2,HIGH,EXACT_TITLE_OR_EDITION_FAMILY,ADD_OR_CONFIRM_CREDIT,Crédito verificado para la obra base y aplicado únicamente a esta edición: CyberConnect2.,https://en.bandainamcoent.eu/jojo/jojos-bizarre-adventure-all-star-battle-r,,CONFIRM,CyberConnect2,cyberconnect2,CyberConnect2,https://en.bandainamcoent.eu/jojo/jojos-bizarre-adventure-all-star-battle-r,,,2026-09-05,company-credit-ps4-pal-rapid-review-2026-09-05
ps4-jojo-s-all-star-battle,Jojo´s All Star Battle,Jojo´s All Star Battle,PAL España,standard,GAME_OR_UNKNOWN,PHYSICAL_PUBLISHER_OR_DISTRIBUTOR,Namco Bandai Games,Bandai Namco Entertainment Europe,HIGH,EXACT_TITLE_OR_EDITION_FAMILY,ADD_OR_CONFIRM_CREDIT,Crédito verificado para la obra base y aplicado únicamente a esta edición: Bandai Namco Entertainment Europe.,https://en.bandainamcoent.eu/jojo/jojos-bizarre-adventure-all-star-battle-r,,REPLACE,Namco Bandai Games,bandai-namco-entertainment-europe,Bandai Namco Entertainment Europe,https://en.bandainamcoent.eu/jojo/jojos-bizarre-adventure-all-star-battle-r,,,2026-09-05,company-credit-ps4-pal-rapid-review-2026-09-05
ps4-jujutsu-kaisen-cursed-clash,Jujutsu Kaisen: Cursed Clash,Jujutsu Kaisen: Cursed Clash,PAL España,standard,GAME_OR_UNKNOWN,PHYSICAL_PUBLISHER_OR_DISTRIBUTOR,,Bandai Namco Entertainment,HIGH,GAME_WORK | PS4_RELEASE,ADD_OR_CONFIRM_CREDIT,"Coincidencia rápida: LAUNCHBOX_PS4, STEAM, WIKIDATA.",https://gamesdb.launchbox-app.com/games/details/473338,https://store.steampowered.com/app/1877020,ADD,,bandai-namco-entertainment,Bandai Namco Entertainment,https://gamesdb.launchbox-app.com/games/details/473338 | https://store.steampowered.com/app/1877020,,,2026-09-05,company-credit-ps4-pal-rapid-review-2026-09-05
ps4-jumanji-wild-adventures,Jumanji: Wild Adventures,Jumanji: Wild Adventures,PAL España,standard,GAME_OR_UNKNOWN,PHYSICAL_PUBLISHER_OR_DISTRIBUTOR,,Outright Games,HIGH,GAME_WORK | PS4_RELEASE,ADD_OR_CONFIRM_CREDIT,"Coincidencia rápida: LAUNCHBOX_PS4, STEAM.",https://gamesdb.launchbox-app.com/games/details/443908,https://store.steampowered.com/app/1823200,ADD,,outright-games,Outright Games LTD,https://gamesdb.launchbox-app.com/games/details/443908 | https://store.steampowered.com/app/1823200,,,2026-09-05,company-credit-ps4-pal-rapid-review-2026-09-05
ps4-jurassic-world-evolution-2,Jurassic World Evolution 2,Jurassic World Evolution 2,PAL España,standard,GAME_OR_UNKNOWN,PHYSICAL_PUBLISHER_OR_DISTRIBUTOR,,Frontier Developments,HIGH,GAME_WORK | PS4_RELEASE,ADD_OR_CONFIRM_CREDIT,"Coincidencia rápida: LAUNCHBOX_PS4, STEAM.",https://gamesdb.launchbox-app.com/games/details/473322,https://store.steampowered.com/app/1244460,ADD,,frontier-developments,Frontier Developments,https://gamesdb.launchbox-app.com/games/details/473322 | https://store.steampowered.com/app/1244460,,,2026-09-05,company-credit-ps4-pal-rapid-review-2026-09-05
ps4-just-cause-3-includes-the-weaponized-vehicle-pack,Just Cause 3 [Includes The Weaponized Vehicle Pack],Just Cause 3 [Includes The Weaponized Vehicle Pack],PAL España,standard,BUNDLE_OR_MULTI_PRODUCT,DEVELOPER,,Avalanche Studios,HIGH,GAME_WORK | PS4_RELEASE | SAME_WORK_EDITION,ADD_OR_CONFIRM_CREDIT,"Coincidencia rápida: LAUNCHBOX_PS4, STEAM, VERIFIED_PS4_SIBLING.",https://gamesdb.launchbox-app.com/games/details/32951,https://gamesdb.launchbox-app.com/games/details/34217,ADD,,avalanche-studios,Avalanche Studios,https://gamesdb.launchbox-app.com/games/details/32951 | https://gamesdb.launchbox-app.com/games/details/34217,,,2026-09-05,company-credit-ps4-pal-rapid-review-2026-09-05
ps4-just-cause-3-includes-the-weaponized-vehicle-pack,Just Cause 3 [Includes The Weaponized Vehicle Pack],Just Cause 3 [Includes The Weaponized Vehicle Pack],PAL España,standard,BUNDLE_OR_MULTI_PRODUCT,PHYSICAL_PUBLISHER_OR_DISTRIBUTOR,,Square Enix,HIGH,GAME_WORK | PS4_RELEASE | SAME_WORK_EDITION,ADD_OR_CONFIRM_CREDIT,"Coincidencia rápida: LAUNCHBOX_PS4, STEAM, VERIFIED_PAL_SIBLING.",https://gamesdb.launchbox-app.com/games/details/32951,https://gamesdb.launchbox-app.com/games/details/34217,ADD,,square-enix,Square Enix,https://gamesdb.launchbox-app.com/games/details/32951 | https://gamesdb.launchbox-app.com/games/details/34217,,,2026-09-05,company-credit-ps4-pal-rapid-review-2026-09-05
ps4-killer-frequency,Killer Frequency,Killer Frequency,PAL España,standard,GAME_OR_UNKNOWN,PHYSICAL_PUBLISHER_OR_DISTRIBUTOR,,Team17,HIGH,EXACT_TITLE_OR_EDITION_FAMILY,ADD_OR_CONFIRM_CREDIT,Crédito verificado para la obra base y aplicado únicamente a esta edición: Team17.,https://www.team17.com/games/killer-frequency/,,ADD,,team17,Team17,https://www.team17.com/games/killer-frequency/,,,2026-09-05,company-credit-ps4-pal-rapid-review-2026-09-05
ps4-killzone,Killzone,Killzone,PAL España,standard,GAME_OR_UNKNOWN,DEVELOPER,,Guerrilla Games,HIGH,EXACT_TITLE_OR_EDITION_FAMILY,ADD_OR_CONFIRM_CREDIT,Crédito verificado para la obra base y aplicado únicamente a esta edición: Guerrilla Games.,https://www.guerrilla-games.com/games,,ADD,,guerrilla-games,Guerrilla Games,https://www.guerrilla-games.com/games,,,2026-09-05,company-credit-ps4-pal-rapid-review-2026-09-05
ps4-killzone,Killzone,Killzone,PAL España,standard,GAME_OR_UNKNOWN,PHYSICAL_PUBLISHER_OR_DISTRIBUTOR,,Sony Computer Entertainment,HIGH,EXACT_TITLE_OR_EDITION_FAMILY,ADD_OR_CONFIRM_CREDIT,Crédito verificado para la obra base y aplicado únicamente a esta edición: Sony Computer Entertainment.,https://www.guerrilla-games.com/games,,ADD,,sony-interactive-entertainment,Sony Interactive Entertainment,https://www.guerrilla-games.com/games,,,2026-09-05,company-credit-ps4-pal-rapid-review-2026-09-05
ps4-kindom-hearts-hd-1-5-2-5-remix,Kindom Hearts HD 1.5 + 2.5 Remix,Kindom Hearts HD 1.5 + 2.5 Remix,PAL España,standard,GAME_OR_UNKNOWN,DEVELOPER,,Square Enix,HIGH,EXACT_TITLE_OR_EDITION_FAMILY,ADD_OR_CONFIRM_CREDIT,Crédito verificado para la obra base y aplicado únicamente a esta edición: Square Enix.,https://www.kingdomhearts.com/,,ADD,,square-enix,Square Enix,https://www.kingdomhearts.com/,,,2026-09-05,company-credit-ps4-pal-rapid-review-2026-09-05
ps4-kindom-hearts-hd-1-5-2-5-remix,Kindom Hearts HD 1.5 + 2.5 Remix,Kindom Hearts HD 1.5 + 2.5 Remix,PAL España,standard,GAME_OR_UNKNOWN,PHYSICAL_PUBLISHER_OR_DISTRIBUTOR,,Square Enix,HIGH,EXACT_TITLE_OR_EDITION_FAMILY,ADD_OR_CONFIRM_CREDIT,Crédito verificado para la obra base y aplicado únicamente a esta edición: Square Enix.,https://www.kingdomhearts.com/,,ADD,,square-enix,Square Enix,https://www.kingdomhearts.com/,,,2026-09-05,company-credit-ps4-pal-rapid-review-2026-09-05
ps4-kindom-hearts-hd-2-8,Kindom Hearts HD 2.8,Kindom Hearts HD 2.8,PAL España,standard,GAME_OR_UNKNOWN,DEVELOPER,,Square Enix,HIGH,EXACT_TITLE_OR_EDITION_FAMILY,ADD_OR_CONFIRM_CREDIT,Crédito verificado para la obra base y aplicado únicamente a esta edición: Square Enix.,https://www.kingdomhearts.com/,,ADD,,square-enix,Square Enix,https://www.kingdomhearts.com/,,,2026-09-05,company-credit-ps4-pal-rapid-review-2026-09-05
ps4-kindom-hearts-hd-2-8,Kindom Hearts HD 2.8,Kindom Hearts HD 2.8,PAL España,standard,GAME_OR_UNKNOWN,PHYSICAL_PUBLISHER_OR_DISTRIBUTOR,,Square Enix,HIGH,EXACT_TITLE_OR_EDITION_FAMILY,ADD_OR_CONFIRM_CREDIT,Crédito verificado para la obra base y aplicado únicamente a esta edición: Square Enix.,https://www.kingdomhearts.com/,,ADD,,square-enix,Square Enix,https://www.kingdomhearts.com/,,,2026-09-05,company-credit-ps4-pal-rapid-review-2026-09-05
ps4-king-of-fighters-2002-unlimited-match-collector%27s-edition,King Of Fighters 2002 Unlimited Match [Collector's Edition],King Of Fighters 2002 Unlimited Match [Collector's Edition],PAL España,standard,EDITION_VARIANT,DEVELOPER,,SNK,HIGH,EXACT_TITLE_OR_EDITION_FAMILY,ADD_OR_CONFIRM_CREDIT,Crédito verificado para la obra base y aplicado únicamente a esta edición: SNK.,https://www.snk-corp.co.jp/us/games/kof-xv/,,ADD,,snk,SNK Corporation,https://www.snk-corp.co.jp/us/games/kof-xv/,,,2026-09-05,company-credit-ps4-pal-rapid-review-2026-09-05
ps4-king-of-fighters-2002-unlimited-match-collector%27s-edition,King Of Fighters 2002 Unlimited Match [Collector's Edition],King Of Fighters 2002 Unlimited Match [Collector's Edition],PAL España,standard,EDITION_VARIANT,PHYSICAL_PUBLISHER_OR_DISTRIBUTOR,,SNK,HIGH,EXACT_TITLE_OR_EDITION_FAMILY,ADD_OR_CONFIRM_CREDIT,Crédito verificado para la obra base y aplicado únicamente a esta edición: SNK.,https://www.snk-corp.co.jp/us/games/kof-xv/,,ADD,,snk,SNK Corporation,https://www.snk-corp.co.jp/us/games/kof-xv/,,,2026-09-05,company-credit-ps4-pal-rapid-review-2026-09-05
ps4-king-of-fighters-xiii-global-match-collector%27s-edition,King Of Fighters XIII Global Match [Collector's Edition],King Of Fighters XIII Global Match [Collector's Edition],PAL España,standard,EDITION_VARIANT,DEVELOPER,,SNK,HIGH,EXACT_TITLE_OR_EDITION_FAMILY,ADD_OR_CONFIRM_CREDIT,Crédito verificado para la obra base y aplicado únicamente a esta edición: SNK.,https://www.snk-corp.co.jp/us/games/kof-xv/,,ADD,,snk,SNK Corporation,https://www.snk-corp.co.jp/us/games/kof-xv/,,,2026-09-05,company-credit-ps4-pal-rapid-review-2026-09-05
ps4-king-of-fighters-xiii-global-match-collector%27s-edition,King Of Fighters XIII Global Match [Collector's Edition],King Of Fighters XIII Global Match [Collector's Edition],PAL España,standard,EDITION_VARIANT,PHYSICAL_PUBLISHER_OR_DISTRIBUTOR,,SNK,HIGH,EXACT_TITLE_OR_EDITION_FAMILY,ADD_OR_CONFIRM_CREDIT,Crédito verificado para la obra base y aplicado únicamente a esta edición: SNK.,https://www.snk-corp.co.jp/us/games/kof-xv/,,ADD,,snk,SNK Corporation,https://www.snk-corp.co.jp/us/games/kof-xv/,,,2026-09-05,company-credit-ps4-pal-rapid-review-2026-09-05
ps4-king-of-fighters-xv-limited-collector%27s-edition,King Of Fighters XV [Limited Collector's Edition],King Of Fighters XV [Limited Collector's Edition],PAL España,standard,EDITION_VARIANT,DEVELOPER,,SNK,HIGH,EXACT_TITLE_OR_EDITION_FAMILY,ADD_OR_CONFIRM_CREDIT,Crédito verificado para la obra base y aplicado únicamente a esta edición: SNK.,https://www.snk-corp.co.jp/us/games/kof-xv/,,ADD,,snk,SNK Corporation,https://www.snk-corp.co.jp/us/games/kof-xv/,,,2026-09-05,company-credit-ps4-pal-rapid-review-2026-09-05
ps4-king-of-fighters-xv-omega-edition,King of Fighters XV [Omega Edition],King of Fighters XV [Omega Edition],PAL España,standard,GAME_OR_UNKNOWN,DEVELOPER,,SNK,HIGH,EXACT_TITLE_OR_EDITION_FAMILY,ADD_OR_CONFIRM_CREDIT,Crédito verificado para la obra base y aplicado únicamente a esta edición: SNK.,https://www.snk-corp.co.jp/us/games/kof-xv/,,ADD,,snk,SNK Corporation,https://www.snk-corp.co.jp/us/games/kof-xv/,,,2026-09-05,company-credit-ps4-pal-rapid-review-2026-09-05
ps4-king-of-fighters-xv-omega-edition,King of Fighters XV [Omega Edition],King of Fighters XV [Omega Edition],PAL España,standard,GAME_OR_UNKNOWN,PHYSICAL_PUBLISHER_OR_DISTRIBUTOR,,SNK,HIGH,EXACT_TITLE_OR_EDITION_FAMILY,ADD_OR_CONFIRM_CREDIT,Crédito verificado para la obra base y aplicado únicamente a esta edición: SNK.,https://www.snk-corp.co.jp/us/games/kof-xv/,,ADD,,snk,SNK Corporation,https://www.snk-corp.co.jp/us/games/kof-xv/,,,2026-09-05,company-credit-ps4-pal-rapid-review-2026-09-05
ps4-kingdom-of-arcadia,Kingdom of Arcadia,Kingdom of Arcadia,PAL España,standard,GAME_OR_UNKNOWN,DEVELOPER,,Ratalaika Games,HIGH,EXACT_TITLE_OR_EDITION_FAMILY,ADD_OR_CONFIRM_CREDIT,Crédito verificado para la obra base y aplicado únicamente a esta edición: Ratalaika Games.,https://www.eastasiasoft.com/games/Kingdom-of-Arcadia,,ADD,,ratalaika-games,Ratalaika Games,https://www.eastasiasoft.com/games/Kingdom-of-Arcadia,,,2026-09-05,company-credit-ps4-pal-rapid-review-2026-09-05
ps4-kingdom-of-arcadia,Kingdom of Arcadia,Kingdom of Arcadia,PAL España,standard,GAME_OR_UNKNOWN,PHYSICAL_PUBLISHER_OR_DISTRIBUTOR,,Eastasiasoft,HIGH,EXACT_TITLE_OR_EDITION_FAMILY,ADD_OR_CONFIRM_CREDIT,Crédito verificado para la obra base y aplicado únicamente a esta edición: Eastasiasoft.,https://www.eastasiasoft.com/games/Kingdom-of-Arcadia,,ADD,,eastasiasoft,EastAsiaSoft,https://www.eastasiasoft.com/games/Kingdom-of-Arcadia,,,2026-09-05,company-credit-ps4-pal-rapid-review-2026-09-05
ps4-kingdome-come-deliverance-royal-edition,Kingdome Come Deliverance [Royal Edition],Kingdome Come Deliverance [Royal Edition],PAL España,standard,GAME_OR_UNKNOWN,DEVELOPER,,Warhorse Studios,HIGH,EXACT_TITLE_OR_EDITION_FAMILY,ADD_OR_CONFIRM_CREDIT,Crédito verificado para la obra base y aplicado únicamente a esta edición: Warhorse Studios.,https://www.kingdomcomerpg.com/,,ADD,,warhorse-studios,Warhorse Studios,https://www.kingdomcomerpg.com/,,,2026-09-05,company-credit-ps4-pal-rapid-review-2026-09-05
ps4-kingdome-come-deliverance-royal-edition,Kingdome Come Deliverance [Royal Edition],Kingdome Come Deliverance [Royal Edition],PAL España,standard,GAME_OR_UNKNOWN,PHYSICAL_PUBLISHER_OR_DISTRIBUTOR,,Deep Silver,HIGH,EXACT_TITLE_OR_EDITION_FAMILY,ADD_OR_CONFIRM_CREDIT,Crédito verificado para la obra base y aplicado únicamente a esta edición: Deep Silver.,https://www.kingdomcomerpg.com/,,ADD,,deep-silver,Deep SIlver,https://www.kingdomcomerpg.com/,,,2026-09-05,company-credit-ps4-pal-rapid-review-2026-09-05
ps4-koa-and-the-five-pirates-of-mara-collector%27s-edition,Koa and the Five Pirates of Mara [Collector's Edition],Koa and the Five Pirates of Mara [Collector's Edition],PAL España,standard,EDITION_VARIANT,PHYSICAL_PUBLISHER_OR_DISTRIBUTOR,,Chibig,HIGH,GAME_WORK | PS4_RELEASE,ADD_OR_CONFIRM_CREDIT,"Coincidencia rápida: LAUNCHBOX_PS4, STEAM.",https://gamesdb.launchbox-app.com/games/details/475848,https://store.steampowered.com/app/1819450,ADD,,chibig,Chibig,https://gamesdb.launchbox-app.com/games/details/475848 | https://store.steampowered.com/app/1819450,,,2026-09-05,company-credit-ps4-pal-rapid-review-2026-09-05
ps4-koh-lanta,Koh-Lanta,Koh-Lanta,PAL España,standard,GAME_OR_UNKNOWN,DEVELOPER,,Magic Pockets,HIGH,EXACT_TITLE_OR_EDITION_FAMILY,ADD_OR_CONFIRM_CREDIT,Crédito verificado para la obra base y aplicado únicamente a esta edición: Magic Pockets.,https://www.microids.com/,,ADD,,magic-pockets,Magic Pockets,https://www.microids.com/,,,2026-09-05,company-credit-ps4-pal-rapid-review-2026-09-05
ps4-koh-lanta,Koh-Lanta,Koh-Lanta,PAL España,standard,GAME_OR_UNKNOWN,PHYSICAL_PUBLISHER_OR_DISTRIBUTOR,,Microids,HIGH,EXACT_TITLE_OR_EDITION_FAMILY,ADD_OR_CONFIRM_CREDIT,Crédito verificado para la obra base y aplicado únicamente a esta edición: Microids.,https://www.microids.com/,,ADD,,microids,Microids,https://www.microids.com/,,,2026-09-05,company-credit-ps4-pal-rapid-review-2026-09-05
ps4-konosuba-god%27s-blessing-on-this-wonderful-world-love-for-these-clothes-of-desire,Konosuba!: God's Blessing on this Wonderful World! Love For These Clothes Of Desire,Konosuba!: God's Blessing on this Wonderful World! Love For These Clothes Of Desire,PAL España,standard,GAME_OR_UNKNOWN,PHYSICAL_PUBLISHER_OR_DISTRIBUTOR,,PQube,HIGH,DIGITAL_PS4_EU | GAME_WORK,ADD_OR_CONFIRM_CREDIT,"Coincidencia rápida: PLAYSTATION_STORE, STEAM.",https://store.playstation.com/es-es/product/EP4293-CUSA41316_00-KONOSUBAGAME2PS4,https://store.steampowered.com/app/2349140,ADD,,pqube,PQube Ltd.,https://store.playstation.com/es-es/product/EP4293-CUSA41316_00-KONOSUBAGAME2PS4 | https://store.steampowered.com/app/2349140,,,2026-09-05,company-credit-ps4-pal-rapid-review-2026-09-05
ps4-kowloon-high-school-chronicle-limited-edition,Kowloon High-School Chronicle [Limited Edition],Kowloon High-School Chronicle [Limited Edition],PAL España,standard,EDITION_VARIANT,PHYSICAL_PUBLISHER_OR_DISTRIBUTOR,,PQube Ltd,HIGH,DIGITAL_PS4_EU | SAME_WORK_EDITION,ADD_OR_CONFIRM_CREDIT,"Coincidencia rápida: PLAYSTATION_STORE, VERIFIED_PAL_SIBLING.",https://store.playstation.com/es-es/product/EP4293-CUSA27034_00-KOWLOON0000EU010,,ADD,,pqube,PQube Ltd.,https://store.playstation.com/es-es/product/EP4293-CUSA27034_00-KOWLOON0000EU010,,,2026-09-05,company-credit-ps4-pal-rapid-review-2026-09-05
ps4-kromaia,Kromaia,Kromaia,PAL España,standard,GAME_OR_UNKNOWN,PHYSICAL_PUBLISHER_OR_DISTRIBUTOR,,Rising Star Games,HIGH,EXACT_TITLE_OR_EDITION_FAMILY,ADD_OR_CONFIRM_CREDIT,Crédito verificado para la obra base y aplicado únicamente a esta edición: Rising Star Games.,https://www.krakenempire.com/,,ADD,,rising-star-games,Rising Star Games limited,https://www.krakenempire.com/,,,2026-09-05,company-credit-ps4-pal-rapid-review-2026-09-05
ps4-kukoos-lost-pets,Kukoos Lost Pets,Kukoos Lost Pets,PAL España,standard,GAME_OR_UNKNOWN,DIGITAL_PUBLISHER,,AG PROGRAMAS DE COMPUTADORES LTDA ME,HIGH,DIGITAL_PS4_EU,ADD_OR_CONFIRM_CREDIT,Coincidencia rápida: PLAYSTATION_STORE.,https://store.playstation.com/es-es/product/EP1877-CUSA36593_00-KUKOOSBASEGAME00,,ADD,,ag-programas-de-computadores-ltda-me,AG PROGRAMAS DE COMPUTADORES LTDA ME,https://store.playstation.com/es-es/product/EP1877-CUSA36593_00-KUKOOSBASEGAME00,,,2026-09-05,company-credit-ps4-pal-rapid-review-2026-09-05
ps4-kung-fu-panda-showdown-of-legendary-legends,Kung Fu Panda Showdown of Legendary Legends,Kung Fu Panda Showdown of Legendary Legends,PAL España,standard,GAME_OR_UNKNOWN,PHYSICAL_PUBLISHER_OR_DISTRIBUTOR,,Little Orbit,HIGH,GAME_WORK | PS4_RELEASE,ADD_OR_CONFIRM_CREDIT,"Coincidencia rápida: LAUNCHBOX_PS4, STEAM.",https://gamesdb.launchbox-app.com/games/details/174833,https://store.steampowered.com/app/369230,ADD,,little-orbit,Little Orbit,https://gamesdb.launchbox-app.com/games/details/174833 | https://store.steampowered.com/app/369230,,,2026-09-05,company-credit-ps4-pal-rapid-review-2026-09-05
ps4-kyurinaga%27s-revenge,Kyurinaga's Revenge,Kyurinaga's Revenge,PAL España,standard,GAME_OR_UNKNOWN,PHYSICAL_PUBLISHER_OR_DISTRIBUTOR,,RECOTECHNOLOGY S.L.,HIGH,DIGITAL_PS4_EU | GAME_WORK,ADD_OR_CONFIRM_CREDIT,"Coincidencia rápida: PLAYSTATION_STORE, STEAM, WIKIDATA.",https://store.playstation.com/es-es/product/EP8904-CUSA04413_00-0000000000000003,https://store.steampowered.com/app/529580,ADD,,recotechnology-s-l,Recotechnology S.L.,https://store.playstation.com/es-es/product/EP8904-CUSA04413_00-0000000000000003 | https://store.steampowered.com/app/529580,,,2026-09-05,company-credit-ps4-pal-rapid-review-2026-09-05
ps4-lol-surprise-bbs-born-to-travel,L.O.L. Surprise! B.B.s BORN TO TRAVEL,L.O.L. Surprise! B.B.s BORN TO TRAVEL,PAL España,standard,GAME_OR_UNKNOWN,PHYSICAL_PUBLISHER_OR_DISTRIBUTOR,,Outright Games,HIGH,EXACT_TITLE_OR_EDITION_FAMILY,ADD_OR_CONFIRM_CREDIT,Crédito verificado para la obra base y aplicado únicamente a esta edición: Outright Games.,https://www.outrightgames.com/,,ADD,,outright-games,Outright Games LTD,https://www.outrightgames.com/,,,2026-09-05,company-credit-ps4-pal-rapid-review-2026-09-05
ps4-la-mulana-1-&amp;-2,La-Mulana 1 & 2,La-Mulana 1 & 2,PAL España,standard,GAME_OR_UNKNOWN,DEVELOPER,,NIGORO,HIGH,EXACT_TITLE_OR_EDITION_FAMILY,ADD_OR_CONFIRM_CREDIT,Crédito verificado para la obra base y aplicado únicamente a esta edición: NIGORO.,https://nisamerica.com/games/la-mulana-1-2/,,ADD,,nigoro,Nigoro,https://nisamerica.com/games/la-mulana-1-2/,,,2026-09-05,company-credit-ps4-pal-rapid-review-2026-09-05
ps4-la-mulana-1-&amp;-2,La-Mulana 1 & 2,La-Mulana 1 & 2,PAL España,standard,GAME_OR_UNKNOWN,PHYSICAL_PUBLISHER_OR_DISTRIBUTOR,,NIS America,HIGH,EXACT_TITLE_OR_EDITION_FAMILY,ADD_OR_CONFIRM_CREDIT,Crédito verificado para la obra base y aplicado únicamente a esta edición: NIS America.,https://nisamerica.com/games/la-mulana-1-2/,,ADD,,nis-america,NIS America,https://nisamerica.com/games/la-mulana-1-2/,,,2026-09-05,company-credit-ps4-pal-rapid-review-2026-09-05
ps4-la-mulana-1-&amp;-2-standard-edition,La-Mulana 1 & 2 [Standard Edition],La-Mulana 1 & 2 [Standard Edition],PAL España,standard,GAME_OR_UNKNOWN,DEVELOPER,,NIGORO,HIGH,EXACT_TITLE_OR_EDITION_FAMILY,ADD_OR_CONFIRM_CREDIT,Crédito verificado para la obra base y aplicado únicamente a esta edición: NIGORO.,https://nisamerica.com/games/la-mulana-1-2/,,ADD,,nigoro,Nigoro,https://nisamerica.com/games/la-mulana-1-2/,,,2026-09-05,company-credit-ps4-pal-rapid-review-2026-09-05
ps4-la-mulana-1-&amp;-2-standard-edition,La-Mulana 1 & 2 [Standard Edition],La-Mulana 1 & 2 [Standard Edition],PAL España,standard,GAME_OR_UNKNOWN,PHYSICAL_PUBLISHER_OR_DISTRIBUTOR,,NIS America,HIGH,EXACT_TITLE_OR_EDITION_FAMILY,ADD_OR_CONFIRM_CREDIT,Crédito verificado para la obra base y aplicado únicamente a esta edición: NIS America.,https://nisamerica.com/games/la-mulana-1-2/,,ADD,,nis-america,NIS America,https://nisamerica.com/games/la-mulana-1-2/,,,2026-09-05,company-credit-ps4-pal-rapid-review-2026-09-05
ps4-langrisser-i-&amp;-ii,Langrisser I & II,Langrisser I & II,PAL España,standard,GAME_OR_UNKNOWN,PHYSICAL_PUBLISHER_OR_DISTRIBUTOR,,NIS America,HIGH,DIGITAL_PS4_EU | GAME_WORK | PS4_RELEASE,ADD_OR_CONFIRM_CREDIT,"Coincidencia rápida: LAUNCHBOX_PS4, PLAYSTATION_STORE, STEAM, WIKIDATA.",https://gamesdb.launchbox-app.com/games/details/473472,https://store.playstation.com/es-es/product/EP1063-CUSA16130_00-LANGRISSERONETWO,ADD,,nis-america,NIS America,https://gamesdb.launchbox-app.com/games/details/473472 | https://store.playstation.com/es-es/product/EP1063-CUSA16130_00-LANGRISSERONETWO,,,2026-09-05,company-credit-ps4-pal-rapid-review-2026-09-05
ps4-langrisser-i-&amp;-ii-limited-edition,Langrisser I & II [Limited Edition],Langrisser I & II [Limited Edition],PAL España,standard,EDITION_VARIANT,PHYSICAL_PUBLISHER_OR_DISTRIBUTOR,,NIS America,HIGH,GAME_WORK | PS4_RELEASE,ADD_OR_CONFIRM_CREDIT,"Coincidencia rápida: LAUNCHBOX_PS4, STEAM, WIKIDATA.",https://gamesdb.launchbox-app.com/games/details/473472,https://store.steampowered.com/app/1060220,ADD,,nis-america,NIS America,https://gamesdb.launchbox-app.com/games/details/473472 | https://store.steampowered.com/app/1060220,,,2026-09-05,company-credit-ps4-pal-rapid-review-2026-09-05
ps4-last-blade-2,Last Blade 2,Last Blade 2,PAL España,standard,GAME_OR_UNKNOWN,PHYSICAL_PUBLISHER_OR_DISTRIBUTOR,,Pix'n Love,HIGH,EXACT_TITLE_OR_EDITION_FAMILY,ADD_OR_CONFIRM_CREDIT,Crédito verificado para la obra base y aplicado únicamente a esta edición: Pix'n Love.,https://www.snk-corp.co.jp/us/games/,,ADD,,pix-39-n-love,Pix 'n Love,https://www.snk-corp.co.jp/us/games/,,,2026-09-05,company-credit-ps4-pal-rapid-review-2026-09-05
ps4-last-blade-2-collector%27s-edition,Last Blade 2 [Collector's Edition],Last Blade 2 [Collector's Edition],PAL España,standard,EDITION_VARIANT,DEVELOPER,,SNK,HIGH,EXACT_TITLE_OR_EDITION_FAMILY,ADD_OR_CONFIRM_CREDIT,Crédito verificado para la obra base y aplicado únicamente a esta edición: SNK.,https://www.snk-corp.co.jp/us/games/,,ADD,,snk,SNK Corporation,https://www.snk-corp.co.jp/us/games/,,,2026-09-05,company-credit-ps4-pal-rapid-review-2026-09-05
ps4-last-blade-2-collector%27s-edition,Last Blade 2 [Collector's Edition],Last Blade 2 [Collector's Edition],PAL España,standard,EDITION_VARIANT,PHYSICAL_PUBLISHER_OR_DISTRIBUTOR,,Pix'n Love,HIGH,EXACT_TITLE_OR_EDITION_FAMILY,ADD_OR_CONFIRM_CREDIT,Crédito verificado para la obra base y aplicado únicamente a esta edición: Pix'n Love.,https://www.snk-corp.co.jp/us/games/,,ADD,,pix-39-n-love,Pix 'n Love,https://www.snk-corp.co.jp/us/games/,,,2026-09-05,company-credit-ps4-pal-rapid-review-2026-09-05
ps4-lawn-mowing-simulator-landmark-edition,Lawn Mowing Simulator: Landmark Edition,Lawn Mowing Simulator: Landmark Edition,PAL España,standard,GAME_OR_UNKNOWN,DEVELOPER,,Skyhook Games,HIGH,EXACT_TITLE_OR_EDITION_FAMILY,ADD_OR_CONFIRM_CREDIT,Crédito verificado para la obra base y aplicado únicamente a esta edición: Skyhook Games.,https://www.curvegames.com/games/lawn-mowing-simulator/,,ADD,,skyhook-games,Skyhook Games,https://www.curvegames.com/games/lawn-mowing-simulator/,,,2026-09-05,company-credit-ps4-pal-rapid-review-2026-09-05
ps4-lawn-mowing-simulator-landmark-edition,Lawn Mowing Simulator: Landmark Edition,Lawn Mowing Simulator: Landmark Edition,PAL España,standard,GAME_OR_UNKNOWN,PHYSICAL_PUBLISHER_OR_DISTRIBUTOR,,Curve Games,HIGH,EXACT_TITLE_OR_EDITION_FAMILY,ADD_OR_CONFIRM_CREDIT,Crédito verificado para la obra base y aplicado únicamente a esta edición: Curve Games.,https://www.curvegames.com/games/lawn-mowing-simulator/,,ADD,,curve-digital,Curve Digital,https://www.curvegames.com/games/lawn-mowing-simulator/,,,2026-09-05,company-credit-ps4-pal-rapid-review-2026-09-05
ps4-le-tour-de-france-2017,Le Tour de France 2017,Le Tour de France 2017,PAL España,standard,GAME_OR_UNKNOWN,DEVELOPER,,Cyanide Studio,HIGH,EXACT_TITLE_OR_EDITION_FAMILY,ADD_OR_CONFIRM_CREDIT,Crédito verificado para la obra base y aplicado únicamente a esta edición: Cyanide Studio.,https://www.cyanide-studio.com/games/,,ADD,,cyanide-studio,Cyanide Studio,https://www.cyanide-studio.com/games/,,,2026-09-05,company-credit-ps4-pal-rapid-review-2026-09-05
ps4-le-tour-de-france-2017,Le Tour de France 2017,Le Tour de France 2017,PAL España,standard,GAME_OR_UNKNOWN,PHYSICAL_PUBLISHER_OR_DISTRIBUTOR,,Focus Home Interactive,HIGH,EXACT_TITLE_OR_EDITION_FAMILY,ADD_OR_CONFIRM_CREDIT,Crédito verificado para la obra base y aplicado únicamente a esta edición: Focus Home Interactive.,https://www.cyanide-studio.com/games/,,ADD,,focus-home-interactive,Focus Home Interactive,https://www.cyanide-studio.com/games/,,,2026-09-05,company-credit-ps4-pal-rapid-review-2026-09-05
ps4-le-tour-de-france-season-2014,Le Tour de France Season 2014,Le Tour de France Season 2014,PAL España,standard,GAME_OR_UNKNOWN,DEVELOPER,,Cyanide Studio,HIGH,EXACT_TITLE_OR_EDITION_FAMILY,ADD_OR_CONFIRM_CREDIT,Crédito verificado para la obra base y aplicado únicamente a esta edición: Cyanide Studio.,https://www.cyanide-studio.com/games/,,ADD,,cyanide-studio,Cyanide Studio,https://www.cyanide-studio.com/games/,,,2026-09-05,company-credit-ps4-pal-rapid-review-2026-09-05
ps4-le-tour-de-france-season-2014,Le Tour de France Season 2014,Le Tour de France Season 2014,PAL España,standard,GAME_OR_UNKNOWN,PHYSICAL_PUBLISHER_OR_DISTRIBUTOR,,Focus Home Interactive,HIGH,EXACT_TITLE_OR_EDITION_FAMILY,ADD_OR_CONFIRM_CREDIT,Crédito verificado para la obra base y aplicado únicamente a esta edición: Focus Home Interactive.,https://www.cyanide-studio.com/games/,,ADD,,focus-home-interactive,Focus Home Interactive,https://www.cyanide-studio.com/games/,,,2026-09-05,company-credit-ps4-pal-rapid-review-2026-09-05
ps4-le-tour-de-france-season-2015,Le Tour de France Season 2015,Le Tour de France Season 2015,PAL España,standard,GAME_OR_UNKNOWN,DEVELOPER,,Cyanide Studio,HIGH,EXACT_TITLE_OR_EDITION_FAMILY,ADD_OR_CONFIRM_CREDIT,Crédito verificado para la obra base y aplicado únicamente a esta edición: Cyanide Studio.,https://www.cyanide-studio.com/games/,,ADD,,cyanide-studio,Cyanide Studio,https://www.cyanide-studio.com/games/,,,2026-09-05,company-credit-ps4-pal-rapid-review-2026-09-05
ps4-le-tour-de-france-season-2015,Le Tour de France Season 2015,Le Tour de France Season 2015,PAL España,standard,GAME_OR_UNKNOWN,PHYSICAL_PUBLISHER_OR_DISTRIBUTOR,,Focus Home Interactive,HIGH,EXACT_TITLE_OR_EDITION_FAMILY,ADD_OR_CONFIRM_CREDIT,Crédito verificado para la obra base y aplicado únicamente a esta edición: Focus Home Interactive.,https://www.cyanide-studio.com/games/,,ADD,,focus-home-interactive,Focus Home Interactive,https://www.cyanide-studio.com/games/,,,2026-09-05,company-credit-ps4-pal-rapid-review-2026-09-05
ps4-le-tour-de-france-season-2018,Le Tour de France Season 2018,Le Tour de France Season 2018,PAL España,standard,GAME_OR_UNKNOWN,DEVELOPER,,Cyanide Studio,HIGH,EXACT_TITLE_OR_EDITION_FAMILY,ADD_OR_CONFIRM_CREDIT,Crédito verificado para la obra base y aplicado únicamente a esta edición: Cyanide Studio.,https://www.cyanide-studio.com/games/,,ADD,,cyanide-studio,Cyanide Studio,https://www.cyanide-studio.com/games/,,,2026-09-05,company-credit-ps4-pal-rapid-review-2026-09-05
ps4-le-tour-de-france-season-2018,Le Tour de France Season 2018,Le Tour de France Season 2018,PAL España,standard,GAME_OR_UNKNOWN,PHYSICAL_PUBLISHER_OR_DISTRIBUTOR,,Focus Home Interactive,HIGH,EXACT_TITLE_OR_EDITION_FAMILY,ADD_OR_CONFIRM_CREDIT,Crédito verificado para la obra base y aplicado únicamente a esta edición: Focus Home Interactive.,https://www.cyanide-studio.com/games/,,ADD,,focus-home-interactive,Focus Home Interactive,https://www.cyanide-studio.com/games/,,,2026-09-05,company-credit-ps4-pal-rapid-review-2026-09-05
ps4-legend-of-heroes-trails-of-cold-steel-2,Legend of Heroes : Trails of Cold Steel 2,Legend of Heroes : Trails of Cold Steel 2,PAL España,standard,GAME_OR_UNKNOWN,DEVELOPER,,Nihon Falcom,HIGH,EXACT_TITLE_OR_EDITION_FAMILY,ADD_OR_CONFIRM_CREDIT,Crédito verificado para la obra base y aplicado únicamente a esta edición: Nihon Falcom.,https://www.nisamerica.com/games,,ADD,,nihon-falcom,Nihon Falcom Corporation,https://www.nisamerica.com/games,,,2026-09-05,company-credit-ps4-pal-rapid-review-2026-09-05
ps4-legend-of-heroes-trails-of-cold-steel-2,Legend of Heroes : Trails of Cold Steel 2,Legend of Heroes : Trails of Cold Steel 2,PAL España,standard,GAME_OR_UNKNOWN,PHYSICAL_PUBLISHER_OR_DISTRIBUTOR,,NIS America,HIGH,EXACT_TITLE_OR_EDITION_FAMILY,ADD_OR_CONFIRM_CREDIT,Crédito verificado para la obra base y aplicado únicamente a esta edición: NIS America.,https://www.nisamerica.com/games,,ADD,,nis-america,NIS America,https://www.nisamerica.com/games,,,2026-09-05,company-credit-ps4-pal-rapid-review-2026-09-05
ps4-legend-of-heroes-trails-from-zero-limited-edition,Legend of Heroes: Trails from Zero [Limited Edition],Legend of Heroes: Trails from Zero [Limited Edition],PAL España,standard,EDITION_VARIANT,DEVELOPER,,Nihon Falcom,HIGH,EXACT_TITLE_OR_EDITION_FAMILY,ADD_OR_CONFIRM_CREDIT,Crédito verificado para la obra base y aplicado únicamente a esta edición: Nihon Falcom.,https://www.nisamerica.com/games,,ADD,,nihon-falcom,Nihon Falcom Corporation,https://www.nisamerica.com/games,,,2026-09-05,company-credit-ps4-pal-rapid-review-2026-09-05
ps4-legend-of-heroes-trails-from-zero-limited-edition,Legend of Heroes: Trails from Zero [Limited Edition],Legend of Heroes: Trails from Zero [Limited Edition],PAL España,standard,EDITION_VARIANT,PHYSICAL_PUBLISHER_OR_DISTRIBUTOR,,NIS America,HIGH,EXACT_TITLE_OR_EDITION_FAMILY,ADD_OR_CONFIRM_CREDIT,Crédito verificado para la obra base y aplicado únicamente a esta edición: NIS America.,https://www.nisamerica.com/games,,ADD,,nis-america,NIS America,https://www.nisamerica.com/games,,,2026-09-05,company-credit-ps4-pal-rapid-review-2026-09-05
ps4-legend-of-heroes-trails-into-reverie,Legend of Heroes: Trails Into Reverie,Legend of Heroes: Trails Into Reverie,PAL España,standard,GAME_OR_UNKNOWN,DEVELOPER,,Nihon Falcom,HIGH,EXACT_TITLE_OR_EDITION_FAMILY,ADD_OR_CONFIRM_CREDIT,Crédito verificado para la obra base y aplicado únicamente a esta edición: Nihon Falcom.,https://www.nisamerica.com/games,,ADD,,nihon-falcom,Nihon Falcom Corporation,https://www.nisamerica.com/games,,,2026-09-05,company-credit-ps4-pal-rapid-review-2026-09-05
ps4-legend-of-heroes-trails-through-daybreak-deluxe-edition,Legend Of Heroes: Trails Through Daybreak [Deluxe Edition],Legend Of Heroes: Trails Through Daybreak [Deluxe Edition],PAL España,standard,EDITION_VARIANT,PHYSICAL_PUBLISHER_OR_DISTRIBUTOR,,NIS America,HIGH,EXACT_TITLE_OR_EDITION_FAMILY,ADD_OR_CONFIRM_CREDIT,Crédito verificado para la obra base y aplicado únicamente a esta edición: NIS America.,https://www.nisamerica.com/games,,ADD,,nis-america,NIS America,https://www.nisamerica.com/games,,,2026-09-05,company-credit-ps4-pal-rapid-review-2026-09-05
ps4-legendary-eleven,Legendary Eleven,Legendary Eleven,PAL España,standard,GAME_OR_UNKNOWN,DEVELOPER,,Eclipse Games,HIGH,EXACT_TITLE_OR_EDITION_FAMILY,ADD_OR_CONFIRM_CREDIT,Crédito verificado para la obra base y aplicado únicamente a esta edición: Eclipse Games.,https://www.eclipsegames.net/,,ADD,,eclipse-games,Eclipse Games,https://www.eclipsegames.net/,,,2026-09-05,company-credit-ps4-pal-rapid-review-2026-09-05
ps4-legendary-eleven,Legendary Eleven,Legendary Eleven,PAL España,standard,GAME_OR_UNKNOWN,PHYSICAL_PUBLISHER_OR_DISTRIBUTOR,,BadLand Publishing,HIGH,EXACT_TITLE_OR_EDITION_FAMILY,ADD_OR_CONFIRM_CREDIT,Crédito verificado para la obra base y aplicado únicamente a esta edición: BadLand Publishing.,https://www.eclipsegames.net/,,ADD,,badland-publishing,BadLand Publishing,https://www.eclipsegames.net/,,,2026-09-05,company-credit-ps4-pal-rapid-review-2026-09-05
ps4-legendary-fishing,Legendary Fishing,Legendary Fishing,PAL España,standard,GAME_OR_UNKNOWN,DEVELOPER,,SIMS,HIGH,EXACT_TITLE_OR_EDITION_FAMILY,ADD_OR_CONFIRM_CREDIT,Crédito verificado para la obra base y aplicado únicamente a esta edición: SIMS.,https://www.ubisoft.com/,,ADD,,sims,Sims,https://www.ubisoft.com/,,,2026-09-05,company-credit-ps4-pal-rapid-review-2026-09-05
ps4-legendary-fishing,Legendary Fishing,Legendary Fishing,PAL España,standard,GAME_OR_UNKNOWN,PHYSICAL_PUBLISHER_OR_DISTRIBUTOR,,Ubisoft,HIGH,EXACT_TITLE_OR_EDITION_FAMILY,ADD_OR_CONFIRM_CREDIT,Crédito verificado para la obra base y aplicado únicamente a esta edición: Ubisoft.,https://www.ubisoft.com/,,ADD,,ubisoft,Ubisoft,https://www.ubisoft.com/,,,2026-09-05,company-credit-ps4-pal-rapid-review-2026-09-05
ps4-lego-2k-drive,LEGO 2K Drive,LEGO 2K Drive,PAL España,standard,GAME_OR_UNKNOWN,PHYSICAL_PUBLISHER_OR_DISTRIBUTOR,,Warner Bros. Interactive Entertainment,HIGH,EXACT_TITLE_OR_EDITION_FAMILY,ADD_OR_CONFIRM_CREDIT,Crédito verificado para la obra base y aplicado únicamente a esta edición: Warner Bros. Interactive Entertainment.,https://www.ttgames.com/games,,ADD,,warner-bros-interactive-entertainment,Warner Bros. Interactive Entertainment,https://www.ttgames.com/games,,,2026-09-05,company-credit-ps4-pal-rapid-review-2026-09-05
ps4-lego-2k-drive-awesome-edition,LEGO 2K Drive [Awesome Edition],LEGO 2K Drive [Awesome Edition],PAL España,standard,GAME_OR_UNKNOWN,PHYSICAL_PUBLISHER_OR_DISTRIBUTOR,,Warner Bros. Interactive Entertainment,HIGH,EXACT_TITLE_OR_EDITION_FAMILY,ADD_OR_CONFIRM_CREDIT,Crédito verificado para la obra base y aplicado únicamente a esta edición: Warner Bros. Interactive Entertainment.,https://www.ttgames.com/games,,ADD,,warner-bros-interactive-entertainment,Warner Bros. Interactive Entertainment,https://www.ttgames.com/games,,,2026-09-05,company-credit-ps4-pal-rapid-review-2026-09-05
ps4-lego-avengers,Lego Avengers,Lego Avengers,PAL España,standard,GAME_OR_UNKNOWN,DEVELOPER,TT Games,TT Games,HIGH,EXACT_TITLE_OR_EDITION_FAMILY,ADD_OR_CONFIRM_CREDIT,Crédito verificado para la obra base y aplicado únicamente a esta edición: TT Games.,https://www.ttgames.com/games,,CONFIRM,TT Games,tt-games,TT Games Ltd,https://www.ttgames.com/games,,,2026-09-05,company-credit-ps4-pal-rapid-review-2026-09-05
ps4-lego-avengers,Lego Avengers,Lego Avengers,PAL España,standard,GAME_OR_UNKNOWN,PHYSICAL_PUBLISHER_OR_DISTRIBUTOR,WB Games,Warner Bros. Interactive Entertainment,HIGH,EXACT_TITLE_OR_EDITION_FAMILY,ADD_OR_CONFIRM_CREDIT,Crédito verificado para la obra base y aplicado únicamente a esta edición: Warner Bros. Interactive Entertainment.,https://www.ttgames.com/games,,REPLACE,WB Games,warner-bros-interactive-entertainment,Warner Bros. Interactive Entertainment,https://www.ttgames.com/games,,,2026-09-05,company-credit-ps4-pal-rapid-review-2026-09-05
ps4-lego-batman-3-mas-alla-de-gotham-ps-hits,Lego Batman 3 : Más allá de Gotham PS HITS,Lego Batman 3 : Más allá de Gotham PS HITS,PAL España,standard,EDITION_VARIANT,DEVELOPER,,TT Games,HIGH,EXACT_TITLE_OR_EDITION_FAMILY,ADD_OR_CONFIRM_CREDIT,Crédito verificado para la obra base y aplicado únicamente a esta edición: TT Games.,https://www.ttgames.com/games,,ADD,,tt-games,TT Games Ltd,https://www.ttgames.com/games,,,2026-09-05,company-credit-ps4-pal-rapid-review-2026-09-05
ps4-lego-batman-3-mas-alla-de-gotham-ps-hits,Lego Batman 3 : Más allá de Gotham PS HITS,Lego Batman 3 : Más allá de Gotham PS HITS,PAL España,standard,EDITION_VARIANT,PHYSICAL_PUBLISHER_OR_DISTRIBUTOR,,Warner Bros. Interactive Entertainment,HIGH,EXACT_TITLE_OR_EDITION_FAMILY,ADD_OR_CONFIRM_CREDIT,Crédito verificado para la obra base y aplicado únicamente a esta edición: Warner Bros. Interactive Entertainment.,https://www.ttgames.com/games,,ADD,,warner-bros-interactive-entertainment,Warner Bros. Interactive Entertainment,https://www.ttgames.com/games,,,2026-09-05,company-credit-ps4-pal-rapid-review-2026-09-05
ps4-lego-coleccion-harry-potter,Lego Colección Harry Potter,Lego Colección Harry Potter,PAL España,standard,GAME_OR_UNKNOWN,DEVELOPER,,TT Games,HIGH,EXACT_TITLE_OR_EDITION_FAMILY,ADD_OR_CONFIRM_CREDIT,Crédito verificado para la obra base y aplicado únicamente a esta edición: TT Games.,https://www.ttgames.com/games,,ADD,,tt-games,TT Games Ltd,https://www.ttgames.com/games,,,2026-09-05,company-credit-ps4-pal-rapid-review-2026-09-05
ps4-lego-coleccion-harry-potter,Lego Colección Harry Potter,Lego Colección Harry Potter,PAL España,standard,GAME_OR_UNKNOWN,PHYSICAL_PUBLISHER_OR_DISTRIBUTOR,,Warner Bros. Interactive Entertainment,HIGH,EXACT_TITLE_OR_EDITION_FAMILY,ADD_OR_CONFIRM_CREDIT,Crédito verificado para la obra base y aplicado únicamente a esta edición: Warner Bros. Interactive Entertainment.,https://www.ttgames.com/games,,ADD,,warner-bros-interactive-entertainment,Warner Bros. Interactive Entertainment,https://www.ttgames.com/games,,,2026-09-05,company-credit-ps4-pal-rapid-review-2026-09-05
ps4-lego-dc-super-villains-&amp;-lego-batman-movie-double-pack,LEGO DC Super Villains & Lego Batman Movie Double Pack,LEGO DC Super Villains & Lego Batman Movie Double Pack,PAL España,standard,POSSIBLE_COMPILATION_OR_MULTI_PRODUCT,DEVELOPER,TT Games,TT Games,HIGH,EXACT_TITLE_OR_EDITION_FAMILY,ADD_OR_CONFIRM_CREDIT,Crédito verificado para la obra base y aplicado únicamente a esta edición: TT Games.,https://www.ttgames.com/games,,CONFIRM,TT Games,tt-games,TT Games Ltd,https://www.ttgames.com/games,,,2026-09-05,company-credit-ps4-pal-rapid-review-2026-09-05
ps4-lego-dc-super-villanos,Lego DC Super Villanos,Lego DC Super Villanos,PAL España,standard,GAME_OR_UNKNOWN,DEVELOPER,,TT Games,HIGH,EXACT_TITLE_OR_EDITION_FAMILY,ADD_OR_CONFIRM_CREDIT,Crédito verificado para la obra base y aplicado únicamente a esta edición: TT Games.,https://www.ttgames.com/games,,ADD,,tt-games,TT Games Ltd,https://www.ttgames.com/games,,,2026-09-05,company-credit-ps4-pal-rapid-review-2026-09-05
ps4-lego-dc-super-villanos,Lego DC Super Villanos,Lego DC Super Villanos,PAL España,standard,GAME_OR_UNKNOWN,PHYSICAL_PUBLISHER_OR_DISTRIBUTOR,,Warner Bros. Interactive Entertainment,HIGH,EXACT_TITLE_OR_EDITION_FAMILY,ADD_OR_CONFIRM_CREDIT,Crédito verificado para la obra base y aplicado únicamente a esta edición: Warner Bros. Interactive Entertainment.,https://www.ttgames.com/games,,ADD,,warner-bros-interactive-entertainment,Warner Bros. Interactive Entertainment,https://www.ttgames.com/games,,,2026-09-05,company-credit-ps4-pal-rapid-review-2026-09-05
ps4-lego-dc-super-villains-minifigure-bundle,LEGO DC Super-Villains [Minifigure Bundle],LEGO DC Super-Villains [Minifigure Bundle],PAL España,standard,BUNDLE_OR_MULTI_PRODUCT,DEVELOPER,,TT Games,HIGH,EXACT_TITLE_OR_EDITION_FAMILY,ADD_OR_CONFIRM_CREDIT,Crédito verificado para la obra base y aplicado únicamente a esta edición: TT Games.,https://www.ttgames.com/games,,ADD,,tt-games,TT Games Ltd,https://www.ttgames.com/games,,,2026-09-05,company-credit-ps4-pal-rapid-review-2026-09-05
ps4-lego-el-hobbit,Lego El Hobbit,Lego El Hobbit,PAL España,standard,GAME_OR_UNKNOWN,DEVELOPER,,TT Games,HIGH,EXACT_TITLE_OR_EDITION_FAMILY,ADD_OR_CONFIRM_CREDIT,Crédito verificado para la obra base y aplicado únicamente a esta edición: TT Games.,https://www.ttgames.com/games,,ADD,,tt-games,TT Games Ltd,https://www.ttgames.com/games,,,2026-09-05,company-credit-ps4-pal-rapid-review-2026-09-05
ps4-lego-el-hobbit,Lego El Hobbit,Lego El Hobbit,PAL España,standard,GAME_OR_UNKNOWN,PHYSICAL_PUBLISHER_OR_DISTRIBUTOR,,Warner Bros. Interactive Entertainment,HIGH,EXACT_TITLE_OR_EDITION_FAMILY,ADD_OR_CONFIRM_CREDIT,Crédito verificado para la obra base y aplicado únicamente a esta edición: Warner Bros. Interactive Entertainment.,https://www.ttgames.com/games,,ADD,,warner-bros-interactive-entertainment,Warner Bros. Interactive Entertainment,https://www.ttgames.com/games,,,2026-09-05,company-credit-ps4-pal-rapid-review-2026-09-05
ps4-lego-harry-potter-collection,LEGO Harry Potter Collection,LEGO Harry Potter Collection,PAL España,standard,POSSIBLE_COMPILATION_OR_MULTI_PRODUCT,DEVELOPER,TT Games,TT Games,HIGH,EXACT_TITLE_OR_EDITION_FAMILY,ADD_OR_CONFIRM_CREDIT,Crédito verificado para la obra base y aplicado únicamente a esta edición: TT Games.,https://www.ttgames.com/games,,CONFIRM,TT Games,tt-games,TT Games Ltd,https://www.ttgames.com/games,,,2026-09-05,company-credit-ps4-pal-rapid-review-2026-09-05
ps4-lego-jurassic-world-amazon,LEGO Jurassic World [Amazon],LEGO Jurassic World [Amazon],PAL España,standard,GAME_OR_UNKNOWN,DEVELOPER,,TT Games,HIGH,EXACT_TITLE_OR_EDITION_FAMILY,ADD_OR_CONFIRM_CREDIT,Crédito verificado para la obra base y aplicado únicamente a esta edición: TT Games.,https://www.ttgames.com/games,,ADD,,tt-games,TT Games Ltd,https://www.ttgames.com/games,,,2026-09-05,company-credit-ps4-pal-rapid-review-2026-09-05
ps4-lego-jurassic-world-amazon,LEGO Jurassic World [Amazon],LEGO Jurassic World [Amazon],PAL España,standard,GAME_OR_UNKNOWN,PHYSICAL_PUBLISHER_OR_DISTRIBUTOR,,Warner Bros. Interactive Entertainment,HIGH,EXACT_TITLE_OR_EDITION_FAMILY,ADD_OR_CONFIRM_CREDIT,Crédito verificado para la obra base y aplicado únicamente a esta edición: Warner Bros. Interactive Entertainment.,https://www.ttgames.com/games,,ADD,,warner-bros-interactive-entertainment,Warner Bros. Interactive Entertainment,https://www.ttgames.com/games,,,2026-09-05,company-credit-ps4-pal-rapid-review-2026-09-05
ps4-lego-la-lego-pelicula,Lego La Lego Película,Lego La Lego Película,PAL España,standard,GAME_OR_UNKNOWN,DEVELOPER,,TT Games,HIGH,EXACT_TITLE_OR_EDITION_FAMILY,ADD_OR_CONFIRM_CREDIT,Crédito verificado para la obra base y aplicado únicamente a esta edición: TT Games.,https://www.ttgames.com/games,,ADD,,tt-games,TT Games Ltd,https://www.ttgames.com/games,,,2026-09-05,company-credit-ps4-pal-rapid-review-2026-09-05
ps4-lego-la-lego-pelicula,Lego La Lego Película,Lego La Lego Película,PAL España,standard,GAME_OR_UNKNOWN,PHYSICAL_PUBLISHER_OR_DISTRIBUTOR,,Warner Bros. Interactive Entertainment,HIGH,EXACT_TITLE_OR_EDITION_FAMILY,ADD_OR_CONFIRM_CREDIT,Crédito verificado para la obra base y aplicado únicamente a esta edición: Warner Bros. Interactive Entertainment.,https://www.ttgames.com/games,,ADD,,warner-bros-interactive-entertainment,Warner Bros. Interactive Entertainment,https://www.ttgames.com/games,,,2026-09-05,company-credit-ps4-pal-rapid-review-2026-09-05
ps4-lego-la-lego-pelicula-2,Lego La Lego Película 2,Lego La Lego Película 2,PAL España,standard,GAME_OR_UNKNOWN,DEVELOPER,,TT Games,HIGH,EXACT_TITLE_OR_EDITION_FAMILY,ADD_OR_CONFIRM_CREDIT,Crédito verificado para la obra base y aplicado únicamente a esta edición: TT Games.,https://www.ttgames.com/games,,ADD,,tt-games,TT Games Ltd,https://www.ttgames.com/games,,,2026-09-05,company-credit-ps4-pal-rapid-review-2026-09-05
ps4-lego-la-lego-pelicula-2,Lego La Lego Película 2,Lego La Lego Película 2,PAL España,standard,GAME_OR_UNKNOWN,PHYSICAL_PUBLISHER_OR_DISTRIBUTOR,,Warner Bros. Interactive Entertainment,HIGH,EXACT_TITLE_OR_EDITION_FAMILY,ADD_OR_CONFIRM_CREDIT,Crédito verificado para la obra base y aplicado únicamente a esta edición: Warner Bros. Interactive Entertainment.,https://www.ttgames.com/games,,ADD,,warner-bros-interactive-entertainment,Warner Bros. Interactive Entertainment,https://www.ttgames.com/games,,,2026-09-05,company-credit-ps4-pal-rapid-review-2026-09-05
ps4-lego-los-increibles,Lego Los Increibles,Lego Los Increibles,PAL España,standard,GAME_OR_UNKNOWN,DEVELOPER,,TT Games,HIGH,EXACT_TITLE_OR_EDITION_FAMILY,ADD_OR_CONFIRM_CREDIT,Crédito verificado para la obra base y aplicado únicamente a esta edición: TT Games.,https://www.ttgames.com/games,,ADD,,tt-games,TT Games Ltd,https://www.ttgames.com/games,,,2026-09-05,company-credit-ps4-pal-rapid-review-2026-09-05
ps4-lego-los-increibles,Lego Los Increibles,Lego Los Increibles,PAL España,standard,GAME_OR_UNKNOWN,PHYSICAL_PUBLISHER_OR_DISTRIBUTOR,,Warner Bros. Interactive Entertainment,HIGH,EXACT_TITLE_OR_EDITION_FAMILY,ADD_OR_CONFIRM_CREDIT,Crédito verificado para la obra base y aplicado únicamente a esta edición: Warner Bros. Interactive Entertainment.,https://www.ttgames.com/games,,ADD,,warner-bros-interactive-entertainment,Warner Bros. Interactive Entertainment,https://www.ttgames.com/games,,,2026-09-05,company-credit-ps4-pal-rapid-review-2026-09-05
ps4-lego-marvel-collection,Lego Marvel Collection,Lego Marvel Collection,PAL España,standard,POSSIBLE_COMPILATION_OR_MULTI_PRODUCT,DEVELOPER,TT Games,TT Games,HIGH,EXACT_TITLE_OR_EDITION_FAMILY,ADD_OR_CONFIRM_CREDIT,Crédito verificado para la obra base y aplicado únicamente a esta edición: TT Games.,https://www.ttgames.com/games,,CONFIRM,TT Games,tt-games,TT Games Ltd,https://www.ttgames.com/games,,,2026-09-05,company-credit-ps4-pal-rapid-review-2026-09-05
ps4-lego-marvel-collection,Lego Marvel Collection,Lego Marvel Collection,PAL España,standard,POSSIBLE_COMPILATION_OR_MULTI_PRODUCT,PHYSICAL_PUBLISHER_OR_DISTRIBUTOR,WB Games,Warner Bros. Interactive Entertainment,HIGH,EXACT_TITLE_OR_EDITION_FAMILY,ADD_OR_CONFIRM_CREDIT,Crédito verificado para la obra base y aplicado únicamente a esta edición: Warner Bros. Interactive Entertainment.,https://www.ttgames.com/games,,REPLACE,WB Games,warner-bros-interactive-entertainment,Warner Bros. Interactive Entertainment,https://www.ttgames.com/games,,,2026-09-05,company-credit-ps4-pal-rapid-review-2026-09-05
ps4-lego-marvel%27s-avengers-figure-bundle,LEGO Marvel's Avengers [Figure Bundle],LEGO Marvel's Avengers [Figure Bundle],PAL España,standard,BUNDLE_OR_MULTI_PRODUCT,DEVELOPER,,TT Games,HIGH,EXACT_TITLE_OR_EDITION_FAMILY,ADD_OR_CONFIRM_CREDIT,Crédito verificado para la obra base y aplicado únicamente a esta edición: TT Games.,https://www.ttgames.com/games,,ADD,,tt-games,TT Games Ltd,https://www.ttgames.com/games,,,2026-09-05,company-credit-ps4-pal-rapid-review-2026-09-05
ps4-lego-marvel%27s-avengers-figure-bundle,LEGO Marvel's Avengers [Figure Bundle],LEGO Marvel's Avengers [Figure Bundle],PAL España,standard,BUNDLE_OR_MULTI_PRODUCT,PHYSICAL_PUBLISHER_OR_DISTRIBUTOR,,Warner Bros. Interactive Entertainment,HIGH,EXACT_TITLE_OR_EDITION_FAMILY,ADD_OR_CONFIRM_CREDIT,Crédito verificado para la obra base y aplicado únicamente a esta edición: Warner Bros. Interactive Entertainment.,https://www.ttgames.com/games,,ADD,,warner-bros-interactive-entertainment,Warner Bros. Interactive Entertainment,https://www.ttgames.com/games,,,2026-09-05,company-credit-ps4-pal-rapid-review-2026-09-05
ps4-lego-movie-2-game-&amp;-film-double-pack,LEGO Movie 2 Game & Film Double Pack,LEGO Movie 2 Game & Film Double Pack,PAL España,standard,POSSIBLE_COMPILATION_OR_MULTI_PRODUCT,DEVELOPER,,TT Games,HIGH,EXACT_TITLE_OR_EDITION_FAMILY,ADD_OR_CONFIRM_CREDIT,Crédito verificado para la obra base y aplicado únicamente a esta edición: TT Games.,https://www.ttgames.com/games,,ADD,,tt-games,TT Games Ltd,https://www.ttgames.com/games,,,2026-09-05,company-credit-ps4-pal-rapid-review-2026-09-05
ps4-lego-movie-2-videogame-limited-edition,LEGO Movie 2 Videogame [Limited Edition],LEGO Movie 2 Videogame [Limited Edition],PAL España,standard,EDITION_VARIANT,DEVELOPER,,TT Games,HIGH,EXACT_TITLE_OR_EDITION_FAMILY,ADD_OR_CONFIRM_CREDIT,Crédito verificado para la obra base y aplicado únicamente a esta edición: TT Games.,https://www.ttgames.com/games,,ADD,,tt-games,TT Games Ltd,https://www.ttgames.com/games,,,2026-09-05,company-credit-ps4-pal-rapid-review-2026-09-05
ps4-lego-movie-2-videogame-limited-edition,LEGO Movie 2 Videogame [Limited Edition],LEGO Movie 2 Videogame [Limited Edition],PAL España,standard,EDITION_VARIANT,PHYSICAL_PUBLISHER_OR_DISTRIBUTOR,,Warner Bros. Interactive Entertainment,HIGH,EXACT_TITLE_OR_EDITION_FAMILY,ADD_OR_CONFIRM_CREDIT,Crédito verificado para la obra base y aplicado únicamente a esta edición: Warner Bros. Interactive Entertainment.,https://www.ttgames.com/games,,ADD,,warner-bros-interactive-entertainment,Warner Bros. Interactive Entertainment,https://www.ttgames.com/games,,,2026-09-05,company-credit-ps4-pal-rapid-review-2026-09-05
ps4-lego-ninjago,Lego NinjaGO,Lego NinjaGO,PAL España,standard,GAME_OR_UNKNOWN,DEVELOPER,TT Games,TT Games,HIGH,EXACT_TITLE_OR_EDITION_FAMILY,ADD_OR_CONFIRM_CREDIT,Crédito verificado para la obra base y aplicado únicamente a esta edición: TT Games.,https://www.ttgames.com/games,,CONFIRM,TT Games,tt-games,TT Games Ltd,https://www.ttgames.com/games,,,2026-09-05,company-credit-ps4-pal-rapid-review-2026-09-05
ps4-lego-ninjago,Lego NinjaGO,Lego NinjaGO,PAL España,standard,GAME_OR_UNKNOWN,PHYSICAL_PUBLISHER_OR_DISTRIBUTOR,WB Games,Warner Bros. Interactive Entertainment,HIGH,EXACT_TITLE_OR_EDITION_FAMILY,ADD_OR_CONFIRM_CREDIT,Crédito verificado para la obra base y aplicado únicamente a esta edición: Warner Bros. Interactive Entertainment.,https://www.ttgames.com/games,,REPLACE,WB Games,warner-bros-interactive-entertainment,Warner Bros. Interactive Entertainment,https://www.ttgames.com/games,,,2026-09-05,company-credit-ps4-pal-rapid-review-2026-09-05
ps4-lego-ninjago-game-&amp;-film-double-pack,LEGO Ninjago Game & Film Double Pack,LEGO Ninjago Game & Film Double Pack,PAL España,standard,POSSIBLE_COMPILATION_OR_MULTI_PRODUCT,DEVELOPER,TT Games,TT Games,HIGH,EXACT_TITLE_OR_EDITION_FAMILY,ADD_OR_CONFIRM_CREDIT,Crédito verificado para la obra base y aplicado únicamente a esta edición: TT Games.,https://www.ttgames.com/games,,CONFIRM,TT Games,tt-games,TT Games Ltd,https://www.ttgames.com/games,,,2026-09-05,company-credit-ps4-pal-rapid-review-2026-09-05
ps4-lego-star-wars-el-despertar-de-la-fuerza,Lego Star Wars : El despertar de la fuerza,Lego Star Wars : El despertar de la fuerza,PAL España,standard,GAME_OR_UNKNOWN,DEVELOPER,,TT Games,HIGH,EXACT_TITLE_OR_EDITION_FAMILY,ADD_OR_CONFIRM_CREDIT,Crédito verificado para la obra base y aplicado únicamente a esta edición: TT Games.,https://www.ttgames.com/games,,ADD,,tt-games,TT Games Ltd,https://www.ttgames.com/games,,,2026-09-05,company-credit-ps4-pal-rapid-review-2026-09-05
ps4-lego-star-wars-el-despertar-de-la-fuerza,Lego Star Wars : El despertar de la fuerza,Lego Star Wars : El despertar de la fuerza,PAL España,standard,GAME_OR_UNKNOWN,PHYSICAL_PUBLISHER_OR_DISTRIBUTOR,,Warner Bros. Interactive Entertainment,HIGH,EXACT_TITLE_OR_EDITION_FAMILY,ADD_OR_CONFIRM_CREDIT,Crédito verificado para la obra base y aplicado únicamente a esta edición: Warner Bros. Interactive Entertainment.,https://www.ttgames.com/games,,ADD,,warner-bros-interactive-entertainment,Warner Bros. Interactive Entertainment,https://www.ttgames.com/games,,,2026-09-05,company-credit-ps4-pal-rapid-review-2026-09-05
ps4-lego-super-heroes,Lego Super Heroes,Lego Super Heroes,PAL España,standard,GAME_OR_UNKNOWN,DEVELOPER,TT Games,TT Games,HIGH,EXACT_TITLE_OR_EDITION_FAMILY,ADD_OR_CONFIRM_CREDIT,Crédito verificado para la obra base y aplicado únicamente a esta edición: TT Games.,https://www.ttgames.com/games,,CONFIRM,TT Games,tt-games,TT Games Ltd,https://www.ttgames.com/games,,,2026-09-05,company-credit-ps4-pal-rapid-review-2026-09-05
ps4-lego-super-heroes,Lego Super Heroes,Lego Super Heroes,PAL España,standard,GAME_OR_UNKNOWN,PHYSICAL_PUBLISHER_OR_DISTRIBUTOR,WB Games,Warner Bros. Interactive Entertainment,HIGH,EXACT_TITLE_OR_EDITION_FAMILY,ADD_OR_CONFIRM_CREDIT,Crédito verificado para la obra base y aplicado únicamente a esta edición: Warner Bros. Interactive Entertainment.,https://www.ttgames.com/games,,REPLACE,WB Games,warner-bros-interactive-entertainment,Warner Bros. Interactive Entertainment,https://www.ttgames.com/games,,,2026-09-05,company-credit-ps4-pal-rapid-review-2026-09-05
ps4-lego-super-heroes-2,Lego Super Heroes 2,Lego Super Heroes 2,PAL España,standard,GAME_OR_UNKNOWN,DEVELOPER,TT Games,TT Games,HIGH,EXACT_TITLE_OR_EDITION_FAMILY,ADD_OR_CONFIRM_CREDIT,Crédito verificado para la obra base y aplicado únicamente a esta edición: TT Games.,https://www.ttgames.com/games,,CONFIRM,TT Games,tt-games,TT Games Ltd,https://www.ttgames.com/games,,,2026-09-05,company-credit-ps4-pal-rapid-review-2026-09-05
ps4-lego-super-heroes-2,Lego Super Heroes 2,Lego Super Heroes 2,PAL España,standard,GAME_OR_UNKNOWN,PHYSICAL_PUBLISHER_OR_DISTRIBUTOR,WB Games,Warner Bros. Interactive Entertainment,HIGH,EXACT_TITLE_OR_EDITION_FAMILY,ADD_OR_CONFIRM_CREDIT,Crédito verificado para la obra base y aplicado únicamente a esta edición: Warner Bros. Interactive Entertainment.,https://www.ttgames.com/games,,REPLACE,WB Games,warner-bros-interactive-entertainment,Warner Bros. Interactive Entertainment,https://www.ttgames.com/games,,,2026-09-05,company-credit-ps4-pal-rapid-review-2026-09-05
ps4-lego-the-hobbit-figure-bundle,LEGO The Hobbit [Figure Bundle],LEGO The Hobbit [Figure Bundle],PAL España,standard,BUNDLE_OR_MULTI_PRODUCT,DEVELOPER,,TT Games,HIGH,EXACT_TITLE_OR_EDITION_FAMILY,ADD_OR_CONFIRM_CREDIT,Crédito verificado para la obra base y aplicado únicamente a esta edición: TT Games.,https://www.ttgames.com/games,,ADD,,tt-games,TT Games Ltd,https://www.ttgames.com/games,,,2026-09-05,company-credit-ps4-pal-rapid-review-2026-09-05
ps4-lego-the-hobbit-figure-bundle,LEGO The Hobbit [Figure Bundle],LEGO The Hobbit [Figure Bundle],PAL España,standard,BUNDLE_OR_MULTI_PRODUCT,PHYSICAL_PUBLISHER_OR_DISTRIBUTOR,,Warner Bros. Interactive Entertainment,HIGH,EXACT_TITLE_OR_EDITION_FAMILY,ADD_OR_CONFIRM_CREDIT,Crédito verificado para la obra base y aplicado únicamente a esta edición: Warner Bros. Interactive Entertainment.,https://www.ttgames.com/games,,ADD,,warner-bros-interactive-entertainment,Warner Bros. Interactive Entertainment,https://www.ttgames.com/games,,,2026-09-05,company-credit-ps4-pal-rapid-review-2026-09-05
ps4-lego-the-incredibles,LEGO The Incredibles,LEGO The Incredibles,PAL España,standard,GAME_OR_UNKNOWN,PHYSICAL_PUBLISHER_OR_DISTRIBUTOR,WB Games,Warner Bros. Interactive Entertainment,HIGH,EXACT_TITLE_OR_EDITION_FAMILY,ADD_OR_CONFIRM_CREDIT,Crédito verificado para la obra base y aplicado únicamente a esta edición: Warner Bros. Interactive Entertainment.,https://www.ttgames.com/games,,REPLACE,WB Games,warner-bros-interactive-entertainment,Warner Bros. Interactive Entertainment,https://www.ttgames.com/games,,,2026-09-05,company-credit-ps4-pal-rapid-review-2026-09-05
ps4-lego-the-incredibles-toy-edition,LEGO The Incredibles [Toy Edition],LEGO The Incredibles [Toy Edition],PAL España,standard,GAME_OR_UNKNOWN,PHYSICAL_PUBLISHER_OR_DISTRIBUTOR,,Warner Bros. Interactive Entertainment,HIGH,EXACT_TITLE_OR_EDITION_FAMILY,ADD_OR_CONFIRM_CREDIT,Crédito verificado para la obra base y aplicado únicamente a esta edición: Warner Bros. Interactive Entertainment.,https://www.ttgames.com/games,,ADD,,warner-bros-interactive-entertainment,Warner Bros. Interactive Entertainment,https://www.ttgames.com/games,,,2026-09-05,company-credit-ps4-pal-rapid-review-2026-09-05
ps4-lego-vengadores,Lego Vengadores,Lego Vengadores,PAL España,standard,GAME_OR_UNKNOWN,DEVELOPER,,TT Games,HIGH,EXACT_TITLE_OR_EDITION_FAMILY,ADD_OR_CONFIRM_CREDIT,Crédito verificado para la obra base y aplicado únicamente a esta edición: TT Games.,https://www.ttgames.com/games,,ADD,,tt-games,TT Games Ltd,https://www.ttgames.com/games,,,2026-09-05,company-credit-ps4-pal-rapid-review-2026-09-05
ps4-lego-vengadores,Lego Vengadores,Lego Vengadores,PAL España,standard,GAME_OR_UNKNOWN,PHYSICAL_PUBLISHER_OR_DISTRIBUTOR,,Warner Bros. Interactive Entertainment,HIGH,EXACT_TITLE_OR_EDITION_FAMILY,ADD_OR_CONFIRM_CREDIT,Crédito verificado para la obra base y aplicado únicamente a esta edición: Warner Bros. Interactive Entertainment.,https://www.ttgames.com/games,,ADD,,warner-bros-interactive-entertainment,Warner Bros. Interactive Entertainment,https://www.ttgames.com/games,,,2026-09-05,company-credit-ps4-pal-rapid-review-2026-09-05
ps4-les-sisters-show-devant,Les Sisters: Show Devant,Les Sisters: Show Devant,PAL España,standard,GAME_OR_UNKNOWN,DEVELOPER,,Balio Studio,HIGH,EXACT_TITLE_OR_EDITION_FAMILY,ADD_OR_CONFIRM_CREDIT,Crédito verificado para la obra base y aplicado únicamente a esta edición: Balio Studio.,https://www.microids.com/,,ADD,,balio-studio,Balio Studio,https://www.microids.com/,,,2026-09-05,company-credit-ps4-pal-rapid-review-2026-09-05
ps4-les-sisters-show-devant,Les Sisters: Show Devant,Les Sisters: Show Devant,PAL España,standard,GAME_OR_UNKNOWN,PHYSICAL_PUBLISHER_OR_DISTRIBUTOR,,Microids,HIGH,EXACT_TITLE_OR_EDITION_FAMILY,ADD_OR_CONFIRM_CREDIT,Crédito verificado para la obra base y aplicado únicamente a esta edición: Microids.,https://www.microids.com/,,ADD,,microids,Microids,https://www.microids.com/,,,2026-09-05,company-credit-ps4-pal-rapid-review-2026-09-05
ps4-let%27s-build-a-zoo,Let's Build A Zoo,Let's Build A Zoo,PAL España,standard,GAME_OR_UNKNOWN,PHYSICAL_PUBLISHER_OR_DISTRIBUTOR,,No More Robots,HIGH,GAME_WORK | PS4_RELEASE,ADD_OR_CONFIRM_CREDIT,"Coincidencia rápida: LAUNCHBOX_PS4, STEAM, WIKIDATA.",https://gamesdb.launchbox-app.com/games/details/473434,https://store.steampowered.com/app/1547890,ADD,,no-more-robots,No More Robots,https://gamesdb.launchbox-app.com/games/details/473434 | https://store.steampowered.com/app/1547890,,,2026-09-05,company-credit-ps4-pal-rapid-review-2026-09-05
ps4-let%27s-sing-abba,Let's Sing - ABBA,Let's Sing - ABBA,PAL España,standard,GAME_OR_UNKNOWN,PHYSICAL_PUBLISHER_OR_DISTRIBUTOR,,Plaion,HIGH,EXACT_TITLE_OR_EDITION_FAMILY,ADD_OR_CONFIRM_CREDIT,Crédito verificado para la obra base y aplicado únicamente a esta edición: Plaion.,https://lets-sing.com/,,ADD,,plaion,Plaion,https://lets-sing.com/,,,2026-09-05,company-credit-ps4-pal-rapid-review-2026-09-05
ps4-let%27s-sing-2016,Let's Sing 2016,Let's Sing 2016,PAL España,standard,GAME_OR_UNKNOWN,DEVELOPER,,Voxler,HIGH,EXACT_TITLE_OR_EDITION_FAMILY,ADD_OR_CONFIRM_CREDIT,Crédito verificado para la obra base y aplicado únicamente a esta edición: Voxler.,https://lets-sing.com/,,ADD,,voxler,Voxler SAS,https://lets-sing.com/,,,2026-09-05,company-credit-ps4-pal-rapid-review-2026-09-05
ps4-let%27s-sing-2016,Let's Sing 2016,Let's Sing 2016,PAL España,standard,GAME_OR_UNKNOWN,PHYSICAL_PUBLISHER_OR_DISTRIBUTOR,,Plaion,HIGH,EXACT_TITLE_OR_EDITION_FAMILY,ADD_OR_CONFIRM_CREDIT,Crédito verificado para la obra base y aplicado únicamente a esta edición: Plaion.,https://lets-sing.com/,,ADD,,plaion,Plaion,https://lets-sing.com/,,,2026-09-05,company-credit-ps4-pal-rapid-review-2026-09-05
ps4-let%27s-sing-2017,Let's Sing 2017,Let's Sing 2017,PAL España,standard,GAME_OR_UNKNOWN,DEVELOPER,,Voxler,HIGH,EXACT_TITLE_OR_EDITION_FAMILY,ADD_OR_CONFIRM_CREDIT,Crédito verificado para la obra base y aplicado únicamente a esta edición: Voxler.,https://lets-sing.com/,,ADD,,voxler,Voxler SAS,https://lets-sing.com/,,,2026-09-05,company-credit-ps4-pal-rapid-review-2026-09-05
ps4-let%27s-sing-2017,Let's Sing 2017,Let's Sing 2017,PAL España,standard,GAME_OR_UNKNOWN,PHYSICAL_PUBLISHER_OR_DISTRIBUTOR,,Plaion,HIGH,EXACT_TITLE_OR_EDITION_FAMILY,ADD_OR_CONFIRM_CREDIT,Crédito verificado para la obra base y aplicado únicamente a esta edición: Plaion.,https://lets-sing.com/,,ADD,,plaion,Plaion,https://lets-sing.com/,,,2026-09-05,company-credit-ps4-pal-rapid-review-2026-09-05
ps4-let%27s-sing-2018,Let's Sing 2018,Let's Sing 2018,PAL España,standard,GAME_OR_UNKNOWN,DEVELOPER,,Voxler,HIGH,EXACT_TITLE_OR_EDITION_FAMILY,ADD_OR_CONFIRM_CREDIT,Crédito verificado para la obra base y aplicado únicamente a esta edición: Voxler.,https://lets-sing.com/,,ADD,,voxler,Voxler SAS,https://lets-sing.com/,,,2026-09-05,company-credit-ps4-pal-rapid-review-2026-09-05
ps4-let%27s-sing-2018,Let's Sing 2018,Let's Sing 2018,PAL España,standard,GAME_OR_UNKNOWN,PHYSICAL_PUBLISHER_OR_DISTRIBUTOR,,Plaion,HIGH,EXACT_TITLE_OR_EDITION_FAMILY,ADD_OR_CONFIRM_CREDIT,Crédito verificado para la obra base y aplicado únicamente a esta edición: Plaion.,https://lets-sing.com/,,ADD,,plaion,Plaion,https://lets-sing.com/,,,2026-09-05,company-credit-ps4-pal-rapid-review-2026-09-05
ps4-let%27s-sing-2022,Let's Sing 2022,Let's Sing 2022,PAL España,standard,GAME_OR_UNKNOWN,DEVELOPER,,Voxler,HIGH,EXACT_TITLE_OR_EDITION_FAMILY,ADD_OR_CONFIRM_CREDIT,Crédito verificado para la obra base y aplicado únicamente a esta edición: Voxler.,https://lets-sing.com/,,ADD,,voxler,Voxler SAS,https://lets-sing.com/,,,2026-09-05,company-credit-ps4-pal-rapid-review-2026-09-05
ps4-let%27s-sing-2022,Let's Sing 2022,Let's Sing 2022,PAL España,standard,GAME_OR_UNKNOWN,PHYSICAL_PUBLISHER_OR_DISTRIBUTOR,,Plaion,HIGH,EXACT_TITLE_OR_EDITION_FAMILY,ADD_OR_CONFIRM_CREDIT,Crédito verificado para la obra base y aplicado únicamente a esta edición: Plaion.,https://lets-sing.com/,,ADD,,plaion,Plaion,https://lets-sing.com/,,,2026-09-05,company-credit-ps4-pal-rapid-review-2026-09-05
ps4-let%27s-sing-2024,Let's Sing 2024,Let's Sing 2024,PAL España,standard,GAME_OR_UNKNOWN,DEVELOPER,,Voxler,HIGH,EXACT_TITLE_OR_EDITION_FAMILY,ADD_OR_CONFIRM_CREDIT,Crédito verificado para la obra base y aplicado únicamente a esta edición: Voxler.,https://lets-sing.com/,,ADD,,voxler,Voxler SAS,https://lets-sing.com/,,,2026-09-05,company-credit-ps4-pal-rapid-review-2026-09-05
ps4-let%27s-sing-2024,Let's Sing 2024,Let's Sing 2024,PAL España,standard,GAME_OR_UNKNOWN,PHYSICAL_PUBLISHER_OR_DISTRIBUTOR,,Plaion,HIGH,EXACT_TITLE_OR_EDITION_FAMILY,ADD_OR_CONFIRM_CREDIT,Crédito verificado para la obra base y aplicado únicamente a esta edición: Plaion.,https://lets-sing.com/,,ADD,,plaion,Plaion,https://lets-sing.com/,,,2026-09-05,company-credit-ps4-pal-rapid-review-2026-09-05
ps4-let%27s-sing-2024-mic-pack,Let's Sing 2024 [Mic Pack],Let's Sing 2024 [Mic Pack],PAL España,standard,BUNDLE_OR_MULTI_PRODUCT,DEVELOPER,,Voxler,HIGH,EXACT_TITLE_OR_EDITION_FAMILY,ADD_OR_CONFIRM_CREDIT,Crédito verificado para la obra base y aplicado únicamente a esta edición: Voxler.,https://lets-sing.com/,,ADD,,voxler,Voxler SAS,https://lets-sing.com/,,,2026-09-05,company-credit-ps4-pal-rapid-review-2026-09-05
ps4-let%27s-sing-2024-mic-pack,Let's Sing 2024 [Mic Pack],Let's Sing 2024 [Mic Pack],PAL España,standard,BUNDLE_OR_MULTI_PRODUCT,PHYSICAL_PUBLISHER_OR_DISTRIBUTOR,,Plaion,HIGH,EXACT_TITLE_OR_EDITION_FAMILY,ADD_OR_CONFIRM_CREDIT,Crédito verificado para la obra base y aplicado únicamente a esta edición: Plaion.,https://lets-sing.com/,,ADD,,plaion,Plaion,https://lets-sing.com/,,,2026-09-05,company-credit-ps4-pal-rapid-review-2026-09-05
ps4-let%27s-sing-2025-2-mic-pack,Let's Sing 2025 [2 Mic Pack],Let's Sing 2025 [2 Mic Pack],PAL España,standard,BUNDLE_OR_MULTI_PRODUCT,DEVELOPER,,Voxler,HIGH,EXACT_TITLE_OR_EDITION_FAMILY,ADD_OR_CONFIRM_CREDIT,Crédito verificado para la obra base y aplicado únicamente a esta edición: Voxler.,https://lets-sing.com/,,ADD,,voxler,Voxler SAS,https://lets-sing.com/,,,2026-09-05,company-credit-ps4-pal-rapid-review-2026-09-05
ps4-let%27s-sing-2025-2-mic-pack,Let's Sing 2025 [2 Mic Pack],Let's Sing 2025 [2 Mic Pack],PAL España,standard,BUNDLE_OR_MULTI_PRODUCT,PHYSICAL_PUBLISHER_OR_DISTRIBUTOR,,Plaion,HIGH,EXACT_TITLE_OR_EDITION_FAMILY,ADD_OR_CONFIRM_CREDIT,Crédito verificado para la obra base y aplicado únicamente a esta edición: Plaion.,https://lets-sing.com/,,ADD,,plaion,Plaion,https://lets-sing.com/,,,2026-09-05,company-credit-ps4-pal-rapid-review-2026-09-05
ps4-let%27s-sing-queen-double-mic-bundle,Let's Sing: Queen [Double Mic Bundle],Let's Sing: Queen [Double Mic Bundle],PAL España,standard,BUNDLE_OR_MULTI_PRODUCT,DEVELOPER,Voxler SAS,Voxler,HIGH,EXACT_TITLE_OR_EDITION_FAMILY,ADD_OR_CONFIRM_CREDIT,Crédito verificado para la obra base y aplicado únicamente a esta edición: Voxler.,https://lets-sing.com/,,REPLACE,Voxler SAS,voxler,Voxler SAS,https://lets-sing.com/,,,2026-09-05,company-credit-ps4-pal-rapid-review-2026-09-05
ps4-levantate-all-stars,Levantate: All Stars,Levantate: All Stars,PAL España,standard,GAME_OR_UNKNOWN,DEVELOPER,,WildSphere,HIGH,EXACT_TITLE_OR_EDITION_FAMILY,ADD_OR_CONFIRM_CREDIT,Crédito verificado para la obra base y aplicado únicamente a esta edición: WildSphere.,https://www.wildsphere.es/,,ADD,,wild-sphere,Wild Sphere,https://www.wildsphere.es/,,,2026-09-05,company-credit-ps4-pal-rapid-review-2026-09-05
ps4-levantate-all-stars,Levantate: All Stars,Levantate: All Stars,PAL España,standard,GAME_OR_UNKNOWN,PHYSICAL_PUBLISHER_OR_DISTRIBUTOR,,Sony Computer Entertainment España,HIGH,EXACT_TITLE_OR_EDITION_FAMILY,ADD_OR_CONFIRM_CREDIT,Crédito verificado para la obra base y aplicado únicamente a esta edición: Sony Computer Entertainment España.,https://www.wildsphere.es/,,ADD,,sony-computer-entertainment-espana,Sony Computer Entertainment España,https://www.wildsphere.es/,,,2026-09-05,company-credit-ps4-pal-rapid-review-2026-09-05
ps4-liar-princess-and-the-blind-prince,Liar Princess and the Blind Prince,Liar Princess and the Blind Prince,PAL España,standard,GAME_OR_UNKNOWN,DIGITAL_PUBLISHER,,NIS America,HIGH,DIGITAL_PS4_EU,ADD_OR_CONFIRM_CREDIT,Coincidencia rápida: PLAYSTATION_STORE.,https://store.playstation.com/es-es/product/EP1063-CUSA13198_00-USOTSUKIHIME0001,,ADD,,nis-america,NIS America,https://store.playstation.com/es-es/product/EP1063-CUSA13198_00-USOTSUKIHIME0001,,,2026-09-05,company-credit-ps4-pal-rapid-review-2026-09-05
ps4-lies-of-p,Lies of P,Lies of P,PAL España,standard,GAME_OR_UNKNOWN,PHYSICAL_PUBLISHER_OR_DISTRIBUTOR,,NEOWIZ,HIGH,GAME_WORK | PS4_RELEASE,ADD_OR_CONFIRM_CREDIT,"Coincidencia rápida: LAUNCHBOX_PS4, STEAM.",https://gamesdb.launchbox-app.com/games/details/442268,https://store.steampowered.com/app/1627720,ADD,,neowiz,Neowiz,https://gamesdb.launchbox-app.com/games/details/442268 | https://store.steampowered.com/app/1627720,,,2026-09-05,company-credit-ps4-pal-rapid-review-2026-09-05
ps4-lies-of-p-deluxe-edition,Lies of P [Deluxe Edition],Lies of P [Deluxe Edition],PAL España,standard,EDITION_VARIANT,PHYSICAL_PUBLISHER_OR_DISTRIBUTOR,,NEOWIZ,HIGH,GAME_WORK | PS4_RELEASE,ADD_OR_CONFIRM_CREDIT,"Coincidencia rápida: LAUNCHBOX_PS4, STEAM.",https://gamesdb.launchbox-app.com/games/details/442268,https://store.steampowered.com/app/1627720,ADD,,neowiz,Neowiz,https://gamesdb.launchbox-app.com/games/details/442268 | https://store.steampowered.com/app/1627720,,,2026-09-05,company-credit-ps4-pal-rapid-review-2026-09-05
ps4-liftoff-drone-racing-deluxe-edition,Liftoff: Drone Racing [Deluxe Edition],Liftoff: Drone Racing [Deluxe Edition],PAL España,standard,EDITION_VARIANT,DEVELOPER,,LuGus Studios,HIGH,EXACT_TITLE_OR_EDITION_FAMILY,ADD_OR_CONFIRM_CREDIT,Crédito verificado para la obra base y aplicado únicamente a esta edición: LuGus Studios.,https://www.liftoff-game.com/,,ADD,,lugus-studios,LuGus Studios,https://www.liftoff-game.com/,,,2026-09-05,company-credit-ps4-pal-rapid-review-2026-09-05
ps4-liftoff-drone-racing-deluxe-edition,Liftoff: Drone Racing [Deluxe Edition],Liftoff: Drone Racing [Deluxe Edition],PAL España,standard,EDITION_VARIANT,PHYSICAL_PUBLISHER_OR_DISTRIBUTOR,,Astragon Entertainment,HIGH,EXACT_TITLE_OR_EDITION_FAMILY,ADD_OR_CONFIRM_CREDIT,Crédito verificado para la obra base y aplicado únicamente a esta edición: Astragon Entertainment.,https://www.liftoff-game.com/,,ADD,,astragon,Astragon,https://www.liftoff-game.com/,,,2026-09-05,company-credit-ps4-pal-rapid-review-2026-09-05
ps4-little-dragons-cafe,Little Dragons Cafe,Little Dragons Cafe,PAL España,standard,GAME_OR_UNKNOWN,DIGITAL_PUBLISHER,,Thunderful Games Ltd,HIGH,DIGITAL_PS4_EU,ADD_OR_CONFIRM_CREDIT,Coincidencia rápida: PLAYSTATION_STORE.,https://store.playstation.com/es-es/product/EP4034-CUSA13063_00-LITTLEDRAGONSEU0,,ADD,,thunderful-games-ltd,Thunderful Games Ltd,https://store.playstation.com/es-es/product/EP4034-CUSA13063_00-LITTLEDRAGONSEU0,,,2026-09-05,company-credit-ps4-pal-rapid-review-2026-09-05
ps4-little-nightmares-complete-edition,Little Nightmares Complete Edition,Little Nightmares Complete Edition,PAL España,standard,EDITION_VARIANT,PHYSICAL_PUBLISHER_OR_DISTRIBUTOR,,BANDAI NAMCO Entertainment,HIGH,GAME_WORK | PS4_RELEASE | SAME_WORK_EDITION,ADD_OR_CONFIRM_CREDIT,"Coincidencia rápida: LAUNCHBOX_PS4, STEAM, VERIFIED_PAL_SIBLING.",https://gamesdb.launchbox-app.com/games/details/151300,https://store.steampowered.com/app/424840,ADD,,bandai-namco-entertainment,Bandai Namco Entertainment,https://gamesdb.launchbox-app.com/games/details/151300 | https://store.steampowered.com/app/424840,,,2026-09-05,company-credit-ps4-pal-rapid-review-2026-09-05
ps4-little-nightmares-i-&amp;-ii,Little Nightmares I & II,Little Nightmares I & II,PAL España,standard,GAME_OR_UNKNOWN,DEVELOPER,,Tarsier Studios,HIGH,EXACT_TITLE_OR_EDITION_FAMILY,ADD_OR_CONFIRM_CREDIT,Crédito verificado para la obra base y aplicado únicamente a esta edición: Tarsier Studios.,https://en.bandainamcoent.eu/little-nightmares,,ADD,,tarsier-studios,Tarsier Studios,https://en.bandainamcoent.eu/little-nightmares,,,2026-09-05,company-credit-ps4-pal-rapid-review-2026-09-05
ps4-little-witch-nobeta,Little Witch Nobeta,Little Witch Nobeta,PAL España,standard,GAME_OR_UNKNOWN,DIGITAL_PUBLISHER,,Reef Entertainment,HIGH,DIGITAL_PS4_EU,ADD_OR_CONFIRM_CREDIT,Coincidencia rápida: PLAYSTATION_STORE.,https://store.playstation.com/es-es/product/EP4060-CUSA39431_00-4570888309068266,,ADD,,reef-entertainment,Reef Entertainment,https://store.playstation.com/es-es/product/EP4060-CUSA39431_00-4570888309068266,,,2026-09-05,company-credit-ps4-pal-rapid-review-2026-09-05
ps4-looney-tunes-wacky-world-of-sports,Looney Tunes: Wacky World Of Sports,Looney Tunes: Wacky World Of Sports,PAL España,standard,GAME_OR_UNKNOWN,PHYSICAL_PUBLISHER_OR_DISTRIBUTOR,,GameMill Entertainment,HIGH,GAME_WORK | PS4_RELEASE,ADD_OR_CONFIRM_CREDIT,"Coincidencia rápida: LAUNCHBOX_PS4, STEAM.",https://gamesdb.launchbox-app.com/games/details/475900,https://store.steampowered.com/app/2330430,ADD,,gamemill-entertainment,GameMill Entertainment,https://gamesdb.launchbox-app.com/games/details/475900 | https://store.steampowered.com/app/2330430,,,2026-09-05,company-credit-ps4-pal-rapid-review-2026-09-05
ps4-lord-of-the-rings-gollum,Lord of the Rings: Gollum,Lord of the Rings: Gollum,PAL España,standard,GAME_OR_UNKNOWN,DEVELOPER,,Daedalic Entertainment,HIGH,EXACT_TITLE_OR_EDITION_FAMILY,ADD_OR_CONFIRM_CREDIT,Crédito verificado para la obra base y aplicado únicamente a esta edición: Daedalic Entertainment.,https://www.nacongaming.com/en-GB/the-lord-of-the-rings-gollum,,ADD,,daedalic-entertainment,Daedalic Entertainment,https://www.nacongaming.com/en-GB/the-lord-of-the-rings-gollum,,,2026-09-05,company-credit-ps4-pal-rapid-review-2026-09-05
ps4-lord-of-the-rings-gollum,Lord of the Rings: Gollum,Lord of the Rings: Gollum,PAL España,standard,GAME_OR_UNKNOWN,PHYSICAL_PUBLISHER_OR_DISTRIBUTOR,,Nacon,HIGH,EXACT_TITLE_OR_EDITION_FAMILY,ADD_OR_CONFIRM_CREDIT,Crédito verificado para la obra base y aplicado únicamente a esta edición: Nacon.,https://www.nacongaming.com/en-GB/the-lord-of-the-rings-gollum,,ADD,,nacon,Nacon,https://www.nacongaming.com/en-GB/the-lord-of-the-rings-gollum,,,2026-09-05,company-credit-ps4-pal-rapid-review-2026-09-05
ps4-lord-winklebottom-investigates,Lord Winklebottom Investigates,Lord Winklebottom Investigates,PAL España,standard,GAME_OR_UNKNOWN,PHYSICAL_PUBLISHER_OR_DISTRIBUTOR,,Cave Monsters,HIGH,EXACT_TITLE_OR_EDITION_FAMILY,ADD_OR_CONFIRM_CREDIT,Crédito verificado para la obra base y aplicado únicamente a esta edición: Cave Monsters.,https://www.lordwinklebottom.com/,,ADD,,cave-monsters,Cave Monsters,https://www.lordwinklebottom.com/,,,2026-09-05,company-credit-ps4-pal-rapid-review-2026-09-05
ps4-lords-of-the-fallen-game-of-the-year,Lords of the Fallen [Game of the Year],Lords of the Fallen [Game of the Year],PAL España,standard,GAME_OR_UNKNOWN,DEVELOPER,,CI Games,HIGH,EXACT_TITLE_OR_EDITION_FAMILY,ADD_OR_CONFIRM_CREDIT,Crédito verificado para la obra base y aplicado únicamente a esta edición: CI Games.,https://lordsofthefallen.com/,,ADD,,ci-games,CI Games,https://lordsofthefallen.com/,,,2026-09-05,company-credit-ps4-pal-rapid-review-2026-09-05
ps4-lords-of-the-fallen-game-of-the-year,Lords of the Fallen [Game of the Year],Lords of the Fallen [Game of the Year],PAL España,standard,GAME_OR_UNKNOWN,PHYSICAL_PUBLISHER_OR_DISTRIBUTOR,,CI Games,HIGH,EXACT_TITLE_OR_EDITION_FAMILY,ADD_OR_CONFIRM_CREDIT,Crédito verificado para la obra base y aplicado únicamente a esta edición: CI Games.,https://lordsofthefallen.com/,,ADD,,ci-games,CI Games,https://lordsofthefallen.com/,,,2026-09-05,company-credit-ps4-pal-rapid-review-2026-09-05
ps4-lords-of-the-fallen-complete-edition,Lords of the Fallen Complete Edition,Lords of the Fallen Complete Edition,PAL España,standard,EDITION_VARIANT,DEVELOPER,,CI Games,HIGH,EXACT_TITLE_OR_EDITION_FAMILY,ADD_OR_CONFIRM_CREDIT,Crédito verificado para la obra base y aplicado únicamente a esta edición: CI Games.,https://lordsofthefallen.com/,,ADD,,ci-games,CI Games,https://lordsofthefallen.com/,,,2026-09-05,company-credit-ps4-pal-rapid-review-2026-09-05
ps4-lords-of-the-fallen-complete-edition,Lords of the Fallen Complete Edition,Lords of the Fallen Complete Edition,PAL España,standard,EDITION_VARIANT,PHYSICAL_PUBLISHER_OR_DISTRIBUTOR,,CI Games,HIGH,EXACT_TITLE_OR_EDITION_FAMILY,ADD_OR_CONFIRM_CREDIT,Crédito verificado para la obra base y aplicado únicamente a esta edición: CI Games.,https://lordsofthefallen.com/,,ADD,,ci-games,CI Games,https://lordsofthefallen.com/,,,2026-09-05,company-credit-ps4-pal-rapid-review-2026-09-05
ps4-lunar-remastered-collection,Lunar Remastered Collection,Lunar Remastered Collection,PAL España,standard,POSSIBLE_COMPILATION_OR_MULTI_PRODUCT,DEVELOPER,GungHo Online Entertainment,Game Arts,HIGH,GAME_WORK | PS4_RELEASE,ADD_OR_CONFIRM_CREDIT,"Coincidencia rápida: LAUNCHBOX_PS4, STEAM.",https://gamesdb.launchbox-app.com/games/details/475911,https://store.steampowered.com/app/3255380,REPLACE,GungHo Online Entertainment,game-arts,Game Arts,https://gamesdb.launchbox-app.com/games/details/475911 | https://store.steampowered.com/app/3255380,,,2026-09-05,company-credit-ps4-pal-rapid-review-2026-09-05
ps4-madden-nfl-25,Madden NFL 25,Madden NFL 25,PAL España,standard,GAME_OR_UNKNOWN,DEVELOPER,EA Orlando,EA Orlando,HIGH,EXACT_TITLE_OR_EDITION_FAMILY,ADD_OR_CONFIRM_CREDIT,Crédito verificado para la obra base y aplicado únicamente a esta edición: EA Orlando.,https://www.ea.com/games/madden-nfl/madden-nfl-25,,CONFIRM,EA Orlando,ea-orlando,EA Orlando,https://www.ea.com/games/madden-nfl/madden-nfl-25,,,2026-09-05,company-credit-ps4-pal-rapid-review-2026-09-05
ps4-madden-nfl-25,Madden NFL 25,Madden NFL 25,PAL España,standard,GAME_OR_UNKNOWN,PHYSICAL_PUBLISHER_OR_DISTRIBUTOR,EA Sports,EA Sports,HIGH,EXACT_TITLE_OR_EDITION_FAMILY,ADD_OR_CONFIRM_CREDIT,Crédito verificado para la obra base y aplicado únicamente a esta edición: EA Sports.,https://www.ea.com/games/madden-nfl/madden-nfl-25,,CONFIRM,EA Sports,ea-sports,EA Sports,https://www.ea.com/games/madden-nfl/madden-nfl-25,,,2026-09-05,company-credit-ps4-pal-rapid-review-2026-09-05
ps4-mado-monogatari-fia-and-the-wondrous-academy,Mado Monogatari: Fia And The Wondrous Academy,Mado Monogatari: Fia And The Wondrous Academy,PAL España,standard,GAME_OR_UNKNOWN,DIGITAL_PUBLISHER,,Reef Entertainment,HIGH,DIGITAL_PS4_EU,ADD_OR_CONFIRM_CREDIT,Coincidencia rápida: PLAYSTATION_STORE.,https://store.playstation.com/es-es/product/EP4060-CUSA53365_00-MADOMONOGATARI01,,ADD,,reef-entertainment,Reef Entertainment,https://store.playstation.com/es-es/product/EP4060-CUSA53365_00-MADOMONOGATARI01,,,2026-09-05,company-credit-ps4-pal-rapid-review-2026-09-05
ps4-mafia-3,Mafia 3,Mafia 3,PAL España,standard,GAME_OR_UNKNOWN,DEVELOPER,,Hangar 13,HIGH,EXACT_TITLE_OR_EDITION_FAMILY,ADD_OR_CONFIRM_CREDIT,Crédito verificado para la obra base y aplicado únicamente a esta edición: Hangar 13.,https://mafiagame.com/mafia-3/,,ADD,,hangar-13,Hangar 13,https://mafiagame.com/mafia-3/,,,2026-09-05,company-credit-ps4-pal-rapid-review-2026-09-05
ps4-mafia-3,Mafia 3,Mafia 3,PAL España,standard,GAME_OR_UNKNOWN,PHYSICAL_PUBLISHER_OR_DISTRIBUTOR,,2K Games,HIGH,EXACT_TITLE_OR_EDITION_FAMILY,ADD_OR_CONFIRM_CREDIT,Crédito verificado para la obra base y aplicado únicamente a esta edición: 2K Games.,https://mafiagame.com/mafia-3/,,ADD,,2k-games,2K Games,https://mafiagame.com/mafia-3/,,,2026-09-05,company-credit-ps4-pal-rapid-review-2026-09-05
ps4-mafia-edicion-definitiva,Mafia : Edición definitiva,Mafia : Edición definitiva,PAL España,standard,EDITION_VARIANT,DEVELOPER,,Hangar 13,HIGH,EXACT_TITLE_OR_EDITION_FAMILY,ADD_OR_CONFIRM_CREDIT,Crédito verificado para la obra base y aplicado únicamente a esta edición: Hangar 13.,https://mafiagame.com/mafia/,,ADD,,hangar-13,Hangar 13,https://mafiagame.com/mafia/,,,2026-09-05,company-credit-ps4-pal-rapid-review-2026-09-05
ps4-mafia-edicion-definitiva,Mafia : Edición definitiva,Mafia : Edición definitiva,PAL España,standard,EDITION_VARIANT,PHYSICAL_PUBLISHER_OR_DISTRIBUTOR,,2K Games,HIGH,EXACT_TITLE_OR_EDITION_FAMILY,ADD_OR_CONFIRM_CREDIT,Crédito verificado para la obra base y aplicado únicamente a esta edición: 2K Games.,https://mafiagame.com/mafia/,,ADD,,2k-games,2K Games,https://mafiagame.com/mafia/,,,2026-09-05,company-credit-ps4-pal-rapid-review-2026-09-05
ps4-maid-of-sker,Maid Of Sker,Maid Of Sker,PAL España,standard,GAME_OR_UNKNOWN,PHYSICAL_PUBLISHER_OR_DISTRIBUTOR,,Wales Interactive,HIGH,EXACT_TITLE_OR_EDITION_FAMILY,ADD_OR_CONFIRM_CREDIT,Crédito verificado para la obra base y aplicado únicamente a esta edición: Wales Interactive.,https://www.walesinteractive.com/maid-of-sker,,ADD,,wales-interactive,Wales Interactive,https://www.walesinteractive.com/maid-of-sker,,,2026-09-05,company-credit-ps4-pal-rapid-review-2026-09-05
ps4-maldita-castilla,Maldita Castilla,Maldita Castilla,PAL España,standard,GAME_OR_UNKNOWN,DEVELOPER,,Locomalito,HIGH,EXACT_TITLE_OR_EDITION_FAMILY,ADD_OR_CONFIRM_CREDIT,Crédito verificado para la obra base y aplicado únicamente a esta edición: Locomalito.,https://www.abylight.com,,ADD,,locamalito,Locamalito,https://www.abylight.com,,,2026-09-05,company-credit-ps4-pal-rapid-review-2026-09-05
ps4-maldita-castilla,Maldita Castilla,Maldita Castilla,PAL España,standard,GAME_OR_UNKNOWN,PHYSICAL_PUBLISHER_OR_DISTRIBUTOR,,Abylight Studios,HIGH,EXACT_TITLE_OR_EDITION_FAMILY,ADD_OR_CONFIRM_CREDIT,Crédito verificado para la obra base y aplicado únicamente a esta edición: Abylight Studios.,https://www.abylight.com,,ADD,,abylight,Abylight,https://www.abylight.com,,,2026-09-05,company-credit-ps4-pal-rapid-review-2026-09-05
ps4-malnazidos,Malnazidos,Malnazidos,PAL España,standard,GAME_OR_UNKNOWN,PHYSICAL_PUBLISHER_OR_DISTRIBUTOR,,Sony Interactive Entertainment España,HIGH,EXACT_TITLE_OR_EDITION_FAMILY,ADD_OR_CONFIRM_CREDIT,Crédito verificado para la obra base y aplicado únicamente a esta edición: Sony Interactive Entertainment España.,https://www.gammeranest.com/,,ADD,,sony-interactive-entertainment-espana,Sony Interactive Entertainment España,https://www.gammeranest.com/,,,2026-09-05,company-credit-ps4-pal-rapid-review-2026-09-05
ps4-marvel-avengers-deluxe-edition,Marvel Avengers [Deluxe Edition],Marvel Avengers [Deluxe Edition],PAL España,standard,EDITION_VARIANT,PHYSICAL_PUBLISHER_OR_DISTRIBUTOR,,Square Enix,HIGH,EXACT_TITLE_OR_EDITION_FAMILY,ADD_OR_CONFIRM_CREDIT,Crédito verificado para la obra base y aplicado únicamente a esta edición: Square Enix.,https://avengers.crystald.com/,,ADD,,square-enix,Square Enix,https://avengers.crystald.com/,,,2026-09-05,company-credit-ps4-pal-rapid-review-2026-09-05
ps4-marvel-avengers-earth%27s-mightiest-edition,Marvel Avengers [Earth's Mightiest Edition],Marvel Avengers [Earth's Mightiest Edition],PAL España,standard,GAME_OR_UNKNOWN,PHYSICAL_PUBLISHER_OR_DISTRIBUTOR,,Square Enix,HIGH,EXACT_TITLE_OR_EDITION_FAMILY,ADD_OR_CONFIRM_CREDIT,Crédito verificado para la obra base y aplicado únicamente a esta edición: Square Enix.,https://avengers.crystald.com/,,ADD,,square-enix,Square Enix,https://avengers.crystald.com/,,,2026-09-05,company-credit-ps4-pal-rapid-review-2026-09-05
ps4-marvel-avengers-steelbook-edition,Marvel Avengers [Steelbook Edition],Marvel Avengers [Steelbook Edition],PAL España,standard,EDITION_VARIANT,PHYSICAL_PUBLISHER_OR_DISTRIBUTOR,,Square Enix,HIGH,EXACT_TITLE_OR_EDITION_FAMILY,ADD_OR_CONFIRM_CREDIT,Crédito verificado para la obra base y aplicado únicamente a esta edición: Square Enix.,https://avengers.crystald.com/,,ADD,,square-enix,Square Enix,https://avengers.crystald.com/,,,2026-09-05,company-credit-ps4-pal-rapid-review-2026-09-05
ps4-marvel-pinball-epic-collection-vol-1,Marvel Pinball: Epic Collection Vol. 1,Marvel Pinball: Epic Collection Vol. 1,PAL España,standard,POSSIBLE_COMPILATION_OR_MULTI_PRODUCT,DEVELOPER,Nighthawk Interactive,Zen Studios,HIGH,EXACT_TITLE_OR_EDITION_FAMILY,ADD_OR_CONFIRM_CREDIT,Crédito verificado para la obra base y aplicado únicamente a esta edición: Zen Studios.,https://zenstudios.com/games/,,REPLACE,Nighthawk Interactive,zen-studios,Zen Studios,https://zenstudios.com/games/,,,2026-09-05,company-credit-ps4-pal-rapid-review-2026-09-05
ps4-marvel-spiderman-collector%27s-edition,Marvel Spiderman [Collector's Edition],Marvel Spiderman [Collector's Edition],PAL España,standard,EDITION_VARIANT,DEVELOPER,,Insomniac Games,HIGH,EXACT_TITLE_OR_EDITION_FAMILY,ADD_OR_CONFIRM_CREDIT,Crédito verificado para la obra base y aplicado únicamente a esta edición: Insomniac Games.,https://insomniac.games/game/marvels-spider-man/,,ADD,,insomniac-games,Insomniac Games,https://insomniac.games/game/marvels-spider-man/,,,2026-09-05,company-credit-ps4-pal-rapid-review-2026-09-05
ps4-marvel-spiderman-collector%27s-edition,Marvel Spiderman [Collector's Edition],Marvel Spiderman [Collector's Edition],PAL España,standard,EDITION_VARIANT,PHYSICAL_PUBLISHER_OR_DISTRIBUTOR,,Sony Interactive Entertainment,HIGH,EXACT_TITLE_OR_EDITION_FAMILY,ADD_OR_CONFIRM_CREDIT,Crédito verificado para la obra base y aplicado únicamente a esta edición: Sony Interactive Entertainment.,https://insomniac.games/game/marvels-spider-man/,,ADD,,sony-interactive-entertainment,Sony Interactive Entertainment,https://insomniac.games/game/marvels-spider-man/,,,2026-09-05,company-credit-ps4-pal-rapid-review-2026-09-05
ps4-marvel-vs-capcom-fighting-collection,Marvel Vs Capcom Fighting Collection,Marvel Vs Capcom Fighting Collection,PAL España,standard,POSSIBLE_COMPILATION_OR_MULTI_PRODUCT,DEVELOPER,Capcom,Capcom,HIGH,EXACT_TITLE_OR_EDITION_FAMILY,ADD_OR_CONFIRM_CREDIT,Crédito verificado para la obra base y aplicado únicamente a esta edición: Capcom.,https://www.capcom-games.com/marvel-vs-capcom-fc/,,CONFIRM,Capcom,capcom,Capcom,https://www.capcom-games.com/marvel-vs-capcom-fc/,,,2026-09-05,company-credit-ps4-pal-rapid-review-2026-09-05
ps4-marvel%27s-iron-man-vr-move-motion-controllers-bundle,Marvel's Iron Man VR [Move Motion Controllers Bundle],Marvel's Iron Man VR [Move Motion Controllers Bundle],PAL España,standard,BUNDLE_OR_MULTI_PRODUCT,DEVELOPER,,Camouflaj,HIGH,EXACT_TITLE_OR_EDITION_FAMILY,ADD_OR_CONFIRM_CREDIT,Crédito verificado para la obra base y aplicado únicamente a esta edición: Camouflaj.,https://www.playstation.com/en-gb/games/marvels-iron-man-vr/,,ADD,,camouflaj,Camouflaj,https://www.playstation.com/en-gb/games/marvels-iron-man-vr/,,,2026-09-05,company-credit-ps4-pal-rapid-review-2026-09-05
ps4-marvel%27s-iron-man-vr-move-motion-controllers-bundle,Marvel's Iron Man VR [Move Motion Controllers Bundle],Marvel's Iron Man VR [Move Motion Controllers Bundle],PAL España,standard,BUNDLE_OR_MULTI_PRODUCT,PHYSICAL_PUBLISHER_OR_DISTRIBUTOR,,Sony Interactive Entertainment,HIGH,EXACT_TITLE_OR_EDITION_FAMILY,ADD_OR_CONFIRM_CREDIT,Crédito verificado para la obra base y aplicado únicamente a esta edición: Sony Interactive Entertainment.,https://www.playstation.com/en-gb/games/marvels-iron-man-vr/,,ADD,,sony-interactive-entertainment,Sony Interactive Entertainment,https://www.playstation.com/en-gb/games/marvels-iron-man-vr/,,,2026-09-05,company-credit-ps4-pal-rapid-review-2026-09-05
ps4-matchbox-driving-adventures,Matchbox Driving Adventures,Matchbox Driving Adventures,PAL España,standard,GAME_OR_UNKNOWN,PHYSICAL_PUBLISHER_OR_DISTRIBUTOR,,Outright Games,HIGH,GAME_WORK | PS4_RELEASE,ADD_OR_CONFIRM_CREDIT,"Coincidencia rápida: LAUNCHBOX_PS4, STEAM.",https://gamesdb.launchbox-app.com/games/details/476421,https://store.steampowered.com/app/2322330,ADD,,outright-games,Outright Games LTD,https://gamesdb.launchbox-app.com/games/details/476421 | https://store.steampowered.com/app/2322330,,,2026-09-05,company-credit-ps4-pal-rapid-review-2026-09-05
ps4-mato-anomalies-day-one-edition,Mato Anomalies [Day One Edition],Mato Anomalies [Day One Edition],PAL España,standard,EDITION_VARIANT,PHYSICAL_PUBLISHER_OR_DISTRIBUTOR,,Prime Matter,HIGH,GAME_WORK | PS4_RELEASE,ADD_OR_CONFIRM_CREDIT,"Coincidencia rápida: LAUNCHBOX_PS4, STEAM, WIKIDATA.",https://gamesdb.launchbox-app.com/games/details/476440,https://store.steampowered.com/app/2024390,ADD,,prime-matter,Prime Matter,https://gamesdb.launchbox-app.com/games/details/476440 | https://store.steampowered.com/app/2024390,,,2026-09-05,company-credit-ps4-pal-rapid-review-2026-09-05
ps4-mechwarrior-5-mercenaries,MechWarrior 5: Mercenaries,MechWarrior 5: Mercenaries,PAL España,standard,GAME_OR_UNKNOWN,PHYSICAL_PUBLISHER_OR_DISTRIBUTOR,,Piranha Games,HIGH,GAME_WORK,ADD_OR_CONFIRM_CREDIT,"Coincidencia rápida: STEAM, WIKIDATA.",https://store.steampowered.com/app/784080,https://www.wikidata.org/entity/Q60793934,ADD,,piranha-games,Piranha Games,https://store.steampowered.com/app/784080 | https://www.wikidata.org/entity/Q60793934,,,2026-09-05,company-credit-ps4-pal-rapid-review-2026-09-05
ps4-megadimension-neptunia-viir,Megadimension Neptunia VIIR,Megadimension Neptunia VIIR,PAL España,standard,GAME_OR_UNKNOWN,PHYSICAL_PUBLISHER_OR_DISTRIBUTOR,Idea Factory,Idea Factory International,HIGH,DIGITAL_PS4_EU | GAME_WORK | PS4_RELEASE,ADD_OR_CONFIRM_CREDIT,"Coincidencia rápida: LAUNCHBOX_PS4, PLAYSTATION_STORE, STEAM.",https://gamesdb.launchbox-app.com/games/details/150433,https://store.playstation.com/es-es/product/EP0031-CUSA10460_00-GAME000000000000,REPLACE,Idea Factory,idea-factory-international,Idea Factory International,https://gamesdb.launchbox-app.com/games/details/150433 | https://store.playstation.com/es-es/product/EP0031-CUSA10460_00-GAME000000000000,,,2026-09-05,company-credit-ps4-pal-rapid-review-2026-09-05
ps4-megaman-11,Megaman 11,Megaman 11,PAL España,standard,GAME_OR_UNKNOWN,DEVELOPER,,Capcom,HIGH,EXACT_TITLE_OR_EDITION_FAMILY,ADD_OR_CONFIRM_CREDIT,Crédito verificado para la obra base y aplicado únicamente a esta edición: Capcom.,https://www.capcom-games.com/megaman/,,ADD,,capcom,Capcom,https://www.capcom-games.com/megaman/,,,2026-09-05,company-credit-ps4-pal-rapid-review-2026-09-05
ps4-megaman-11,Megaman 11,Megaman 11,PAL España,standard,GAME_OR_UNKNOWN,PHYSICAL_PUBLISHER_OR_DISTRIBUTOR,,Capcom,HIGH,EXACT_TITLE_OR_EDITION_FAMILY,ADD_OR_CONFIRM_CREDIT,Crédito verificado para la obra base y aplicado únicamente a esta edición: Capcom.,https://www.capcom-games.com/megaman/,,ADD,,capcom,Capcom,https://www.capcom-games.com/megaman/,,,2026-09-05,company-credit-ps4-pal-rapid-review-2026-09-05
ps4-megaman-legacy-collection,Megaman Legacy Collection,Megaman Legacy Collection,PAL España,standard,POSSIBLE_COMPILATION_OR_MULTI_PRODUCT,DEVELOPER,,Capcom,HIGH,EXACT_TITLE_OR_EDITION_FAMILY,ADD_OR_CONFIRM_CREDIT,Crédito verificado para la obra base y aplicado únicamente a esta edición: Capcom.,https://www.capcom-games.com/megaman/,,ADD,,capcom,Capcom,https://www.capcom-games.com/megaman/,,,2026-09-05,company-credit-ps4-pal-rapid-review-2026-09-05
ps4-megaman-legacy-collection,Megaman Legacy Collection,Megaman Legacy Collection,PAL España,standard,POSSIBLE_COMPILATION_OR_MULTI_PRODUCT,PHYSICAL_PUBLISHER_OR_DISTRIBUTOR,,Capcom,HIGH,EXACT_TITLE_OR_EDITION_FAMILY,ADD_OR_CONFIRM_CREDIT,Crédito verificado para la obra base y aplicado únicamente a esta edición: Capcom.,https://www.capcom-games.com/megaman/,,ADD,,capcom,Capcom,https://www.capcom-games.com/megaman/,,,2026-09-05,company-credit-ps4-pal-rapid-review-2026-09-05
ps4-megaman-legacy-collection-2,Megaman Legacy Collection 2,Megaman Legacy Collection 2,PAL España,standard,POSSIBLE_COMPILATION_OR_MULTI_PRODUCT,DEVELOPER,,Capcom,HIGH,EXACT_TITLE_OR_EDITION_FAMILY,ADD_OR_CONFIRM_CREDIT,Crédito verificado para la obra base y aplicado únicamente a esta edición: Capcom.,https://www.capcom-games.com/megaman/,,ADD,,capcom,Capcom,https://www.capcom-games.com/megaman/,,,2026-09-05,company-credit-ps4-pal-rapid-review-2026-09-05
ps4-megaman-legacy-collection-2,Megaman Legacy Collection 2,Megaman Legacy Collection 2,PAL España,standard,POSSIBLE_COMPILATION_OR_MULTI_PRODUCT,PHYSICAL_PUBLISHER_OR_DISTRIBUTOR,,Capcom,HIGH,EXACT_TITLE_OR_EDITION_FAMILY,ADD_OR_CONFIRM_CREDIT,Crédito verificado para la obra base y aplicado únicamente a esta edición: Capcom.,https://www.capcom-games.com/megaman/,,ADD,,capcom,Capcom,https://www.capcom-games.com/megaman/,,,2026-09-05,company-credit-ps4-pal-rapid-review-2026-09-05
ps4-megaman-legacy-collection-x-x2,Megaman Legacy Collection X + X2,Megaman Legacy Collection X + X2,PAL España,standard,POSSIBLE_COMPILATION_OR_MULTI_PRODUCT,DEVELOPER,,Capcom,HIGH,EXACT_TITLE_OR_EDITION_FAMILY,ADD_OR_CONFIRM_CREDIT,Crédito verificado para la obra base y aplicado únicamente a esta edición: Capcom.,https://www.capcom-games.com/megaman/,,ADD,,capcom,Capcom,https://www.capcom-games.com/megaman/,,,2026-09-05,company-credit-ps4-pal-rapid-review-2026-09-05
ps4-megaman-legacy-collection-x-x2,Megaman Legacy Collection X + X2,Megaman Legacy Collection X + X2,PAL España,standard,POSSIBLE_COMPILATION_OR_MULTI_PRODUCT,PHYSICAL_PUBLISHER_OR_DISTRIBUTOR,,Capcom,HIGH,EXACT_TITLE_OR_EDITION_FAMILY,ADD_OR_CONFIRM_CREDIT,Crédito verificado para la obra base y aplicado únicamente a esta edición: Capcom.,https://www.capcom-games.com/megaman/,,ADD,,capcom,Capcom,https://www.capcom-games.com/megaman/,,,2026-09-05,company-credit-ps4-pal-rapid-review-2026-09-05
ps4-megaman-legacy-collection-zero-zx,Megaman Legacy Collection Zero/ZX,Megaman Legacy Collection Zero/ZX,PAL España,standard,POSSIBLE_COMPILATION_OR_MULTI_PRODUCT,DEVELOPER,,Capcom,HIGH,EXACT_TITLE_OR_EDITION_FAMILY,ADD_OR_CONFIRM_CREDIT,Crédito verificado para la obra base y aplicado únicamente a esta edición: Capcom.,https://www.capcom-games.com/megaman/,,ADD,,capcom,Capcom,https://www.capcom-games.com/megaman/,,,2026-09-05,company-credit-ps4-pal-rapid-review-2026-09-05
ps4-megaman-legacy-collection-zero-zx,Megaman Legacy Collection Zero/ZX,Megaman Legacy Collection Zero/ZX,PAL España,standard,POSSIBLE_COMPILATION_OR_MULTI_PRODUCT,PHYSICAL_PUBLISHER_OR_DISTRIBUTOR,,Capcom,HIGH,EXACT_TITLE_OR_EDITION_FAMILY,ADD_OR_CONFIRM_CREDIT,Crédito verificado para la obra base y aplicado únicamente a esta edición: Capcom.,https://www.capcom-games.com/megaman/,,ADD,,capcom,Capcom,https://www.capcom-games.com/megaman/,,,2026-09-05,company-credit-ps4-pal-rapid-review-2026-09-05
ps4-metal-coasters,Metal Coasters,Metal Coasters,PAL España,standard,GAME_OR_UNKNOWN,DEVELOPER,,NukGames,HIGH,EXACT_TITLE_OR_EDITION_FAMILY,ADD_OR_CONFIRM_CREDIT,Crédito verificado para la obra base y aplicado únicamente a esta edición: NukGames.,https://www.eastasiasoft.com/,,ADD,,nukgames,NukGames,https://www.eastasiasoft.com/,,,2026-09-05,company-credit-ps4-pal-rapid-review-2026-09-05
ps4-metal-gear-solid-v,Metal Gear Solid V,Metal Gear Solid V,PAL España,standard,GAME_OR_UNKNOWN,DEVELOPER,Kojima Productions,Kojima Productions,HIGH,EXACT_TITLE_OR_EDITION_FAMILY,ADD_OR_CONFIRM_CREDIT,Crédito verificado para la obra base y aplicado únicamente a esta edición: Kojima Productions.,https://www.konami.com/mg/mgs5/,,CONFIRM,Kojima Productions,kojima-productions,Kojima Productions,https://www.konami.com/mg/mgs5/,,,2026-09-05,company-credit-ps4-pal-rapid-review-2026-09-05
ps4-metal-gear-solid-v,Metal Gear Solid V,Metal Gear Solid V,PAL España,standard,GAME_OR_UNKNOWN,PHYSICAL_PUBLISHER_OR_DISTRIBUTOR,Konami,Konami,HIGH,EXACT_TITLE_OR_EDITION_FAMILY,ADD_OR_CONFIRM_CREDIT,Crédito verificado para la obra base y aplicado únicamente a esta edición: Konami.,https://www.konami.com/mg/mgs5/,,CONFIRM,Konami,konami,Konami,https://www.konami.com/mg/mgs5/,,,2026-09-05,company-credit-ps4-pal-rapid-review-2026-09-05
ps4-metal-gear-solid-master-collection-vol-1,Metal Gear Solid: Master Collection Vol. 1,Metal Gear Solid: Master Collection Vol. 1,PAL España,standard,POSSIBLE_COMPILATION_OR_MULTI_PRODUCT,DEVELOPER,Konami,Konami,HIGH,EXACT_TITLE_OR_EDITION_FAMILY,ADD_OR_CONFIRM_CREDIT,Crédito verificado para la obra base y aplicado únicamente a esta edición: Konami.,https://www.konami.com/mg/mc/,,CONFIRM,Konami,konami,Konami,https://www.konami.com/mg/mc/,,,2026-09-05,company-credit-ps4-pal-rapid-review-2026-09-05
ps4-metal-slug-anthology,Metal Slug Anthology,Metal Slug Anthology,PAL España,standard,POSSIBLE_COMPILATION_OR_MULTI_PRODUCT,DEVELOPER,Terminal Reality,SNK,HIGH,EXACT_TITLE_OR_EDITION_FAMILY,ADD_OR_CONFIRM_CREDIT,Crédito verificado para la obra base y aplicado únicamente a esta edición: SNK.,https://www.snk-corp.co.jp/us/games/,,REPLACE,Terminal Reality,snk,SNK Corporation,https://www.snk-corp.co.jp/us/games/,,,2026-09-05,company-credit-ps4-pal-rapid-review-2026-09-05
ps4-metal-slug-anthology,Metal Slug Anthology,Metal Slug Anthology,PAL España,standard,POSSIBLE_COMPILATION_OR_MULTI_PRODUCT,PHYSICAL_PUBLISHER_OR_DISTRIBUTOR,SNK Playmore,SNK,HIGH,EXACT_TITLE_OR_EDITION_FAMILY,ADD_OR_CONFIRM_CREDIT,Crédito verificado para la obra base y aplicado únicamente a esta edición: SNK.,https://www.snk-corp.co.jp/us/games/,,REPLACE,SNK Playmore,snk,SNK Corporation,https://www.snk-corp.co.jp/us/games/,,,2026-09-05,company-credit-ps4-pal-rapid-review-2026-09-05
ps4-metal-slug-anthology-pix%27n-love-edition,Metal Slug Anthology [Pix'n Love Edition],Metal Slug Anthology [Pix'n Love Edition],PAL España,standard,POSSIBLE_COMPILATION_OR_MULTI_PRODUCT,DEVELOPER,,SNK,HIGH,EXACT_TITLE_OR_EDITION_FAMILY,ADD_OR_CONFIRM_CREDIT,Crédito verificado para la obra base y aplicado únicamente a esta edición: SNK.,https://www.snk-corp.co.jp/us/games/,,ADD,,snk,SNK Corporation,https://www.snk-corp.co.jp/us/games/,,,2026-09-05,company-credit-ps4-pal-rapid-review-2026-09-05
ps4-metal-tales-overkill,Metal Tales: Overkill,Metal Tales: Overkill,PAL España,standard,GAME_OR_UNKNOWN,PHYSICAL_PUBLISHER_OR_DISTRIBUTOR,,Zerouno Games,HIGH,EXACT_TITLE_OR_EDITION_FAMILY,ADD_OR_CONFIRM_CREDIT,Crédito verificado para la obra base y aplicado únicamente a esta edición: Zerouno Games.,https://zerounogames.com/,,ADD,,zerouno-games,ZeroUno Games,https://zerounogames.com/,,,2026-09-05,company-credit-ps4-pal-rapid-review-2026-09-05
ps4-meteoheroes-saving-planet-earth,MeteoHeroes: Saving Planet Earth,MeteoHeroes: Saving Planet Earth,PAL España,standard,GAME_OR_UNKNOWN,DEVELOPER,,Maga Animation Studio,HIGH,EXACT_TITLE_OR_EDITION_FAMILY,ADD_OR_CONFIRM_CREDIT,Crédito verificado para la obra base y aplicado únicamente a esta edición: Maga Animation Studio.,https://www.gammeranest.com/,,ADD,,maga-animation-studio,Maga Animation Studio,https://www.gammeranest.com/,,,2026-09-05,company-credit-ps4-pal-rapid-review-2026-09-05
ps4-meteoheroes-saving-planet-earth,MeteoHeroes: Saving Planet Earth,MeteoHeroes: Saving Planet Earth,PAL España,standard,GAME_OR_UNKNOWN,PHYSICAL_PUBLISHER_OR_DISTRIBUTOR,,Gammera Nest,HIGH,EXACT_TITLE_OR_EDITION_FAMILY,ADD_OR_CONFIRM_CREDIT,Crédito verificado para la obra base y aplicado únicamente a esta edición: Gammera Nest.,https://www.gammeranest.com/,,ADD,,gammera-nest,Gammera Nest,https://www.gammeranest.com/,,,2026-09-05,company-credit-ps4-pal-rapid-review-2026-09-05
ps4-metro-redux,Metro Redux,Metro Redux,PAL España,standard,GAME_OR_UNKNOWN,PHYSICAL_PUBLISHER_OR_DISTRIBUTOR,,Deep Silver,HIGH,DIGITAL_PS4_EU | GAME_WORK | PS4_RELEASE,ADD_OR_CONFIRM_CREDIT,"Coincidencia rápida: LAUNCHBOX_PS4, PLAYSTATION_STORE, WIKIDATA.",https://gamesdb.launchbox-app.com/games/details/21405,https://store.playstation.com/es-es/product/EP4062-CUSA00593_00-MCOMPLREDUXDISC1,ADD,,deep-silver,Deep SIlver,https://gamesdb.launchbox-app.com/games/details/21405 | https://store.playstation.com/es-es/product/EP4062-CUSA00593_00-MCOMPLREDUXDISC1,,,2026-09-05,company-credit-ps4-pal-rapid-review-2026-09-05
ps4-metro-redux-not-for-resale,Metro Redux [Not For Resale],Metro Redux [Not For Resale],PAL España,standard,PROMO_COPY,PHYSICAL_PUBLISHER_OR_DISTRIBUTOR,,Deep Silver,HIGH,GAME_WORK | PS4_RELEASE,ADD_OR_CONFIRM_CREDIT,"Coincidencia rápida: LAUNCHBOX_PS4, WIKIDATA.",https://gamesdb.launchbox-app.com/games/details/21405,https://www.wikidata.org/entity/Q19906377,ADD,,deep-silver,Deep SIlver,https://gamesdb.launchbox-app.com/games/details/21405 | https://www.wikidata.org/entity/Q19906377,,,2026-09-05,company-credit-ps4-pal-rapid-review-2026-09-05
ps4-middle-earth-shadow-of-mordor-game-of-the-year,Middle Earth: Shadow of Mordor [Game of the Year],Middle Earth: Shadow of Mordor [Game of the Year],PAL España,standard,GAME_OR_UNKNOWN,DEVELOPER,,Monolith Productions,HIGH,GAME_WORK | PS4_RELEASE,ADD_OR_CONFIRM_CREDIT,"Coincidencia rápida: LAUNCHBOX_PS4, STEAM, WIKIDATA.",https://gamesdb.launchbox-app.com/games/details/21400,https://store.steampowered.com/app/241930,ADD,,monolith-productions,Monolith Productions,https://gamesdb.launchbox-app.com/games/details/21400 | https://store.steampowered.com/app/241930,,,2026-09-05,company-credit-ps4-pal-rapid-review-2026-09-05
ps4-mindtaker,Mindtaker,Mindtaker,PAL España,standard,GAME_OR_UNKNOWN,PHYSICAL_PUBLISHER_OR_DISTRIBUTOR,,Sony Interactive Entertainment España,HIGH,PS_TALENTS_PHYSICAL_RELEASE,ADD_PHYSICAL_PUBLISHER_OR_DISTRIBUTOR,La edición PS4 consultada atribuye la publicación o distribución física a Sony Interactive Entertainment España.,https://www.game.es/mindtaker-playstation-4-131341,https://retroinvaders.com/index.php/en/74237/mindtaker-will-be-presented-at-e3-yay,ADD,,sony-interactive-entertainment-espana,Sony Interactive Entertainment España,https://www.game.es/mindtaker-playstation-4-131341 | https://retroinvaders.com/index.php/en/74237/mindtaker-will-be-presented-at-e3-yay,,,2026-09-05,company-credit-ps4-pal-rapid-review-2026-09-05
ps4-minecraft,MInecraft,MInecraft,PAL España,standard,GAME_OR_UNKNOWN,DEVELOPER,4J Studios,Mojang Studios,HIGH,EXACT_TITLE_OR_EDITION_FAMILY,ADD_OR_CONFIRM_CREDIT,Crédito verificado para la obra base y aplicado únicamente a esta edición: Mojang Studios.,https://www.minecraft.net/,,REPLACE,4J Studios,mojang-studios,Mojang Studios,https://www.minecraft.net/,,,2026-09-05,company-credit-ps4-pal-rapid-review-2026-09-05
ps4-minecraft,MInecraft,MInecraft,PAL España,standard,GAME_OR_UNKNOWN,PHYSICAL_PUBLISHER_OR_DISTRIBUTOR,Mojang AB,Microsoft Studios,HIGH,EXACT_TITLE_OR_EDITION_FAMILY,ADD_OR_CONFIRM_CREDIT,Crédito verificado para la obra base y aplicado únicamente a esta edición: Microsoft Studios.,https://www.minecraft.net/,,REPLACE,Mojang AB,microsoft-game-studios,Microsoft Game Studios,https://www.minecraft.net/,,,2026-09-05,company-credit-ps4-pal-rapid-review-2026-09-05
ps4-minecraft-starter-pack,Minecraft [Starter Pack],Minecraft [Starter Pack],PAL España,standard,BUNDLE_OR_MULTI_PRODUCT,DEVELOPER,,Mojang Studios,HIGH,EXACT_TITLE_OR_EDITION_FAMILY,ADD_OR_CONFIRM_CREDIT,Crédito verificado para la obra base y aplicado únicamente a esta edición: Mojang Studios.,https://www.minecraft.net/,,ADD,,mojang-studios,Mojang Studios,https://www.minecraft.net/,,,2026-09-05,company-credit-ps4-pal-rapid-review-2026-09-05
ps4-minecraft-starter-pack,Minecraft [Starter Pack],Minecraft [Starter Pack],PAL España,standard,BUNDLE_OR_MULTI_PRODUCT,PHYSICAL_PUBLISHER_OR_DISTRIBUTOR,,Microsoft Studios,HIGH,EXACT_TITLE_OR_EDITION_FAMILY,ADD_OR_CONFIRM_CREDIT,Crédito verificado para la obra base y aplicado únicamente a esta edición: Microsoft Studios.,https://www.minecraft.net/,,ADD,,microsoft-game-studios,Microsoft Game Studios,https://www.minecraft.net/,,,2026-09-05,company-credit-ps4-pal-rapid-review-2026-09-05
ps4-minecraft-steelbook-edition,Minecraft [Steelbook Edition],Minecraft [Steelbook Edition],PAL España,standard,EDITION_VARIANT,DEVELOPER,,Mojang Studios,HIGH,EXACT_TITLE_OR_EDITION_FAMILY,ADD_OR_CONFIRM_CREDIT,Crédito verificado para la obra base y aplicado únicamente a esta edición: Mojang Studios.,https://www.minecraft.net/,,ADD,,mojang-studios,Mojang Studios,https://www.minecraft.net/,,,2026-09-05,company-credit-ps4-pal-rapid-review-2026-09-05
ps4-minecraft-steelbook-edition,Minecraft [Steelbook Edition],Minecraft [Steelbook Edition],PAL España,standard,EDITION_VARIANT,PHYSICAL_PUBLISHER_OR_DISTRIBUTOR,,Microsoft Studios,HIGH,EXACT_TITLE_OR_EDITION_FAMILY,ADD_OR_CONFIRM_CREDIT,Crédito verificado para la obra base y aplicado únicamente a esta edición: Microsoft Studios.,https://www.minecraft.net/,,ADD,,microsoft-game-studios,Microsoft Game Studios,https://www.minecraft.net/,,,2026-09-05,company-credit-ps4-pal-rapid-review-2026-09-05
ps4-minecraft-legends-deluxe-edition,Minecraft Legends: Deluxe Edition,Minecraft Legends: Deluxe Edition,PAL España,standard,EDITION_VARIANT,PHYSICAL_PUBLISHER_OR_DISTRIBUTOR,,Microsoft Studios,HIGH,EXACT_TITLE_OR_EDITION_FAMILY,ADD_OR_CONFIRM_CREDIT,Crédito verificado para la obra base y aplicado únicamente a esta edición: Microsoft Studios.,https://www.minecraft.net/,,ADD,,microsoft-game-studios,Microsoft Game Studios,https://www.minecraft.net/,,,2026-09-05,company-credit-ps4-pal-rapid-review-2026-09-05
ps4-minecraft-story-mode-the-complete-adventure,Minecraft Story Mode The Complete Adventure,Minecraft Story Mode The Complete Adventure,PAL España,standard,GAME_OR_UNKNOWN,DEVELOPER,,Mojang Studios,HIGH,EXACT_TITLE_OR_EDITION_FAMILY,ADD_OR_CONFIRM_CREDIT,Crédito verificado para la obra base y aplicado únicamente a esta edición: Mojang Studios.,https://www.minecraft.net/,,ADD,,mojang-studios,Mojang Studios,https://www.minecraft.net/,,,2026-09-05,company-credit-ps4-pal-rapid-review-2026-09-05
ps4-minecraft-story-mode-the-complete-adventure,Minecraft Story Mode The Complete Adventure,Minecraft Story Mode The Complete Adventure,PAL España,standard,GAME_OR_UNKNOWN,PHYSICAL_PUBLISHER_OR_DISTRIBUTOR,,Microsoft Studios,HIGH,EXACT_TITLE_OR_EDITION_FAMILY,ADD_OR_CONFIRM_CREDIT,Crédito verificado para la obra base y aplicado únicamente a esta edición: Microsoft Studios.,https://www.minecraft.net/,,ADD,,microsoft-game-studios,Microsoft Game Studios,https://www.minecraft.net/,,,2026-09-05,company-credit-ps4-pal-rapid-review-2026-09-05
ps4-minecraft-story-mode-season-pass,Minecraft: Story Mode Season Pass,Minecraft: Story Mode Season Pass,PAL España,standard,GAME_OR_UNKNOWN,DEVELOPER,,Mojang Studios,HIGH,EXACT_TITLE_OR_EDITION_FAMILY,ADD_OR_CONFIRM_CREDIT,Crédito verificado para la obra base y aplicado únicamente a esta edición: Mojang Studios.,https://www.minecraft.net/,,ADD,,mojang-studios,Mojang Studios,https://www.minecraft.net/,,,2026-09-05,company-credit-ps4-pal-rapid-review-2026-09-05
ps4-minecraft-story-mode-season-pass,Minecraft: Story Mode Season Pass,Minecraft: Story Mode Season Pass,PAL España,standard,GAME_OR_UNKNOWN,PHYSICAL_PUBLISHER_OR_DISTRIBUTOR,,Microsoft Studios,HIGH,EXACT_TITLE_OR_EDITION_FAMILY,ADD_OR_CONFIRM_CREDIT,Crédito verificado para la obra base y aplicado únicamente a esta edición: Microsoft Studios.,https://www.minecraft.net/,,ADD,,microsoft-game-studios,Microsoft Game Studios,https://www.minecraft.net/,,,2026-09-05,company-credit-ps4-pal-rapid-review-2026-09-05
ps4-minecraft-story-mode-season-two,Minecraft: Story Mode Season Two,Minecraft: Story Mode Season Two,PAL España,standard,GAME_OR_UNKNOWN,PHYSICAL_PUBLISHER_OR_DISTRIBUTOR,3goo,Microsoft Studios,HIGH,EXACT_TITLE_OR_EDITION_FAMILY,ADD_OR_CONFIRM_CREDIT,Crédito verificado para la obra base y aplicado únicamente a esta edición: Microsoft Studios.,https://www.minecraft.net/,,REPLACE,3goo,microsoft-game-studios,Microsoft Game Studios,https://www.minecraft.net/,,,2026-09-05,company-credit-ps4-pal-rapid-review-2026-09-05
ps4-miraculous-paris-under-siege,Miraculous: Paris Under Siege,Miraculous: Paris Under Siege,PAL España,standard,GAME_OR_UNKNOWN,PHYSICAL_PUBLISHER_OR_DISTRIBUTOR,,GameMill Entertainment,HIGH,GAME_WORK | PS4_RELEASE,ADD_OR_CONFIRM_CREDIT,"Coincidencia rápida: LAUNCHBOX_PS4, STEAM.",https://gamesdb.launchbox-app.com/games/details/459387,https://store.steampowered.com/app/2676410,ADD,,gamemill-entertainment,GameMill Entertainment,https://gamesdb.launchbox-app.com/games/details/459387 | https://store.steampowered.com/app/2676410,,,2026-09-05,company-credit-ps4-pal-rapid-review-2026-09-05
ps4-miraculous-rise-of-the-sphinx,Miraculous: Rise of the Sphinx,Miraculous: Rise of the Sphinx,PAL España,standard,GAME_OR_UNKNOWN,PHYSICAL_PUBLISHER_OR_DISTRIBUTOR,,GameMill Entertainment,HIGH,GAME_WORK | PS4_RELEASE,ADD_OR_CONFIRM_CREDIT,"Coincidencia rápida: LAUNCHBOX_PS4, STEAM.",https://gamesdb.launchbox-app.com/games/details/218979,https://store.steampowered.com/app/1740660,ADD,,gamemill-entertainment,GameMill Entertainment,https://gamesdb.launchbox-app.com/games/details/218979 | https://store.steampowered.com/app/1740660,,,2026-09-05,company-credit-ps4-pal-rapid-review-2026-09-05
ps4-monochrome-mobius-rights-and-wrongs-forgotten-deluxe-edition,Monochrome Mobius: Rights and Wrongs Forgotten: Deluxe Edition,Monochrome Mobius: Rights and Wrongs Forgotten: Deluxe Edition,PAL España,standard,EDITION_VARIANT,PHYSICAL_PUBLISHER_OR_DISTRIBUTOR,,NIS America,HIGH,EXACT_TITLE_OR_EDITION_FAMILY,ADD_OR_CONFIRM_CREDIT,Crédito verificado para la obra base y aplicado únicamente a esta edición: NIS America.,https://nisamerica.com/games/monochrome-mobius/,,ADD,,nis-america,NIS America,https://nisamerica.com/games/monochrome-mobius/,,,2026-09-05,company-credit-ps4-pal-rapid-review-2026-09-05
ps4-monopoly-family-fun-pack,Monopoly Family Fun Pack,Monopoly Family Fun Pack,PAL España,standard,GAME_OR_UNKNOWN,DEVELOPER,Asobo Studio,Asobo Studio,HIGH,EXACT_TITLE_OR_EDITION_FAMILY,ADD_OR_CONFIRM_CREDIT,Crédito verificado para la obra base y aplicado únicamente a esta edición: Asobo Studio.,https://www.ubisoft.com/,,CONFIRM,Asobo Studio,asobo-studio,Asobo Studio,https://www.ubisoft.com/,,,2026-09-05,company-credit-ps4-pal-rapid-review-2026-09-05
ps4-monopoly-family-fun-pack,Monopoly Family Fun Pack,Monopoly Family Fun Pack,PAL España,standard,GAME_OR_UNKNOWN,PHYSICAL_PUBLISHER_OR_DISTRIBUTOR,Ubisoft,Ubisoft,HIGH,EXACT_TITLE_OR_EDITION_FAMILY,ADD_OR_CONFIRM_CREDIT,Crédito verificado para la obra base y aplicado únicamente a esta edición: Ubisoft.,https://www.ubisoft.com/,,CONFIRM,Ubisoft,ubisoft,Ubisoft,https://www.ubisoft.com/,,,2026-09-05,company-credit-ps4-pal-rapid-review-2026-09-05
ps4-monster-energy-supercross-6,Monster Energy Supercross 6,Monster Energy Supercross 6,PAL España,standard,GAME_OR_UNKNOWN,DEVELOPER,,Milestone,HIGH,EXACT_TITLE_OR_EDITION_FAMILY,ADD_OR_CONFIRM_CREDIT,Crédito verificado para la obra base y aplicado únicamente a esta edición: Milestone.,https://milestone.it/games/supercross-6/,,ADD,,milestone,MileStone,https://milestone.it/games/supercross-6/,,,2026-09-05,company-credit-ps4-pal-rapid-review-2026-09-05
ps4-monster-energy-supercross-6,Monster Energy Supercross 6,Monster Energy Supercross 6,PAL España,standard,GAME_OR_UNKNOWN,PHYSICAL_PUBLISHER_OR_DISTRIBUTOR,,Milestone,HIGH,EXACT_TITLE_OR_EDITION_FAMILY,ADD_OR_CONFIRM_CREDIT,Crédito verificado para la obra base y aplicado únicamente a esta edición: Milestone.,https://milestone.it/games/supercross-6/,,ADD,,milestone,MileStone,https://milestone.it/games/supercross-6/,,,2026-09-05,company-credit-ps4-pal-rapid-review-2026-09-05
ps4-monster-high-skulltimate-secrets,Monster High: Skulltimate Secrets,Monster High: Skulltimate Secrets,PAL España,standard,GAME_OR_UNKNOWN,PHYSICAL_PUBLISHER_OR_DISTRIBUTOR,,Outright Games,HIGH,GAME_WORK | PS4_RELEASE,ADD_OR_CONFIRM_CREDIT,"Coincidencia rápida: LAUNCHBOX_PS4, STEAM.",https://gamesdb.launchbox-app.com/games/details/476449,https://store.steampowered.com/app/2322340,ADD,,outright-games,Outright Games LTD,https://gamesdb.launchbox-app.com/games/details/476449 | https://store.steampowered.com/app/2322340,,,2026-09-05,company-credit-ps4-pal-rapid-review-2026-09-05
ps4-monster-hunter-iceborne-master-edition,Monster Hunter ICEBORNE MASTER EDITION,Monster Hunter ICEBORNE MASTER EDITION,PAL España,standard,GAME_OR_UNKNOWN,DEVELOPER,,Capcom,HIGH,EXACT_TITLE_OR_EDITION_FAMILY,ADD_OR_CONFIRM_CREDIT,Crédito verificado para la obra base y aplicado únicamente a esta edición: Capcom.,https://www.monsterhunter.com/,,ADD,,capcom,Capcom,https://www.monsterhunter.com/,,,2026-09-05,company-credit-ps4-pal-rapid-review-2026-09-05
ps4-monster-hunter-iceborne-master-edition,Monster Hunter ICEBORNE MASTER EDITION,Monster Hunter ICEBORNE MASTER EDITION,PAL España,standard,GAME_OR_UNKNOWN,PHYSICAL_PUBLISHER_OR_DISTRIBUTOR,,Capcom,HIGH,EXACT_TITLE_OR_EDITION_FAMILY,ADD_OR_CONFIRM_CREDIT,Crédito verificado para la obra base y aplicado únicamente a esta edición: Capcom.,https://www.monsterhunter.com/,,ADD,,capcom,Capcom,https://www.monsterhunter.com/,,,2026-09-05,company-credit-ps4-pal-rapid-review-2026-09-05
ps4-monster-hunter-stories-collection,Monster Hunter Stories Collection,Monster Hunter Stories Collection,PAL España,standard,POSSIBLE_COMPILATION_OR_MULTI_PRODUCT,DEVELOPER,Capcom,Capcom,HIGH,EXACT_TITLE_OR_EDITION_FAMILY,ADD_OR_CONFIRM_CREDIT,Crédito verificado para la obra base y aplicado únicamente a esta edición: Capcom.,https://www.monsterhunter.com/,,CONFIRM,Capcom,capcom,Capcom,https://www.monsterhunter.com/,,,2026-09-05,company-credit-ps4-pal-rapid-review-2026-09-05
ps4-monster-hunter-world-iceborn-master-edition-deluxe,Monster Hunter: World Iceborn Master Edition [Deluxe],Monster Hunter: World Iceborn Master Edition [Deluxe],PAL España,standard,EDITION_VARIANT,DEVELOPER,,Capcom,HIGH,EXACT_TITLE_OR_EDITION_FAMILY,ADD_OR_CONFIRM_CREDIT,Crédito verificado para la obra base y aplicado únicamente a esta edición: Capcom.,https://www.monsterhunter.com/,,ADD,,capcom,Capcom,https://www.monsterhunter.com/,,,2026-09-05,company-credit-ps4-pal-rapid-review-2026-09-05
ps4-monster-hunter-world-iceborn-master-edition-deluxe,Monster Hunter: World Iceborn Master Edition [Deluxe],Monster Hunter: World Iceborn Master Edition [Deluxe],PAL España,standard,EDITION_VARIANT,PHYSICAL_PUBLISHER_OR_DISTRIBUTOR,,Capcom,HIGH,EXACT_TITLE_OR_EDITION_FAMILY,ADD_OR_CONFIRM_CREDIT,Crédito verificado para la obra base y aplicado únicamente a esta edición: Capcom.,https://www.monsterhunter.com/,,ADD,,capcom,Capcom,https://www.monsterhunter.com/,,,2026-09-05,company-credit-ps4-pal-rapid-review-2026-09-05
ps4-monster-jam-crush-it,Monster Jam Crush It,Monster Jam Crush It,PAL España,standard,GAME_OR_UNKNOWN,DEVELOPER,,Team6 Game Studios,HIGH,EXACT_TITLE_OR_EDITION_FAMILY,ADD_OR_CONFIRM_CREDIT,Crédito verificado para la obra base y aplicado únicamente a esta edición: Team6 Game Studios.,https://gamemill.com/,,ADD,,team6-game-studios,Team6 Game Studios,https://gamemill.com/,,,2026-09-05,company-credit-ps4-pal-rapid-review-2026-09-05
ps4-monster-jam-crush-it,Monster Jam Crush It,Monster Jam Crush It,PAL España,standard,GAME_OR_UNKNOWN,PHYSICAL_PUBLISHER_OR_DISTRIBUTOR,,GameMill Entertainment,HIGH,EXACT_TITLE_OR_EDITION_FAMILY,ADD_OR_CONFIRM_CREDIT,Crédito verificado para la obra base y aplicado únicamente a esta edición: GameMill Entertainment.,https://gamemill.com/,,ADD,,gamemill-entertainment,GameMill Entertainment,https://gamemill.com/,,,2026-09-05,company-credit-ps4-pal-rapid-review-2026-09-05
ps4-monster-jam-showdown,Monster Jam Showdown,Monster Jam Showdown,PAL España,standard,GAME_OR_UNKNOWN,PHYSICAL_PUBLISHER_OR_DISTRIBUTOR,,Milestone S.r.l.,HIGH,GAME_WORK,ADD_OR_CONFIRM_CREDIT,"Coincidencia rápida: STEAM, WIKIDATA.",https://store.steampowered.com/app/2350280,https://www.wikidata.org/entity/Q124753687,ADD,,milestone-s-r-l,Milestone S.r.l.,https://store.steampowered.com/app/2350280 | https://www.wikidata.org/entity/Q124753687,,,2026-09-05,company-credit-ps4-pal-rapid-review-2026-09-05
ps4-monster-menu-the-scavenger%27s-cookbook-deluxe-edition,Monster Menu: The Scavenger's Cookbook [Deluxe Edition],Monster Menu: The Scavenger's Cookbook [Deluxe Edition],PAL España,standard,EDITION_VARIANT,PHYSICAL_PUBLISHER_OR_DISTRIBUTOR,,NIS America,HIGH,EXACT_TITLE_OR_EDITION_FAMILY,ADD_OR_CONFIRM_CREDIT,Crédito verificado para la obra base y aplicado únicamente a esta edición: NIS America.,https://nisamerica.com/games/monster-menu/,,ADD,,nis-america,NIS America,https://nisamerica.com/games/monster-menu/,,,2026-09-05,company-credit-ps4-pal-rapid-review-2026-09-05
ps4-moonscars,Moonscars,Moonscars,PAL España,standard,GAME_OR_UNKNOWN,PHYSICAL_PUBLISHER_OR_DISTRIBUTOR,,Humble Games,HIGH,GAME_WORK | PS4_RELEASE,ADD_OR_CONFIRM_CREDIT,"Coincidencia rápida: LAUNCHBOX_PS4, STEAM, WIKIDATA.",https://gamesdb.launchbox-app.com/games/details/442131,https://store.steampowered.com/app/1374970,ADD,,humble-games,Humble Games,https://gamesdb.launchbox-app.com/games/details/442131 | https://store.steampowered.com/app/1374970,,,2026-09-05,company-credit-ps4-pal-rapid-review-2026-09-05
ps4-mortal-kombat-11-game-&amp;-film-double-pack,Mortal Kombat 11 Game & Film Double Pack,Mortal Kombat 11 Game & Film Double Pack,PAL España,standard,POSSIBLE_COMPILATION_OR_MULTI_PRODUCT,DEVELOPER,Netherrealm,NetherRealm Studios,HIGH,EXACT_TITLE_OR_EDITION_FAMILY,ADD_OR_CONFIRM_CREDIT,Crédito verificado para la obra base y aplicado únicamente a esta edición: NetherRealm Studios.,https://www.mortalkombat.com/,,REPLACE,Netherrealm,netherrealm-studios,NetherRealm Studios,https://www.mortalkombat.com/,,,2026-09-05,company-credit-ps4-pal-rapid-review-2026-09-05
ps4-mortal-kombat-11-ultimate-limited-edition,Mortal Kombat 11 Ultimate [Limited Edition],Mortal Kombat 11 Ultimate [Limited Edition],PAL España,standard,EDITION_VARIANT,DEVELOPER,,NetherRealm Studios,HIGH,EXACT_TITLE_OR_EDITION_FAMILY,ADD_OR_CONFIRM_CREDIT,Crédito verificado para la obra base y aplicado únicamente a esta edición: NetherRealm Studios.,https://www.mortalkombat.com/,,ADD,,netherrealm-studios,NetherRealm Studios,https://www.mortalkombat.com/,,,2026-09-05,company-credit-ps4-pal-rapid-review-2026-09-05
ps4-mortal-kombat-11-ultimate-limited-edition,Mortal Kombat 11 Ultimate [Limited Edition],Mortal Kombat 11 Ultimate [Limited Edition],PAL España,standard,EDITION_VARIANT,PHYSICAL_PUBLISHER_OR_DISTRIBUTOR,,Warner Bros. Interactive Entertainment,HIGH,EXACT_TITLE_OR_EDITION_FAMILY,ADD_OR_CONFIRM_CREDIT,Crédito verificado para la obra base y aplicado únicamente a esta edición: Warner Bros. Interactive Entertainment.,https://www.mortalkombat.com/,,ADD,,warner-bros-interactive-entertainment,Warner Bros. Interactive Entertainment,https://www.mortalkombat.com/,,,2026-09-05,company-credit-ps4-pal-rapid-review-2026-09-05
ps4-mortal-kombat-x-steelbook,Mortal Kombat X Steelbook,Mortal Kombat X Steelbook,PAL España,standard,EDITION_VARIANT,DEVELOPER,,NetherRealm Studios,HIGH,EXACT_TITLE_OR_EDITION_FAMILY,ADD_OR_CONFIRM_CREDIT,Crédito verificado para la obra base y aplicado únicamente a esta edición: NetherRealm Studios.,https://www.mortalkombat.com/,,ADD,,netherrealm-studios,NetherRealm Studios,https://www.mortalkombat.com/,,,2026-09-05,company-credit-ps4-pal-rapid-review-2026-09-05
ps4-mortal-kombat-x-steelbook,Mortal Kombat X Steelbook,Mortal Kombat X Steelbook,PAL España,standard,EDITION_VARIANT,PHYSICAL_PUBLISHER_OR_DISTRIBUTOR,,Warner Bros. Interactive Entertainment,HIGH,EXACT_TITLE_OR_EDITION_FAMILY,ADD_OR_CONFIRM_CREDIT,Crédito verificado para la obra base y aplicado únicamente a esta edición: Warner Bros. Interactive Entertainment.,https://www.mortalkombat.com/,,ADD,,warner-bros-interactive-entertainment,Warner Bros. Interactive Entertainment,https://www.mortalkombat.com/,,,2026-09-05,company-credit-ps4-pal-rapid-review-2026-09-05
ps4-mortal-kombat-xl-ultimate-fight-bundle,Mortal Kombat XL [Ultimate Fight Bundle],Mortal Kombat XL [Ultimate Fight Bundle],PAL España,standard,EDITION_VARIANT,PHYSICAL_PUBLISHER_OR_DISTRIBUTOR,,Warner Bros. Interactive Entertainment,HIGH,EXACT_TITLE_OR_EDITION_FAMILY,ADD_OR_CONFIRM_CREDIT,Crédito verificado para la obra base y aplicado únicamente a esta edición: Warner Bros. Interactive Entertainment.,https://www.mortalkombat.com/,,ADD,,warner-bros-interactive-entertainment,Warner Bros. Interactive Entertainment,https://www.mortalkombat.com/,,,2026-09-05,company-credit-ps4-pal-rapid-review-2026-09-05
ps4-motogp-23,MotoGP 23,MotoGP 23,PAL España,standard,GAME_OR_UNKNOWN,PHYSICAL_PUBLISHER_OR_DISTRIBUTOR,,Milestone,HIGH,EXACT_TITLE_OR_EDITION_FAMILY,ADD_OR_CONFIRM_CREDIT,Crédito verificado para la obra base y aplicado únicamente a esta edición: Milestone.,https://milestone.it/games/,,ADD,,milestone,MileStone,https://milestone.it/games/,,,2026-09-05,company-credit-ps4-pal-rapid-review-2026-09-05
ps4-motogp-24,MotoGP 24,MotoGP 24,PAL España,standard,GAME_OR_UNKNOWN,PHYSICAL_PUBLISHER_OR_DISTRIBUTOR,,Milestone,HIGH,EXACT_TITLE_OR_EDITION_FAMILY,ADD_OR_CONFIRM_CREDIT,Crédito verificado para la obra base y aplicado únicamente a esta edición: Milestone.,https://milestone.it/games/,,ADD,,milestone,MileStone,https://milestone.it/games/,,,2026-09-05,company-credit-ps4-pal-rapid-review-2026-09-05
ps4-motogp-25,MotoGP 25,MotoGP 25,PAL España,standard,GAME_OR_UNKNOWN,PHYSICAL_PUBLISHER_OR_DISTRIBUTOR,,Milestone,HIGH,EXACT_TITLE_OR_EDITION_FAMILY,ADD_OR_CONFIRM_CREDIT,Crédito verificado para la obra base y aplicado únicamente a esta edición: Milestone.,https://milestone.it/games/,,ADD,,milestone,MileStone,https://milestone.it/games/,,,2026-09-05,company-credit-ps4-pal-rapid-review-2026-09-05
ps4-motogp-25-day-one-edition,MotoGP 25 [Day One Edition],MotoGP 25 [Day One Edition],PAL España,standard,EDITION_VARIANT,PHYSICAL_PUBLISHER_OR_DISTRIBUTOR,,Milestone,HIGH,EXACT_TITLE_OR_EDITION_FAMILY,ADD_OR_CONFIRM_CREDIT,Crédito verificado para la obra base y aplicado únicamente a esta edición: Milestone.,https://milestone.it/games/,,ADD,,milestone,MileStone,https://milestone.it/games/,,,2026-09-05,company-credit-ps4-pal-rapid-review-2026-09-05
ps4-motorcycle-club,Motorcycle Club,Motorcycle Club,PAL España,standard,GAME_OR_UNKNOWN,PHYSICAL_PUBLISHER_OR_DISTRIBUTOR,,Nacon,HIGH,DIGITAL_PS4_EU | GAME_WORK,ADD_OR_CONFIRM_CREDIT,"Coincidencia rápida: PLAYSTATION_STORE, STEAM.",https://store.playstation.com/es-es/product/EP4008-CUSA01170_00-MOTORCYCLECLUB00,https://store.steampowered.com/app/303830,ADD,,nacon,Nacon,https://store.playstation.com/es-es/product/EP4008-CUSA01170_00-MOTORCYCLECLUB00 | https://store.steampowered.com/app/303830,,,2026-09-05,company-credit-ps4-pal-rapid-review-2026-09-05
ps4-mountain-rescue-simulator,Mountain Rescue Simulator,Mountain Rescue Simulator,PAL España,standard,GAME_OR_UNKNOWN,DIGITAL_PUBLISHER,,Iridium Media Group GmbH,HIGH,DIGITAL_PS4_EU,ADD_OR_CONFIRM_CREDIT,Coincidencia rápida: PLAYSTATION_STORE.,https://store.playstation.com/es-es/product/EP8935-CUSA15214_00-MOUNTAINRESPS4EU,,ADD,,iridium-media-group-gmbh,Iridium Media Group GmbH,https://store.playstation.com/es-es/product/EP8935-CUSA15214_00-MOUNTAINRESPS4EU,,,2026-09-05,company-credit-ps4-pal-rapid-review-2026-09-05
ps4-mr-run-and-jump-&#43;-kombinera-adrenaline-pack,Mr. Run And Jump + Kombinera [Adrenaline Pack],Mr. Run And Jump + Kombinera [Adrenaline Pack],PAL España,standard,BUNDLE_OR_MULTI_PRODUCT,DEVELOPER,,Graphite Lab,HIGH,EXACT_TITLE_OR_EDITION_FAMILY,ADD_OR_CONFIRM_CREDIT,Crédito verificado para la obra base y aplicado únicamente a esta edición: Graphite Lab.,https://atari.com/products/mr-run-and-jump,,ADD,,graphite-lab,Graphite Lab,https://atari.com/products/mr-run-and-jump,,,2026-09-05,company-credit-ps4-pal-rapid-review-2026-09-05
ps4-mr-run-and-jump-&#43;-kombinera-adrenaline-pack,Mr. Run And Jump + Kombinera [Adrenaline Pack],Mr. Run And Jump + Kombinera [Adrenaline Pack],PAL España,standard,BUNDLE_OR_MULTI_PRODUCT,PHYSICAL_PUBLISHER_OR_DISTRIBUTOR,,Atari,HIGH,EXACT_TITLE_OR_EDITION_FAMILY,ADD_OR_CONFIRM_CREDIT,Crédito verificado para la obra base y aplicado únicamente a esta edición: Atari.,https://atari.com/products/mr-run-and-jump,,ADD,,atari,Atari Europe,https://atari.com/products/mr-run-and-jump,,,2026-09-05,company-credit-ps4-pal-rapid-review-2026-09-05
ps4-mudrunner,MudRunner,MudRunner,PAL España,standard,GAME_OR_UNKNOWN,PHYSICAL_PUBLISHER_OR_DISTRIBUTOR,,Focus Home Interactive,HIGH,EXACT_TITLE_OR_EDITION_FAMILY,ADD_OR_CONFIRM_CREDIT,Crédito verificado para la obra base y aplicado únicamente a esta edición: Focus Home Interactive.,https://mudrunner-thegame.com/,,ADD,,focus-home-interactive,Focus Home Interactive,https://mudrunner-thegame.com/,,,2026-09-05,company-credit-ps4-pal-rapid-review-2026-09-05
ps4-mudrunner-american-wilds,MudRunner American Wilds,MudRunner American Wilds,PAL España,standard,GAME_OR_UNKNOWN,DEVELOPER,,Saber Interactive,HIGH,EXACT_TITLE_OR_EDITION_FAMILY,ADD_OR_CONFIRM_CREDIT,Crédito verificado para la obra base y aplicado únicamente a esta edición: Saber Interactive.,https://mudrunner-thegame.com/,,ADD,,saber-interactive,Saber Interactive Inc,https://mudrunner-thegame.com/,,,2026-09-05,company-credit-ps4-pal-rapid-review-2026-09-05
ps4-mudrunner-american-wilds,MudRunner American Wilds,MudRunner American Wilds,PAL España,standard,GAME_OR_UNKNOWN,PHYSICAL_PUBLISHER_OR_DISTRIBUTOR,,Focus Home Interactive,HIGH,EXACT_TITLE_OR_EDITION_FAMILY,ADD_OR_CONFIRM_CREDIT,Crédito verificado para la obra base y aplicado únicamente a esta edición: Focus Home Interactive.,https://mudrunner-thegame.com/,,ADD,,focus-home-interactive,Focus Home Interactive,https://mudrunner-thegame.com/,,,2026-09-05,company-credit-ps4-pal-rapid-review-2026-09-05
ps4-mxgp,MXGP,MXGP,PAL España,standard,GAME_OR_UNKNOWN,DEVELOPER,,Milestone,HIGH,EXACT_TITLE_OR_EDITION_FAMILY,ADD_OR_CONFIRM_CREDIT,Crédito verificado para la obra base y aplicado únicamente a esta edición: Milestone.,https://milestone.it/games/,,ADD,,milestone,MileStone,https://milestone.it/games/,,,2026-09-05,company-credit-ps4-pal-rapid-review-2026-09-05
ps4-mxgp,MXGP,MXGP,PAL España,standard,GAME_OR_UNKNOWN,PHYSICAL_PUBLISHER_OR_DISTRIBUTOR,,Milestone,HIGH,EXACT_TITLE_OR_EDITION_FAMILY,ADD_OR_CONFIRM_CREDIT,Crédito verificado para la obra base y aplicado únicamente a esta edición: Milestone.,https://milestone.it/games/,,ADD,,milestone,MileStone,https://milestone.it/games/,,,2026-09-05,company-credit-ps4-pal-rapid-review-2026-09-05
ps4-my-fantastic-ranch,My Fantastic Ranch,My Fantastic Ranch,PAL España,standard,GAME_OR_UNKNOWN,PHYSICAL_PUBLISHER_OR_DISTRIBUTOR,,Nacon,HIGH,EXACT_TITLE_OR_EDITION_FAMILY,ADD_OR_CONFIRM_CREDIT,Crédito verificado para la obra base y aplicado únicamente a esta edición: Nacon.,https://www.nacongaming.com/,,ADD,,nacon,Nacon,https://www.nacongaming.com/,,,2026-09-05,company-credit-ps4-pal-rapid-review-2026-09-05
ps4-my-friend-peppa-pig,My Friend Peppa Pig,My Friend Peppa Pig,PAL España,standard,GAME_OR_UNKNOWN,PHYSICAL_PUBLISHER_OR_DISTRIBUTOR,,Outright Games,HIGH,GAME_WORK,ADD_OR_CONFIRM_CREDIT,"Coincidencia rápida: STEAM, WIKIDATA.",https://store.steampowered.com/app/1635590,https://www.wikidata.org/entity/Q109061849,ADD,,outright-games,Outright Games LTD,https://store.steampowered.com/app/1635590 | https://www.wikidata.org/entity/Q109061849,,,2026-09-05,company-credit-ps4-pal-rapid-review-2026-09-05
ps4-my-life-pet-vet,My Life: Pet Vet,My Life: Pet Vet,PAL España,standard,GAME_OR_UNKNOWN,PHYSICAL_PUBLISHER_OR_DISTRIBUTOR,,Microids,HIGH,EXACT_TITLE_OR_EDITION_FAMILY,ADD_OR_CONFIRM_CREDIT,Crédito verificado para la obra base y aplicado únicamente a esta edición: Microids.,https://www.microids.com/,,ADD,,microids,Microids,https://www.microids.com/,,,2026-09-05,company-credit-ps4-pal-rapid-review-2026-09-05
ps4-my-life-riding-stables-3,My Life: Riding Stables 3,My Life: Riding Stables 3,PAL España,standard,GAME_OR_UNKNOWN,PHYSICAL_PUBLISHER_OR_DISTRIBUTOR,,MARKT+TECHNIK VERLAG GMBH,HIGH,DIGITAL_PS4_EU | GAME_WORK,ADD_OR_CONFIRM_CREDIT,"Coincidencia rápida: PLAYSTATION_STORE, STEAM.",https://store.playstation.com/es-es/product/EP3024-CUSA33990_00-RIDINGSTABLES3EU,https://store.steampowered.com/app/1962150,ADD,,markt-43-technik-verlag-gmbh,Markt+Technik Verlag GmbH,https://store.playstation.com/es-es/product/EP3024-CUSA33990_00-RIDINGSTABLES3EU | https://store.steampowered.com/app/1962150,,,2026-09-05,company-credit-ps4-pal-rapid-review-2026-09-05
ps4-my-little-pony-a-maretime-bay-adventure,My Little Pony: A Maretime Bay Adventure,My Little Pony: A Maretime Bay Adventure,PAL España,standard,GAME_OR_UNKNOWN,PHYSICAL_PUBLISHER_OR_DISTRIBUTOR,,Outright Games,HIGH,GAME_WORK | PS4_RELEASE,ADD_OR_CONFIRM_CREDIT,"Coincidencia rápida: LAUNCHBOX_PS4, STEAM, WIKIDATA.",https://gamesdb.launchbox-app.com/games/details/473597,https://store.steampowered.com/app/1600780,ADD,,outright-games,Outright Games LTD,https://gamesdb.launchbox-app.com/games/details/473597 | https://store.steampowered.com/app/1600780,,,2026-09-05,company-credit-ps4-pal-rapid-review-2026-09-05
ps4-my-little-riding-champion,My Little Riding Champion,My Little Riding Champion,PAL España,standard,GAME_OR_UNKNOWN,PHYSICAL_PUBLISHER_OR_DISTRIBUTOR,,Toplitz Productions,HIGH,DIGITAL_PS4_EU | GAME_WORK,ADD_OR_CONFIRM_CREDIT,"Coincidencia rápida: PLAYSTATION_STORE, STEAM.",https://store.playstation.com/es-es/product/EP4008-CUSA13577_00-MLRCSIEE00000000,https://store.steampowered.com/app/789900,ADD,,toplitz-productions,Toplitz Productions,https://store.playstation.com/es-es/product/EP4008-CUSA13577_00-MLRCSIEE00000000 | https://store.steampowered.com/app/789900,,,2026-09-05,company-credit-ps4-pal-rapid-review-2026-09-05
ps4-my-riding-stables-2-a-new-adventure,My Riding Stables 2: A New Adventure,My Riding Stables 2: A New Adventure,PAL España,standard,GAME_OR_UNKNOWN,DIGITAL_PUBLISHER,,MARKT+TECHNIK VERLAG GMBH,HIGH,DIGITAL_PS4_EU,ADD_OR_CONFIRM_CREDIT,Coincidencia rápida: PLAYSTATION_STORE.,https://store.playstation.com/es-es/product/EP3024-CUSA17887_00-MYRIDINGFARMEURO,,ADD,,markt-43-technik-verlag-gmbh,Markt+Technik Verlag GmbH,https://store.playstation.com/es-es/product/EP3024-CUSA17887_00-MYRIDINGFARMEURO,,,2026-09-05,company-credit-ps4-pal-rapid-review-2026-09-05
ps4-naruto-shippuden-ultimate-ninja-storm-4-road-to-boruto-&#43;-naruto-to-boruto-shinobi-striker,Naruto Shippuden Ultimate Ninja Storm 4: Road to Boruto + Naruto to Boruto Shinobi Striker,Naruto Shippuden Ultimate Ninja Storm 4: Road to Boruto + Naruto to Boruto Shinobi Striker,PAL España,standard,GAME_OR_UNKNOWN,DEVELOPER,,CyberConnect2,HIGH,EXACT_TITLE_OR_EDITION_FAMILY,ADD_OR_CONFIRM_CREDIT,Crédito verificado para la obra base y aplicado únicamente a esta edición: CyberConnect2.,https://en.bandainamcoent.eu/naruto,,ADD,,cyberconnect2,CyberConnect2,https://en.bandainamcoent.eu/naruto,,,2026-09-05,company-credit-ps4-pal-rapid-review-2026-09-05
ps4-naruto-shippuden-ultimate-ninja-storm-4-road-to-boruto-&#43;-naruto-to-boruto-shinobi-striker,Naruto Shippuden Ultimate Ninja Storm 4: Road to Boruto + Naruto to Boruto Shinobi Striker,Naruto Shippuden Ultimate Ninja Storm 4: Road to Boruto + Naruto to Boruto Shinobi Striker,PAL España,standard,GAME_OR_UNKNOWN,PHYSICAL_PUBLISHER_OR_DISTRIBUTOR,,Bandai Namco Entertainment Europe,HIGH,EXACT_TITLE_OR_EDITION_FAMILY,ADD_OR_CONFIRM_CREDIT,Crédito verificado para la obra base y aplicado únicamente a esta edición: Bandai Namco Entertainment Europe.,https://en.bandainamcoent.eu/naruto,,ADD,,bandai-namco-entertainment-europe,Bandai Namco Entertainment Europe,https://en.bandainamcoent.eu/naruto,,,2026-09-05,company-credit-ps4-pal-rapid-review-2026-09-05
ps4-naruto-shippuden-ultimate-ninja-storm-legacy,Naruto Shippuden Ultimate Ninja Storm Legacy,Naruto Shippuden Ultimate Ninja Storm Legacy,PAL España,standard,GAME_OR_UNKNOWN,DEVELOPER,,CyberConnect2,HIGH,EXACT_TITLE_OR_EDITION_FAMILY,ADD_OR_CONFIRM_CREDIT,Crédito verificado para la obra base y aplicado únicamente a esta edición: CyberConnect2.,https://en.bandainamcoent.eu/naruto,,ADD,,cyberconnect2,CyberConnect2,https://en.bandainamcoent.eu/naruto,,,2026-09-05,company-credit-ps4-pal-rapid-review-2026-09-05
ps4-naruto-shippuden-ultimate-ninja-storm-legacy,Naruto Shippuden Ultimate Ninja Storm Legacy,Naruto Shippuden Ultimate Ninja Storm Legacy,PAL España,standard,GAME_OR_UNKNOWN,PHYSICAL_PUBLISHER_OR_DISTRIBUTOR,,Bandai Namco Entertainment Europe,HIGH,EXACT_TITLE_OR_EDITION_FAMILY,ADD_OR_CONFIRM_CREDIT,Crédito verificado para la obra base y aplicado únicamente a esta edición: Bandai Namco Entertainment Europe.,https://en.bandainamcoent.eu/naruto,,ADD,,bandai-namco-entertainment-europe,Bandai Namco Entertainment Europe,https://en.bandainamcoent.eu/naruto,,,2026-09-05,company-credit-ps4-pal-rapid-review-2026-09-05
ps4-naruto-shippuden-ultimate-ninja-storm-4-road-to-boruto,Naruto shippuden: Ultimate Ninja Storm 4 Road To Boruto,Naruto shippuden: Ultimate Ninja Storm 4 Road To Boruto,PAL España,standard,GAME_OR_UNKNOWN,DEVELOPER,,CyberConnect2,HIGH,EXACT_TITLE_OR_EDITION_FAMILY,ADD_OR_CONFIRM_CREDIT,Crédito verificado para la obra base y aplicado únicamente a esta edición: CyberConnect2.,https://en.bandainamcoent.eu/naruto,,ADD,,cyberconnect2,CyberConnect2,https://en.bandainamcoent.eu/naruto,,,2026-09-05,company-credit-ps4-pal-rapid-review-2026-09-05
ps4-naruto-shippuden-ultimate-ninja-storm-4-road-to-boruto,Naruto shippuden: Ultimate Ninja Storm 4 Road To Boruto,Naruto shippuden: Ultimate Ninja Storm 4 Road To Boruto,PAL España,standard,GAME_OR_UNKNOWN,PHYSICAL_PUBLISHER_OR_DISTRIBUTOR,,Bandai Namco Entertainment Europe,HIGH,EXACT_TITLE_OR_EDITION_FAMILY,ADD_OR_CONFIRM_CREDIT,Crédito verificado para la obra base y aplicado únicamente a esta edición: Bandai Namco Entertainment Europe.,https://en.bandainamcoent.eu/naruto,,ADD,,bandai-namco-entertainment-europe,Bandai Namco Entertainment Europe,https://en.bandainamcoent.eu/naruto,,,2026-09-05,company-credit-ps4-pal-rapid-review-2026-09-05
ps4-naruto-shippuden-ultimate-ninja-storm-trilogy,Naruto Shippuden: Ultimate Ninja Storm Trilogy,Naruto Shippuden: Ultimate Ninja Storm Trilogy,PAL España,standard,POSSIBLE_COMPILATION_OR_MULTI_PRODUCT,DEVELOPER,,CyberConnect2,HIGH,EXACT_TITLE_OR_EDITION_FAMILY,ADD_OR_CONFIRM_CREDIT,Crédito verificado para la obra base y aplicado únicamente a esta edición: CyberConnect2.,https://en.bandainamcoent.eu/naruto,,ADD,,cyberconnect2,CyberConnect2,https://en.bandainamcoent.eu/naruto,,,2026-09-05,company-credit-ps4-pal-rapid-review-2026-09-05
ps4-naruto-shippuden-ultimate-ninja-storm-trilogy,Naruto Shippuden: Ultimate Ninja Storm Trilogy,Naruto Shippuden: Ultimate Ninja Storm Trilogy,PAL España,standard,POSSIBLE_COMPILATION_OR_MULTI_PRODUCT,PHYSICAL_PUBLISHER_OR_DISTRIBUTOR,,Bandai Namco Entertainment Europe,HIGH,EXACT_TITLE_OR_EDITION_FAMILY,ADD_OR_CONFIRM_CREDIT,Crédito verificado para la obra base y aplicado únicamente a esta edición: Bandai Namco Entertainment Europe.,https://en.bandainamcoent.eu/naruto,,ADD,,bandai-namco-entertainment-europe,Bandai Namco Entertainment Europe,https://en.bandainamcoent.eu/naruto,,,2026-09-05,company-credit-ps4-pal-rapid-review-2026-09-05
ps4-naruto-x-boruto-ultimate-ninja-storm-connections,Naruto x Boruto: Ultimate Ninja Storm Connections,Naruto x Boruto: Ultimate Ninja Storm Connections,PAL España,standard,GAME_OR_UNKNOWN,PHYSICAL_PUBLISHER_OR_DISTRIBUTOR,,Bandai Namco Entertainment Europe,HIGH,EXACT_TITLE_OR_EDITION_FAMILY,ADD_OR_CONFIRM_CREDIT,Crédito verificado para la obra base y aplicado únicamente a esta edición: Bandai Namco Entertainment Europe.,https://en.bandainamcoent.eu/naruto,,ADD,,bandai-namco-entertainment-europe,Bandai Namco Entertainment Europe,https://en.bandainamcoent.eu/naruto,,,2026-09-05,company-credit-ps4-pal-rapid-review-2026-09-05
ps4-naruto-x-boruto-ultimate-ninja-storm-connections-collector%27s-edition,Naruto x Boruto: Ultimate Ninja Storm Connections [Collector's Edition],Naruto x Boruto: Ultimate Ninja Storm Connections [Collector's Edition],PAL España,standard,EDITION_VARIANT,PHYSICAL_PUBLISHER_OR_DISTRIBUTOR,,Bandai Namco Entertainment Europe,HIGH,EXACT_TITLE_OR_EDITION_FAMILY,ADD_OR_CONFIRM_CREDIT,Crédito verificado para la obra base y aplicado únicamente a esta edición: Bandai Namco Entertainment Europe.,https://en.bandainamcoent.eu/naruto,,ADD,,bandai-namco-entertainment-europe,Bandai Namco Entertainment Europe,https://en.bandainamcoent.eu/naruto,,,2026-09-05,company-credit-ps4-pal-rapid-review-2026-09-05
ps4-naught-extended-edition,Naught: Extended Edition,Naught: Extended Edition,PAL España,standard,GAME_OR_UNKNOWN,PHYSICAL_PUBLISHER_OR_DISTRIBUTOR,,WildSphere,HIGH,EXACT_TITLE_OR_EDITION_FAMILY,ADD_OR_CONFIRM_CREDIT,Crédito verificado para la obra base y aplicado únicamente a esta edición: WildSphere.,https://www.wildsphere.es/,,ADD,,wild-sphere,Wild Sphere,https://www.wildsphere.es/,,,2026-09-05,company-credit-ps4-pal-rapid-review-2026-09-05
ps4-nba-bounce,NBA Bounce,NBA Bounce,PAL España,standard,GAME_OR_UNKNOWN,PHYSICAL_PUBLISHER_OR_DISTRIBUTOR,,Outright Games,HIGH,GAME_WORK | PS4_RELEASE,ADD_OR_CONFIRM_CREDIT,"Coincidencia rápida: LAUNCHBOX_PS4, STEAM.",https://gamesdb.launchbox-app.com/games/details/476462,https://store.steampowered.com/app/3115130,ADD,,outright-games,Outright Games LTD,https://gamesdb.launchbox-app.com/games/details/476462 | https://store.steampowered.com/app/3115130,,,2026-09-05,company-credit-ps4-pal-rapid-review-2026-09-05
ps4-neo-the-worlds-ends-with-you,Neo : The Worlds ends with You,Neo : The Worlds ends with You,PAL España,standard,GAME_OR_UNKNOWN,DEVELOPER,,h.a.n.d.,HIGH,EXACT_TITLE_OR_EDITION_FAMILY,ADD_OR_CONFIRM_CREDIT,Crédito verificado para la obra base y aplicado únicamente a esta edición: h.a.n.d..,https://square-enix-games.com/en_US/games/neo-the-world-ends-with-you,,ADD,,h-a-n-d,h.a.n.d. Inc,https://square-enix-games.com/en_US/games/neo-the-world-ends-with-you,,,2026-09-05,company-credit-ps4-pal-rapid-review-2026-09-05
ps4-neo-the-worlds-ends-with-you,Neo : The Worlds ends with You,Neo : The Worlds ends with You,PAL España,standard,GAME_OR_UNKNOWN,PHYSICAL_PUBLISHER_OR_DISTRIBUTOR,,Square Enix,HIGH,EXACT_TITLE_OR_EDITION_FAMILY,ADD_OR_CONFIRM_CREDIT,Crédito verificado para la obra base y aplicado únicamente a esta edición: Square Enix.,https://square-enix-games.com/en_US/games/neo-the-world-ends-with-you,,ADD,,square-enix,Square Enix,https://square-enix-games.com/en_US/games/neo-the-world-ends-with-you,,,2026-09-05,company-credit-ps4-pal-rapid-review-2026-09-05
ps4-nero-nothing-ever-remains-obscure,NERO Nothing Ever Remains Obscure,NERO Nothing Ever Remains Obscure,PAL España,standard,GAME_OR_UNKNOWN,PHYSICAL_PUBLISHER_OR_DISTRIBUTOR,,Soedesco,HIGH,EXACT_TITLE_OR_EDITION_FAMILY,ADD_OR_CONFIRM_CREDIT,Crédito verificado para la obra base y aplicado únicamente a esta edición: Soedesco.,https://www.soedesco.com/,,ADD,,soedesco,Soedesco,https://www.soedesco.com/,,,2026-09-05,company-credit-ps4-pal-rapid-review-2026-09-05
ps4-new-joe-mac-caveman-ninja,New Joe & Mac Caveman Ninja,New Joe & Mac Caveman Ninja,PAL España,standard,GAME_OR_UNKNOWN,PHYSICAL_PUBLISHER_OR_DISTRIBUTOR,,Microids,HIGH,EXACT_TITLE_OR_EDITION_FAMILY,ADD_OR_CONFIRM_CREDIT,Crédito verificado para la obra base y aplicado únicamente a esta edición: Microids.,https://www.microids.com/game-new-joe-mac-caveman-ninja/,,ADD,,microids,Microids,https://www.microids.com/game-new-joe-mac-caveman-ninja/,,,2026-09-05,company-credit-ps4-pal-rapid-review-2026-09-05
ps4-new-joe-&amp;-mac-caveman-ninja-t-rex-edition,New Joe & Mac: Caveman Ninja [T-Rex Edition],New Joe & Mac: Caveman Ninja [T-Rex Edition],PAL España,standard,GAME_OR_UNKNOWN,PHYSICAL_PUBLISHER_OR_DISTRIBUTOR,,Microids,HIGH,EXACT_TITLE_OR_EDITION_FAMILY,ADD_OR_CONFIRM_CREDIT,Crédito verificado para la obra base y aplicado únicamente a esta edición: Microids.,https://www.microids.com/game-new-joe-mac-caveman-ninja/,,ADD,,microids,Microids,https://www.microids.com/game-new-joe-mac-caveman-ninja/,,,2026-09-05,company-credit-ps4-pal-rapid-review-2026-09-05
ps4-new-tales-from-the-borderlands-deluxe-edition,New Tales from the Borderlands [Deluxe Edition],New Tales from the Borderlands [Deluxe Edition],PAL España,standard,EDITION_VARIANT,PHYSICAL_PUBLISHER_OR_DISTRIBUTOR,,2K,HIGH,GAME_WORK,ADD_OR_CONFIRM_CREDIT,"Coincidencia rápida: STEAM, WIKIDATA.",https://store.steampowered.com/app/1454970,https://www.wikidata.org/entity/Q113585962,ADD,,2k,2k,https://store.steampowered.com/app/1454970 | https://www.wikidata.org/entity/Q113585962,,,2026-09-05,company-credit-ps4-pal-rapid-review-2026-09-05
ps4-nexomon-&amp;-nexomon-extinction-complete-collection,Nexomon & Nexomon: Extinction: Complete Collection,Nexomon & Nexomon: Extinction: Complete Collection,PAL España,standard,POSSIBLE_COMPILATION_OR_MULTI_PRODUCT,DEVELOPER,,VEWO Interactive,HIGH,EXACT_TITLE_OR_EDITION_FAMILY,ADD_OR_CONFIRM_CREDIT,Crédito verificado para la obra base y aplicado únicamente a esta edición: VEWO Interactive.,https://pqube.co.uk/games/nexomon-extinction/,,ADD,,vewo-interactive,VEWO Interactive,https://pqube.co.uk/games/nexomon-extinction/,,,2026-09-05,company-credit-ps4-pal-rapid-review-2026-09-05
ps4-ni-no-kuni-la-ira-de-la-bruja-blanca-remastered,Ni No Kuni La ira de la Bruja Blanca Remastered,Ni No Kuni La ira de la Bruja Blanca Remastered,PAL España,standard,EDITION_VARIANT,DEVELOPER,,Level-5,HIGH,EXACT_TITLE_OR_EDITION_FAMILY,ADD_OR_CONFIRM_CREDIT,Crédito verificado para la obra base y aplicado únicamente a esta edición: Level-5.,https://en.bandainamcoent.eu/ni-no-kuni,,ADD,,level-5,Level 5,https://en.bandainamcoent.eu/ni-no-kuni,,,2026-09-05,company-credit-ps4-pal-rapid-review-2026-09-05
ps4-ni-no-kuni-la-ira-de-la-bruja-blanca-remastered,Ni No Kuni La ira de la Bruja Blanca Remastered,Ni No Kuni La ira de la Bruja Blanca Remastered,PAL España,standard,EDITION_VARIANT,PHYSICAL_PUBLISHER_OR_DISTRIBUTOR,,Bandai Namco Entertainment Europe,HIGH,EXACT_TITLE_OR_EDITION_FAMILY,ADD_OR_CONFIRM_CREDIT,Crédito verificado para la obra base y aplicado únicamente a esta edición: Bandai Namco Entertainment Europe.,https://en.bandainamcoent.eu/ni-no-kuni,,ADD,,bandai-namco-entertainment-europe,Bandai Namco Entertainment Europe,https://en.bandainamcoent.eu/ni-no-kuni,,,2026-09-05,company-credit-ps4-pal-rapid-review-2026-09-05
ps4-nier-autonomata,Nier Autonomata,Nier Autonomata,PAL España,standard,GAME_OR_UNKNOWN,DEVELOPER,,PlatinumGames,HIGH,EXACT_TITLE_OR_EDITION_FAMILY,ADD_OR_CONFIRM_CREDIT,Crédito verificado para la obra base y aplicado únicamente a esta edición: PlatinumGames.,https://www.niergame.com/,,ADD,,platinumgames,PlatinumGames Inc,https://www.niergame.com/,,,2026-09-05,company-credit-ps4-pal-rapid-review-2026-09-05
ps4-nier-autonomata,Nier Autonomata,Nier Autonomata,PAL España,standard,GAME_OR_UNKNOWN,PHYSICAL_PUBLISHER_OR_DISTRIBUTOR,,Square Enix,HIGH,EXACT_TITLE_OR_EDITION_FAMILY,ADD_OR_CONFIRM_CREDIT,Crédito verificado para la obra base y aplicado únicamente a esta edición: Square Enix.,https://www.niergame.com/,,ADD,,square-enix,Square Enix,https://www.niergame.com/,,,2026-09-05,company-credit-ps4-pal-rapid-review-2026-09-05
ps4-nier-replicant,Nier Replicant,Nier Replicant,PAL España,standard,GAME_OR_UNKNOWN,DEVELOPER,,Toylogic,HIGH,EXACT_TITLE_OR_EDITION_FAMILY,ADD_OR_CONFIRM_CREDIT,Crédito verificado para la obra base y aplicado únicamente a esta edición: Toylogic.,https://nier.square-enix-games.com/,,ADD,,toylogic,Toylogic,https://nier.square-enix-games.com/,,,2026-09-05,company-credit-ps4-pal-rapid-review-2026-09-05
ps4-nier-replicant,Nier Replicant,Nier Replicant,PAL España,standard,GAME_OR_UNKNOWN,PHYSICAL_PUBLISHER_OR_DISTRIBUTOR,,Square Enix,HIGH,EXACT_TITLE_OR_EDITION_FAMILY,ADD_OR_CONFIRM_CREDIT,Crédito verificado para la obra base y aplicado únicamente a esta edición: Square Enix.,https://nier.square-enix-games.com/,,ADD,,square-enix,Square Enix,https://nier.square-enix-games.com/,,,2026-09-05,company-credit-ps4-pal-rapid-review-2026-09-05
ps4-nights-of-azure-2,Nights Of Azure 2,Nights Of Azure 2,PAL España,standard,GAME_OR_UNKNOWN,DEVELOPER,,Gust,HIGH,EXACT_TITLE_OR_EDITION_FAMILY,ADD_OR_CONFIRM_CREDIT,Crédito verificado para la obra base y aplicado únicamente a esta edición: Gust.,https://www.koeitecmoeurope.com/nightsofazure2/,,ADD,,gust,Gust,https://www.koeitecmoeurope.com/nightsofazure2/,,,2026-09-05,company-credit-ps4-pal-rapid-review-2026-09-05
ps4-nights-of-azure-2,Nights Of Azure 2,Nights Of Azure 2,PAL España,standard,GAME_OR_UNKNOWN,PHYSICAL_PUBLISHER_OR_DISTRIBUTOR,,Koei Tecmo Europe,HIGH,EXACT_TITLE_OR_EDITION_FAMILY,ADD_OR_CONFIRM_CREDIT,Crédito verificado para la obra base y aplicado únicamente a esta edición: Koei Tecmo Europe.,https://www.koeitecmoeurope.com/nightsofazure2/,,ADD,,koei-tecmo-europe,Koei Tecmo Europe,https://www.koeitecmoeurope.com/nightsofazure2/,,,2026-09-05,company-credit-ps4-pal-rapid-review-2026-09-05
ps4-ninja-jajamaru-legendary-ninja-collection-collector%27s-edition,Ninja JaJaMaru Legendary Ninja Collection [Collector's Edition],Ninja JaJaMaru Legendary Ninja Collection [Collector's Edition],PAL España,standard,EDITION_VARIANT,DEVELOPER,,Ratalaika Games,HIGH,EXACT_TITLE_OR_EDITION_FAMILY,ADD_OR_CONFIRM_CREDIT,Crédito verificado para la obra base y aplicado únicamente a esta edición: Ratalaika Games.,https://www.iningames.com/games/jajamaru-legendary-ninja-collection,,ADD,,ratalaika-games,Ratalaika Games,https://www.iningames.com/games/jajamaru-legendary-ninja-collection,,,2026-09-05,company-credit-ps4-pal-rapid-review-2026-09-05
ps4-ninja-jajamaru-legendary-ninja-collection-collector%27s-edition,Ninja JaJaMaru Legendary Ninja Collection [Collector's Edition],Ninja JaJaMaru Legendary Ninja Collection [Collector's Edition],PAL España,standard,EDITION_VARIANT,PHYSICAL_PUBLISHER_OR_DISTRIBUTOR,,ININ Games,HIGH,EXACT_TITLE_OR_EDITION_FAMILY,ADD_OR_CONFIRM_CREDIT,Crédito verificado para la obra base y aplicado únicamente a esta edición: ININ Games.,https://www.iningames.com/games/jajamaru-legendary-ninja-collection,,ADD,,inin-games,ININ Games,https://www.iningames.com/games/jajamaru-legendary-ninja-collection,,,2026-09-05,company-credit-ps4-pal-rapid-review-2026-09-05
ps4-ninja-saviors-return-of-the-warriors-collector%27s-edition,Ninja Saviors: Return of the Warriors [Collector's Edition],Ninja Saviors: Return of the Warriors [Collector's Edition],PAL España,standard,EDITION_VARIANT,DEVELOPER,,Natsume Atari,HIGH,EXACT_TITLE_OR_EDITION_FAMILY,ADD_OR_CONFIRM_CREDIT,Crédito verificado para la obra base y aplicado únicamente a esta edición: Natsume Atari.,https://www.strictlylimitedgames.com/,,ADD,,natsume-atari,Natsume Atari,https://www.strictlylimitedgames.com/,,,2026-09-05,company-credit-ps4-pal-rapid-review-2026-09-05
ps4-ninja-saviors-return-of-the-warriors-strictly-limited-edition,Ninja Saviors: Return of the Warriors [Strictly Limited Edition],Ninja Saviors: Return of the Warriors [Strictly Limited Edition],PAL España,standard,EDITION_VARIANT,DEVELOPER,,Natsume Atari,HIGH,EXACT_TITLE_OR_EDITION_FAMILY,ADD_OR_CONFIRM_CREDIT,Crédito verificado para la obra base y aplicado únicamente a esta edición: Natsume Atari.,https://www.strictlylimitedgames.com/,,ADD,,natsume-atari,Natsume Atari,https://www.strictlylimitedgames.com/,,,2026-09-05,company-credit-ps4-pal-rapid-review-2026-09-05
ps4-ninja-saviors-return-of-the-warriors-tuned-collector%27s-edition,Ninja Saviors: Return of the Warriors [Tuned Collector's Edition],Ninja Saviors: Return of the Warriors [Tuned Collector's Edition],PAL España,standard,EDITION_VARIANT,DEVELOPER,,Natsume Atari,HIGH,EXACT_TITLE_OR_EDITION_FAMILY,ADD_OR_CONFIRM_CREDIT,Crédito verificado para la obra base y aplicado únicamente a esta edición: Natsume Atari.,https://www.strictlylimitedgames.com/,,ADD,,natsume-atari,Natsume Atari,https://www.strictlylimitedgames.com/,,,2026-09-05,company-credit-ps4-pal-rapid-review-2026-09-05
ps4-noob-les-sans-factions-limited-edition,Noob: Les Sans-Factions [Limited Edition],Noob: Les Sans-Factions [Limited Edition],PAL España,standard,EDITION_VARIANT,DEVELOPER,,BlackPixel Studio,HIGH,EXACT_TITLE_OR_EDITION_FAMILY,ADD_OR_CONFIRM_CREDIT,Crédito verificado para la obra base y aplicado únicamente a esta edición: BlackPixel Studio.,https://www.microids.com/,,ADD,,blackpixel-studio,BlackPixel Studio,https://www.microids.com/,,,2026-09-05,company-credit-ps4-pal-rapid-review-2026-09-05
ps4-noob-les-sans-factions-limited-edition,Noob: Les Sans-Factions [Limited Edition],Noob: Les Sans-Factions [Limited Edition],PAL España,standard,EDITION_VARIANT,PHYSICAL_PUBLISHER_OR_DISTRIBUTOR,,Microids,HIGH,EXACT_TITLE_OR_EDITION_FAMILY,ADD_OR_CONFIRM_CREDIT,Crédito verificado para la obra base y aplicado únicamente a esta edición: Microids.,https://www.microids.com/,,ADD,,microids,Microids,https://www.microids.com/,,,2026-09-05,company-credit-ps4-pal-rapid-review-2026-09-05
ps4-noob-the-factionless,Noob: The Factionless,Noob: The Factionless,PAL España,standard,GAME_OR_UNKNOWN,PHYSICAL_PUBLISHER_OR_DISTRIBUTOR,,Microids,HIGH,EXACT_TITLE_OR_EDITION_FAMILY,ADD_OR_CONFIRM_CREDIT,Crédito verificado para la obra base y aplicado únicamente a esta edición: Microids.,https://www.microids.com/,,ADD,,microids,Microids,https://www.microids.com/,,,2026-09-05,company-credit-ps4-pal-rapid-review-2026-09-05
ps4-nuclear-blaze,Nuclear Blaze,Nuclear Blaze,PAL España,standard,GAME_OR_UNKNOWN,PHYSICAL_PUBLISHER_OR_DISTRIBUTOR,,Deepnight Games,HIGH,GAME_WORK,ADD_OR_CONFIRM_CREDIT,"Coincidencia rápida: STEAM, WIKIDATA.",https://store.steampowered.com/app/1662480,https://www.wikidata.org/entity/Q107658828,ADD,,deepnight-games,Deepnight Games,https://store.steampowered.com/app/1662480 | https://www.wikidata.org/entity/Q107658828,,,2026-09-05,company-credit-ps4-pal-rapid-review-2026-09-05
ps4-octopath-traveler-2,Octopath Traveler 2,Octopath Traveler 2,PAL España,standard,GAME_OR_UNKNOWN,DEVELOPER,,Acquire,HIGH,EXACT_TITLE_OR_EDITION_FAMILY,ADD_OR_CONFIRM_CREDIT,Crédito verificado para la obra base y aplicado únicamente a esta edición: Acquire.,https://octopathtraveler2.square-enix-games.com/,,ADD,,acquire,Acquire,https://octopathtraveler2.square-enix-games.com/,,,2026-09-05,company-credit-ps4-pal-rapid-review-2026-09-05
ps4-octopath-traveler-2,Octopath Traveler 2,Octopath Traveler 2,PAL España,standard,GAME_OR_UNKNOWN,PHYSICAL_PUBLISHER_OR_DISTRIBUTOR,,Square Enix,HIGH,EXACT_TITLE_OR_EDITION_FAMILY,ADD_OR_CONFIRM_CREDIT,Crédito verificado para la obra base y aplicado únicamente a esta edición: Square Enix.,https://octopathtraveler2.square-enix-games.com/,,ADD,,square-enix,Square Enix,https://octopathtraveler2.square-enix-games.com/,,,2026-09-05,company-credit-ps4-pal-rapid-review-2026-09-05
ps4-oddworld-soulstorm-collector%27s-oddition,Oddworld: Soulstorm [Collector's Oddition],Oddworld: Soulstorm [Collector's Oddition],PAL España,standard,EDITION_VARIANT,PHYSICAL_PUBLISHER_OR_DISTRIBUTOR,,Oddworld Inhabitants,HIGH,GAME_WORK | PS4_RELEASE,ADD_OR_CONFIRM_CREDIT,"Coincidencia rápida: LAUNCHBOX_PS4, WIKIDATA.",https://gamesdb.launchbox-app.com/games/details/201434,https://www.wikidata.org/entity/Q48835284,ADD,,oddworld-inhabitants,Oddworld Inhabitants,https://gamesdb.launchbox-app.com/games/details/201434 | https://www.wikidata.org/entity/Q48835284,,,2026-09-05,company-credit-ps4-pal-rapid-review-2026-09-05
ps4-odin-sphere,Odin Sphere,Odin Sphere,PAL España,standard,GAME_OR_UNKNOWN,DEVELOPER,,Vanillaware,HIGH,EXACT_TITLE_OR_EDITION_FAMILY,ADD_OR_CONFIRM_CREDIT,Crédito verificado para la obra base y aplicado únicamente a esta edición: Vanillaware.,https://atlus.com/osl/,,ADD,,vanillaware,Vanillaware,https://atlus.com/osl/,,,2026-09-05,company-credit-ps4-pal-rapid-review-2026-09-05
ps4-odin-sphere,Odin Sphere,Odin Sphere,PAL España,standard,GAME_OR_UNKNOWN,PHYSICAL_PUBLISHER_OR_DISTRIBUTOR,,Atlus,HIGH,EXACT_TITLE_OR_EDITION_FAMILY,ADD_OR_CONFIRM_CREDIT,Crédito verificado para la obra base y aplicado únicamente a esta edición: Atlus.,https://atlus.com/osl/,,ADD,,atlus,Atlus Co Ltd.,https://atlus.com/osl/,,,2026-09-05,company-credit-ps4-pal-rapid-review-2026-09-05
ps4-offroad-racing,Offroad Racing,Offroad Racing,PAL España,standard,GAME_OR_UNKNOWN,DIGITAL_PUBLISHER,,Benoit Varasse trading as Pix Arts,HIGH,DIGITAL_PS4_EU,ADD_OR_CONFIRM_CREDIT,Coincidencia rápida: PLAYSTATION_STORE.,https://store.playstation.com/es-es/product/EP7550-CUSA36501_00-5893827646639060,,ADD,,benoit-varasse-trading-as-pix-arts,Benoit Varasse trading as Pix Arts,https://store.playstation.com/es-es/product/EP7550-CUSA36501_00-5893827646639060,,,2026-09-05,company-credit-ps4-pal-rapid-review-2026-09-05
ps4-offroad-racing-buggy-x-atv-x-moto,Offroad Racing - Buggy x ATV x Moto,Offroad Racing - Buggy x ATV x Moto,PAL España,standard,GAME_OR_UNKNOWN,PHYSICAL_PUBLISHER_OR_DISTRIBUTOR,,Microids,HIGH,DIGITAL_PS4_EU | GAME_WORK,ADD_OR_CONFIRM_CREDIT,"Coincidencia rápida: PLAYSTATION_STORE, STEAM.",https://store.playstation.com/es-es/product/EP4295-CUSA16643_00-OFFROADRACING0EU,https://store.steampowered.com/app/1085520,ADD,,microids,Microids,https://store.playstation.com/es-es/product/EP4295-CUSA16643_00-OFFROADRACING0EU | https://store.steampowered.com/app/1085520,,,2026-09-05,company-credit-ps4-pal-rapid-review-2026-09-05
ps4-olliolli-epic-combo-edition,OlliOlli: Epic Combo Edition,OlliOlli: Epic Combo Edition,PAL España,standard,GAME_OR_UNKNOWN,PHYSICAL_PUBLISHER_OR_DISTRIBUTOR,,Roll7,HIGH,DIGITAL_PS4_EU | PS4_RELEASE,ADD_OR_CONFIRM_CREDIT,"Coincidencia rápida: LAUNCHBOX_PS4, PLAYSTATION_STORE.",https://gamesdb.launchbox-app.com/games/details/473662,https://store.playstation.com/es-es/product/EP4409-CUSA04814_00-OLLIOLLIEPICEU01,ADD,,roll7,roll7,https://gamesdb.launchbox-app.com/games/details/473662 | https://store.playstation.com/es-es/product/EP4409-CUSA04814_00-OLLIOLLIEPICEU01,,,2026-09-05,company-credit-ps4-pal-rapid-review-2026-09-05
ps4-olympic-games-tokyo-2020,Olympic Games Tokyo 2020,Olympic Games Tokyo 2020,PAL España,standard,GAME_OR_UNKNOWN,DEVELOPER,Sega,Sega,HIGH,EXACT_TITLE_OR_EDITION_FAMILY,ADD_OR_CONFIRM_CREDIT,Crédito verificado para la obra base y aplicado únicamente a esta edición: Sega.,https://www.olympicvideogames.com/tokyo2020/,,CONFIRM,Sega,sega,Sega,https://www.olympicvideogames.com/tokyo2020/,,,2026-09-05,company-credit-ps4-pal-rapid-review-2026-09-05
ps4-olympic-games-tokyo-2020,Olympic Games Tokyo 2020,Olympic Games Tokyo 2020,PAL España,standard,GAME_OR_UNKNOWN,PHYSICAL_PUBLISHER_OR_DISTRIBUTOR,Sega,Sega,HIGH,EXACT_TITLE_OR_EDITION_FAMILY,ADD_OR_CONFIRM_CREDIT,Crédito verificado para la obra base y aplicado únicamente a esta edición: Sega.,https://www.olympicvideogames.com/tokyo2020/,,CONFIRM,Sega,sega,Sega,https://www.olympicvideogames.com/tokyo2020/,,,2026-09-05,company-credit-ps4-pal-rapid-review-2026-09-05
ps4-omegabot,Omegabot,Omegabot,PAL España,standard,GAME_OR_UNKNOWN,PHYSICAL_PUBLISHER_OR_DISTRIBUTOR,,Red Art Games,HIGH,EXACT_TITLE_OR_EDITION_FAMILY,ADD_OR_CONFIRM_CREDIT,Crédito verificado para la obra base y aplicado únicamente a esta edición: Red Art Games.,https://www.redartgames.com/games/omegabot,,ADD,,red-art-games,Red Art Games,https://www.redartgames.com/games/omegabot,,,2026-09-05,company-credit-ps4-pal-rapid-review-2026-09-05
ps4-omen-of-sorrow-ingles,Omen of Sorrow ( inglés ),Omen of Sorrow ( inglés ),PAL UK/ENG,standard,GAME_OR_UNKNOWN,DEVELOPER,,AOne Games,HIGH,EXACT_TITLE_OR_EDITION_FAMILY,ADD_OR_CONFIRM_CREDIT,Crédito verificado para la obra base y aplicado únicamente a esta edición: AOne Games.,https://www.soedesco.com/games/omen-of-sorrow,,ADD,,aone-games,AOne Games,https://www.soedesco.com/games/omen-of-sorrow,,,2026-09-05,company-credit-ps4-pal-rapid-review-2026-09-05
ps4-omen-of-sorrow-ingles,Omen of Sorrow ( inglés ),Omen of Sorrow ( inglés ),PAL UK/ENG,standard,GAME_OR_UNKNOWN,PHYSICAL_PUBLISHER_OR_DISTRIBUTOR,,Soedesco,HIGH,EXACT_TITLE_OR_EDITION_FAMILY,ADD_OR_CONFIRM_CREDIT,Crédito verificado para la obra base y aplicado únicamente a esta edición: Soedesco.,https://www.soedesco.com/games/omen-of-sorrow,,ADD,,soedesco,Soedesco,https://www.soedesco.com/games/omen-of-sorrow,,,2026-09-05,company-credit-ps4-pal-rapid-review-2026-09-05
ps4-one-piece-pirate-warrior-3-doflamingo-edition,One Piece: Pirate Warrior 3 [Doflamingo Edition],One Piece: Pirate Warrior 3 [Doflamingo Edition],PAL España,standard,GAME_OR_UNKNOWN,DEVELOPER,,Omega Force,HIGH,EXACT_TITLE_OR_EDITION_FAMILY,ADD_OR_CONFIRM_CREDIT,Crédito verificado para la obra base y aplicado únicamente a esta edición: Omega Force.,https://en.bandainamcoent.eu/one-piece/one-piece-pirate-warriors-3,,ADD,,omega-force,Omega Force,https://en.bandainamcoent.eu/one-piece/one-piece-pirate-warriors-3,,,2026-09-05,company-credit-ps4-pal-rapid-review-2026-09-05
ps4-one-piece-pirate-warrior-3-doflamingo-edition,One Piece: Pirate Warrior 3 [Doflamingo Edition],One Piece: Pirate Warrior 3 [Doflamingo Edition],PAL España,standard,GAME_OR_UNKNOWN,PHYSICAL_PUBLISHER_OR_DISTRIBUTOR,,Bandai Namco Entertainment Europe,HIGH,EXACT_TITLE_OR_EDITION_FAMILY,ADD_OR_CONFIRM_CREDIT,Crédito verificado para la obra base y aplicado únicamente a esta edición: Bandai Namco Entertainment Europe.,https://en.bandainamcoent.eu/one-piece/one-piece-pirate-warriors-3,,ADD,,bandai-namco-entertainment-europe,Bandai Namco Entertainment Europe,https://en.bandainamcoent.eu/one-piece/one-piece-pirate-warriors-3,,,2026-09-05,company-credit-ps4-pal-rapid-review-2026-09-05
ps4-oni-road-to-be-the-mightiest-oni,ONI: Road to be the Mightiest Oni,ONI: Road to be the Mightiest Oni,PAL España,standard,GAME_OR_UNKNOWN,PHYSICAL_PUBLISHER_OR_DISTRIBUTOR,,Red Art Games,HIGH,EXACT_TITLE_OR_EDITION_FAMILY,ADD_OR_CONFIRM_CREDIT,Crédito verificado para la obra base y aplicado únicamente a esta edición: Red Art Games.,https://www.redartgames.com/games/oni-road-to-be-the-mightiest-oni,,ADD,,red-art-games,Red Art Games,https://www.redartgames.com/games/oni-road-to-be-the-mightiest-oni,,,2026-09-05,company-credit-ps4-pal-rapid-review-2026-09-05
ps4-operacion-triunfo-2017,Operacion Triunfo 2017,Operacion Triunfo 2017,PAL España,standard,GAME_OR_UNKNOWN,DEVELOPER,,Bigben Interactive,HIGH,EXACT_TITLE_OR_EDITION_FAMILY,ADD_OR_CONFIRM_CREDIT,Crédito verificado para la obra base y aplicado únicamente a esta edición: Bigben Interactive.,https://www.nacongaming.com/,,ADD,,bigben-interactive,BigBen Interactive,https://www.nacongaming.com/,,,2026-09-05,company-credit-ps4-pal-rapid-review-2026-09-05
ps4-operacion-triunfo-2017,Operacion Triunfo 2017,Operacion Triunfo 2017,PAL España,standard,GAME_OR_UNKNOWN,PHYSICAL_PUBLISHER_OR_DISTRIBUTOR,,Bigben Interactive,HIGH,EXACT_TITLE_OR_EDITION_FAMILY,ADD_OR_CONFIRM_CREDIT,Crédito verificado para la obra base y aplicado únicamente a esta edición: Bigben Interactive.,https://www.nacongaming.com/,,ADD,,bigben-interactive,BigBen Interactive,https://www.nacongaming.com/,,,2026-09-05,company-credit-ps4-pal-rapid-review-2026-09-05
ps4-operation-wolf-returns-first-mission-rescue-edition,Operation Wolf Returns: First Mission [Rescue Edition],Operation Wolf Returns: First Mission [Rescue Edition],PAL España,standard,GAME_OR_UNKNOWN,PHYSICAL_PUBLISHER_OR_DISTRIBUTOR,,Microids,HIGH,GAME_WORK | PS4_RELEASE,ADD_OR_CONFIRM_CREDIT,"Coincidencia rápida: LAUNCHBOX_PS4, STEAM.",https://gamesdb.launchbox-app.com/games/details/473697,https://store.steampowered.com/app/1852650,ADD,,microids,Microids,https://gamesdb.launchbox-app.com/games/details/473697 | https://store.steampowered.com/app/1852650,,,2026-09-05,company-credit-ps4-pal-rapid-review-2026-09-05
ps4-outcast-second-contact,Outcast Second Contact,Outcast Second Contact,PAL España,standard,GAME_OR_UNKNOWN,PHYSICAL_PUBLISHER_OR_DISTRIBUTOR,,Nacon,HIGH,DIGITAL_PS4_EU | GAME_WORK,ADD_OR_CONFIRM_CREDIT,"Coincidencia rápida: PLAYSTATION_STORE, STEAM, WIKIDATA.",https://store.playstation.com/es-es/product/EP4008-CUSA07582_00-OUTCAST000000000,https://store.steampowered.com/app/618970,ADD,,nacon,Nacon,https://store.playstation.com/es-es/product/EP4008-CUSA07582_00-OUTCAST000000000 | https://store.steampowered.com/app/618970,,,2026-09-05,company-credit-ps4-pal-rapid-review-2026-09-05
ps4-outlast-trinity,Outlast Trinity,Outlast Trinity,PAL España,standard,GAME_OR_UNKNOWN,PHYSICAL_PUBLISHER_OR_DISTRIBUTOR,,Warner Bros. Interactive Entertainment,HIGH,EXACT_TITLE_OR_EDITION_FAMILY,ADD_OR_CONFIRM_CREDIT,Crédito verificado para la obra base y aplicado únicamente a esta edición: Warner Bros. Interactive Entertainment.,https://redbarrelsgames.com/games/outlast/,,ADD,,warner-bros-interactive-entertainment,Warner Bros. Interactive Entertainment,https://redbarrelsgames.com/games/outlast/,,,2026-09-05,company-credit-ps4-pal-rapid-review-2026-09-05
ps4-outriders-worldslayer,Outriders Worldslayer,Outriders Worldslayer,PAL España,standard,GAME_OR_UNKNOWN,DEVELOPER,,People Can Fly,HIGH,EXACT_TITLE_OR_EDITION_FAMILY,ADD_OR_CONFIRM_CREDIT,Crédito verificado para la obra base y aplicado únicamente a esta edición: People Can Fly.,https://outriders.square-enix-games.com/,,ADD,,people-can-fly,People Can Fly,https://outriders.square-enix-games.com/,,,2026-09-05,company-credit-ps4-pal-rapid-review-2026-09-05
ps4-outriders-worldslayer,Outriders Worldslayer,Outriders Worldslayer,PAL España,standard,GAME_OR_UNKNOWN,PHYSICAL_PUBLISHER_OR_DISTRIBUTOR,,Square Enix,HIGH,EXACT_TITLE_OR_EDITION_FAMILY,ADD_OR_CONFIRM_CREDIT,Crédito verificado para la obra base y aplicado únicamente a esta edición: Square Enix.,https://outriders.square-enix-games.com/,,ADD,,square-enix,Square Enix,https://outriders.square-enix-games.com/,,,2026-09-05,company-credit-ps4-pal-rapid-review-2026-09-05
ps4-overcooked-&#43;-overcooked-2,Overcooked + Overcooked 2,Overcooked + Overcooked 2,PAL España,standard,GAME_OR_UNKNOWN,DEVELOPER,,Ghost Town Games,HIGH,EXACT_TITLE_OR_EDITION_FAMILY,ADD_OR_CONFIRM_CREDIT,Crédito verificado para la obra base y aplicado únicamente a esta edición: Ghost Town Games.,https://www.team17.com/games/overcooked/,,ADD,,ghost-town-games,Ghost Town Games,https://www.team17.com/games/overcooked/,,,2026-09-05,company-credit-ps4-pal-rapid-review-2026-09-05
ps4-overcooked-&#43;-overcooked-2,Overcooked + Overcooked 2,Overcooked + Overcooked 2,PAL España,standard,GAME_OR_UNKNOWN,PHYSICAL_PUBLISHER_OR_DISTRIBUTOR,,Team17,HIGH,EXACT_TITLE_OR_EDITION_FAMILY,ADD_OR_CONFIRM_CREDIT,Crédito verificado para la obra base y aplicado únicamente a esta edición: Team17.,https://www.team17.com/games/overcooked/,,ADD,,team17,Team17,https://www.team17.com/games/overcooked/,,,2026-09-05,company-credit-ps4-pal-rapid-review-2026-09-05
ps4-overcooked-gourmet-edition,Overcooked: Gourmet Edition,Overcooked: Gourmet Edition,PAL España,standard,GAME_OR_UNKNOWN,DEVELOPER,,Ghost Town Games,HIGH,EXACT_TITLE_OR_EDITION_FAMILY,ADD_OR_CONFIRM_CREDIT,Crédito verificado para la obra base y aplicado únicamente a esta edición: Ghost Town Games.,https://www.team17.com/games/overcooked/,,ADD,,ghost-town-games,Ghost Town Games,https://www.team17.com/games/overcooked/,,,2026-09-05,company-credit-ps4-pal-rapid-review-2026-09-05
ps4-overcooked-gourmet-edition,Overcooked: Gourmet Edition,Overcooked: Gourmet Edition,PAL España,standard,GAME_OR_UNKNOWN,PHYSICAL_PUBLISHER_OR_DISTRIBUTOR,,Team17,HIGH,EXACT_TITLE_OR_EDITION_FAMILY,ADD_OR_CONFIRM_CREDIT,Crédito verificado para la obra base y aplicado únicamente a esta edición: Team17.,https://www.team17.com/games/overcooked/,,ADD,,team17,Team17,https://www.team17.com/games/overcooked/,,,2026-09-05,company-credit-ps4-pal-rapid-review-2026-09-05
ps4-overpass-day-one-edition,Overpass [Day One Edition],Overpass [Day One Edition],PAL España,standard,EDITION_VARIANT,PHYSICAL_PUBLISHER_OR_DISTRIBUTOR,,Nacon,HIGH,DIGITAL_PS4_EU | GAME_WORK,ADD_OR_CONFIRM_CREDIT,"Coincidencia rápida: PLAYSTATION_STORE, STEAM, WIKIDATA.",https://store.playstation.com/es-es/product/EP4008-CUSA15489_00-OPSIEE0000000000,https://store.steampowered.com/app/970840,ADD,,nacon,Nacon,https://store.playstation.com/es-es/product/EP4008-CUSA15489_00-OPSIEE0000000000 | https://store.steampowered.com/app/970840,,,2026-09-05,company-credit-ps4-pal-rapid-review-2026-09-05
ps4-overwacht,Overwacht,Overwacht,PAL España,standard,GAME_OR_UNKNOWN,DEVELOPER,,Blizzard Entertainment,HIGH,EXACT_TITLE_OR_EDITION_FAMILY,ADD_OR_CONFIRM_CREDIT,Crédito verificado para la obra base y aplicado únicamente a esta edición: Blizzard Entertainment.,https://overwatch.blizzard.com/,,ADD,,blizzard-entertainment,Blizzard Entertainment,https://overwatch.blizzard.com/,,,2026-09-05,company-credit-ps4-pal-rapid-review-2026-09-05
ps4-overwacht,Overwacht,Overwacht,PAL España,standard,GAME_OR_UNKNOWN,PHYSICAL_PUBLISHER_OR_DISTRIBUTOR,,Blizzard Entertainment,HIGH,EXACT_TITLE_OR_EDITION_FAMILY,ADD_OR_CONFIRM_CREDIT,Crédito verificado para la obra base y aplicado únicamente a esta edición: Blizzard Entertainment.,https://overwatch.blizzard.com/,,ADD,,blizzard-entertainment,Blizzard Entertainment,https://overwatch.blizzard.com/,,,2026-09-05,company-credit-ps4-pal-rapid-review-2026-09-05
ps4-overwatch-origins-edition,Overwatch Origins Edition,Overwatch Origins Edition,PAL España,standard,GAME_OR_UNKNOWN,DEVELOPER,,Blizzard Entertainment,HIGH,EXACT_TITLE_OR_EDITION_FAMILY,ADD_OR_CONFIRM_CREDIT,Crédito verificado para la obra base y aplicado únicamente a esta edición: Blizzard Entertainment.,https://overwatch.blizzard.com/,,ADD,,blizzard-entertainment,Blizzard Entertainment,https://overwatch.blizzard.com/,,,2026-09-05,company-credit-ps4-pal-rapid-review-2026-09-05
ps4-overwatch-origins-edition,Overwatch Origins Edition,Overwatch Origins Edition,PAL España,standard,GAME_OR_UNKNOWN,PHYSICAL_PUBLISHER_OR_DISTRIBUTOR,,Blizzard Entertainment,HIGH,EXACT_TITLE_OR_EDITION_FAMILY,ADD_OR_CONFIRM_CREDIT,Crédito verificado para la obra base y aplicado únicamente a esta edición: Blizzard Entertainment.,https://overwatch.blizzard.com/,,ADD,,blizzard-entertainment,Blizzard Entertainment,https://overwatch.blizzard.com/,,,2026-09-05,company-credit-ps4-pal-rapid-review-2026-09-05
ps4-overwatch-origins-edition-steelbook-edition,Overwatch: Origins Edition [Steelbook Edition],Overwatch: Origins Edition [Steelbook Edition],PAL España,standard,EDITION_VARIANT,DEVELOPER,,Blizzard Entertainment,HIGH,EXACT_TITLE_OR_EDITION_FAMILY,ADD_OR_CONFIRM_CREDIT,Crédito verificado para la obra base y aplicado únicamente a esta edición: Blizzard Entertainment.,https://overwatch.blizzard.com/,,ADD,,blizzard-entertainment,Blizzard Entertainment,https://overwatch.blizzard.com/,,,2026-09-05,company-credit-ps4-pal-rapid-review-2026-09-05
ps4-overwatch-origins-edition-steelbook-edition,Overwatch: Origins Edition [Steelbook Edition],Overwatch: Origins Edition [Steelbook Edition],PAL España,standard,EDITION_VARIANT,PHYSICAL_PUBLISHER_OR_DISTRIBUTOR,,Blizzard Entertainment,HIGH,EXACT_TITLE_OR_EDITION_FAMILY,ADD_OR_CONFIRM_CREDIT,Crédito verificado para la obra base y aplicado únicamente a esta edición: Blizzard Entertainment.,https://overwatch.blizzard.com/,,ADD,,blizzard-entertainment,Blizzard Entertainment,https://overwatch.blizzard.com/,,,2026-09-05,company-credit-ps4-pal-rapid-review-2026-09-05
ps4-paleo-pines-the-dino-valley,Paleo Pines: The Dino Valley,Paleo Pines: The Dino Valley,PAL España,standard,GAME_OR_UNKNOWN,DEVELOPER,,Italic Pig,HIGH,EXACT_TITLE_OR_EDITION_FAMILY,ADD_OR_CONFIRM_CREDIT,Crédito verificado para la obra base y aplicado únicamente a esta edición: Italic Pig.,https://paleopines.com/,,ADD,,italic-pig,Italic Pig,https://paleopines.com/,,,2026-09-05,company-credit-ps4-pal-rapid-review-2026-09-05
ps4-paleo-pines-the-dino-valley,Paleo Pines: The Dino Valley,Paleo Pines: The Dino Valley,PAL España,standard,GAME_OR_UNKNOWN,PHYSICAL_PUBLISHER_OR_DISTRIBUTOR,,Maximum Entertainment,HIGH,EXACT_TITLE_OR_EDITION_FAMILY,ADD_OR_CONFIRM_CREDIT,Crédito verificado para la obra base y aplicado únicamente a esta edición: Maximum Entertainment.,https://paleopines.com/,,ADD,,maximum-games,Maximum Games,https://paleopines.com/,,,2026-09-05,company-credit-ps4-pal-rapid-review-2026-09-05
ps4-pang-adventures-buster-edition,Pang Adventures: Buster Edition,Pang Adventures: Buster Edition,PAL España,standard,GAME_OR_UNKNOWN,DEVELOPER,,Pastagames,HIGH,EXACT_TITLE_OR_EDITION_FAMILY,ADD_OR_CONFIRM_CREDIT,Crédito verificado para la obra base y aplicado únicamente a esta edición: Pastagames.,https://www.dotemu.com/games/pang-adventures/,,ADD,,pasta-games,Pasta Games,https://www.dotemu.com/games/pang-adventures/,,,2026-09-05,company-credit-ps4-pal-rapid-review-2026-09-05
ps4-pang-adventures-buster-edition,Pang Adventures: Buster Edition,Pang Adventures: Buster Edition,PAL España,standard,GAME_OR_UNKNOWN,PHYSICAL_PUBLISHER_OR_DISTRIBUTOR,,Dotemu,HIGH,EXACT_TITLE_OR_EDITION_FAMILY,ADD_OR_CONFIRM_CREDIT,Crédito verificado para la obra base y aplicado únicamente a esta edición: Dotemu.,https://www.dotemu.com/games/pang-adventures/,,ADD,,dotemu,DotEmu,https://www.dotemu.com/games/pang-adventures/,,,2026-09-05,company-credit-ps4-pal-rapid-review-2026-09-05
ps4-paperman-adventure-delivered,Paperman: Adventure Delivered,Paperman: Adventure Delivered,PAL España,standard,GAME_OR_UNKNOWN,PHYSICAL_PUBLISHER_OR_DISTRIBUTOR,,Mindscape,HIGH,GAME_WORK | PS4_RELEASE,ADD_OR_CONFIRM_CREDIT,"Coincidencia rápida: LAUNCHBOX_PS4, STEAM.",https://gamesdb.launchbox-app.com/games/details/476540,https://store.steampowered.com/app/1887310,ADD,,mindscape,Mindscape Inc,https://gamesdb.launchbox-app.com/games/details/476540 | https://store.steampowered.com/app/1887310,,,2026-09-05,company-credit-ps4-pal-rapid-review-2026-09-05
ps4-parasol-stars-the-story-of-bubble-bobble-iii-limited-edition-29-99,"Parasol Stars : The Story of Bubble Bobble III - Limited Edition 29,99","Parasol Stars : The Story of Bubble Bobble III - Limited Edition 29,99",PAL España,standard,GAME_OR_UNKNOWN,DEVELOPER,,Ratalaika Games,HIGH,EXACT_TITLE_OR_EDITION_FAMILY,ADD_OR_CONFIRM_CREDIT,Crédito verificado para la obra base y aplicado únicamente a esta edición: Ratalaika Games.,https://www.iningames.com/games/parasol-stars,,ADD,,ratalaika-games,Ratalaika Games,https://www.iningames.com/games/parasol-stars,,,2026-09-05,company-credit-ps4-pal-rapid-review-2026-09-05
ps4-parasol-stars-the-story-of-bubble-bobble-iii-limited-edition-29-99,"Parasol Stars : The Story of Bubble Bobble III - Limited Edition 29,99","Parasol Stars : The Story of Bubble Bobble III - Limited Edition 29,99",PAL España,standard,GAME_OR_UNKNOWN,PHYSICAL_PUBLISHER_OR_DISTRIBUTOR,,ININ Games,HIGH,EXACT_TITLE_OR_EDITION_FAMILY,ADD_OR_CONFIRM_CREDIT,Crédito verificado para la obra base y aplicado únicamente a esta edición: ININ Games.,https://www.iningames.com/games/parasol-stars,,ADD,,inin-games,ININ Games,https://www.iningames.com/games/parasol-stars,,,2026-09-05,company-credit-ps4-pal-rapid-review-2026-09-05
ps4-paw-patrol-grand-prix,Paw Patrol Grand Prix,Paw Patrol Grand Prix,PAL España,standard,GAME_OR_UNKNOWN,PHYSICAL_PUBLISHER_OR_DISTRIBUTOR,,Outright Games,HIGH,GAME_WORK,ADD_OR_CONFIRM_CREDIT,"Coincidencia rápida: STEAM, WIKIDATA.",https://store.steampowered.com/app/1770490,https://www.wikidata.org/entity/Q114387559,ADD,,outright-games,Outright Games LTD,https://store.steampowered.com/app/1770490 | https://www.wikidata.org/entity/Q114387559,,,2026-09-05,company-credit-ps4-pal-rapid-review-2026-09-05
ps4-paw-patrol-rescue-wheels-championship,PAW Patrol Rescue Wheels: Championship,PAW Patrol Rescue Wheels: Championship,PAL España,standard,GAME_OR_UNKNOWN,PHYSICAL_PUBLISHER_OR_DISTRIBUTOR,,Outright Games,HIGH,GAME_WORK | PS4_RELEASE,ADD_OR_CONFIRM_CREDIT,"Coincidencia rápida: LAUNCHBOX_PS4, STEAM.",https://gamesdb.launchbox-app.com/games/details/476548,https://store.steampowered.com/app/3291010,ADD,,outright-games,Outright Games LTD,https://gamesdb.launchbox-app.com/games/details/476548 | https://store.steampowered.com/app/3291010,,,2026-09-05,company-credit-ps4-pal-rapid-review-2026-09-05
ps4-paw-patrol-the-movie-adventure-city-calls,PAW Patrol The Movie: Adventure City Calls,PAW Patrol The Movie: Adventure City Calls,PAL España,standard,GAME_OR_UNKNOWN,PHYSICAL_PUBLISHER_OR_DISTRIBUTOR,,Outright Games,HIGH,GAME_WORK | PS4_RELEASE,ADD_OR_CONFIRM_CREDIT,"Coincidencia rápida: LAUNCHBOX_PS4, STEAM, WIKIDATA.",https://gamesdb.launchbox-app.com/games/details/473803,https://store.steampowered.com/app/1434310,ADD,,outright-games,Outright Games LTD,https://gamesdb.launchbox-app.com/games/details/473803 | https://store.steampowered.com/app/1434310,,,2026-09-05,company-credit-ps4-pal-rapid-review-2026-09-05
ps4-paw-patrol-world,Paw Patrol World,Paw Patrol World,PAL España,standard,GAME_OR_UNKNOWN,PHYSICAL_PUBLISHER_OR_DISTRIBUTOR,,Outright Games,HIGH,GAME_WORK | PS4_RELEASE,ADD_OR_CONFIRM_CREDIT,"Coincidencia rápida: LAUNCHBOX_PS4, STEAM, WIKIDATA.",https://gamesdb.launchbox-app.com/games/details/473804,https://store.steampowered.com/app/1952520,ADD,,outright-games,Outright Games LTD,https://gamesdb.launchbox-app.com/games/details/473804 | https://store.steampowered.com/app/1952520,,,2026-09-05,company-credit-ps4-pal-rapid-review-2026-09-05
ps4-payday-2-the-big-score,Payday 2: The Big Score,Payday 2: The Big Score,PAL España,standard,GAME_OR_UNKNOWN,DEVELOPER,,Overkill Software,HIGH,EXACT_TITLE_OR_EDITION_FAMILY,ADD_OR_CONFIRM_CREDIT,Crédito verificado para la obra base y aplicado únicamente a esta edición: Overkill Software.,https://www.paydaythegame.com/,,ADD,,overkill-software,Overkill Software,https://www.paydaythegame.com/,,,2026-09-05,company-credit-ps4-pal-rapid-review-2026-09-05
ps4-payday-2-the-big-score,Payday 2: The Big Score,Payday 2: The Big Score,PAL España,standard,GAME_OR_UNKNOWN,PHYSICAL_PUBLISHER_OR_DISTRIBUTOR,,505 Games,HIGH,EXACT_TITLE_OR_EDITION_FAMILY,ADD_OR_CONFIRM_CREDIT,Crédito verificado para la obra base y aplicado únicamente a esta edición: 505 Games.,https://www.paydaythegame.com/,,ADD,,505-games,505 Games,https://www.paydaythegame.com/,,,2026-09-05,company-credit-ps4-pal-rapid-review-2026-09-05
ps4-peppa-pig-world-adventures,Peppa Pig World Adventures,Peppa Pig World Adventures,PAL España,standard,GAME_OR_UNKNOWN,PHYSICAL_PUBLISHER_OR_DISTRIBUTOR,,Outright Games,HIGH,GAME_WORK,ADD_OR_CONFIRM_CREDIT,"Coincidencia rápida: STEAM, WIKIDATA.",https://store.steampowered.com/app/1998980,https://www.wikidata.org/entity/Q122341675,ADD,,outright-games,Outright Games LTD,https://store.steampowered.com/app/1998980 | https://www.wikidata.org/entity/Q122341675,,,2026-09-05,company-credit-ps4-pal-rapid-review-2026-09-05
ps4-persona-5-&#43;-persona-5-dancing-the-starlight-day-one-edition-2-hits-pack,Persona 5 + Persona 5: Dancing The Starlight - Day One Edition [2 Hits Pack],Persona 5 + Persona 5: Dancing in Starlight [2 Hits Pack],PAL España,standard,BUNDLE_OR_MULTI_PRODUCT,PHYSICAL_PUBLISHER_OR_DISTRIBUTOR,,Atlus,HIGH,EXACT_PS4_PHYSICAL_BUNDLE,ADD_PHYSICAL_PUBLISHER_OR_DISTRIBUTOR,La edición PS4 consultada atribuye la publicación o distribución física a Atlus.,https://atlus.com/persona5/,https://atlus.com/personadancing/,ADD,,atlus,Atlus Co Ltd.,https://atlus.com/persona5/ | https://atlus.com/personadancing/,,,2026-09-05,company-credit-ps4-pal-rapid-review-2026-09-05
ps4-persona-5-dancing-in-starlight,Persona 5: Dancing In Starlight,Persona 5: Dancing In Starlight,PAL España,standard,GAME_OR_UNKNOWN,DEVELOPER,,P-Studio,HIGH,EXACT_TITLE_OR_EDITION_FAMILY,ADD_OR_CONFIRM_CREDIT,Crédito verificado para la obra base y aplicado únicamente a esta edición: P-Studio.,https://atlus.com/personadancing/,,ADD,,p-studio,P Studio,https://atlus.com/personadancing/,,,2026-09-05,company-credit-ps4-pal-rapid-review-2026-09-05
ps4-persona-5-dancing-in-starlight,Persona 5: Dancing In Starlight,Persona 5: Dancing In Starlight,PAL España,standard,GAME_OR_UNKNOWN,PHYSICAL_PUBLISHER_OR_DISTRIBUTOR,,Atlus,HIGH,EXACT_TITLE_OR_EDITION_FAMILY,ADD_OR_CONFIRM_CREDIT,Crédito verificado para la obra base y aplicado únicamente a esta edición: Atlus.,https://atlus.com/personadancing/,,ADD,,atlus,Atlus Co Ltd.,https://atlus.com/personadancing/,,,2026-09-05,company-credit-ps4-pal-rapid-review-2026-09-05
ps4-persona-dancing-endless-night-collection,Persona Dancing: Endless Night Collection,Persona Dancing: Endless Night Collection,PAL España,standard,POSSIBLE_COMPILATION_OR_MULTI_PRODUCT,DEVELOPER,P Studio,P-Studio,HIGH,EXACT_TITLE_OR_EDITION_FAMILY,ADD_OR_CONFIRM_CREDIT,Crédito verificado para la obra base y aplicado únicamente a esta edición: P-Studio.,https://atlus.com/personadancing/,,REPLACE,P Studio,p-studio,P Studio,https://atlus.com/personadancing/,,,2026-09-05,company-credit-ps4-pal-rapid-review-2026-09-05
ps4-pga-tour-2k23,PGA Tour 2K23,PGA Tour 2K23,PAL España,standard,GAME_OR_UNKNOWN,PHYSICAL_PUBLISHER_OR_DISTRIBUTOR,,2K,HIGH,GAME_WORK,ADD_OR_CONFIRM_CREDIT,"Coincidencia rápida: STEAM, WIKIDATA.",https://store.steampowered.com/app/1588010,https://www.wikidata.org/entity/Q113687336,ADD,,2k,2k,https://store.steampowered.com/app/1588010 | https://www.wikidata.org/entity/Q113687336,,,2026-09-05,company-credit-ps4-pal-rapid-review-2026-09-05
ps4-pga-tour-2k23-deluxe-edition,PGA Tour 2K23 [Deluxe Edition],PGA Tour 2K23 [Deluxe Edition],PAL España,standard,EDITION_VARIANT,PHYSICAL_PUBLISHER_OR_DISTRIBUTOR,,2K,HIGH,GAME_WORK,ADD_OR_CONFIRM_CREDIT,"Coincidencia rápida: STEAM, WIKIDATA.",https://store.steampowered.com/app/1588010,https://www.wikidata.org/entity/Q113687336,ADD,,2k,2k,https://store.steampowered.com/app/1588010 | https://www.wikidata.org/entity/Q113687336,,,2026-09-05,company-credit-ps4-pal-rapid-review-2026-09-05
ps4-phantom-brave-the-lost-hero-deluxe-edition,Phantom Brave: The Lost Hero [Deluxe Edition],Phantom Brave: The Lost Hero [Deluxe Edition],PAL España,standard,EDITION_VARIANT,PHYSICAL_PUBLISHER_OR_DISTRIBUTOR,,NIS America,HIGH,GAME_WORK | PS4_RELEASE,ADD_OR_CONFIRM_CREDIT,"Coincidencia rápida: LAUNCHBOX_PS4, STEAM, WIKIDATA.",https://gamesdb.launchbox-app.com/games/details/476545,https://store.steampowered.com/app/3049990,ADD,,nis-america,NIS America,https://gamesdb.launchbox-app.com/games/details/476545 | https://store.steampowered.com/app/3049990,,,2026-09-05,company-credit-ps4-pal-rapid-review-2026-09-05
ps4-pillars-of-eternity-complete-edition,Pillars of Eternity Complete Edition,Pillars of Eternity Complete Edition,PAL España,standard,EDITION_VARIANT,DIGITAL_PUBLISHER,,Microsoft Corporation,HIGH,DIGITAL_PS4_EU,ADD_OR_CONFIRM_CREDIT,Coincidencia rápida: PLAYSTATION_STORE.,https://store.playstation.com/es-es/product/EP4139-CUSA06880_00-PILLARSPS4MAIN00,,ADD,,microsoft,Microsoft,https://store.playstation.com/es-es/product/EP4139-CUSA06880_00-PILLARSPS4MAIN00,,,2026-09-05,company-credit-ps4-pal-rapid-review-2026-09-05
ps4-pilot-sports,Pilot Sports,Pilot Sports,PAL España,standard,GAME_OR_UNKNOWN,PHYSICAL_PUBLISHER_OR_DISTRIBUTOR,,Z-SOFTWARE GMBH,HIGH,DIGITAL_PS4_EU | GAME_WORK,ADD_OR_CONFIRM_CREDIT,"Coincidencia rápida: PLAYSTATION_STORE, STEAM.",https://store.playstation.com/es-es/product/EP0841-CUSA12963_00-0000000000000000,https://store.steampowered.com/app/996430,ADD,,z-software,Z-Software,https://store.playstation.com/es-es/product/EP0841-CUSA12963_00-0000000000000000 | https://store.steampowered.com/app/996430,,,2026-09-05,company-credit-ps4-pal-rapid-review-2026-09-05
ps4-pinball-arcade,Pinball Arcade,Pinball Arcade,PAL España,standard,GAME_OR_UNKNOWN,DIGITAL_PUBLISHER,Farsight Studios,Farsight Technologies,HIGH,DIGITAL_PS4_EU,ADD_OR_CONFIRM_CREDIT,Coincidencia rápida: PLAYSTATION_STORE.,https://store.playstation.com/es-es/product/EP2058-CUSA00105_00-HDDBOOTPBA000001,,REPLACE,Farsight Studios,farsight-technologies,FarSight Technologies,https://store.playstation.com/es-es/product/EP2058-CUSA00105_00-HDDBOOTPBA000001,,,2026-09-05,company-credit-ps4-pal-rapid-review-2026-09-05
ps4-pinkman-plus,Pinkman Plus,Pinkman Plus,PAL España,standard,GAME_OR_UNKNOWN,DEVELOPER,,Green Lava Studios,HIGH,EXACT_TITLE_OR_EDITION_FAMILY,ADD_OR_CONFIRM_CREDIT,Crédito verificado para la obra base y aplicado únicamente a esta edición: Green Lava Studios.,https://www.ratalaikagames.com/games/pinkmanplus.php,,ADD,,green-lava-studios,Green Lava Studios,https://www.ratalaikagames.com/games/pinkmanplus.php,,,2026-09-05,company-credit-ps4-pal-rapid-review-2026-09-05
ps4-pinkman-plus,Pinkman Plus,Pinkman Plus,PAL España,standard,GAME_OR_UNKNOWN,PHYSICAL_PUBLISHER_OR_DISTRIBUTOR,,Ratalaika Games,HIGH,EXACT_TITLE_OR_EDITION_FAMILY,ADD_OR_CONFIRM_CREDIT,Crédito verificado para la obra base y aplicado únicamente a esta edición: Ratalaika Games.,https://www.ratalaikagames.com/games/pinkmanplus.php,,ADD,,ratalaika-games,Ratalaika Games,https://www.ratalaikagames.com/games/pinkmanplus.php,,,2026-09-05,company-credit-ps4-pal-rapid-review-2026-09-05
ps4-pj-masks-power-heroes-mighty-alliance,PJ Masks Power Heroes: Mighty Alliance,PJ Masks Power Heroes: Mighty Alliance,PAL España,standard,GAME_OR_UNKNOWN,PHYSICAL_PUBLISHER_OR_DISTRIBUTOR,,Outright Games,HIGH,GAME_WORK | PS4_RELEASE,ADD_OR_CONFIRM_CREDIT,"Coincidencia rápida: LAUNCHBOX_PS4, STEAM.",https://gamesdb.launchbox-app.com/games/details/476620,https://store.steampowered.com/app/2223440,ADD,,outright-games,Outright Games LTD,https://gamesdb.launchbox-app.com/games/details/476620 | https://store.steampowered.com/app/2223440,,,2026-09-05,company-credit-ps4-pal-rapid-review-2026-09-05
ps4-pj-masks-heroes-of-the-night,PJ Masks: Heroes of The Night,PJ Masks: Heroes of The Night,PAL España,standard,GAME_OR_UNKNOWN,PHYSICAL_PUBLISHER_OR_DISTRIBUTOR,,Outright Games,HIGH,GAME_WORK | PS4_RELEASE,ADD_OR_CONFIRM_CREDIT,"Coincidencia rápida: LAUNCHBOX_PS4, STEAM, WIKIDATA.",https://gamesdb.launchbox-app.com/games/details/473683,https://store.steampowered.com/app/1635600,ADD,,outright-games,Outright Games LTD,https://gamesdb.launchbox-app.com/games/details/473683 | https://store.steampowered.com/app/1635600,,,2026-09-05,company-credit-ps4-pal-rapid-review-2026-09-05
ps4-planescape-torment-&amp;-icewind-dale-enhanced-editions,Planescape: Torment & Icewind Dale Enhanced Editions,Planescape: Torment & Icewind Dale Enhanced Editions,PAL España,standard,GAME_OR_UNKNOWN,DEVELOPER,Beamdog,Beamdog,HIGH,EXACT_TITLE_OR_EDITION_FAMILY,ADD_OR_CONFIRM_CREDIT,Crédito verificado para la obra base y aplicado únicamente a esta edición: Beamdog.,https://www.beamdog.com/games/planescape-torment-enhanced/,,CONFIRM,Beamdog,beamdog,Beamdog,https://www.beamdog.com/games/planescape-torment-enhanced/,,,2026-09-05,company-credit-ps4-pal-rapid-review-2026-09-05
ps4-planescape-torment-&amp;-icewind-dale-enhanced-editions,Planescape: Torment & Icewind Dale Enhanced Editions,Planescape: Torment & Icewind Dale Enhanced Editions,PAL España,standard,GAME_OR_UNKNOWN,PHYSICAL_PUBLISHER_OR_DISTRIBUTOR,Skybound Games,Skybound Games,HIGH,EXACT_TITLE_OR_EDITION_FAMILY,ADD_OR_CONFIRM_CREDIT,Crédito verificado para la obra base y aplicado únicamente a esta edición: Skybound Games.,https://www.beamdog.com/games/planescape-torment-enhanced/,,CONFIRM,Skybound Games,skybound-games,Skybound Games,https://www.beamdog.com/games/planescape-torment-enhanced/,,,2026-09-05,company-credit-ps4-pal-rapid-review-2026-09-05
ps4-planet-coaster,Planet Coaster,Planet Coaster,PAL España,standard,GAME_OR_UNKNOWN,PHYSICAL_PUBLISHER_OR_DISTRIBUTOR,,Frontier Developments,HIGH,GAME_WORK | PS4_RELEASE,ADD_OR_CONFIRM_CREDIT,"Coincidencia rápida: LAUNCHBOX_PS4, STEAM, WIKIDATA.",https://gamesdb.launchbox-app.com/games/details/473690,https://store.steampowered.com/app/493340,ADD,,frontier-developments,Frontier Developments,https://gamesdb.launchbox-app.com/games/details/473690 | https://store.steampowered.com/app/493340,,,2026-09-05,company-credit-ps4-pal-rapid-review-2026-09-05
ps4-plateup,PlateUp,PlateUp,PAL España,standard,GAME_OR_UNKNOWN,PHYSICAL_PUBLISHER_OR_DISTRIBUTOR,,Yogscast Games,HIGH,GAME_WORK | PS4_RELEASE,ADD_OR_CONFIRM_CREDIT,"Coincidencia rápida: LAUNCHBOX_PS4, STEAM, WIKIDATA.",https://gamesdb.launchbox-app.com/games/details/476634,https://store.steampowered.com/app/1599600,ADD,,yogscast-games,Yogscast Games,https://gamesdb.launchbox-app.com/games/details/476634 | https://store.steampowered.com/app/1599600,,,2026-09-05,company-credit-ps4-pal-rapid-review-2026-09-05
ps4-plateup-collector%27s-edition,PlateUp! [Collector's Edition],PlateUp! [Collector's Edition],PAL España,standard,EDITION_VARIANT,PHYSICAL_PUBLISHER_OR_DISTRIBUTOR,,Yogscast Games,HIGH,GAME_WORK | PS4_RELEASE,ADD_OR_CONFIRM_CREDIT,"Coincidencia rápida: LAUNCHBOX_PS4, STEAM, WIKIDATA.",https://gamesdb.launchbox-app.com/games/details/476634,https://store.steampowered.com/app/1599600,ADD,,yogscast-games,Yogscast Games,https://gamesdb.launchbox-app.com/games/details/476634 | https://store.steampowered.com/app/1599600,,,2026-09-05,company-credit-ps4-pal-rapid-review-2026-09-05
ps4-playlink-games-collection,PlayLink Games Collection,PlayLink Games Collection,PAL España,standard,POSSIBLE_COMPILATION_OR_MULTI_PRODUCT,PHYSICAL_PUBLISHER_OR_DISTRIBUTOR,,Sony Interactive Entertainment Europe,HIGH,EXACT_PS4_PHYSICAL_COMPILATION,ADD_PHYSICAL_PUBLISHER_OR_DISTRIBUTOR,La edición PS4 consultada atribuye la publicación o distribución física a Sony Interactive Entertainment Europe.,https://www.playstation.com/en-gb/accessories/playlink/,,ADD,,sony-interactive-entertainment-europe,Sony Interactive Entertainment Europe,https://www.playstation.com/en-gb/accessories/playlink/,,,2026-09-05,company-credit-ps4-pal-rapid-review-2026-09-05
ps4-pocket-bravery,Pocket Bravery,Pocket Bravery,PAL España,standard,GAME_OR_UNKNOWN,PHYSICAL_PUBLISHER_OR_DISTRIBUTOR,,PQube,HIGH,DIGITAL_PS4_EU | GAME_WORK | PS4_RELEASE,ADD_OR_CONFIRM_CREDIT,"Coincidencia rápida: LAUNCHBOX_PS4, PLAYSTATION_STORE, STEAM, WIKIDATA.",https://gamesdb.launchbox-app.com/games/details/476635,https://store.playstation.com/es-es/product/EP4293-CUSA41698_00-POCKDEMOSIEEPS40,ADD,,pqube,PQube Ltd.,https://gamesdb.launchbox-app.com/games/details/476635 | https://store.playstation.com/es-es/product/EP4293-CUSA41698_00-POCKDEMOSIEEPS40,,,2026-09-05,company-credit-ps4-pal-rapid-review-2026-09-05
ps4-powerwash-simulator,Powerwash Simulator,Powerwash Simulator,PAL España,standard,GAME_OR_UNKNOWN,PHYSICAL_PUBLISHER_OR_DISTRIBUTOR,,Square Enix,HIGH,GAME_WORK | PS4_RELEASE,ADD_OR_CONFIRM_CREDIT,"Coincidencia rápida: LAUNCHBOX_PS4, STEAM, WIKIDATA.",https://gamesdb.launchbox-app.com/games/details/466185,https://store.steampowered.com/app/1290000,ADD,,square-enix,Square Enix,https://gamesdb.launchbox-app.com/games/details/466185 | https://store.steampowered.com/app/1290000,,,2026-09-05,company-credit-ps4-pal-rapid-review-2026-09-05
ps4-pretty-girls-game-collection,Pretty Girls Game Collection,Pretty Girls Game Collection,PAL España,standard,POSSIBLE_COMPILATION_OR_MULTI_PRODUCT,DEVELOPER,Eastasiasoft,Zoo Corporation,HIGH,EXACT_TITLE_OR_EDITION_FAMILY,ADD_OR_CONFIRM_CREDIT,Crédito verificado para la obra base y aplicado únicamente a esta edición: Zoo Corporation.,https://www.eastasiasoft.com/games,,REPLACE,Eastasiasoft,zoo,Zoo Corporation,https://www.eastasiasoft.com/games,,,2026-09-05,company-credit-ps4-pal-rapid-review-2026-09-05
ps4-pretty-girls-game-collection-2,Pretty Girls Game Collection 2,Pretty Girls Game Collection 2,PAL España,standard,POSSIBLE_COMPILATION_OR_MULTI_PRODUCT,DEVELOPER,Eastasiasoft,Zoo Corporation,HIGH,EXACT_TITLE_OR_EDITION_FAMILY,ADD_OR_CONFIRM_CREDIT,Crédito verificado para la obra base y aplicado únicamente a esta edición: Zoo Corporation.,https://www.eastasiasoft.com/games,,REPLACE,Eastasiasoft,zoo,Zoo Corporation,https://www.eastasiasoft.com/games,,,2026-09-05,company-credit-ps4-pal-rapid-review-2026-09-05
ps4-pretty-girls-game-collection-3,Pretty Girls Game Collection 3,Pretty Girls Game Collection 3,PAL España,standard,POSSIBLE_COMPILATION_OR_MULTI_PRODUCT,DEVELOPER,EastAsiaSoft,Zoo Corporation,HIGH,EXACT_TITLE_OR_EDITION_FAMILY,ADD_OR_CONFIRM_CREDIT,Crédito verificado para la obra base y aplicado únicamente a esta edición: Zoo Corporation.,https://www.eastasiasoft.com/games,,REPLACE,EastAsiaSoft,zoo,Zoo Corporation,https://www.eastasiasoft.com/games,,,2026-09-05,company-credit-ps4-pal-rapid-review-2026-09-05
ps4-pretty-girls-game-collection-4,Pretty Girls Game Collection 4,Pretty Girls Game Collection 4,PAL España,standard,POSSIBLE_COMPILATION_OR_MULTI_PRODUCT,DEVELOPER,EastAsiaSoft,Zoo Corporation,HIGH,EXACT_TITLE_OR_EDITION_FAMILY,ADD_OR_CONFIRM_CREDIT,Crédito verificado para la obra base y aplicado únicamente a esta edición: Zoo Corporation.,https://www.eastasiasoft.com/games,,REPLACE,EastAsiaSoft,zoo,Zoo Corporation,https://www.eastasiasoft.com/games,,,2026-09-05,company-credit-ps4-pal-rapid-review-2026-09-05
ps4-pretty-girls-iv,Pretty Girls IV,Pretty Girls IV,PAL España,standard,GAME_OR_UNKNOWN,DEVELOPER,,Zoo Corporation,HIGH,EXACT_TITLE_OR_EDITION_FAMILY,ADD_OR_CONFIRM_CREDIT,Crédito verificado para la obra base y aplicado únicamente a esta edición: Zoo Corporation.,https://www.eastasiasoft.com/games,,ADD,,zoo,Zoo Corporation,https://www.eastasiasoft.com/games,,,2026-09-05,company-credit-ps4-pal-rapid-review-2026-09-05
ps4-pretty-girls-iv,Pretty Girls IV,Pretty Girls IV,PAL España,standard,GAME_OR_UNKNOWN,PHYSICAL_PUBLISHER_OR_DISTRIBUTOR,,Eastasiasoft,HIGH,EXACT_TITLE_OR_EDITION_FAMILY,ADD_OR_CONFIRM_CREDIT,Crédito verificado para la obra base y aplicado únicamente a esta edición: Eastasiasoft.,https://www.eastasiasoft.com/games,,ADD,,eastasiasoft,EastAsiaSoft,https://www.eastasiasoft.com/games,,,2026-09-05,company-credit-ps4-pal-rapid-review-2026-09-05
ps4-pro-evolution-soccer-2016-uefa-euro-2016,Pro Evolution Soccer 2016: UEFA EURO 2016,Pro Evolution Soccer 2016: UEFA EURO 2016,PAL España,standard,GAME_OR_UNKNOWN,DEVELOPER,Konami Digital Entertainment,PES Productions,HIGH,EXACT_TITLE_OR_EDITION_FAMILY,ADD_OR_CONFIRM_CREDIT,Crédito verificado para la obra base y aplicado únicamente a esta edición: PES Productions.,https://www.konami.com/games/eu/en/products/pes2016/,,REPLACE,Konami Digital Entertainment,pes-productions,PES Productions,https://www.konami.com/games/eu/en/products/pes2016/,,,2026-09-05,company-credit-ps4-pal-rapid-review-2026-09-05
ps4-pro-evolution-soccer-2016-uefa-euro-2016,Pro Evolution Soccer 2016: UEFA EURO 2016,Pro Evolution Soccer 2016: UEFA EURO 2016,PAL España,standard,GAME_OR_UNKNOWN,PHYSICAL_PUBLISHER_OR_DISTRIBUTOR,Konami Digital Entertainment,Konami,HIGH,EXACT_TITLE_OR_EDITION_FAMILY,ADD_OR_CONFIRM_CREDIT,Crédito verificado para la obra base y aplicado únicamente a esta edición: Konami.,https://www.konami.com/games/eu/en/products/pes2016/,,REPLACE,Konami Digital Entertainment,konami,Konami,https://www.konami.com/games/eu/en/products/pes2016/,,,2026-09-05,company-credit-ps4-pal-rapid-review-2026-09-05
ps4-process-of-elimination-deluxe-edition,Process of Elimination [Deluxe Edition],Process of Elimination [Deluxe Edition],PAL España,standard,EDITION_VARIANT,DIGITAL_PUBLISHER,,NIS America,HIGH,DIGITAL_PS4_EU,ADD_OR_CONFIRM_CREDIT,Coincidencia rápida: PLAYSTATION_STORE.,https://store.playstation.com/es-es/product/EP1063-CUSA34659_00-ELIMINATION00001,,ADD,,nis-america,NIS America,https://store.playstation.com/es-es/product/EP1063-CUSA34659_00-ELIMINATION00001,,,2026-09-05,company-credit-ps4-pal-rapid-review-2026-09-05
ps4-psikyo-shooting-library-vol-1,Psikyo Shooting Library Vol.1,Psikyo Shooting Library Vol.1,PAL España,standard,GAME_OR_UNKNOWN,DEVELOPER,,City Connection,HIGH,EXACT_TITLE_OR_EDITION_FAMILY,ADD_OR_CONFIRM_CREDIT,Crédito verificado para la obra base y aplicado únicamente a esta edición: City Connection.,https://www.strictlylimitedgames.com/collections/psikyo-shooting-library,,ADD,,city-connection,City Connection,https://www.strictlylimitedgames.com/collections/psikyo-shooting-library,,,2026-09-05,company-credit-ps4-pal-rapid-review-2026-09-05
ps4-psikyo-shooting-library-vol-1,Psikyo Shooting Library Vol.1,Psikyo Shooting Library Vol.1,PAL España,standard,GAME_OR_UNKNOWN,PHYSICAL_PUBLISHER_OR_DISTRIBUTOR,,Strictly Limited Games,HIGH,EXACT_TITLE_OR_EDITION_FAMILY,ADD_OR_CONFIRM_CREDIT,Crédito verificado para la obra base y aplicado únicamente a esta edición: Strictly Limited Games.,https://www.strictlylimitedgames.com/collections/psikyo-shooting-library,,ADD,,strictly-limited-games,Strictly Limited Games,https://www.strictlylimitedgames.com/collections/psikyo-shooting-library,,,2026-09-05,company-credit-ps4-pal-rapid-review-2026-09-05
ps4-psikyo-shooting-library-vol-2,Psikyo Shooting Library Vol.2,Psikyo Shooting Library Vol.2,PAL España,standard,GAME_OR_UNKNOWN,DEVELOPER,,City Connection,HIGH,EXACT_TITLE_OR_EDITION_FAMILY,ADD_OR_CONFIRM_CREDIT,Crédito verificado para la obra base y aplicado únicamente a esta edición: City Connection.,https://www.strictlylimitedgames.com/collections/psikyo-shooting-library,,ADD,,city-connection,City Connection,https://www.strictlylimitedgames.com/collections/psikyo-shooting-library,,,2026-09-05,company-credit-ps4-pal-rapid-review-2026-09-05
ps4-psikyo-shooting-library-vol-2,Psikyo Shooting Library Vol.2,Psikyo Shooting Library Vol.2,PAL España,standard,GAME_OR_UNKNOWN,PHYSICAL_PUBLISHER_OR_DISTRIBUTOR,,Strictly Limited Games,HIGH,EXACT_TITLE_OR_EDITION_FAMILY,ADD_OR_CONFIRM_CREDIT,Crédito verificado para la obra base y aplicado únicamente a esta edición: Strictly Limited Games.,https://www.strictlylimitedgames.com/collections/psikyo-shooting-library,,ADD,,strictly-limited-games,Strictly Limited Games,https://www.strictlylimitedgames.com/collections/psikyo-shooting-library,,,2026-09-05,company-credit-ps4-pal-rapid-review-2026-09-05
ps4-puzzle-bobble-3d-vacation-odyssey,Puzzle Bobble 3D: Vacation Odyssey,Puzzle Bobble 3D: Vacation Odyssey,PAL España,standard,GAME_OR_UNKNOWN,DEVELOPER,,Survios,HIGH,GAME_WORK | PS4_RELEASE,ADD_OR_CONFIRM_CREDIT,"Coincidencia rápida: LAUNCHBOX_PS4, WIKIDATA.",https://gamesdb.launchbox-app.com/games/details/476613,https://www.wikidata.org/entity/Q127533603,ADD,,survios,Survios,https://gamesdb.launchbox-app.com/games/details/476613 | https://www.wikidata.org/entity/Q127533603,,,2026-09-05,company-credit-ps4-pal-rapid-review-2026-09-05
ps4-puzzle-bobble-3d-vacation-odyssey,Puzzle Bobble 3D: Vacation Odyssey,Puzzle Bobble 3D: Vacation Odyssey,PAL España,standard,GAME_OR_UNKNOWN,PHYSICAL_PUBLISHER_OR_DISTRIBUTOR,,Taito,HIGH,GAME_WORK | PS4_RELEASE | SAME_WORK_EDITION,ADD_OR_CONFIRM_CREDIT,"Coincidencia rápida: LAUNCHBOX_PS4, VERIFIED_PAL_SIBLING, WIKIDATA.",https://gamesdb.launchbox-app.com/games/details/476613,https://www.wikidata.org/entity/Q127533603,ADD,,taito,Taito Corporation,https://gamesdb.launchbox-app.com/games/details/476613 | https://www.wikidata.org/entity/Q127533603,,,2026-09-05,company-credit-ps4-pal-rapid-review-2026-09-05
ps4-puzzle-bobble-3d-vacation-odyssey-limited-edition,Puzzle Bobble 3D: Vacation Odyssey [Limited Edition],Puzzle Bobble 3D: Vacation Odyssey [Limited Edition],PAL España,standard,EDITION_VARIANT,DEVELOPER,,Survios,HIGH,GAME_WORK | PS4_RELEASE,ADD_OR_CONFIRM_CREDIT,"Coincidencia rápida: LAUNCHBOX_PS4, WIKIDATA.",https://gamesdb.launchbox-app.com/games/details/476613,https://www.wikidata.org/entity/Q127533603,ADD,,survios,Survios,https://gamesdb.launchbox-app.com/games/details/476613 | https://www.wikidata.org/entity/Q127533603,,,2026-09-05,company-credit-ps4-pal-rapid-review-2026-09-05
ps4-puzzle-bobble-3d-vacation-odyssey-limited-edition,Puzzle Bobble 3D: Vacation Odyssey [Limited Edition],Puzzle Bobble 3D: Vacation Odyssey [Limited Edition],PAL España,standard,EDITION_VARIANT,PHYSICAL_PUBLISHER_OR_DISTRIBUTOR,,Taito,HIGH,GAME_WORK | PS4_RELEASE | SAME_WORK_EDITION,ADD_OR_CONFIRM_CREDIT,"Coincidencia rápida: LAUNCHBOX_PS4, VERIFIED_PAL_SIBLING, WIKIDATA.",https://gamesdb.launchbox-app.com/games/details/476613,https://www.wikidata.org/entity/Q127533603,ADD,,taito,Taito Corporation,https://gamesdb.launchbox-app.com/games/details/476613 | https://www.wikidata.org/entity/Q127533603,,,2026-09-05,company-credit-ps4-pal-rapid-review-2026-09-05
ps4-race-with-ryan-road-trip-deluxe-edition,Race With Ryan: Road Trip [Deluxe Edition],Race With Ryan: Road Trip [Deluxe Edition],PAL España,standard,EDITION_VARIANT,DIGITAL_PUBLISHER,,OUTRIGHT GAMES LLC,HIGH,DIGITAL_PS4_EU,ADD_OR_CONFIRM_CREDIT,Coincidencia rápida: PLAYSTATION_STORE.,https://store.playstation.com/es-es/product/EP3678-CUSA23280_00-RWRBASEGAME00002,,ADD,,outright-games,Outright Games LTD,https://store.playstation.com/es-es/product/EP3678-CUSA23280_00-RWRBASEGAME00002,,,2026-09-05,company-credit-ps4-pal-rapid-review-2026-09-05
ps4-rad-rogers,Rad Rogers,Rad Rogers,PAL España,standard,GAME_OR_UNKNOWN,DEVELOPER,,Slipgate Studios,HIGH,EXACT_TITLE_OR_EDITION_FAMILY,ADD_OR_CONFIRM_CREDIT,Crédito verificado para la obra base y aplicado únicamente a esta edición: Slipgate Studios.,https://www.thqnordic.com/games/rad-rodgers,,ADD,,slipgate-studios,Slipgate Studios,https://www.thqnordic.com/games/rad-rodgers,,,2026-09-05,company-credit-ps4-pal-rapid-review-2026-09-05
ps4-rad-rogers,Rad Rogers,Rad Rogers,PAL España,standard,GAME_OR_UNKNOWN,PHYSICAL_PUBLISHER_OR_DISTRIBUTOR,,THQ Nordic,HIGH,EXACT_TITLE_OR_EDITION_FAMILY,ADD_OR_CONFIRM_CREDIT,Crédito verificado para la obra base y aplicado únicamente a esta edición: THQ Nordic.,https://www.thqnordic.com/games/rad-rodgers,,ADD,,thq-nordic,THQ Nordic GmbH,https://www.thqnordic.com/games/rad-rodgers,,,2026-09-05,company-credit-ps4-pal-rapid-review-2026-09-05
ps4-railway-empire-2-deluxe-edition,Railway Empire 2: Deluxe Edition,Railway Empire 2: Deluxe Edition,PAL España,standard,EDITION_VARIANT,PHYSICAL_PUBLISHER_OR_DISTRIBUTOR,,Kalypso Media,HIGH,EXACT_TITLE_OR_EDITION_FAMILY,ADD_OR_CONFIRM_CREDIT,Crédito verificado para la obra base y aplicado únicamente a esta edición: Kalypso Media.,https://www.kalypsomedia.com/railway-empire-2,,ADD,,kalypso-media,Kalypso Media,https://www.kalypsomedia.com/railway-empire-2,,,2026-09-05,company-credit-ps4-pal-rapid-review-2026-09-05
ps4-railway-empire-complete-collection,Railway Empire Complete Collection,Railway Empire Complete Collection,PAL España,standard,POSSIBLE_COMPILATION_OR_MULTI_PRODUCT,DEVELOPER,Gaming Minds Studios,Gaming Minds Studios,HIGH,EXACT_TITLE_OR_EDITION_FAMILY,ADD_OR_CONFIRM_CREDIT,Crédito verificado para la obra base y aplicado únicamente a esta edición: Gaming Minds Studios.,https://www.kalypsomedia.com/railway-empire,,CONFIRM,Gaming Minds Studios,gaming-minds-studios,Gaming Minds Studios,https://www.kalypsomedia.com/railway-empire,,,2026-09-05,company-credit-ps4-pal-rapid-review-2026-09-05
ps4-rainbow-cotton,Rainbow Cotton,Rainbow Cotton,PAL España,standard,GAME_OR_UNKNOWN,PHYSICAL_PUBLISHER_OR_DISTRIBUTOR,,ININ Games,HIGH,EXACT_TITLE_OR_EDITION_FAMILY,ADD_OR_CONFIRM_CREDIT,Crédito verificado para la obra base y aplicado únicamente a esta edición: ININ Games.,https://www.iningames.com/games/rainbow-cotton,,ADD,,inin-games,ININ Games,https://www.iningames.com/games/rainbow-cotton,,,2026-09-05,company-credit-ps4-pal-rapid-review-2026-09-05
ps4-rainbow-high-runway-rush,Rainbow High: Runway Rush,Rainbow High: Runway Rush,PAL España,standard,GAME_OR_UNKNOWN,PHYSICAL_PUBLISHER_OR_DISTRIBUTOR,,Outright Games,HIGH,GAME_WORK | PS4_RELEASE,ADD_OR_CONFIRM_CREDIT,"Coincidencia rápida: LAUNCHBOX_PS4, STEAM.",https://gamesdb.launchbox-app.com/games/details/476637,https://store.steampowered.com/app/2007520,ADD,,outright-games,Outright Games LTD,https://gamesdb.launchbox-app.com/games/details/476637 | https://store.steampowered.com/app/2007520,,,2026-09-05,company-credit-ps4-pal-rapid-review-2026-09-05
ps4-rainbow-six-siege,Rainbow Six Siege,Rainbow Six Siege,PAL España,standard,GAME_OR_UNKNOWN,DEVELOPER,Ubisoft Montreal,Ubisoft Montreal,HIGH,EXACT_TITLE_OR_EDITION_FAMILY,ADD_OR_CONFIRM_CREDIT,Crédito verificado para la obra base y aplicado únicamente a esta edición: Ubisoft Montreal.,https://www.ubisoft.com/en-gb/game/rainbow-six/siege,,CONFIRM,Ubisoft Montreal,ubisoft-montreal,Ubisoft Montreal,https://www.ubisoft.com/en-gb/game/rainbow-six/siege,,,2026-09-05,company-credit-ps4-pal-rapid-review-2026-09-05
ps4-rainbow-six-siege,Rainbow Six Siege,Rainbow Six Siege,PAL España,standard,GAME_OR_UNKNOWN,PHYSICAL_PUBLISHER_OR_DISTRIBUTOR,Ubisoft,Ubisoft,HIGH,EXACT_TITLE_OR_EDITION_FAMILY,ADD_OR_CONFIRM_CREDIT,Crédito verificado para la obra base y aplicado únicamente a esta edición: Ubisoft.,https://www.ubisoft.com/en-gb/game/rainbow-six/siege,,CONFIRM,Ubisoft,ubisoft,Ubisoft,https://www.ubisoft.com/en-gb/game/rainbow-six/siege,,,2026-09-05,company-credit-ps4-pal-rapid-review-2026-09-05
ps4-rainbow-six-siege-advanced-edition,Rainbow Six Siege [Advanced Edition],Rainbow Six Siege [Advanced Edition],PAL España,standard,GAME_OR_UNKNOWN,DEVELOPER,,Ubisoft Montreal,HIGH,EXACT_TITLE_OR_EDITION_FAMILY,ADD_OR_CONFIRM_CREDIT,Crédito verificado para la obra base y aplicado únicamente a esta edición: Ubisoft Montreal.,https://www.ubisoft.com/en-gb/game/rainbow-six/siege,,ADD,,ubisoft-montreal,Ubisoft Montreal,https://www.ubisoft.com/en-gb/game/rainbow-six/siege,,,2026-09-05,company-credit-ps4-pal-rapid-review-2026-09-05
ps4-rainbow-six-siege-steelbook-edition,Rainbow Six Siege [Steelbook Edition],Rainbow Six Siege [Steelbook Edition],PAL España,standard,EDITION_VARIANT,DEVELOPER,,Ubisoft Montreal,HIGH,EXACT_TITLE_OR_EDITION_FAMILY,ADD_OR_CONFIRM_CREDIT,Crédito verificado para la obra base y aplicado únicamente a esta edición: Ubisoft Montreal.,https://www.ubisoft.com/en-gb/game/rainbow-six/siege,,ADD,,ubisoft-montreal,Ubisoft Montreal,https://www.ubisoft.com/en-gb/game/rainbow-six/siege,,,2026-09-05,company-credit-ps4-pal-rapid-review-2026-09-05
ps4-rainbow-six-siege-steelbook-edition,Rainbow Six Siege [Steelbook Edition],Rainbow Six Siege [Steelbook Edition],PAL España,standard,EDITION_VARIANT,PHYSICAL_PUBLISHER_OR_DISTRIBUTOR,,Ubisoft,HIGH,EXACT_TITLE_OR_EDITION_FAMILY,ADD_OR_CONFIRM_CREDIT,Crédito verificado para la obra base y aplicado únicamente a esta edición: Ubisoft.,https://www.ubisoft.com/en-gb/game/rainbow-six/siege,,ADD,,ubisoft,Ubisoft,https://www.ubisoft.com/en-gb/game/rainbow-six/siege,,,2026-09-05,company-credit-ps4-pal-rapid-review-2026-09-05
ps4-rainbow-six-extraction,Rainbow Six: Extraction,Rainbow Six: Extraction,PAL España,standard,GAME_OR_UNKNOWN,DEVELOPER,,Ubisoft Montreal,HIGH,EXACT_TITLE_OR_EDITION_FAMILY,ADD_OR_CONFIRM_CREDIT,Crédito verificado para la obra base y aplicado únicamente a esta edición: Ubisoft Montreal.,https://www.ubisoft.com/en-gb/game/rainbow-six/extraction,,ADD,,ubisoft-montreal,Ubisoft Montreal,https://www.ubisoft.com/en-gb/game/rainbow-six/extraction,,,2026-09-05,company-credit-ps4-pal-rapid-review-2026-09-05
ps4-rainbow-six-extraction,Rainbow Six: Extraction,Rainbow Six: Extraction,PAL España,standard,GAME_OR_UNKNOWN,PHYSICAL_PUBLISHER_OR_DISTRIBUTOR,,Ubisoft,HIGH,EXACT_TITLE_OR_EDITION_FAMILY,ADD_OR_CONFIRM_CREDIT,Crédito verificado para la obra base y aplicado únicamente a esta edición: Ubisoft.,https://www.ubisoft.com/en-gb/game/rainbow-six/extraction,,ADD,,ubisoft,Ubisoft,https://www.ubisoft.com/en-gb/game/rainbow-six/extraction,,,2026-09-05,company-credit-ps4-pal-rapid-review-2026-09-05
ps4-rainbow-six-extraction-deluxe-edition,Rainbow Six: Extraction [Deluxe Edition],Rainbow Six: Extraction [Deluxe Edition],PAL España,standard,EDITION_VARIANT,DEVELOPER,,Ubisoft Montreal,HIGH,EXACT_TITLE_OR_EDITION_FAMILY,ADD_OR_CONFIRM_CREDIT,Crédito verificado para la obra base y aplicado únicamente a esta edición: Ubisoft Montreal.,https://www.ubisoft.com/en-gb/game/rainbow-six/extraction,,ADD,,ubisoft-montreal,Ubisoft Montreal,https://www.ubisoft.com/en-gb/game/rainbow-six/extraction,,,2026-09-05,company-credit-ps4-pal-rapid-review-2026-09-05
ps4-rainbow-six-extraction-deluxe-edition,Rainbow Six: Extraction [Deluxe Edition],Rainbow Six: Extraction [Deluxe Edition],PAL España,standard,EDITION_VARIANT,PHYSICAL_PUBLISHER_OR_DISTRIBUTOR,,Ubisoft,HIGH,EXACT_TITLE_OR_EDITION_FAMILY,ADD_OR_CONFIRM_CREDIT,Crédito verificado para la obra base y aplicado únicamente a esta edición: Ubisoft.,https://www.ubisoft.com/en-gb/game/rainbow-six/extraction,,ADD,,ubisoft,Ubisoft,https://www.ubisoft.com/en-gb/game/rainbow-six/extraction,,,2026-09-05,company-credit-ps4-pal-rapid-review-2026-09-05
ps4-rainbow-six-extraction-guardian-edition,Rainbow Six: Extraction [Guardian Edition],Rainbow Six: Extraction [Guardian Edition],PAL España,standard,GAME_OR_UNKNOWN,DEVELOPER,,Ubisoft Montreal,HIGH,EXACT_TITLE_OR_EDITION_FAMILY,ADD_OR_CONFIRM_CREDIT,Crédito verificado para la obra base y aplicado únicamente a esta edición: Ubisoft Montreal.,https://www.ubisoft.com/en-gb/game/rainbow-six/extraction,,ADD,,ubisoft-montreal,Ubisoft Montreal,https://www.ubisoft.com/en-gb/game/rainbow-six/extraction,,,2026-09-05,company-credit-ps4-pal-rapid-review-2026-09-05
ps4-rainbow-six-extraction-guardian-edition,Rainbow Six: Extraction [Guardian Edition],Rainbow Six: Extraction [Guardian Edition],PAL España,standard,GAME_OR_UNKNOWN,PHYSICAL_PUBLISHER_OR_DISTRIBUTOR,,Ubisoft,HIGH,EXACT_TITLE_OR_EDITION_FAMILY,ADD_OR_CONFIRM_CREDIT,Crédito verificado para la obra base y aplicado únicamente a esta edición: Ubisoft.,https://www.ubisoft.com/en-gb/game/rainbow-six/extraction,,ADD,,ubisoft,Ubisoft,https://www.ubisoft.com/en-gb/game/rainbow-six/extraction,,,2026-09-05,company-credit-ps4-pal-rapid-review-2026-09-05
ps4-rainbow-six-extraction-limited-edition,Rainbow Six: Extraction [Limited Edition],Rainbow Six: Extraction [Limited Edition],PAL España,standard,EDITION_VARIANT,DEVELOPER,,Ubisoft Montreal,HIGH,EXACT_TITLE_OR_EDITION_FAMILY,ADD_OR_CONFIRM_CREDIT,Crédito verificado para la obra base y aplicado únicamente a esta edición: Ubisoft Montreal.,https://www.ubisoft.com/en-gb/game/rainbow-six/extraction,,ADD,,ubisoft-montreal,Ubisoft Montreal,https://www.ubisoft.com/en-gb/game/rainbow-six/extraction,,,2026-09-05,company-credit-ps4-pal-rapid-review-2026-09-05
ps4-rainbow-six-extraction-limited-edition,Rainbow Six: Extraction [Limited Edition],Rainbow Six: Extraction [Limited Edition],PAL España,standard,EDITION_VARIANT,PHYSICAL_PUBLISHER_OR_DISTRIBUTOR,,Ubisoft,HIGH,EXACT_TITLE_OR_EDITION_FAMILY,ADD_OR_CONFIRM_CREDIT,Crédito verificado para la obra base y aplicado únicamente a esta edición: Ubisoft.,https://www.ubisoft.com/en-gb/game/rainbow-six/extraction,,ADD,,ubisoft,Ubisoft,https://www.ubisoft.com/en-gb/game/rainbow-six/extraction,,,2026-09-05,company-credit-ps4-pal-rapid-review-2026-09-05
ps4-rapala-fishing-pro-series,Rapala Fishing Pro Series,Rapala Fishing Pro Series,PAL España,standard,GAME_OR_UNKNOWN,DIGITAL_PUBLISHER,,"Trailmark Games, LLC",HIGH,DIGITAL_PS4_EU,ADD_OR_CONFIRM_CREDIT,Coincidencia rápida: PLAYSTATION_STORE.,https://store.playstation.com/es-es/product/EP0281-CUSA07916_00-RAPALAFISHING000,,ADD,,trailmark-games-llc,"Trailmark Games, LLC",https://store.playstation.com/es-es/product/EP0281-CUSA07916_00-RAPALAFISHING000,,,2026-09-05,company-credit-ps4-pal-rapid-review-2026-09-05
ps4-ravensburger-labyrinth,Ravensburger: Labyrinth,Ravensburger: Labyrinth,PAL España,standard,GAME_OR_UNKNOWN,DEVELOPER,,Nementic Games | Korion Interactive,HIGH,EXACT_PAL_PS4_WORK_WITH_PORT_CREDIT,ADD_DEVELOPER,Las fuentes consultadas atribuyen el desarrollo a Nementic Games | Korion Interactive.,https://store.playstation.com/en-gb/product/EP3024-CUSA42304_00-DVLABYRINTHPS4EU,https://korion.de/en/portfolio/labyrinth/,ADD,,nementic-games | korion-interactive,Nementic Games | Korion Interactive,https://store.playstation.com/en-gb/product/EP3024-CUSA42304_00-DVLABYRINTHPS4EU | https://korion.de/en/portfolio/labyrinth/,,,2026-09-05,company-credit-ps4-pal-rapid-review-2026-09-05
ps4-ravensburger-labyrinth,Ravensburger: Labyrinth,Ravensburger: Labyrinth,PAL España,standard,GAME_OR_UNKNOWN,PHYSICAL_PUBLISHER_OR_DISTRIBUTOR,,Markt+Technik Verlag,HIGH,EXACT_PAL_PS4_WORK_WITH_PORT_CREDIT,ADD_PHYSICAL_PUBLISHER_OR_DISTRIBUTOR,La edición PS4 consultada atribuye la publicación o distribución física a Markt+Technik Verlag.,https://store.playstation.com/en-gb/product/EP3024-CUSA42304_00-DVLABYRINTHPS4EU,https://korion.de/en/portfolio/labyrinth/,ADD,,markt-amp-technik-verlag,Markt & Technik Verlag,https://store.playstation.com/en-gb/product/EP3024-CUSA42304_00-DVLABYRINTHPS4EU | https://korion.de/en/portfolio/labyrinth/,,,2026-09-05,company-credit-ps4-pal-rapid-review-2026-09-05
ps4-ravva-and-the-cyclops-curse,Ravva and the Cyclops Curse,Ravva and the Cyclops Curse,PAL España,standard,GAME_OR_UNKNOWN,DIGITAL_PUBLISHER,,eastasiasoft,HIGH,DIGITAL_PS4_EU,ADD_OR_CONFIRM_CREDIT,Coincidencia rápida: PLAYSTATION_STORE.,https://store.playstation.com/es-es/product/EP2005-CUSA27642_00-RAVVA00000000000,,ADD,,eastasiasoft,EastAsiaSoft,https://store.playstation.com/es-es/product/EP2005-CUSA27642_00-RAVVA00000000000,,,2026-09-05,company-credit-ps4-pal-rapid-review-2026-09-05
ps4-raystorm-x-raycrisis-hd-collection,Raystorm x Raycrisis HD Collection,Raystorm x Raycrisis HD Collection,PAL España,standard,POSSIBLE_COMPILATION_OR_MULTI_PRODUCT,DEVELOPER,Taito Corporation,M2,HIGH,EXACT_TITLE_OR_EDITION_FAMILY,ADD_OR_CONFIRM_CREDIT,Crédito verificado para la obra base y aplicado únicamente a esta edición: M2.,https://www.iningames.com/games/raystorm-x-raycrisis-hd-collection,,REPLACE,Taito Corporation,m2,M2,https://www.iningames.com/games/raystorm-x-raycrisis-hd-collection,,,2026-09-05,company-credit-ps4-pal-rapid-review-2026-09-05
ps4-raystorm-x-raycrisis-hd-collection,Raystorm x Raycrisis HD Collection,Raystorm x Raycrisis HD Collection,PAL España,standard,POSSIBLE_COMPILATION_OR_MULTI_PRODUCT,PHYSICAL_PUBLISHER_OR_DISTRIBUTOR,,ININ Games,HIGH,EXACT_TITLE_OR_EDITION_FAMILY,ADD_OR_CONFIRM_CREDIT,Crédito verificado para la obra base y aplicado únicamente a esta edición: ININ Games.,https://www.iningames.com/games/raystorm-x-raycrisis-hd-collection,,ADD,,inin-games,ININ Games,https://www.iningames.com/games/raystorm-x-raycrisis-hd-collection,,,2026-09-05,company-credit-ps4-pal-rapid-review-2026-09-05
ps4-ray-z-arcade-chronology-pixel-frame-special-edition-79-99,"Ray´z Arcade Chronology - Pixel Frame Special Edition. 79,99","Ray´z Arcade Chronology - Pixel Frame Special Edition. 79,99",PAL España,standard,GAME_OR_UNKNOWN,DEVELOPER,,M2,HIGH,EXACT_TITLE_OR_EDITION_FAMILY,ADD_OR_CONFIRM_CREDIT,Crédito verificado para la obra base y aplicado únicamente a esta edición: M2.,https://www.iningames.com/games/rayz-arcade-chronology,,ADD,,m2,M2,https://www.iningames.com/games/rayz-arcade-chronology,,,2026-09-05,company-credit-ps4-pal-rapid-review-2026-09-05
ps4-ray-z-arcade-chronology-pixel-frame-special-edition-79-99,"Ray´z Arcade Chronology - Pixel Frame Special Edition. 79,99","Ray´z Arcade Chronology - Pixel Frame Special Edition. 79,99",PAL España,standard,GAME_OR_UNKNOWN,PHYSICAL_PUBLISHER_OR_DISTRIBUTOR,,ININ Games,HIGH,EXACT_TITLE_OR_EDITION_FAMILY,ADD_OR_CONFIRM_CREDIT,Crédito verificado para la obra base y aplicado únicamente a esta edición: ININ Games.,https://www.iningames.com/games/rayz-arcade-chronology,,ADD,,inin-games,ININ Games,https://www.iningames.com/games/rayz-arcade-chronology,,,2026-09-05,company-credit-ps4-pal-rapid-review-2026-09-05
ps4-redeemer,Redeemer,Redeemer,PAL España,standard,GAME_OR_UNKNOWN,DEVELOPER,,Sobaka Studio,HIGH,EXACT_TITLE_OR_EDITION_FAMILY,ADD_OR_CONFIRM_CREDIT,Crédito verificado para la obra base y aplicado únicamente a esta edición: Sobaka Studio.,https://www.buka.com/,,ADD,,sobaka-studio,Sobaka Studio,https://www.buka.com/,,,2026-09-05,company-credit-ps4-pal-rapid-review-2026-09-05
ps4-redeemer,Redeemer,Redeemer,PAL España,standard,GAME_OR_UNKNOWN,PHYSICAL_PUBLISHER_OR_DISTRIBUTOR,,Buka Entertainment,HIGH,EXACT_TITLE_OR_EDITION_FAMILY,ADD_OR_CONFIRM_CREDIT,Crédito verificado para la obra base y aplicado únicamente a esta edición: Buka Entertainment.,https://www.buka.com/,,ADD,,buka-entertainment,Buka Entertainment,https://www.buka.com/,,,2026-09-05,company-credit-ps4-pal-rapid-review-2026-09-05
ps4-redemption-reapers,Redemption Reapers,Redemption Reapers,PAL España,standard,GAME_OR_UNKNOWN,PHYSICAL_PUBLISHER_OR_DISTRIBUTOR,,Binary Haze Interactive,HIGH,GAME_WORK | PS4_RELEASE,ADD_OR_CONFIRM_CREDIT,"Coincidencia rápida: LAUNCHBOX_PS4, STEAM, WIKIDATA.",https://gamesdb.launchbox-app.com/games/details/476611,https://store.steampowered.com/app/2139300,ADD,,binary-haze-interactive,Binary Haze Interactive,https://gamesdb.launchbox-app.com/games/details/476611 | https://store.steampowered.com/app/2139300,,,2026-09-05,company-credit-ps4-pal-rapid-review-2026-09-05
ps4-redout-ii-deluxe-edition,Redout II: Deluxe Edition,Redout II: Deluxe Edition,PAL España,standard,EDITION_VARIANT,DEVELOPER,,34BigThings,HIGH,EXACT_TITLE_OR_EDITION_FAMILY,ADD_OR_CONFIRM_CREDIT,Crédito verificado para la obra base y aplicado únicamente a esta edición: 34BigThings.,https://redout2.com/,,ADD,,34bigthings,34BigThings,https://redout2.com/,,,2026-09-05,company-credit-ps4-pal-rapid-review-2026-09-05
ps4-redout-ii-deluxe-edition,Redout II: Deluxe Edition,Redout II: Deluxe Edition,PAL España,standard,EDITION_VARIANT,PHYSICAL_PUBLISHER_OR_DISTRIBUTOR,,Maximum Games,HIGH,EXACT_TITLE_OR_EDITION_FAMILY,ADD_OR_CONFIRM_CREDIT,Crédito verificado para la obra base y aplicado únicamente a esta edición: Maximum Games.,https://redout2.com/,,ADD,,maximum-games,Maximum Games,https://redout2.com/,,,2026-09-05,company-credit-ps4-pal-rapid-review-2026-09-05
ps4-redout-lightspeed-edition,Redout Lightspeed Edition,Redout Lightspeed Edition,PAL España,standard,GAME_OR_UNKNOWN,DEVELOPER,,34BigThings,HIGH,EXACT_TITLE_OR_EDITION_FAMILY,ADD_OR_CONFIRM_CREDIT,Crédito verificado para la obra base y aplicado únicamente a esta edición: 34BigThings.,https://www.34bigthings.com/redout,,ADD,,34bigthings,34BigThings,https://www.34bigthings.com/redout,,,2026-09-05,company-credit-ps4-pal-rapid-review-2026-09-05
ps4-redout-lightspeed-edition,Redout Lightspeed Edition,Redout Lightspeed Edition,PAL España,standard,GAME_OR_UNKNOWN,PHYSICAL_PUBLISHER_OR_DISTRIBUTOR,,505 Games,HIGH,EXACT_TITLE_OR_EDITION_FAMILY,ADD_OR_CONFIRM_CREDIT,Crédito verificado para la obra base y aplicado únicamente a esta edición: 505 Games.,https://www.34bigthings.com/redout,,ADD,,505-games,505 Games,https://www.34bigthings.com/redout,,,2026-09-05,company-credit-ps4-pal-rapid-review-2026-09-05
ps4-remothered-tormented,Remothered Tormented,Remothered Tormented,PAL España,standard,GAME_OR_UNKNOWN,DEVELOPER,,Stormind Games,HIGH,EXACT_TITLE_OR_EDITION_FAMILY,ADD_OR_CONFIRM_CREDIT,Crédito verificado para la obra base y aplicado únicamente a esta edición: Stormind Games.,https://www.stormindgames.com/remothered-tormented-fathers/,,ADD,,stormind-games,Stormind Games,https://www.stormindgames.com/remothered-tormented-fathers/,,,2026-09-05,company-credit-ps4-pal-rapid-review-2026-09-05
ps4-remothered-tormented,Remothered Tormented,Remothered Tormented,PAL España,standard,GAME_OR_UNKNOWN,PHYSICAL_PUBLISHER_OR_DISTRIBUTOR,,Darril Arts,HIGH,EXACT_TITLE_OR_EDITION_FAMILY,ADD_OR_CONFIRM_CREDIT,Crédito verificado para la obra base y aplicado únicamente a esta edición: Darril Arts.,https://www.stormindgames.com/remothered-tormented-fathers/,,ADD,,darril-arts,Darril Arts,https://www.stormindgames.com/remothered-tormented-fathers/,,,2026-09-05,company-credit-ps4-pal-rapid-review-2026-09-05
ps4-resident-evil-4-remake-steelbook,Resident Evil 4 Remake Steelbook,Resident Evil 4 Remake Steelbook,PAL España,standard,EDITION_VARIANT,DEVELOPER,,Capcom,HIGH,EXACT_TITLE_OR_EDITION_FAMILY,ADD_OR_CONFIRM_CREDIT,Crédito verificado para la obra base y aplicado únicamente a esta edición: Capcom.,https://www.residentevil.com/,,ADD,,capcom,Capcom,https://www.residentevil.com/,,,2026-09-05,company-credit-ps4-pal-rapid-review-2026-09-05
ps4-resident-evil-4-remake-steelbook,Resident Evil 4 Remake Steelbook,Resident Evil 4 Remake Steelbook,PAL España,standard,EDITION_VARIANT,PHYSICAL_PUBLISHER_OR_DISTRIBUTOR,,Capcom,HIGH,EXACT_TITLE_OR_EDITION_FAMILY,ADD_OR_CONFIRM_CREDIT,Crédito verificado para la obra base y aplicado únicamente a esta edición: Capcom.,https://www.residentevil.com/,,ADD,,capcom,Capcom,https://www.residentevil.com/,,,2026-09-05,company-credit-ps4-pal-rapid-review-2026-09-05
ps4-resident-evil-4-gold-edition,Resident Evil 4: Gold Edition,Resident Evil 4: Gold Edition,PAL España,standard,GAME_OR_UNKNOWN,DEVELOPER,,Capcom,HIGH,EXACT_TITLE_OR_EDITION_FAMILY,ADD_OR_CONFIRM_CREDIT,Crédito verificado para la obra base y aplicado únicamente a esta edición: Capcom.,https://www.residentevil.com/,,ADD,,capcom,Capcom,https://www.residentevil.com/,,,2026-09-05,company-credit-ps4-pal-rapid-review-2026-09-05
ps4-resident-evil-4-gold-edition,Resident Evil 4: Gold Edition,Resident Evil 4: Gold Edition,PAL España,standard,GAME_OR_UNKNOWN,PHYSICAL_PUBLISHER_OR_DISTRIBUTOR,,Capcom,HIGH,EXACT_TITLE_OR_EDITION_FAMILY,ADD_OR_CONFIRM_CREDIT,Crédito verificado para la obra base y aplicado únicamente a esta edición: Capcom.,https://www.residentevil.com/,,ADD,,capcom,Capcom,https://www.residentevil.com/,,,2026-09-05,company-credit-ps4-pal-rapid-review-2026-09-05
ps4-resident-evil-7-steelbook,Resident Evil 7 [Steelbook],Resident Evil 7 [Steelbook],PAL España,standard,EDITION_VARIANT,DEVELOPER,,Capcom,HIGH,EXACT_TITLE_OR_EDITION_FAMILY,ADD_OR_CONFIRM_CREDIT,Crédito verificado para la obra base y aplicado únicamente a esta edición: Capcom.,https://www.residentevil.com/,,ADD,,capcom,Capcom,https://www.residentevil.com/,,,2026-09-05,company-credit-ps4-pal-rapid-review-2026-09-05
ps4-resident-evil-7-steelbook,Resident Evil 7 [Steelbook],Resident Evil 7 [Steelbook],PAL España,standard,EDITION_VARIANT,PHYSICAL_PUBLISHER_OR_DISTRIBUTOR,,Capcom,HIGH,EXACT_TITLE_OR_EDITION_FAMILY,ADD_OR_CONFIRM_CREDIT,Crédito verificado para la obra base y aplicado únicamente a esta edición: Capcom.,https://www.residentevil.com/,,ADD,,capcom,Capcom,https://www.residentevil.com/,,,2026-09-05,company-credit-ps4-pal-rapid-review-2026-09-05
ps4-resident-evil-8-village,Resident Evil 8 Village,Resident Evil 8 Village,PAL España,standard,GAME_OR_UNKNOWN,DEVELOPER,,Capcom,HIGH,EXACT_TITLE_OR_EDITION_FAMILY,ADD_OR_CONFIRM_CREDIT,Crédito verificado para la obra base y aplicado únicamente a esta edición: Capcom.,https://www.residentevil.com/,,ADD,,capcom,Capcom,https://www.residentevil.com/,,,2026-09-05,company-credit-ps4-pal-rapid-review-2026-09-05
ps4-resident-evil-8-village,Resident Evil 8 Village,Resident Evil 8 Village,PAL España,standard,GAME_OR_UNKNOWN,PHYSICAL_PUBLISHER_OR_DISTRIBUTOR,,Capcom,HIGH,EXACT_TITLE_OR_EDITION_FAMILY,ADD_OR_CONFIRM_CREDIT,Crédito verificado para la obra base y aplicado únicamente a esta edición: Capcom.,https://www.residentevil.com/,,ADD,,capcom,Capcom,https://www.residentevil.com/,,,2026-09-05,company-credit-ps4-pal-rapid-review-2026-09-05
ps4-resident-evil-origins-collection,Resident Evil Origins Collection,Resident Evil Origins Collection,PAL España,standard,POSSIBLE_COMPILATION_OR_MULTI_PRODUCT,DEVELOPER,Capcom,Capcom,HIGH,EXACT_TITLE_OR_EDITION_FAMILY,ADD_OR_CONFIRM_CREDIT,Crédito verificado para la obra base y aplicado únicamente a esta edición: Capcom.,https://www.residentevil.com/,,CONFIRM,Capcom,capcom,Capcom,https://www.residentevil.com/,,,2026-09-05,company-credit-ps4-pal-rapid-review-2026-09-05
ps4-resident-evil-origins-collection,Resident Evil Origins Collection,Resident Evil Origins Collection,PAL España,standard,POSSIBLE_COMPILATION_OR_MULTI_PRODUCT,PHYSICAL_PUBLISHER_OR_DISTRIBUTOR,Capcom,Capcom,HIGH,EXACT_TITLE_OR_EDITION_FAMILY,ADD_OR_CONFIRM_CREDIT,Crédito verificado para la obra base y aplicado únicamente a esta edición: Capcom.,https://www.residentevil.com/,,CONFIRM,Capcom,capcom,Capcom,https://www.residentevil.com/,,,2026-09-05,company-credit-ps4-pal-rapid-review-2026-09-05
ps4-richman-11,Richman 11,Richman 11,PAL España,standard,GAME_OR_UNKNOWN,PHYSICAL_PUBLISHER_OR_DISTRIBUTOR,,Eastasiasoft,HIGH,EXACT_TITLE_OR_EDITION_FAMILY,ADD_OR_CONFIRM_CREDIT,Crédito verificado para la obra base y aplicado únicamente a esta edición: Eastasiasoft.,https://www.eastasiasoft.com/games/Richman-11,,ADD,,eastasiasoft,EastAsiaSoft,https://www.eastasiasoft.com/games/Richman-11,,,2026-09-05,company-credit-ps4-pal-rapid-review-2026-09-05
ps4-rigs-mechanized-combat-league,RIGS Mechanized Combat League,RIGS Mechanized Combat League,PAL España,standard,GAME_OR_UNKNOWN,PHYSICAL_PUBLISHER_OR_DISTRIBUTOR,,Sony Interactive Entertainment,HIGH,DIGITAL_PS4_EU | PS4_RELEASE,ADD_OR_CONFIRM_CREDIT,"Coincidencia rápida: LAUNCHBOX_PS4, PLAYSTATION_STORE.",https://gamesdb.launchbox-app.com/games/details/193208,https://store.playstation.com/es-es/product/EP9000-CUSA00257_00-RIGS000000000000,ADD,,sony-interactive-entertainment,Sony Interactive Entertainment,https://gamesdb.launchbox-app.com/games/details/193208 | https://store.playstation.com/es-es/product/EP9000-CUSA00257_00-RIGS000000000000,,,2026-09-05,company-credit-ps4-pal-rapid-review-2026-09-05
ps4-rise-of-the-tomb-raider-20-year-celebration,Rise of the Tomb Raider: 20 Year Celebration,Rise of the Tomb Raider: 20 Year Celebration,PAL España,standard,GAME_OR_UNKNOWN,PHYSICAL_PUBLISHER_OR_DISTRIBUTOR,,Square Enix,HIGH,GAME_WORK | PS4_RELEASE,ADD_OR_CONFIRM_CREDIT,"Coincidencia rápida: LAUNCHBOX_PS4, WIKIDATA.",https://gamesdb.launchbox-app.com/games/details/21399,https://www.wikidata.org/entity/Q92204235,ADD,,square-enix,Square Enix,https://gamesdb.launchbox-app.com/games/details/21399 | https://www.wikidata.org/entity/Q92204235,,,2026-09-05,company-credit-ps4-pal-rapid-review-2026-09-05
ps4-rise-of-the-tomb-raider-20-year-celebration-art-book-edition,Rise of the Tomb Raider: 20 Year Celebration [Art Book Edition],Rise of the Tomb Raider: 20 Year Celebration [Art Book Edition],PAL España,standard,EDITION_VARIANT,DEVELOPER,,Crystal Dynamics,HIGH,GAME_WORK | PS4_RELEASE,ADD_OR_CONFIRM_CREDIT,"Coincidencia rápida: LAUNCHBOX_PS4, WIKIDATA.",https://gamesdb.launchbox-app.com/games/details/21399,https://www.wikidata.org/entity/Q92204235,ADD,,crystal-dynamics,Crystal Dynamics,https://gamesdb.launchbox-app.com/games/details/21399 | https://www.wikidata.org/entity/Q92204235,,,2026-09-05,company-credit-ps4-pal-rapid-review-2026-09-05
ps4-rise-of-the-tomb-raider-20-year-celebration-art-book-edition,Rise of the Tomb Raider: 20 Year Celebration [Art Book Edition],Rise of the Tomb Raider: 20 Year Celebration [Art Book Edition],PAL España,standard,EDITION_VARIANT,PHYSICAL_PUBLISHER_OR_DISTRIBUTOR,,Square Enix,HIGH,GAME_WORK | PS4_RELEASE,ADD_OR_CONFIRM_CREDIT,"Coincidencia rápida: LAUNCHBOX_PS4, WIKIDATA.",https://gamesdb.launchbox-app.com/games/details/21399,https://www.wikidata.org/entity/Q92204235,ADD,,square-enix,Square Enix,https://gamesdb.launchbox-app.com/games/details/21399 | https://www.wikidata.org/entity/Q92204235,,,2026-09-05,company-credit-ps4-pal-rapid-review-2026-09-05
ps4-road-maintenance-simulator,Road Maintenance Simulator,Road Maintenance Simulator,PAL España,standard,GAME_OR_UNKNOWN,PHYSICAL_PUBLISHER_OR_DISTRIBUTOR,,Aerosoft,HIGH,GAME_WORK,ADD_OR_CONFIRM_CREDIT,"Coincidencia rápida: STEAM, WIKIDATA.",https://store.steampowered.com/app/1419040,https://www.wikidata.org/entity/Q111523960,ADD,,aerosoft,Aerosoft GmbH,https://store.steampowered.com/app/1419040 | https://www.wikidata.org/entity/Q111523960,,,2026-09-05,company-credit-ps4-pal-rapid-review-2026-09-05
ps4-robotics-notes-elite-and-dash-double-pack,Robotics Notes Elite And Dash Double Pack,Robotics Notes Elite And Dash Double Pack,PAL España,standard,POSSIBLE_COMPILATION_OR_MULTI_PRODUCT,DEVELOPER,Mages,MAGES.,HIGH,EXACT_TITLE_OR_EDITION_FAMILY,ADD_OR_CONFIRM_CREDIT,Crédito verificado para la obra base y aplicado únicamente a esta edición: MAGES..,https://www.spike-chunsoft.com/games/roboticsnotes-double-pack/,,REPLACE,Mages,mages,Mages.,https://www.spike-chunsoft.com/games/roboticsnotes-double-pack/,,,2026-09-05,company-credit-ps4-pal-rapid-review-2026-09-05
ps4-rock-band-4-band-in-a-box-bundle,Rock Band 4 [Band-in-a-Box Bundle],Rock Band 4 [Band-in-a-Box Bundle],PAL España,standard,BUNDLE_OR_MULTI_PRODUCT,DEVELOPER,,Harmonix Music Systems,HIGH,GAME_WORK | PS4_RELEASE,ADD_OR_CONFIRM_CREDIT,"Coincidencia rápida: LAUNCHBOX_PS4, WIKIDATA.",https://gamesdb.launchbox-app.com/games/details/33590,https://www.wikidata.org/entity/Q19477326,ADD,,harmonix,Harmonix,https://gamesdb.launchbox-app.com/games/details/33590 | https://www.wikidata.org/entity/Q19477326,,,2026-09-05,company-credit-ps4-pal-rapid-review-2026-09-05
ps4-rock-band-4-guitar-bundle,Rock Band 4 [Guitar Bundle],Rock Band 4 [Guitar Bundle],PAL España,standard,BUNDLE_OR_MULTI_PRODUCT,DEVELOPER,,Harmonix Music Systems,HIGH,GAME_WORK | PS4_RELEASE,ADD_OR_CONFIRM_CREDIT,"Coincidencia rápida: LAUNCHBOX_PS4, WIKIDATA.",https://gamesdb.launchbox-app.com/games/details/33590,https://www.wikidata.org/entity/Q19477326,ADD,,harmonix,Harmonix,https://gamesdb.launchbox-app.com/games/details/33590 | https://www.wikidata.org/entity/Q19477326,,,2026-09-05,company-credit-ps4-pal-rapid-review-2026-09-05
ps4-rock-band-4-plus-rivals-expansion,Rock Band 4 [Plus Rivals Expansion],Rock Band 4 [Plus Rivals Expansion],PAL España,standard,GAME_OR_UNKNOWN,DEVELOPER,,Harmonix Music Systems,HIGH,GAME_WORK | PS4_RELEASE,ADD_OR_CONFIRM_CREDIT,"Coincidencia rápida: LAUNCHBOX_PS4, WIKIDATA.",https://gamesdb.launchbox-app.com/games/details/33590,https://www.wikidata.org/entity/Q19477326,ADD,,harmonix,Harmonix,https://gamesdb.launchbox-app.com/games/details/33590 | https://www.wikidata.org/entity/Q19477326,,,2026-09-05,company-credit-ps4-pal-rapid-review-2026-09-05
ps4-rock-band-4-plus-rivals-expansion,Rock Band 4 [Plus Rivals Expansion],Rock Band 4 [Plus Rivals Expansion],PAL España,standard,GAME_OR_UNKNOWN,PHYSICAL_PUBLISHER_OR_DISTRIBUTOR,,Harmonix Music Systems,HIGH,GAME_WORK | PS4_RELEASE,ADD_OR_CONFIRM_CREDIT,"Coincidencia rápida: LAUNCHBOX_PS4, WIKIDATA.",https://gamesdb.launchbox-app.com/games/details/33590,https://www.wikidata.org/entity/Q19477326,ADD,,harmonix,Harmonix,https://gamesdb.launchbox-app.com/games/details/33590 | https://www.wikidata.org/entity/Q19477326,,,2026-09-05,company-credit-ps4-pal-rapid-review-2026-09-05
ps4-rock-band-rivals-band-kit,Rock Band Rivals [Band Kit],Rock Band Rivals [Band Kit],PAL España,standard,GAME_OR_UNKNOWN,DEVELOPER,,Harmonix,HIGH,EXACT_TITLE_OR_EDITION_FAMILY,ADD_OR_CONFIRM_CREDIT,Crédito verificado para la obra base y aplicado únicamente a esta edición: Harmonix.,https://www.harmonixmusic.com/games/rock-band/,,ADD,,harmonix,Harmonix,https://www.harmonixmusic.com/games/rock-band/,,,2026-09-05,company-credit-ps4-pal-rapid-review-2026-09-05
ps4-rock-band-rivals-band-kit,Rock Band Rivals [Band Kit],Rock Band Rivals [Band Kit],PAL España,standard,GAME_OR_UNKNOWN,PHYSICAL_PUBLISHER_OR_DISTRIBUTOR,,Mad Catz,HIGH,EXACT_TITLE_OR_EDITION_FAMILY,ADD_OR_CONFIRM_CREDIT,Crédito verificado para la obra base y aplicado únicamente a esta edición: Mad Catz.,https://www.harmonixmusic.com/games/rock-band/,,ADD,,mad-catz,Mad Catz,https://www.harmonixmusic.com/games/rock-band/,,,2026-09-05,company-credit-ps4-pal-rapid-review-2026-09-05
ps4-rocket-arena-mythic-edition,Rocket Arena Mythic Edition,Rocket Arena Mythic Edition,PAL España,standard,GAME_OR_UNKNOWN,PHYSICAL_PUBLISHER_OR_DISTRIBUTOR,,Electronic Arts,HIGH,EXACT_TITLE_OR_EDITION_FAMILY,ADD_OR_CONFIRM_CREDIT,Crédito verificado para la obra base y aplicado únicamente a esta edición: Electronic Arts.,https://www.ea.com/games/rocket-arena,,ADD,,electronic-arts,Electronic Arts,https://www.ea.com/games/rocket-arena,,,2026-09-05,company-credit-ps4-pal-rapid-review-2026-09-05
ps4-rocksmith-2014-edition,Rocksmith 2014 Edition,Rocksmith 2014 Edition,PAL España,standard,GAME_OR_UNKNOWN,PHYSICAL_PUBLISHER_OR_DISTRIBUTOR,,Ubisoft,HIGH,EXACT_TITLE_OR_EDITION_FAMILY,ADD_OR_CONFIRM_CREDIT,Crédito verificado para la obra base y aplicado únicamente a esta edición: Ubisoft.,https://www.ubisoft.com/en-us/game/rocksmith/2014-remastered,,ADD,,ubisoft,Ubisoft,https://www.ubisoft.com/en-us/game/rocksmith/2014-remastered,,,2026-09-05,company-credit-ps4-pal-rapid-review-2026-09-05
ps4-rocksmith-2014-edition-remastered,Rocksmith 2014 Edition Remastered,Rocksmith 2014 Edition Remastered,PAL España,standard,EDITION_VARIANT,DEVELOPER,,Ubisoft San Francisco,HIGH,EXACT_TITLE_OR_EDITION_FAMILY,ADD_OR_CONFIRM_CREDIT,Crédito verificado para la obra base y aplicado únicamente a esta edición: Ubisoft San Francisco.,https://www.ubisoft.com/en-us/game/rocksmith/2014-remastered,,ADD,,ubisoft-san-francisco,Ubisoft San Francisco,https://www.ubisoft.com/en-us/game/rocksmith/2014-remastered,,,2026-09-05,company-credit-ps4-pal-rapid-review-2026-09-05
ps4-rocksmith-2014-edition-remastered,Rocksmith 2014 Edition Remastered,Rocksmith 2014 Edition Remastered,PAL España,standard,EDITION_VARIANT,PHYSICAL_PUBLISHER_OR_DISTRIBUTOR,,Ubisoft,HIGH,EXACT_TITLE_OR_EDITION_FAMILY,ADD_OR_CONFIRM_CREDIT,Crédito verificado para la obra base y aplicado únicamente a esta edición: Ubisoft.,https://www.ubisoft.com/en-us/game/rocksmith/2014-remastered,,ADD,,ubisoft,Ubisoft,https://www.ubisoft.com/en-us/game/rocksmith/2014-remastered,,,2026-09-05,company-credit-ps4-pal-rapid-review-2026-09-05
ps4-roller-coaster-tycoon-adventures-deluxe,Roller Coaster Tycoon Adventures Deluxe,Roller Coaster Tycoon Adventures Deluxe,PAL España,standard,EDITION_VARIANT,DEVELOPER,,Graphite Lab,HIGH,EXACT_TITLE_OR_EDITION_FAMILY,ADD_OR_CONFIRM_CREDIT,Crédito verificado para la obra base y aplicado únicamente a esta edición: Graphite Lab.,https://atari.com/products/rollercoaster-tycoon-adventures-deluxe,,ADD,,graphite-lab,Graphite Lab,https://atari.com/products/rollercoaster-tycoon-adventures-deluxe,,,2026-09-05,company-credit-ps4-pal-rapid-review-2026-09-05
ps4-roller-coaster-tycoon-adventures-deluxe,Roller Coaster Tycoon Adventures Deluxe,Roller Coaster Tycoon Adventures Deluxe,PAL España,standard,EDITION_VARIANT,PHYSICAL_PUBLISHER_OR_DISTRIBUTOR,,Atari,HIGH,EXACT_TITLE_OR_EDITION_FAMILY,ADD_OR_CONFIRM_CREDIT,Crédito verificado para la obra base y aplicado únicamente a esta edición: Atari.,https://atari.com/products/rollercoaster-tycoon-adventures-deluxe,,ADD,,atari,Atari Europe,https://atari.com/products/rollercoaster-tycoon-adventures-deluxe,,,2026-09-05,company-credit-ps4-pal-rapid-review-2026-09-05
ps4-rolling-bob,Rolling Bob,Rolling Bob,PAL España,standard,GAME_OR_UNKNOWN,DEVELOPER,,Moon Factory Studios,HIGH,EXACT_TITLE_OR_EDITION_FAMILY,ADD_OR_CONFIRM_CREDIT,Crédito verificado para la obra base y aplicado únicamente a esta edición: Moon Factory Studios.,https://www.playstation.com/es-es/,,ADD,,moon-factory-studios,Moon Factory Studios,https://www.playstation.com/es-es/,,,2026-09-05,company-credit-ps4-pal-rapid-review-2026-09-05
ps4-rolling-bob,Rolling Bob,Rolling Bob,PAL España,standard,GAME_OR_UNKNOWN,PHYSICAL_PUBLISHER_OR_DISTRIBUTOR,,Sony Interactive Entertainment España,HIGH,EXACT_TITLE_OR_EDITION_FAMILY,ADD_OR_CONFIRM_CREDIT,Crédito verificado para la obra base y aplicado únicamente a esta edición: Sony Interactive Entertainment España.,https://www.playstation.com/es-es/,,ADD,,sony-interactive-entertainment-espana,Sony Interactive Entertainment España,https://www.playstation.com/es-es/,,,2026-09-05,company-credit-ps4-pal-rapid-review-2026-09-05
ps4-romancing-saga-minstrel-song-remastered-international,Romancing SaGa Minstrel Song Remastered International,Romancing SaGa Minstrel Song Remastered International,PAL España,standard,GAME_OR_UNKNOWN,DEVELOPER,,Square Enix,HIGH,EXACT_TITLE_OR_EDITION_FAMILY,ADD_OR_CONFIRM_CREDIT,Crédito verificado para la obra base y aplicado únicamente a esta edición: Square Enix.,https://square-enix-games.com/en_GB/games/romancing-saga-minstrel-song-remastered,,ADD,,square-enix,Square Enix,https://square-enix-games.com/en_GB/games/romancing-saga-minstrel-song-remastered,,,2026-09-05,company-credit-ps4-pal-rapid-review-2026-09-05
ps4-romancing-saga-minstrel-song-remastered-international,Romancing SaGa Minstrel Song Remastered International,Romancing SaGa Minstrel Song Remastered International,PAL España,standard,GAME_OR_UNKNOWN,PHYSICAL_PUBLISHER_OR_DISTRIBUTOR,,Square Enix,HIGH,EXACT_TITLE_OR_EDITION_FAMILY,ADD_OR_CONFIRM_CREDIT,Crédito verificado para la obra base y aplicado únicamente a esta edición: Square Enix.,https://square-enix-games.com/en_GB/games/romancing-saga-minstrel-song-remastered,,ADD,,square-enix,Square Enix,https://square-enix-games.com/en_GB/games/romancing-saga-minstrel-song-remastered,,,2026-09-05,company-credit-ps4-pal-rapid-review-2026-09-05
ps4-rpg-maker-with,RPG Maker WITH,RPG Maker WITH,PAL España,standard,GAME_OR_UNKNOWN,PHYSICAL_PUBLISHER_OR_DISTRIBUTOR,,NIS America,HIGH,EXACT_TITLE_OR_EDITION_FAMILY,ADD_OR_CONFIRM_CREDIT,Crédito verificado para la obra base y aplicado únicamente a esta edición: NIS America.,https://nisamerica.com/games/rpg-maker-with/,,ADD,,nis-america,NIS America,https://nisamerica.com/games/rpg-maker-with/,,,2026-09-05,company-credit-ps4-pal-rapid-review-2026-09-05
ps4-rugby-25,Rugby 25,Rugby 25,PAL España,standard,GAME_OR_UNKNOWN,PHYSICAL_PUBLISHER_OR_DISTRIBUTOR,,Nacon,HIGH,GAME_WORK | PS4_RELEASE,ADD_OR_CONFIRM_CREDIT,"Coincidencia rápida: LAUNCHBOX_PS4, STEAM, WIKIDATA.",https://gamesdb.launchbox-app.com/games/details/476687,https://store.steampowered.com/app/2340870,ADD,,nacon,Nacon,https://gamesdb.launchbox-app.com/games/details/476687 | https://store.steampowered.com/app/2340870,,,2026-09-05,company-credit-ps4-pal-rapid-review-2026-09-05
ps4-rugby-league-26,Rugby League 26,Rugby League 26,PAL España,standard,GAME_OR_UNKNOWN,PHYSICAL_PUBLISHER_OR_DISTRIBUTOR,,Nacon,HIGH,EXACT_TITLE_OR_EDITION_FAMILY,ADD_OR_CONFIRM_CREDIT,Crédito verificado para la obra base y aplicado únicamente a esta edición: Nacon.,https://www.bigant.com/,,ADD,,nacon,Nacon,https://www.bigant.com/,,,2026-09-05,company-credit-ps4-pal-rapid-review-2026-09-05
ps4-rugby-world-cup-2015,Rugby World Cup 2015,Rugby World Cup 2015,PAL España,standard,GAME_OR_UNKNOWN,DEVELOPER,,HB Studios,HIGH,EXACT_TITLE_OR_EDITION_FAMILY,ADD_OR_CONFIRM_CREDIT,Crédito verificado para la obra base y aplicado únicamente a esta edición: HB Studios.,https://www.hb-studios.com/games,,ADD,,hb-studios,HB Studios,https://www.hb-studios.com/games,,,2026-09-05,company-credit-ps4-pal-rapid-review-2026-09-05
ps4-rugby-world-cup-2015,Rugby World Cup 2015,Rugby World Cup 2015,PAL España,standard,GAME_OR_UNKNOWN,PHYSICAL_PUBLISHER_OR_DISTRIBUTOR,,Bigben Interactive,HIGH,EXACT_TITLE_OR_EDITION_FAMILY,ADD_OR_CONFIRM_CREDIT,Crédito verificado para la obra base y aplicado únicamente a esta edición: Bigben Interactive.,https://www.hb-studios.com/games,,ADD,,bigben-interactive,BigBen Interactive,https://www.hb-studios.com/games,,,2026-09-05,company-credit-ps4-pal-rapid-review-2026-09-05
ps4-rust-console-edition-day-one-edition,RUST: Console Edition [Day One Edition],RUST: Console Edition [Day One Edition],PAL España,standard,EDITION_VARIANT,DEVELOPER,,Double Eleven,HIGH,EXACT_TITLE_OR_EDITION_FAMILY,ADD_OR_CONFIRM_CREDIT,Crédito verificado para la obra base y aplicado únicamente a esta edición: Double Eleven.,https://rust.double11.com/,,ADD,,double-eleven,Double Eleven,https://rust.double11.com/,,,2026-09-05,company-credit-ps4-pal-rapid-review-2026-09-05
ps4-rust-console-edition-day-one-edition,RUST: Console Edition [Day One Edition],RUST: Console Edition [Day One Edition],PAL España,standard,EDITION_VARIANT,PHYSICAL_PUBLISHER_OR_DISTRIBUTOR,,Deep Silver,HIGH,EXACT_TITLE_OR_EDITION_FAMILY,ADD_OR_CONFIRM_CREDIT,Crédito verificado para la obra base y aplicado únicamente a esta edición: Deep Silver.,https://rust.double11.com/,,ADD,,deep-silver,Deep SIlver,https://rust.double11.com/,,,2026-09-05,company-credit-ps4-pal-rapid-review-2026-09-05
ps4-saint-kotar,Saint Kotar,Saint Kotar,PAL España,standard,GAME_OR_UNKNOWN,PHYSICAL_PUBLISHER_OR_DISTRIBUTOR,,SOEDESCO,HIGH,DIGITAL_PS4_EU | GAME_WORK | PS4_RELEASE,ADD_OR_CONFIRM_CREDIT,"Coincidencia rápida: LAUNCHBOX_PS4, PLAYSTATION_STORE, STEAM, WIKIDATA.",https://gamesdb.launchbox-app.com/games/details/476686,https://store.playstation.com/es-es/product/EP4541-CUSA32503_00-SAINTKOTAREU0000,ADD,,soedesco,Soedesco,https://gamesdb.launchbox-app.com/games/details/476686 | https://store.playstation.com/es-es/product/EP4541-CUSA32503_00-SAINTKOTAREU0000,,,2026-09-05,company-credit-ps4-pal-rapid-review-2026-09-05
ps4-saints-row-criminal-customs-edition,Saints Row [Criminal Customs Edition],Saints Row [Criminal Customs Edition],PAL España,standard,GAME_OR_UNKNOWN,PHYSICAL_PUBLISHER_OR_DISTRIBUTOR,,Deep Silver,HIGH,GAME_WORK,ADD_OR_CONFIRM_CREDIT,"Coincidencia rápida: STEAM, WIKIDATA.",https://store.steampowered.com/app/742420,https://www.wikidata.org/entity/Q111662708,ADD,,deep-silver,Deep SIlver,https://store.steampowered.com/app/742420 | https://www.wikidata.org/entity/Q111662708,,,2026-09-05,company-credit-ps4-pal-rapid-review-2026-09-05
ps4-saints-row-day-one-edition,Saints Row [Day One Edition],Saints Row [Day One Edition],PAL España,standard,EDITION_VARIANT,PHYSICAL_PUBLISHER_OR_DISTRIBUTOR,,Deep Silver,HIGH,GAME_WORK,ADD_OR_CONFIRM_CREDIT,"Coincidencia rápida: STEAM, WIKIDATA.",https://store.steampowered.com/app/742420,https://www.wikidata.org/entity/Q111662708,ADD,,deep-silver,Deep SIlver,https://store.steampowered.com/app/742420 | https://www.wikidata.org/entity/Q111662708,,,2026-09-05,company-credit-ps4-pal-rapid-review-2026-09-05
ps4-saints-row-notorious-edition,Saints Row [Notorious Edition],Saints Row [Notorious Edition],PAL España,standard,GAME_OR_UNKNOWN,PHYSICAL_PUBLISHER_OR_DISTRIBUTOR,,Deep Silver,HIGH,GAME_WORK,ADD_OR_CONFIRM_CREDIT,"Coincidencia rápida: STEAM, WIKIDATA.",https://store.steampowered.com/app/742420,https://www.wikidata.org/entity/Q111662708,ADD,,deep-silver,Deep SIlver,https://store.steampowered.com/app/742420 | https://www.wikidata.org/entity/Q111662708,,,2026-09-05,company-credit-ps4-pal-rapid-review-2026-09-05
ps4-saints-row-iv-re-elected-&amp;-gat-out-of-hell-first-edition,Saints Row IV: Re-Elected & Gat Out Of Hell [First Edition],Saints Row IV: Re-Elected & Gat Out Of Hell [First Edition],PAL España,standard,GAME_OR_UNKNOWN,DEVELOPER,,Volition,HIGH,EXACT_TITLE_OR_EDITION_FAMILY,ADD_OR_CONFIRM_CREDIT,Crédito verificado para la obra base y aplicado únicamente a esta edición: Volition.,https://saintsrow.com/,,ADD,,volition,Volition,https://saintsrow.com/,,,2026-09-05,company-credit-ps4-pal-rapid-review-2026-09-05
ps4-saints-row-iv-re-elected-&amp;-gat-out-of-hell-first-edition,Saints Row IV: Re-Elected & Gat Out Of Hell [First Edition],Saints Row IV: Re-Elected & Gat Out Of Hell [First Edition],PAL España,standard,GAME_OR_UNKNOWN,PHYSICAL_PUBLISHER_OR_DISTRIBUTOR,,Deep Silver,HIGH,EXACT_TITLE_OR_EDITION_FAMILY,ADD_OR_CONFIRM_CREDIT,Crédito verificado para la obra base y aplicado únicamente a esta edición: Deep Silver.,https://saintsrow.com/,,ADD,,deep-silver,Deep SIlver,https://saintsrow.com/,,,2026-09-05,company-credit-ps4-pal-rapid-review-2026-09-05
ps4-samurai-shodown-neogeo-collection,Samurai Shodown NeoGeo Collection,Samurai Shodown NeoGeo Collection,PAL España,standard,POSSIBLE_COMPILATION_OR_MULTI_PRODUCT,DEVELOPER,SNK,DIGITAL ECLIPSE,HIGH,GAME_WORK | SAME_WORK_EDITION,ADD_OR_CONFIRM_CREDIT,"Coincidencia rápida: STEAM, VERIFIED_PS4_SIBLING.",https://store.steampowered.com/app/999660,,REPLACE,SNK,digital-eclipse,Digital Eclipse,https://store.steampowered.com/app/999660,,,2026-09-05,company-credit-ps4-pal-rapid-review-2026-09-05
ps4-sand-land-collector%27s-edition,Sand Land [Collector's Edition],Sand Land [Collector's Edition],PAL España,standard,EDITION_VARIANT,PHYSICAL_PUBLISHER_OR_DISTRIBUTOR,,Bandai Namco Entertainment,HIGH,GAME_WORK | PS4_RELEASE,ADD_OR_CONFIRM_CREDIT,"Coincidencia rápida: LAUNCHBOX_PS4, STEAM, WIKIDATA.",https://gamesdb.launchbox-app.com/games/details/476737,https://store.steampowered.com/app/1979440,ADD,,bandai-namco-entertainment,Bandai Namco Entertainment,https://gamesdb.launchbox-app.com/games/details/476737 | https://store.steampowered.com/app/1979440,,,2026-09-05,company-credit-ps4-pal-rapid-review-2026-09-05
ps4-sand-land-collector-edition,Sand Land Collector Edition,Sand Land Collector Edition,PAL España,standard,EDITION_VARIANT,PHYSICAL_PUBLISHER_OR_DISTRIBUTOR,,Bandai Namco Entertainment,HIGH,GAME_WORK | PS4_RELEASE,ADD_OR_CONFIRM_CREDIT,"Coincidencia rápida: LAUNCHBOX_PS4, STEAM, WIKIDATA.",https://gamesdb.launchbox-app.com/games/details/476737,https://store.steampowered.com/app/1979440,ADD,,bandai-namco-entertainment,Bandai Namco Entertainment,https://gamesdb.launchbox-app.com/games/details/476737 | https://store.steampowered.com/app/1979440,,,2026-09-05,company-credit-ps4-pal-rapid-review-2026-09-05
ps4-schlag-den-star,Schlag Den Star,Schlag Den Star,PAL España,standard,GAME_OR_UNKNOWN,DEVELOPER,,Lost The Game Studios,HIGH,EXACT_TITLE_OR_EDITION_FAMILY,ADD_OR_CONFIRM_CREDIT,Crédito verificado para la obra base y aplicado únicamente a esta edición: Lost The Game Studios.,https://www.ravenscourt.games/,,ADD,,lost-the-game-studios,Lost The Game Studios,https://www.ravenscourt.games/,,,2026-09-05,company-credit-ps4-pal-rapid-review-2026-09-05
ps4-schlag-den-star,Schlag Den Star,Schlag Den Star,PAL España,standard,GAME_OR_UNKNOWN,PHYSICAL_PUBLISHER_OR_DISTRIBUTOR,,Ravenscourt,HIGH,EXACT_TITLE_OR_EDITION_FAMILY,ADD_OR_CONFIRM_CREDIT,Crédito verificado para la obra base y aplicado únicamente a esta edición: Ravenscourt.,https://www.ravenscourt.games/,,ADD,,ravenscourt,Ravenscourt,https://www.ravenscourt.games/,,,2026-09-05,company-credit-ps4-pal-rapid-review-2026-09-05
ps4-school-girl-zombie-hunter,School Girl Zombie Hunter,School Girl Zombie Hunter,PAL España,standard,GAME_OR_UNKNOWN,DEVELOPER,,Tamsoft,HIGH,EXACT_TITLE_OR_EDITION_FAMILY,ADD_OR_CONFIRM_CREDIT,Crédito verificado para la obra base y aplicado únicamente a esta edición: Tamsoft.,https://www.aksysgames.com/,,ADD,,tamsoft,Tamsoft Corporation,https://www.aksysgames.com/,,,2026-09-05,company-credit-ps4-pal-rapid-review-2026-09-05
ps4-school-girl-zombie-hunter,School Girl Zombie Hunter,School Girl Zombie Hunter,PAL España,standard,GAME_OR_UNKNOWN,PHYSICAL_PUBLISHER_OR_DISTRIBUTOR,,Aksys Games,HIGH,EXACT_TITLE_OR_EDITION_FAMILY,ADD_OR_CONFIRM_CREDIT,Crédito verificado para la obra base y aplicado únicamente a esta edición: Aksys Games.,https://www.aksysgames.com/,,ADD,,aksys-games,Aksys Games,https://www.aksysgames.com/,,,2026-09-05,company-credit-ps4-pal-rapid-review-2026-09-05
ps4-scourge-bringer,Scourge Bringer,Scourge Bringer,PAL España,standard,GAME_OR_UNKNOWN,PHYSICAL_PUBLISHER_OR_DISTRIBUTOR,,Red Art Games,HIGH,EXACT_TITLE_OR_EDITION_FAMILY,ADD_OR_CONFIRM_CREDIT,Crédito verificado para la obra base y aplicado únicamente a esta edición: Red Art Games.,https://www.redartgames.com/games/scourgebringer,,ADD,,red-art-games,Red Art Games,https://www.redartgames.com/games/scourgebringer,,,2026-09-05,company-credit-ps4-pal-rapid-review-2026-09-05
ps4-scribblenauts-mega-pack,Scribblenauts Mega Pack,Scribblenauts Mega Pack,PAL España,standard,GAME_OR_UNKNOWN,DIGITAL_PUBLISHER,,WARNER BROS. INTERACTIVE,HIGH,DIGITAL_PS4_EU,ADD_OR_CONFIRM_CREDIT,Coincidencia rápida: PLAYSTATION_STORE.,https://store.playstation.com/es-es/product/EP1018-CUSA12593_00-SCRIBBLENAUTSSMP,,ADD,,warner-bros-interactive-entertainment,Warner Bros. Interactive Entertainment,https://store.playstation.com/es-es/product/EP1018-CUSA12593_00-SCRIBBLENAUTSSMP,,,2026-09-05,company-credit-ps4-pal-rapid-review-2026-09-05
ps4-scribblenauts-showdown,Scribblenauts Showdown,Scribblenauts Showdown,PAL España,standard,GAME_OR_UNKNOWN,DIGITAL_PUBLISHER,,WARNER BROS. INTERACTIVE,HIGH,DIGITAL_PS4_EU,ADD_OR_CONFIRM_CREDIT,Coincidencia rápida: PLAYSTATION_STORE.,https://store.playstation.com/es-es/product/EP1018-CUSA10354_00-SCRIBBLENAUTSSD0,,ADD,,warner-bros-interactive-entertainment,Warner Bros. Interactive Entertainment,https://store.playstation.com/es-es/product/EP1018-CUSA10354_00-SCRIBBLENAUTSSD0,,,2026-09-05,company-credit-ps4-pal-rapid-review-2026-09-05
ps4-sea-of-stars,Sea Of Stars,Sea Of Stars,PAL España,standard,GAME_OR_UNKNOWN,PHYSICAL_PUBLISHER_OR_DISTRIBUTOR,,iam8bit,HIGH,EXACT_TITLE_OR_EDITION_FAMILY,ADD_OR_CONFIRM_CREDIT,Crédito verificado para la obra base y aplicado únicamente a esta edición: iam8bit.,https://seaofstarsgame.co/,,ADD,,iam8bit,Iam8bit,https://seaofstarsgame.co/,,,2026-09-05,company-credit-ps4-pal-rapid-review-2026-09-05
ps4-seed-of-life,Seed Of Life,Seed Of Life,PAL España,standard,GAME_OR_UNKNOWN,PHYSICAL_PUBLISHER_OR_DISTRIBUTOR,,GS2 GAMES,HIGH,DIGITAL_PS4_EU | PS4_RELEASE,ADD_OR_CONFIRM_CREDIT,"Coincidencia rápida: LAUNCHBOX_PS4, PLAYSTATION_STORE.",https://gamesdb.launchbox-app.com/games/details/476758,https://store.playstation.com/es-es/product/EP8023-CUSA45258_00-SEEDOFLIFEPS4EUR,ADD,,gs2-games,GS2 Games,https://gamesdb.launchbox-app.com/games/details/476758 | https://store.playstation.com/es-es/product/EP8023-CUSA45258_00-SEEDOFLIFEPS4EUR,,,2026-09-05,company-credit-ps4-pal-rapid-review-2026-09-05
ps4-sega-mega-drive-classics,Sega Mega Drive Classics,Sega Mega Drive Classics,PAL España,standard,GAME_OR_UNKNOWN,DEVELOPER,,Sega,HIGH,EXACT_TITLE_OR_EDITION_FAMILY,ADD_OR_CONFIRM_CREDIT,Crédito verificado para la obra base y aplicado únicamente a esta edición: Sega.,https://www.sega.com/megadriveclassics,,ADD,,sega,Sega,https://www.sega.com/megadriveclassics,,,2026-09-05,company-credit-ps4-pal-rapid-review-2026-09-05
ps4-sekiro-goty,Sekiro GOTY,Sekiro GOTY,PAL España,standard,EDITION_VARIANT,DEVELOPER,,FromSoftware,HIGH,EXACT_TITLE_OR_EDITION_FAMILY,ADD_OR_CONFIRM_CREDIT,Crédito verificado para la obra base y aplicado únicamente a esta edición: FromSoftware.,https://www.sekirothegame.com/,,ADD,,fromsoftware,FromSoftware,https://www.sekirothegame.com/,,,2026-09-05,company-credit-ps4-pal-rapid-review-2026-09-05
ps4-sekiro-goty,Sekiro GOTY,Sekiro GOTY,PAL España,standard,EDITION_VARIANT,PHYSICAL_PUBLISHER_OR_DISTRIBUTOR,,Activision,HIGH,EXACT_TITLE_OR_EDITION_FAMILY,ADD_OR_CONFIRM_CREDIT,Crédito verificado para la obra base y aplicado únicamente a esta edición: Activision.,https://www.sekirothegame.com/,,ADD,,activision,Activision,https://www.sekirothegame.com/,,,2026-09-05,company-credit-ps4-pal-rapid-review-2026-09-05
ps4-senran-kagura-burst-renewal-bountiful-beauties,Senran Kagura Burst Re:Newal [Bountiful Beauties],Senran Kagura Burst Re:Newal [Bountiful Beauties],PAL España,standard,GAME_OR_UNKNOWN,DEVELOPER,,Tamsoft,HIGH,GAME_WORK | PS4_RELEASE,ADD_OR_CONFIRM_CREDIT,"Coincidencia rápida: LAUNCHBOX_PS4, STEAM, WIKIDATA.",https://gamesdb.launchbox-app.com/games/details/162524,https://store.steampowered.com/app/889510,ADD,,tamsoft,Tamsoft Corporation,https://gamesdb.launchbox-app.com/games/details/162524 | https://store.steampowered.com/app/889510,,,2026-09-05,company-credit-ps4-pal-rapid-review-2026-09-05
ps4-senran-kagura-estival,Senran Kagura Estival,Senran Kagura Estival,PAL España,standard,GAME_OR_UNKNOWN,DEVELOPER,Tamsoft,Tamsoft,HIGH,EXACT_TITLE_OR_EDITION_FAMILY,ADD_OR_CONFIRM_CREDIT,Crédito verificado para la obra base y aplicado únicamente a esta edición: Tamsoft.,https://marvelousgames.com/games/senran-kagura-estival-versus/,,CONFIRM,Tamsoft,tamsoft,Tamsoft Corporation,https://marvelousgames.com/games/senran-kagura-estival-versus/,,,2026-09-05,company-credit-ps4-pal-rapid-review-2026-09-05
ps4-senran-kagura-estival,Senran Kagura Estival,Senran Kagura Estival,PAL España,standard,GAME_OR_UNKNOWN,PHYSICAL_PUBLISHER_OR_DISTRIBUTOR,Marvelous,Marvelous Europe,HIGH,EXACT_TITLE_OR_EDITION_FAMILY,ADD_OR_CONFIRM_CREDIT,Crédito verificado para la obra base y aplicado únicamente a esta edición: Marvelous Europe.,https://marvelousgames.com/games/senran-kagura-estival-versus/,,REPLACE,Marvelous,marvelous-europe,Marvelous Europe,https://marvelousgames.com/games/senran-kagura-estival-versus/,,,2026-09-05,company-credit-ps4-pal-rapid-review-2026-09-05
ps4-session-skate-sim,Session: Skate Sim,Session: Skate Sim,PAL España,standard,GAME_OR_UNKNOWN,PHYSICAL_PUBLISHER_OR_DISTRIBUTOR,,Nacon,HIGH,GAME_WORK | PS4_RELEASE,ADD_OR_CONFIRM_CREDIT,"Coincidencia rápida: LAUNCHBOX_PS4, STEAM, WIKIDATA.",https://gamesdb.launchbox-app.com/games/details/476760,https://store.steampowered.com/app/861650,ADD,,nacon,Nacon,https://gamesdb.launchbox-app.com/games/details/476760 | https://store.steampowered.com/app/861650,,,2026-09-05,company-credit-ps4-pal-rapid-review-2026-09-05
ps4-seven-deadly-sins-knights-of-britannia,Seven Deadly Sins: Knights of Britannia,Seven Deadly Sins: Knights of Britannia,PAL España,standard,GAME_OR_UNKNOWN,DEVELOPER,,Natsume Atari,HIGH,EXACT_TITLE_OR_EDITION_FAMILY,ADD_OR_CONFIRM_CREDIT,Crédito verificado para la obra base y aplicado únicamente a esta edición: Natsume Atari.,https://en.bandainamcoent.eu/the-seven-deadly-sins/the-seven-deadly-sins-knights-of-britannia,,ADD,,natsume-atari,Natsume Atari,https://en.bandainamcoent.eu/the-seven-deadly-sins/the-seven-deadly-sins-knights-of-britannia,,,2026-09-05,company-credit-ps4-pal-rapid-review-2026-09-05
ps4-seven-deadly-sins-knights-of-britannia,Seven Deadly Sins: Knights of Britannia,Seven Deadly Sins: Knights of Britannia,PAL España,standard,GAME_OR_UNKNOWN,PHYSICAL_PUBLISHER_OR_DISTRIBUTOR,,Bandai Namco Entertainment Europe,HIGH,EXACT_TITLE_OR_EDITION_FAMILY,ADD_OR_CONFIRM_CREDIT,Crédito verificado para la obra base y aplicado únicamente a esta edición: Bandai Namco Entertainment Europe.,https://en.bandainamcoent.eu/the-seven-deadly-sins/the-seven-deadly-sins-knights-of-britannia,,ADD,,bandai-namco-entertainment-europe,Bandai Namco Entertainment Europe,https://en.bandainamcoent.eu/the-seven-deadly-sins/the-seven-deadly-sins-knights-of-britannia,,,2026-09-05,company-credit-ps4-pal-rapid-review-2026-09-05
ps4-seven-deadly-sins-knights-of-britannia-collector%27s-edition,Seven Deadly Sins: Knights Of Britannia [Collector's Edition],Seven Deadly Sins: Knights Of Britannia [Collector's Edition],PAL España,standard,EDITION_VARIANT,DEVELOPER,,Natsume Atari,HIGH,EXACT_TITLE_OR_EDITION_FAMILY,ADD_OR_CONFIRM_CREDIT,Crédito verificado para la obra base y aplicado únicamente a esta edición: Natsume Atari.,https://en.bandainamcoent.eu/the-seven-deadly-sins/the-seven-deadly-sins-knights-of-britannia,,ADD,,natsume-atari,Natsume Atari,https://en.bandainamcoent.eu/the-seven-deadly-sins/the-seven-deadly-sins-knights-of-britannia,,,2026-09-05,company-credit-ps4-pal-rapid-review-2026-09-05
ps4-seven-deadly-sins-knights-of-britannia-collector%27s-edition,Seven Deadly Sins: Knights Of Britannia [Collector's Edition],Seven Deadly Sins: Knights Of Britannia [Collector's Edition],PAL España,standard,EDITION_VARIANT,PHYSICAL_PUBLISHER_OR_DISTRIBUTOR,,Bandai Namco Entertainment Europe,HIGH,EXACT_TITLE_OR_EDITION_FAMILY,ADD_OR_CONFIRM_CREDIT,Crédito verificado para la obra base y aplicado únicamente a esta edición: Bandai Namco Entertainment Europe.,https://en.bandainamcoent.eu/the-seven-deadly-sins/the-seven-deadly-sins-knights-of-britannia,,ADD,,bandai-namco-entertainment-europe,Bandai Namco Entertainment Europe,https://en.bandainamcoent.eu/the-seven-deadly-sins/the-seven-deadly-sins-knights-of-britannia,,,2026-09-05,company-credit-ps4-pal-rapid-review-2026-09-05
ps4-sexy-brutale,Sexy Brutale,Sexy Brutale,PAL España,standard,GAME_OR_UNKNOWN,DIGITAL_PUBLISHER,,Cavalier Game Studios Ltd,HIGH,DIGITAL_PS4_EU,ADD_OR_CONFIRM_CREDIT,Coincidencia rápida: PLAYSTATION_STORE.,https://store.playstation.com/es-es/product/EP2972-CUSA06819_00-THESEXYBRUTALE01,,ADD,,cavalier-game-studios,Cavalier Game Studios,https://store.playstation.com/es-es/product/EP2972-CUSA06819_00-THESEXYBRUTALE01,,,2026-09-05,company-credit-ps4-pal-rapid-review-2026-09-05
ps4-shantae-half-genie-hero-ultimate-edition-collector%27s-edition,Shantae: Half-Genie Hero Ultimate Edition [Collector's Edition],Shantae: Half-Genie Hero Ultimate Edition [Collector's Edition],PAL España,standard,EDITION_VARIANT,PHYSICAL_PUBLISHER_OR_DISTRIBUTOR,,PQube Ltd.,HIGH,SAME_WORK_EDITION,ADD_OR_CONFIRM_CREDIT,Coincidencia rápida: VERIFIED_PAL_SIBLING.,,,ADD,,pqube,PQube Ltd.,https://www.pricecharting.com/game/pal-playstation-4/shantae-half-genie-hero-ultimate-edition,ps4-shantae-half-genie-hero-ultimate-edition,,2026-09-05,company-credit-ps4-pal-rapid-review-2026-09-05
ps4-shinorubi,Shinorubi,Shinorubi,PAL España,standard,GAME_OR_UNKNOWN,PHYSICAL_PUBLISHER_OR_DISTRIBUTOR,,Red Art Games,HIGH,EXACT_TITLE_OR_EDITION_FAMILY,ADD_OR_CONFIRM_CREDIT,Crédito verificado para la obra base y aplicado únicamente a esta edición: Red Art Games.,https://www.redartgames.com/games/shinorubi,,ADD,,red-art-games,Red Art Games,https://www.redartgames.com/games/shinorubi,,,2026-09-05,company-credit-ps4-pal-rapid-review-2026-09-05
ps4-shiny,Shiny,Shiny,PAL España,standard,GAME_OR_UNKNOWN,PHYSICAL_PUBLISHER_OR_DISTRIBUTOR,,1C Company,HIGH,EXACT_TITLE_OR_EDITION_FAMILY,ADD_OR_CONFIRM_CREDIT,Crédito verificado para la obra base y aplicado únicamente a esta edición: 1C Company.,https://store.steampowered.com/app/496390/SHINY/,,ADD,,1c-company,1C Company,https://store.steampowered.com/app/496390/SHINY/,,,2026-09-05,company-credit-ps4-pal-rapid-review-2026-09-05
ps4-silver-case,Silver Case,Silver Case,PAL España,standard,GAME_OR_UNKNOWN,DEVELOPER,,Grasshopper Manufacture,HIGH,EXACT_TITLE_OR_EDITION_FAMILY,ADD_OR_CONFIRM_CREDIT,Crédito verificado para la obra base y aplicado únicamente a esta edición: Grasshopper Manufacture.,https://nisamerica.com/games/the-silver-case-2425/,,ADD,,grasshopper-manufacture,Grasshopper Manufacture,https://nisamerica.com/games/the-silver-case-2425/,,,2026-09-05,company-credit-ps4-pal-rapid-review-2026-09-05
ps4-silver-case,Silver Case,Silver Case,PAL España,standard,GAME_OR_UNKNOWN,PHYSICAL_PUBLISHER_OR_DISTRIBUTOR,,NIS America,HIGH,EXACT_TITLE_OR_EDITION_FAMILY,ADD_OR_CONFIRM_CREDIT,Crédito verificado para la obra base y aplicado únicamente a esta edición: NIS America.,https://nisamerica.com/games/the-silver-case-2425/,,ADD,,nis-america,NIS America,https://nisamerica.com/games/the-silver-case-2425/,,,2026-09-05,company-credit-ps4-pal-rapid-review-2026-09-05
ps4-silver-case-limited-edition,Silver Case [Limited Edition],Silver Case [Limited Edition],PAL España,standard,EDITION_VARIANT,DEVELOPER,,Grasshopper Manufacture,HIGH,EXACT_TITLE_OR_EDITION_FAMILY,ADD_OR_CONFIRM_CREDIT,Crédito verificado para la obra base y aplicado únicamente a esta edición: Grasshopper Manufacture.,https://nisamerica.com/games/the-silver-case-2425/,,ADD,,grasshopper-manufacture,Grasshopper Manufacture,https://nisamerica.com/games/the-silver-case-2425/,,,2026-09-05,company-credit-ps4-pal-rapid-review-2026-09-05
ps4-silver-case-limited-edition,Silver Case [Limited Edition],Silver Case [Limited Edition],PAL España,standard,EDITION_VARIANT,PHYSICAL_PUBLISHER_OR_DISTRIBUTOR,,NIS America,HIGH,EXACT_TITLE_OR_EDITION_FAMILY,ADD_OR_CONFIRM_CREDIT,Crédito verificado para la obra base y aplicado únicamente a esta edición: NIS America.,https://nisamerica.com/games/the-silver-case-2425/,,ADD,,nis-america,NIS America,https://nisamerica.com/games/the-silver-case-2425/,,,2026-09-05,company-credit-ps4-pal-rapid-review-2026-09-05
ps4-silver-chains,Silver Chains,Silver Chains,PAL España,standard,GAME_OR_UNKNOWN,PHYSICAL_PUBLISHER_OR_DISTRIBUTOR,,HEADUP GAMES,HIGH,DIGITAL_PS4_EU | GAME_WORK | PS4_RELEASE,ADD_OR_CONFIRM_CREDIT,"Coincidencia rápida: LAUNCHBOX_PS4, PLAYSTATION_STORE, WIKIDATA.",https://gamesdb.launchbox-app.com/games/details/211303,https://store.playstation.com/es-es/product/EP0822-CUSA10248_00-SILVERCHAPS4SIEE,ADD,,headup-games,HeadUp Games,https://gamesdb.launchbox-app.com/games/details/211303 | https://store.playstation.com/es-es/product/EP0822-CUSA10248_00-SILVERCHAPS4SIEE,,,2026-09-05,company-credit-ps4-pal-rapid-review-2026-09-05
ps4-singstar-frozen,SingStar Frozen,SingStar Frozen,PAL España,standard,GAME_OR_UNKNOWN,DEVELOPER,,London Studio,HIGH,EXACT_TITLE_OR_EDITION_FAMILY,ADD_OR_CONFIRM_CREDIT,Crédito verificado para la obra base y aplicado únicamente a esta edición: London Studio.,https://www.playstation.com/,,ADD,,london-studio,London Studio,https://www.playstation.com/,,,2026-09-05,company-credit-ps4-pal-rapid-review-2026-09-05
ps4-singstar-frozen,SingStar Frozen,SingStar Frozen,PAL España,standard,GAME_OR_UNKNOWN,PHYSICAL_PUBLISHER_OR_DISTRIBUTOR,,Sony Computer Entertainment Europe,HIGH,EXACT_TITLE_OR_EDITION_FAMILY,ADD_OR_CONFIRM_CREDIT,Crédito verificado para la obra base y aplicado únicamente a esta edición: Sony Computer Entertainment Europe.,https://www.playstation.com/,,ADD,,sony-computer-entertainment-europe,Sony Computer Entertainment Europe,https://www.playstation.com/,,,2026-09-05,company-credit-ps4-pal-rapid-review-2026-09-05
ps4-skautfold-3-into-the-fray,Skautfold 3: Into The Fray,Skautfold 3: Into The Fray,PAL España,standard,GAME_OR_UNKNOWN,DEVELOPER,,Steve Gal,HIGH,EXACT_TITLE_OR_EDITION_FAMILY,ADD_OR_CONFIRM_CREDIT,Crédito verificado para la obra base y aplicado únicamente a esta edición: Steve Gal.,https://www.redartgames.com/games/skautfold-into-the-fray,,ADD,,steve-gal,Steve Gal,https://www.redartgames.com/games/skautfold-into-the-fray,,,2026-09-05,company-credit-ps4-pal-rapid-review-2026-09-05
ps4-skautfold-3-into-the-fray,Skautfold 3: Into The Fray,Skautfold 3: Into The Fray,PAL España,standard,GAME_OR_UNKNOWN,PHYSICAL_PUBLISHER_OR_DISTRIBUTOR,,Red Art Games,HIGH,EXACT_TITLE_OR_EDITION_FAMILY,ADD_OR_CONFIRM_CREDIT,Crédito verificado para la obra base y aplicado únicamente a esta edición: Red Art Games.,https://www.redartgames.com/games/skautfold-into-the-fray,,ADD,,red-art-games,Red Art Games,https://www.redartgames.com/games/skautfold-into-the-fray,,,2026-09-05,company-credit-ps4-pal-rapid-review-2026-09-05
ps4-skull-island-rise-of-kong,Skull Island: Rise of Kong,Skull Island: Rise of Kong,PAL España,standard,GAME_OR_UNKNOWN,PHYSICAL_PUBLISHER_OR_DISTRIBUTOR,,GameMill Entertainment,HIGH,GAME_WORK | PS4_RELEASE,ADD_OR_CONFIRM_CREDIT,"Coincidencia rápida: LAUNCHBOX_PS4, STEAM.",https://gamesdb.launchbox-app.com/games/details/442191,https://store.steampowered.com/app/2097890,ADD,,gamemill-entertainment,GameMill Entertainment,https://gamesdb.launchbox-app.com/games/details/442191 | https://store.steampowered.com/app/2097890,,,2026-09-05,company-credit-ps4-pal-rapid-review-2026-09-05
ps4-skylanders-imaginators-starter-pack,Skylanders Imaginators: Starter Pack,Skylanders Imaginators: Starter Pack,PAL España,standard,GAME_OR_UNKNOWN,DEVELOPER,,Toys for Bob,HIGH,EXACT_TITLE_OR_EDITION_FAMILY,ADD_OR_CONFIRM_CREDIT,Crédito verificado para la obra base y aplicado únicamente a esta edición: Toys for Bob.,https://www.activision.com/games/skylanders/skylanders-imaginators,,ADD,,toys-for-bob,Toys For Bob,https://www.activision.com/games/skylanders/skylanders-imaginators,,,2026-09-05,company-credit-ps4-pal-rapid-review-2026-09-05
ps4-skylanders-imaginators-starter-pack,Skylanders Imaginators: Starter Pack,Skylanders Imaginators: Starter Pack,PAL España,standard,GAME_OR_UNKNOWN,PHYSICAL_PUBLISHER_OR_DISTRIBUTOR,,Activision,HIGH,EXACT_TITLE_OR_EDITION_FAMILY,ADD_OR_CONFIRM_CREDIT,Crédito verificado para la obra base y aplicado únicamente a esta edición: Activision.,https://www.activision.com/games/skylanders/skylanders-imaginators,,ADD,,activision,Activision,https://www.activision.com/games/skylanders/skylanders-imaginators,,,2026-09-05,company-credit-ps4-pal-rapid-review-2026-09-05
ps4-skylanders-superchargers-starter-pack,Skylanders SuperChargers Starter Pack,Skylanders SuperChargers Starter Pack,PAL España,standard,GAME_OR_UNKNOWN,DEVELOPER,,Vicarious Visions,HIGH,EXACT_TITLE_OR_EDITION_FAMILY,ADD_OR_CONFIRM_CREDIT,Crédito verificado para la obra base y aplicado únicamente a esta edición: Vicarious Visions.,https://www.activision.com/games/skylanders/skylanders-superchargers,,ADD,,vicarious-visions,Vicarious Visions,https://www.activision.com/games/skylanders/skylanders-superchargers,,,2026-09-05,company-credit-ps4-pal-rapid-review-2026-09-05
ps4-skylanders-superchargers-starter-pack,Skylanders SuperChargers Starter Pack,Skylanders SuperChargers Starter Pack,PAL España,standard,GAME_OR_UNKNOWN,PHYSICAL_PUBLISHER_OR_DISTRIBUTOR,,Activision,HIGH,EXACT_TITLE_OR_EDITION_FAMILY,ADD_OR_CONFIRM_CREDIT,Crédito verificado para la obra base y aplicado únicamente a esta edición: Activision.,https://www.activision.com/games/skylanders/skylanders-superchargers,,ADD,,activision,Activision,https://www.activision.com/games/skylanders/skylanders-superchargers,,,2026-09-05,company-credit-ps4-pal-rapid-review-2026-09-05
ps4-skylanders-superchargers-dark-edition-starter-pack,Skylanders SuperChargers: Dark Edition Starter Pack,Skylanders SuperChargers: Dark Edition Starter Pack,PAL España,standard,GAME_OR_UNKNOWN,DEVELOPER,,Vicarious Visions,HIGH,EXACT_TITLE_OR_EDITION_FAMILY,ADD_OR_CONFIRM_CREDIT,Crédito verificado para la obra base y aplicado únicamente a esta edición: Vicarious Visions.,https://www.activision.com/games/skylanders/skylanders-superchargers,,ADD,,vicarious-visions,Vicarious Visions,https://www.activision.com/games/skylanders/skylanders-superchargers,,,2026-09-05,company-credit-ps4-pal-rapid-review-2026-09-05
ps4-skylanders-superchargers-dark-edition-starter-pack,Skylanders SuperChargers: Dark Edition Starter Pack,Skylanders SuperChargers: Dark Edition Starter Pack,PAL España,standard,GAME_OR_UNKNOWN,PHYSICAL_PUBLISHER_OR_DISTRIBUTOR,,Activision,HIGH,EXACT_TITLE_OR_EDITION_FAMILY,ADD_OR_CONFIRM_CREDIT,Crédito verificado para la obra base y aplicado únicamente a esta edición: Activision.,https://www.activision.com/games/skylanders/skylanders-superchargers,,ADD,,activision,Activision,https://www.activision.com/games/skylanders/skylanders-superchargers,,,2026-09-05,company-credit-ps4-pal-rapid-review-2026-09-05
ps4-skylanders-swap-force-ps4-pack-de-inicio,Skylanders Swap Force PS4 Pack de Inicio,Skylanders Swap Force PS4 Pack de Inicio,PAL España,standard,GAME_OR_UNKNOWN,DEVELOPER,,Vicarious Visions,HIGH,EXACT_TITLE_OR_EDITION_FAMILY,ADD_OR_CONFIRM_CREDIT,Crédito verificado para la obra base y aplicado únicamente a esta edición: Vicarious Visions.,https://www.activision.com/games/skylanders/skylanders-swap-force,,ADD,,vicarious-visions,Vicarious Visions,https://www.activision.com/games/skylanders/skylanders-swap-force,,,2026-09-05,company-credit-ps4-pal-rapid-review-2026-09-05
ps4-skylanders-swap-force-ps4-pack-de-inicio,Skylanders Swap Force PS4 Pack de Inicio,Skylanders Swap Force PS4 Pack de Inicio,PAL España,standard,GAME_OR_UNKNOWN,PHYSICAL_PUBLISHER_OR_DISTRIBUTOR,,Activision,HIGH,EXACT_TITLE_OR_EDITION_FAMILY,ADD_OR_CONFIRM_CREDIT,Crédito verificado para la obra base y aplicado únicamente a esta edición: Activision.,https://www.activision.com/games/skylanders/skylanders-swap-force,,ADD,,activision,Activision,https://www.activision.com/games/skylanders/skylanders-swap-force,,,2026-09-05,company-credit-ps4-pal-rapid-review-2026-09-05
ps4-skylanders-swap-force-starter-pack,Skylanders Swap Force: Starter Pack,Skylanders Swap Force: Starter Pack,PAL España,standard,GAME_OR_UNKNOWN,DEVELOPER,,Vicarious Visions,HIGH,EXACT_TITLE_OR_EDITION_FAMILY,ADD_OR_CONFIRM_CREDIT,Crédito verificado para la obra base y aplicado únicamente a esta edición: Vicarious Visions.,https://www.activision.com/games/skylanders/skylanders-swap-force,,ADD,,vicarious-visions,Vicarious Visions,https://www.activision.com/games/skylanders/skylanders-swap-force,,,2026-09-05,company-credit-ps4-pal-rapid-review-2026-09-05
ps4-skylanders-swap-force-starter-pack,Skylanders Swap Force: Starter Pack,Skylanders Swap Force: Starter Pack,PAL España,standard,GAME_OR_UNKNOWN,PHYSICAL_PUBLISHER_OR_DISTRIBUTOR,,Activision,HIGH,EXACT_TITLE_OR_EDITION_FAMILY,ADD_OR_CONFIRM_CREDIT,Crédito verificado para la obra base y aplicado únicamente a esta edición: Activision.,https://www.activision.com/games/skylanders/skylanders-swap-force,,ADD,,activision,Activision,https://www.activision.com/games/skylanders/skylanders-swap-force,,,2026-09-05,company-credit-ps4-pal-rapid-review-2026-09-05
ps4-skylanders-trap-team-dark-edition-starter-pack,Skylanders Trap Team Dark Edition: Starter Pack,Skylanders Trap Team Dark Edition: Starter Pack,PAL España,standard,GAME_OR_UNKNOWN,DEVELOPER,,Toys for Bob,HIGH,EXACT_TITLE_OR_EDITION_FAMILY,ADD_OR_CONFIRM_CREDIT,Crédito verificado para la obra base y aplicado únicamente a esta edición: Toys for Bob.,https://www.activision.com/games/skylanders/skylanders-trap-team,,ADD,,toys-for-bob,Toys For Bob,https://www.activision.com/games/skylanders/skylanders-trap-team,,,2026-09-05,company-credit-ps4-pal-rapid-review-2026-09-05
ps4-skylanders-trap-team-dark-edition-starter-pack,Skylanders Trap Team Dark Edition: Starter Pack,Skylanders Trap Team Dark Edition: Starter Pack,PAL España,standard,GAME_OR_UNKNOWN,PHYSICAL_PUBLISHER_OR_DISTRIBUTOR,,Activision,HIGH,EXACT_TITLE_OR_EDITION_FAMILY,ADD_OR_CONFIRM_CREDIT,Crédito verificado para la obra base y aplicado únicamente a esta edición: Activision.,https://www.activision.com/games/skylanders/skylanders-trap-team,,ADD,,activision,Activision,https://www.activision.com/games/skylanders/skylanders-trap-team,,,2026-09-05,company-credit-ps4-pal-rapid-review-2026-09-05
ps4-skylanders-trap-team-starter-pack,Skylanders Trap Team: Starter Pack,Skylanders Trap Team: Starter Pack,PAL España,standard,GAME_OR_UNKNOWN,DEVELOPER,,Toys for Bob,HIGH,EXACT_TITLE_OR_EDITION_FAMILY,ADD_OR_CONFIRM_CREDIT,Crédito verificado para la obra base y aplicado únicamente a esta edición: Toys for Bob.,https://www.activision.com/games/skylanders/skylanders-trap-team,,ADD,,toys-for-bob,Toys For Bob,https://www.activision.com/games/skylanders/skylanders-trap-team,,,2026-09-05,company-credit-ps4-pal-rapid-review-2026-09-05
ps4-skylanders-imaginators-dark-edition-starter-pack,Skylanders: Imaginators [Dark Edition Starter Pack],Skylanders: Imaginators [Dark Edition Starter Pack],PAL España,standard,BUNDLE_OR_MULTI_PRODUCT,DEVELOPER,,Toys For Bob,HIGH,GAME_WORK | PS4_RELEASE | SAME_WORK_EDITION,ADD_OR_CONFIRM_CREDIT,"Coincidencia rápida: LAUNCHBOX_PS4, VERIFIED_PS4_SIBLING, WIKIDATA.",https://gamesdb.launchbox-app.com/games/details/166820,https://www.wikidata.org/entity/Q24938010,ADD,,toys-for-bob,Toys For Bob,https://gamesdb.launchbox-app.com/games/details/166820 | https://www.wikidata.org/entity/Q24938010,,,2026-09-05,company-credit-ps4-pal-rapid-review-2026-09-05
ps4-slaps-and-beans,Slaps and Beans,Slaps and Beans,PAL España,standard,GAME_OR_UNKNOWN,DEVELOPER,,Trinity Team,HIGH,EXACT_TITLE_OR_EDITION_FAMILY,ADD_OR_CONFIRM_CREDIT,Crédito verificado para la obra base y aplicado únicamente a esta edición: Trinity Team.,https://www.iningames.com/games/bud-spencer-terence-hill-slaps-and-beans,,ADD,,trinity-team,Trinity Team,https://www.iningames.com/games/bud-spencer-terence-hill-slaps-and-beans,,,2026-09-05,company-credit-ps4-pal-rapid-review-2026-09-05
ps4-slaps-and-beans-90th-anniversary-edition,Slaps And Beans [90th Anniversary Edition],Slaps And Beans [90th Anniversary Edition],PAL España,standard,EDITION_VARIANT,DEVELOPER,,Trinity Team,HIGH,EXACT_TITLE_OR_EDITION_FAMILY,ADD_OR_CONFIRM_CREDIT,Crédito verificado para la obra base y aplicado únicamente a esta edición: Trinity Team.,https://www.iningames.com/games/bud-spencer-terence-hill-slaps-and-beans,,ADD,,trinity-team,Trinity Team,https://www.iningames.com/games/bud-spencer-terence-hill-slaps-and-beans,,,2026-09-05,company-credit-ps4-pal-rapid-review-2026-09-05
ps4-slaps-and-beans-90th-anniversary-edition,Slaps And Beans [90th Anniversary Edition],Slaps And Beans [90th Anniversary Edition],PAL España,standard,EDITION_VARIANT,PHYSICAL_PUBLISHER_OR_DISTRIBUTOR,,ININ Games,HIGH,EXACT_TITLE_OR_EDITION_FAMILY,ADD_OR_CONFIRM_CREDIT,Crédito verificado para la obra base y aplicado únicamente a esta edición: ININ Games.,https://www.iningames.com/games/bud-spencer-terence-hill-slaps-and-beans,,ADD,,inin-games,ININ Games,https://www.iningames.com/games/bud-spencer-terence-hill-slaps-and-beans,,,2026-09-05,company-credit-ps4-pal-rapid-review-2026-09-05
ps4-slaps-and-beans-oldschool-heroes-edition,Slaps and Beans [Oldschool Heroes Edition],Slaps and Beans [Oldschool Heroes Edition],PAL España,standard,GAME_OR_UNKNOWN,DEVELOPER,,Trinity Team,HIGH,EXACT_TITLE_OR_EDITION_FAMILY,ADD_OR_CONFIRM_CREDIT,Crédito verificado para la obra base y aplicado únicamente a esta edición: Trinity Team.,https://www.iningames.com/games/bud-spencer-terence-hill-slaps-and-beans,,ADD,,trinity-team,Trinity Team,https://www.iningames.com/games/bud-spencer-terence-hill-slaps-and-beans,,,2026-09-05,company-credit-ps4-pal-rapid-review-2026-09-05
ps4-slaycation-paradise,Slaycation Paradise,Slaycation Paradise,PAL España,standard,GAME_OR_UNKNOWN,PHYSICAL_PUBLISHER_OR_DISTRIBUTOR,,Merge Games,HIGH,GAME_WORK | PS4_RELEASE,ADD_OR_CONFIRM_CREDIT,"Coincidencia rápida: LAUNCHBOX_PS4, WIKIDATA.",https://gamesdb.launchbox-app.com/games/details/476783,https://www.wikidata.org/entity/Q113572815,ADD,,merge-games,Merge Games,https://gamesdb.launchbox-app.com/games/details/476783 | https://www.wikidata.org/entity/Q113572815,,,2026-09-05,company-credit-ps4-pal-rapid-review-2026-09-05
ps4-slide-stars,Slide Stars,Slide Stars,PAL España,standard,GAME_OR_UNKNOWN,PHYSICAL_PUBLISHER_OR_DISTRIBUTOR,,Lion Castle Entertainment,HIGH,GAME_WORK | PS4_RELEASE,ADD_OR_CONFIRM_CREDIT,"Coincidencia rápida: LAUNCHBOX_PS4, STEAM.",https://gamesdb.launchbox-app.com/games/details/473898,https://store.steampowered.com/app/1434040,ADD,,lion-castle,Lion Castle,https://gamesdb.launchbox-app.com/games/details/473898 | https://store.steampowered.com/app/1434040,,,2026-09-05,company-credit-ps4-pal-rapid-review-2026-09-05
ps4-smurfs-kart,Smurfs Kart,Smurfs Kart,PAL España,standard,GAME_OR_UNKNOWN,PHYSICAL_PUBLISHER_OR_DISTRIBUTOR,,Microids,HIGH,GAME_WORK | PS4_RELEASE,ADD_OR_CONFIRM_CREDIT,"Coincidencia rápida: LAUNCHBOX_PS4, STEAM.",https://gamesdb.launchbox-app.com/games/details/473906,https://store.steampowered.com/app/1911220,ADD,,microids,Microids,https://gamesdb.launchbox-app.com/games/details/473906 | https://store.steampowered.com/app/1911220,,,2026-09-05,company-credit-ps4-pal-rapid-review-2026-09-05
ps4-smurfs-missao-florrorosa-smurftastic-edition,Smurfs Missao Florrorosa Smurftastic Edition,Smurfs Missao Florrorosa Smurftastic Edition,PAL España,standard,GAME_OR_UNKNOWN,DEVELOPER,,OSome Studio,HIGH,EXACT_TITLE_OR_EDITION_FAMILY,ADD_OR_CONFIRM_CREDIT,Crédito verificado para la obra base y aplicado únicamente a esta edición: OSome Studio.,https://www.microids.com/game-the-smurfs-mission-vileaf/,,ADD,,osome-studio,OSome Studio,https://www.microids.com/game-the-smurfs-mission-vileaf/,,,2026-09-05,company-credit-ps4-pal-rapid-review-2026-09-05
ps4-snk-40th-aniversary-collection,SNK 40th Aniversary Collection,SNK 40th Aniversary Collection,PAL España,standard,POSSIBLE_COMPILATION_OR_MULTI_PRODUCT,DEVELOPER,,Digital Eclipse,HIGH,EXACT_TITLE_OR_EDITION_FAMILY,ADD_OR_CONFIRM_CREDIT,Crédito verificado para la obra base y aplicado únicamente a esta edición: Digital Eclipse.,https://www.digitaleclipse.com/games/snk-40th-anniversary-collection,,ADD,,digital-eclipse,Digital Eclipse,https://www.digitaleclipse.com/games/snk-40th-anniversary-collection,,,2026-09-05,company-credit-ps4-pal-rapid-review-2026-09-05
ps4-snk-40th-aniversary-collection,SNK 40th Aniversary Collection,SNK 40th Aniversary Collection,PAL España,standard,POSSIBLE_COMPILATION_OR_MULTI_PRODUCT,PHYSICAL_PUBLISHER_OR_DISTRIBUTOR,,NIS America,HIGH,EXACT_TITLE_OR_EDITION_FAMILY,ADD_OR_CONFIRM_CREDIT,Crédito verificado para la obra base y aplicado únicamente a esta edición: NIS America.,https://www.digitaleclipse.com/games/snk-40th-anniversary-collection,,ADD,,nis-america,NIS America,https://www.digitaleclipse.com/games/snk-40th-anniversary-collection,,,2026-09-05,company-credit-ps4-pal-rapid-review-2026-09-05
ps4-snk-40th-anniversary-collection,SNK 40th Anniversary Collection,SNK 40th Anniversary Collection,PAL España,standard,POSSIBLE_COMPILATION_OR_MULTI_PRODUCT,DEVELOPER,Digital Eclipse,Digital Eclipse,HIGH,GAME_WORK | SAME_WORK_EDITION,ADD_OR_CONFIRM_CREDIT,"Coincidencia rápida: STEAM, VERIFIED_PS4_SIBLING.",https://store.steampowered.com/app/865940,,CONFIRM,Digital Eclipse,digital-eclipse,Digital Eclipse,https://store.steampowered.com/app/865940,,,2026-09-05,company-credit-ps4-pal-rapid-review-2026-09-05
ps4-snk-vs-capcom-svc-chaos,SNK Vs. Capcom: SVC Chaos,SNK Vs. Capcom: SVC Chaos,PAL España,standard,GAME_OR_UNKNOWN,PHYSICAL_PUBLISHER_OR_DISTRIBUTOR,,SNK,HIGH,GAME_WORK | PS4_RELEASE,ADD_OR_CONFIRM_CREDIT,"Coincidencia rápida: LAUNCHBOX_PS4, STEAM.",https://gamesdb.launchbox-app.com/games/details/476900,https://store.steampowered.com/app/2442380,ADD,,snk,SNK Corporation,https://gamesdb.launchbox-app.com/games/details/476900 | https://store.steampowered.com/app/2442380,,,2026-09-05,company-credit-ps4-pal-rapid-review-2026-09-05
ps4-snk-vs-capcom-svc-chaos-collector%27s-edition,SNK Vs. Capcom: SVC Chaos [Collector's Edition],SNK Vs. Capcom: SVC Chaos [Collector's Edition],PAL España,standard,EDITION_VARIANT,PHYSICAL_PUBLISHER_OR_DISTRIBUTOR,,SNK,HIGH,GAME_WORK | PS4_RELEASE,ADD_OR_CONFIRM_CREDIT,"Coincidencia rápida: LAUNCHBOX_PS4, STEAM.",https://gamesdb.launchbox-app.com/games/details/476900,https://store.steampowered.com/app/2442380,ADD,,snk,SNK Corporation,https://gamesdb.launchbox-app.com/games/details/476900 | https://store.steampowered.com/app/2442380,,,2026-09-05,company-credit-ps4-pal-rapid-review-2026-09-05
ps4-snoopy%27s-grand-adventure,Snoopy's Grand Adventure,Snoopy's Grand Adventure,PAL España,standard,GAME_OR_UNKNOWN,DEVELOPER,,Behaviour Interactive,HIGH,EXACT_TITLE_OR_EDITION_FAMILY,ADD_OR_CONFIRM_CREDIT,Crédito verificado para la obra base y aplicado únicamente a esta edición: Behaviour Interactive.,https://www.activision.com/,,ADD,,behaviour-interactive,Behaviour Interactive,https://www.activision.com/,,,2026-09-05,company-credit-ps4-pal-rapid-review-2026-09-05
ps4-snoopy%27s-grand-adventure,Snoopy's Grand Adventure,Snoopy's Grand Adventure,PAL España,standard,GAME_OR_UNKNOWN,PHYSICAL_PUBLISHER_OR_DISTRIBUTOR,,Activision,HIGH,EXACT_TITLE_OR_EDITION_FAMILY,ADD_OR_CONFIRM_CREDIT,Crédito verificado para la obra base y aplicado únicamente a esta edición: Activision.,https://www.activision.com/,,ADD,,activision,Activision,https://www.activision.com/,,,2026-09-05,company-credit-ps4-pal-rapid-review-2026-09-05
ps4-snow-battle-princess-sayuki-29-99,"Snow Battle Princess Sayuki 29,99","Snow Battle Princess Sayuki 29,99",PAL España,standard,GAME_OR_UNKNOWN,DEVELOPER,,Starfish-SD,HIGH,EXACT_TITLE_OR_EDITION_FAMILY,ADD_OR_CONFIRM_CREDIT,Crédito verificado para la obra base y aplicado únicamente a esta edición: Starfish-SD.,https://www.strictlylimitedgames.com/,,ADD,,starfish-sd,Starfish SD,https://www.strictlylimitedgames.com/,,,2026-09-05,company-credit-ps4-pal-rapid-review-2026-09-05
ps4-snow-battle-princess-sayuki-29-99,"Snow Battle Princess Sayuki 29,99","Snow Battle Princess Sayuki 29,99",PAL España,standard,GAME_OR_UNKNOWN,PHYSICAL_PUBLISHER_OR_DISTRIBUTOR,,Strictly Limited Games,HIGH,EXACT_TITLE_OR_EDITION_FAMILY,ADD_OR_CONFIRM_CREDIT,Crédito verificado para la obra base y aplicado únicamente a esta edición: Strictly Limited Games.,https://www.strictlylimitedgames.com/,,ADD,,strictly-limited-games,Strictly Limited Games,https://www.strictlylimitedgames.com/,,,2026-09-05,company-credit-ps4-pal-rapid-review-2026-09-05
ps4-sociable-soccer-25,Sociable Soccer 25,Sociable Soccer 25,PAL España,standard,GAME_OR_UNKNOWN,PHYSICAL_PUBLISHER_OR_DISTRIBUTOR,,Red Art Games,HIGH,EXACT_TITLE_OR_EDITION_FAMILY,ADD_OR_CONFIRM_CREDIT,Crédito verificado para la obra base y aplicado únicamente a esta edición: Red Art Games.,https://www.redartgames.com/,,ADD,,red-art-games,Red Art Games,https://www.redartgames.com/,,,2026-09-05,company-credit-ps4-pal-rapid-review-2026-09-05
ps4-sol-cresta-dramatic-edition,Sol Cresta Dramatic Edition,Sol Cresta Dramatic Edition,PAL España,standard,GAME_OR_UNKNOWN,DEVELOPER,,PlatinumGames,HIGH,EXACT_TITLE_OR_EDITION_FAMILY,ADD_OR_CONFIRM_CREDIT,Crédito verificado para la obra base y aplicado únicamente a esta edición: PlatinumGames.,https://www.platinumgames.com/games/sol-cresta,,ADD,,platinumgames,PlatinumGames Inc,https://www.platinumgames.com/games/sol-cresta,,,2026-09-05,company-credit-ps4-pal-rapid-review-2026-09-05
ps4-sol-cresta-dramatic-edition,Sol Cresta Dramatic Edition,Sol Cresta Dramatic Edition,PAL España,standard,GAME_OR_UNKNOWN,PHYSICAL_PUBLISHER_OR_DISTRIBUTOR,,Limited Run Games,HIGH,EXACT_TITLE_OR_EDITION_FAMILY,ADD_OR_CONFIRM_CREDIT,Crédito verificado para la obra base y aplicado únicamente a esta edición: Limited Run Games.,https://www.platinumgames.com/games/sol-cresta,,ADD,,limited-run-games,Limited Run Games,https://www.platinumgames.com/games/sol-cresta,,,2026-09-05,company-credit-ps4-pal-rapid-review-2026-09-05
ps4-sombras-de-guerra,Sombras de Guerra,Sombras de Guerra,PAL España,standard,GAME_OR_UNKNOWN,DEVELOPER,,Monolith Productions,HIGH,EXACT_TITLE_OR_EDITION_FAMILY,ADD_OR_CONFIRM_CREDIT,Crédito verificado para la obra base y aplicado únicamente a esta edición: Monolith Productions.,https://www.shadowofwar.com/,,ADD,,monolith-productions,Monolith Productions,https://www.shadowofwar.com/,,,2026-09-05,company-credit-ps4-pal-rapid-review-2026-09-05
ps4-sombras-de-guerra,Sombras de Guerra,Sombras de Guerra,PAL España,standard,GAME_OR_UNKNOWN,PHYSICAL_PUBLISHER_OR_DISTRIBUTOR,,Warner Bros. Interactive Entertainment,HIGH,EXACT_TITLE_OR_EDITION_FAMILY,ADD_OR_CONFIRM_CREDIT,Crédito verificado para la obra base y aplicado únicamente a esta edición: Warner Bros. Interactive Entertainment.,https://www.shadowofwar.com/,,ADD,,warner-bros-interactive-entertainment,Warner Bros. Interactive Entertainment,https://www.shadowofwar.com/,,,2026-09-05,company-credit-ps4-pal-rapid-review-2026-09-05
ps4-song-of-memories-encore-edition,Song Of Memories [Encore Edition],Song Of Memories [Encore Edition],PAL España,standard,GAME_OR_UNKNOWN,DEVELOPER,,Future Tech Lab,HIGH,EXACT_TITLE_OR_EDITION_FAMILY,ADD_OR_CONFIRM_CREDIT,Crédito verificado para la obra base y aplicado únicamente a esta edición: Future Tech Lab.,https://pqube.co.uk/games/song-of-memories/,,ADD,,future-tech-lab,Future Tech Lab,https://pqube.co.uk/games/song-of-memories/,,,2026-09-05,company-credit-ps4-pal-rapid-review-2026-09-05
ps4-song-of-memories-encore-edition,Song Of Memories [Encore Edition],Song Of Memories [Encore Edition],PAL España,standard,GAME_OR_UNKNOWN,PHYSICAL_PUBLISHER_OR_DISTRIBUTOR,,PQube,HIGH,EXACT_TITLE_OR_EDITION_FAMILY,ADD_OR_CONFIRM_CREDIT,Crédito verificado para la obra base y aplicado únicamente a esta edición: PQube.,https://pqube.co.uk/games/song-of-memories/,,ADD,,pqube,PQube Ltd.,https://pqube.co.uk/games/song-of-memories/,,,2026-09-05,company-credit-ps4-pal-rapid-review-2026-09-05
ps4-sonic-colours-ultimate,Sonic Colours: Ultimate,Sonic Colours: Ultimate,PAL España,standard,EDITION_VARIANT,DEVELOPER,,Blind Squirrel Games,HIGH,EXACT_TITLE_OR_EDITION_FAMILY,ADD_OR_CONFIRM_CREDIT,Crédito verificado para la obra base y aplicado únicamente a esta edición: Blind Squirrel Games.,https://colorsultimate.com/,,ADD,,blind-squirrel-games,Blind Squirrel Games,https://colorsultimate.com/,,,2026-09-05,company-credit-ps4-pal-rapid-review-2026-09-05
ps4-sonic-colours-ultimate,Sonic Colours: Ultimate,Sonic Colours: Ultimate,PAL España,standard,EDITION_VARIANT,PHYSICAL_PUBLISHER_OR_DISTRIBUTOR,,Sega,HIGH,EXACT_TITLE_OR_EDITION_FAMILY,ADD_OR_CONFIRM_CREDIT,Crédito verificado para la obra base y aplicado únicamente a esta edición: Sega.,https://colorsultimate.com/,,ADD,,sega,Sega,https://colorsultimate.com/,,,2026-09-05,company-credit-ps4-pal-rapid-review-2026-09-05
ps4-sonic-team-racing,Sonic Team Racing,Sonic Team Racing,PAL España,standard,GAME_OR_UNKNOWN,DEVELOPER,Sumo Digital,Sumo Digital,HIGH,EXACT_TITLE_OR_EDITION_FAMILY,ADD_OR_CONFIRM_CREDIT,Crédito verificado para la obra base y aplicado únicamente a esta edición: Sumo Digital.,https://www.sega.com/teamsonicracing,,CONFIRM,Sumo Digital,sumo-digital,SUMO Digital,https://www.sega.com/teamsonicracing,,,2026-09-05,company-credit-ps4-pal-rapid-review-2026-09-05
ps4-sonic-x-shadow-generations,Sonic X Shadow Generations,Sonic X Shadow Generations,PAL España,standard,GAME_OR_UNKNOWN,PHYSICAL_PUBLISHER_OR_DISTRIBUTOR,Sega,SEGA,HIGH,GAME_WORK | PS4_RELEASE,ADD_OR_CONFIRM_CREDIT,"Coincidencia rápida: LAUNCHBOX_PS4, STEAM.",https://gamesdb.launchbox-app.com/games/details/466267,https://store.steampowered.com/app/2513280,CONFIRM,Sega,sega,Sega,https://gamesdb.launchbox-app.com/games/details/466267 | https://store.steampowered.com/app/2513280,,,2026-09-05,company-credit-ps4-pal-rapid-review-2026-09-05
ps4-soul-calibur-vi,Soul Calibur VI,Soul Calibur VI,PAL España,standard,GAME_OR_UNKNOWN,PHYSICAL_PUBLISHER_OR_DISTRIBUTOR,,Bandai Namco Entertainment Europe,HIGH,EXACT_TITLE_OR_EDITION_FAMILY,ADD_OR_CONFIRM_CREDIT,Crédito verificado para la obra base y aplicado únicamente a esta edición: Bandai Namco Entertainment Europe.,https://en.bandainamcoent.eu/soulcalibur/soulcalibur-vi,,ADD,,bandai-namco-entertainment-europe,Bandai Namco Entertainment Europe,https://en.bandainamcoent.eu/soulcalibur/soulcalibur-vi,,,2026-09-05,company-credit-ps4-pal-rapid-review-2026-09-05
ps4-space-hulk,Space Hulk,Space Hulk,PAL España,standard,GAME_OR_UNKNOWN,PHYSICAL_PUBLISHER_OR_DISTRIBUTOR,,Funbox Media,HIGH,EXACT_TITLE_OR_EDITION_FAMILY,ADD_OR_CONFIRM_CREDIT,Crédito verificado para la obra base y aplicado únicamente a esta edición: Funbox Media.,https://funboxmedia.co.uk/,,ADD,,funbox-media,Funbox Media,https://funboxmedia.co.uk/,,,2026-09-05,company-credit-ps4-pal-rapid-review-2026-09-05
ps4-space-junkies,Space Junkies,Space Junkies,PAL España,standard,GAME_OR_UNKNOWN,DEVELOPER,,Ubisoft Montpellier,HIGH,EXACT_TITLE_OR_EDITION_FAMILY,ADD_OR_CONFIRM_CREDIT,Crédito verificado para la obra base y aplicado únicamente a esta edición: Ubisoft Montpellier.,https://www.ubisoft.com/,,ADD,,ubisoft-montpellier,Ubisoft Montpellier,https://www.ubisoft.com/,,,2026-09-05,company-credit-ps4-pal-rapid-review-2026-09-05
ps4-space-junkies,Space Junkies,Space Junkies,PAL España,standard,GAME_OR_UNKNOWN,PHYSICAL_PUBLISHER_OR_DISTRIBUTOR,,Ubisoft,HIGH,EXACT_TITLE_OR_EDITION_FAMILY,ADD_OR_CONFIRM_CREDIT,Crédito verificado para la obra base y aplicado únicamente a esta edición: Ubisoft.,https://www.ubisoft.com/,,ADD,,ubisoft,Ubisoft,https://www.ubisoft.com/,,,2026-09-05,company-credit-ps4-pal-rapid-review-2026-09-05
ps4-spacebase-staropia,Spacebase Staropia,Spacebase Staropia,PAL España,standard,GAME_OR_UNKNOWN,DEVELOPER,,Realmforge Studios,HIGH,EXACT_TITLE_OR_EDITION_FAMILY,ADD_OR_CONFIRM_CREDIT,Crédito verificado para la obra base y aplicado únicamente a esta edición: Realmforge Studios.,https://www.kalypsomedia.com/spacebase-startopia,,ADD,,realmforge-studios,Realmforge Studios,https://www.kalypsomedia.com/spacebase-startopia,,,2026-09-05,company-credit-ps4-pal-rapid-review-2026-09-05
ps4-spacebase-staropia,Spacebase Staropia,Spacebase Staropia,PAL España,standard,GAME_OR_UNKNOWN,PHYSICAL_PUBLISHER_OR_DISTRIBUTOR,,Kalypso Media,HIGH,EXACT_TITLE_OR_EDITION_FAMILY,ADD_OR_CONFIRM_CREDIT,Crédito verificado para la obra base y aplicado únicamente a esta edición: Kalypso Media.,https://www.kalypsomedia.com/spacebase-startopia,,ADD,,kalypso-media,Kalypso Media,https://www.kalypsomedia.com/spacebase-startopia,,,2026-09-05,company-credit-ps4-pal-rapid-review-2026-09-05
ps4-speaking-simulator,Speaking Simulator,Speaking Simulator,PAL España,standard,GAME_OR_UNKNOWN,PHYSICAL_PUBLISHER_OR_DISTRIBUTOR,,Red Art Games,HIGH,EXACT_TITLE_OR_EDITION_FAMILY,ADD_OR_CONFIRM_CREDIT,Crédito verificado para la obra base y aplicado únicamente a esta edición: Red Art Games.,https://www.redartgames.com/,,ADD,,red-art-games,Red Art Games,https://www.redartgames.com/,,,2026-09-05,company-credit-ps4-pal-rapid-review-2026-09-05
ps4-speed-3-grand-prix,Speed 3: Grand Prix,Speed 3: Grand Prix,PAL España,standard,GAME_OR_UNKNOWN,PHYSICAL_PUBLISHER_OR_DISTRIBUTOR,,Mindscape,HIGH,EXACT_TITLE_OR_EDITION_FAMILY,ADD_OR_CONFIRM_CREDIT,Crédito verificado para la obra base y aplicado únicamente a esta edición: Mindscape.,https://www.mindscape.com/game/speed-3-grand-prix/,,ADD,,mindscape,Mindscape Inc,https://www.mindscape.com/game/speed-3-grand-prix/,,,2026-09-05,company-credit-ps4-pal-rapid-review-2026-09-05
ps4-spellcaster-university,Spellcaster University,Spellcaster University,PAL España,standard,GAME_OR_UNKNOWN,PHYSICAL_PUBLISHER_OR_DISTRIBUTOR,,Red Art Games,HIGH,EXACT_TITLE_OR_EDITION_FAMILY,ADD_OR_CONFIRM_CREDIT,Crédito verificado para la obra base y aplicado únicamente a esta edición: Red Art Games.,https://www.redartgames.com/,,ADD,,red-art-games,Red Art Games,https://www.redartgames.com/,,,2026-09-05,company-credit-ps4-pal-rapid-review-2026-09-05
ps4-spike-volleyball,Spike Volleyball,Spike Volleyball,PAL España,standard,GAME_OR_UNKNOWN,PHYSICAL_PUBLISHER_OR_DISTRIBUTOR,,Nacon,HIGH,DIGITAL_PS4_EU | GAME_WORK,ADD_OR_CONFIRM_CREDIT,"Coincidencia rápida: PLAYSTATION_STORE, STEAM, WIKIDATA.",https://store.playstation.com/es-es/product/EP4008-CUSA10577_00-ILOVEVOLLEYBALLE,https://store.steampowered.com/app/738550,ADD,,nacon,Nacon,https://store.playstation.com/es-es/product/EP4008-CUSA10577_00-ILOVEVOLLEYBALLE | https://store.steampowered.com/app/738550,,,2026-09-05,company-credit-ps4-pal-rapid-review-2026-09-05
ps4-spongebob-squarepants-the-patrick-star-game,SpongeBob SquarePants: The Patrick Star Game,SpongeBob SquarePants: The Patrick Star Game,PAL España,standard,GAME_OR_UNKNOWN,PHYSICAL_PUBLISHER_OR_DISTRIBUTOR,,Outright Games,HIGH,GAME_WORK | PS4_RELEASE,ADD_OR_CONFIRM_CREDIT,"Coincidencia rápida: LAUNCHBOX_PS4, STEAM, WIKIDATA.",https://gamesdb.launchbox-app.com/games/details/466291,https://store.steampowered.com/app/2322380,ADD,,outright-games,Outright Games LTD,https://gamesdb.launchbox-app.com/games/details/466291 | https://store.steampowered.com/app/2322380,,,2026-09-05,company-credit-ps4-pal-rapid-review-2026-09-05
ps4-spyro-reignited-trilogy,Spyro Reignited Trilogy,Spyro Reignited Trilogy,PAL España,standard,POSSIBLE_COMPILATION_OR_MULTI_PRODUCT,DEVELOPER,Toys for Bob,Toys for Bob,HIGH,GAME_WORK | PS4_RELEASE | SAME_WORK_EDITION,ADD_OR_CONFIRM_CREDIT,"Coincidencia rápida: LAUNCHBOX_PS4, STEAM, VERIFIED_PS4_SIBLING, WIKIDATA.",https://gamesdb.launchbox-app.com/games/details/148140,https://store.steampowered.com/app/996580,CONFIRM,Toys for Bob,toys-for-bob,Toys For Bob,https://gamesdb.launchbox-app.com/games/details/148140 | https://store.steampowered.com/app/996580,,,2026-09-05,company-credit-ps4-pal-rapid-review-2026-09-05
ps4-spyro-reignited-trilogy-&amp;-crash-bandicoot-n-sane-trilogy,Spyro Reignited Trilogy & Crash Bandicoot N Sane Trilogy,Spyro Reignited Trilogy + Crash Bandicoot N. Sane Trilogy,PAL España,standard,POSSIBLE_COMPILATION_OR_MULTI_PRODUCT,PHYSICAL_PUBLISHER_OR_DISTRIBUTOR,,Activision,HIGH,EXACT_PS4_PHYSICAL_BUNDLE,ADD_PHYSICAL_PUBLISHER_OR_DISTRIBUTOR,La edición PS4 consultada atribuye la publicación o distribución física a Activision.,https://www.activision.com/games/spyro/spyro-reignited-trilogy,https://www.activision.com/games/crash/crash-bandicoot-n-sane-trilogy,ADD,,activision,Activision,https://www.activision.com/games/spyro/spyro-reignited-trilogy | https://www.activision.com/games/crash/crash-bandicoot-n-sane-trilogy,,,2026-09-05,company-credit-ps4-pal-rapid-review-2026-09-05
ps4-star-hunter-dx-&amp;-space-moth-lunar-edition,Star Hunter DX & Space Moth: Lunar Edition,Star Hunter DX & Space Moth: Lunar Edition,PAL España,standard,GAME_OR_UNKNOWN,DEVELOPER,,1CC Games,HIGH,MULTI_GAME_SAME_DEVELOPER,ADD_DEVELOPER,Las fuentes consultadas atribuyen el desarrollo a 1CC Games.,https://www.redartgames.com/,,ADD,,1cc-games,1CC Games,https://www.redartgames.com/,,,2026-09-05,company-credit-ps4-pal-rapid-review-2026-09-05
ps4-star-ocean-the-second-story-r-collector%27s-edition,Star Ocean: The Second Story R [Collector's Edition],Star Ocean: The Second Story R [Collector's Edition],PAL España,standard,EDITION_VARIANT,PHYSICAL_PUBLISHER_OR_DISTRIBUTOR,,Square Enix,HIGH,GAME_WORK | PS4_RELEASE | SAME_WORK_EDITION,ADD_OR_CONFIRM_CREDIT,"Coincidencia rápida: LAUNCHBOX_PS4, STEAM, VERIFIED_PAL_SIBLING, WIKIDATA.",https://gamesdb.launchbox-app.com/games/details/473997,https://store.steampowered.com/app/2238900,ADD,,square-enix,Square Enix,https://gamesdb.launchbox-app.com/games/details/473997 | https://store.steampowered.com/app/2238900,,,2026-09-05,company-credit-ps4-pal-rapid-review-2026-09-05
ps4-star-trek-prodigy-supernova,Star Trek Prodigy: Supernova,Star Trek Prodigy: Supernova,PAL España,standard,GAME_OR_UNKNOWN,PHYSICAL_PUBLISHER_OR_DISTRIBUTOR,,Outright Games,HIGH,GAME_WORK | PS4_RELEASE,ADD_OR_CONFIRM_CREDIT,"Coincidencia rápida: LAUNCHBOX_PS4, STEAM, WIKIDATA.",https://gamesdb.launchbox-app.com/games/details/476856,https://store.steampowered.com/app/1655220,ADD,,outright-games,Outright Games LTD,https://gamesdb.launchbox-app.com/games/details/476856 | https://store.steampowered.com/app/1655220,,,2026-09-05,company-credit-ps4-pal-rapid-review-2026-09-05
ps4-star-trek-resurgence,Star Trek: Resurgence,Star Trek: Resurgence,PAL España,standard,GAME_OR_UNKNOWN,PHYSICAL_PUBLISHER_OR_DISTRIBUTOR,,Bruner House,HIGH,GAME_WORK | PS4_RELEASE,ADD_OR_CONFIRM_CREDIT,"Coincidencia rápida: LAUNCHBOX_PS4, STEAM.",https://gamesdb.launchbox-app.com/games/details/476873,https://store.steampowered.com/app/2653940,ADD,,bruner-house,Bruner House,https://gamesdb.launchbox-app.com/games/details/476873 | https://store.steampowered.com/app/2653940,,,2026-09-05,company-credit-ps4-pal-rapid-review-2026-09-05
ps4-starblood-arena,Starblood Arena,Starblood Arena,PAL España,standard,GAME_OR_UNKNOWN,DEVELOPER,,WhiteMoon Dreams,HIGH,GAME_WORK | PS4_RELEASE,ADD_OR_CONFIRM_CREDIT,"Coincidencia rápida: LAUNCHBOX_PS4, WIKIDATA.",https://gamesdb.launchbox-app.com/games/details/183150,https://www.wikidata.org/entity/Q52159681,ADD,,whitemoon-dreams,WhiteMoon Dreams,https://gamesdb.launchbox-app.com/games/details/183150 | https://www.wikidata.org/entity/Q52159681,,,2026-09-05,company-credit-ps4-pal-rapid-review-2026-09-05
ps4-starblood-arena,Starblood Arena,Starblood Arena,PAL España,standard,GAME_OR_UNKNOWN,PHYSICAL_PUBLISHER_OR_DISTRIBUTOR,,Sony Interactive Entertainment,HIGH,GAME_WORK | PS4_RELEASE,ADD_OR_CONFIRM_CREDIT,"Coincidencia rápida: LAUNCHBOX_PS4, WIKIDATA.",https://gamesdb.launchbox-app.com/games/details/183150,https://www.wikidata.org/entity/Q52159681,ADD,,sony-interactive-entertainment,Sony Interactive Entertainment,https://gamesdb.launchbox-app.com/games/details/183150 | https://www.wikidata.org/entity/Q52159681,,,2026-09-05,company-credit-ps4-pal-rapid-review-2026-09-05
ps4-stardust-galaxy-warriors,Stardust Galaxy Warriors,Stardust Galaxy Warriors,PAL España,standard,GAME_OR_UNKNOWN,DEVELOPER,,Dreamloop Games,HIGH,EXACT_TITLE_OR_EDITION_FAMILY,ADD_OR_CONFIRM_CREDIT,Crédito verificado para la obra base y aplicado únicamente a esta edición: Dreamloop Games.,https://www.dreamloop.net/,,ADD,,dreamloop-games,Dreamloop Games,https://www.dreamloop.net/,,,2026-09-05,company-credit-ps4-pal-rapid-review-2026-09-05
ps4-starlink-battle-for-atlas-starter-pack,Starlink: Battle For Atlas [Starter Pack],Starlink: Battle For Atlas [Starter Pack],PAL España,standard,BUNDLE_OR_MULTI_PRODUCT,DEVELOPER,Ubisoft Toronto,Ubisoft Toronto,HIGH,GAME_WORK | PS4_RELEASE | SAME_WORK_EDITION,ADD_OR_CONFIRM_CREDIT,"Coincidencia rápida: LAUNCHBOX_PS4, STEAM, VERIFIED_PS4_SIBLING, WIKIDATA.",https://gamesdb.launchbox-app.com/games/details/456501,https://store.steampowered.com/app/950050,CONFIRM,Ubisoft Toronto,ubisoft-toronto,Ubisoft Toronto,https://gamesdb.launchbox-app.com/games/details/456501 | https://store.steampowered.com/app/950050,,,2026-09-05,company-credit-ps4-pal-rapid-review-2026-09-05
ps4-starlink-battle-for-atlas-starter-pack,Starlink: Battle For Atlas [Starter Pack],Starlink: Battle For Atlas [Starter Pack],PAL España,standard,BUNDLE_OR_MULTI_PRODUCT,PHYSICAL_PUBLISHER_OR_DISTRIBUTOR,,Ubisoft,HIGH,GAME_WORK | PS4_RELEASE,ADD_OR_CONFIRM_CREDIT,"Coincidencia rápida: LAUNCHBOX_PS4, STEAM.",https://gamesdb.launchbox-app.com/games/details/456501,https://store.steampowered.com/app/950050,ADD,,ubisoft,Ubisoft,https://gamesdb.launchbox-app.com/games/details/456501 | https://store.steampowered.com/app/950050,,,2026-09-05,company-credit-ps4-pal-rapid-review-2026-09-05
ps4-steamworld-collection,Steamworld Collection,SteamWorld Collection,PAL España,standard,POSSIBLE_COMPILATION_OR_MULTI_PRODUCT,DEVELOPER,Image & Form Games,Image & Form Games,HIGH,MULTI_GAME_SAME_CORE_DEVELOPER,ADD_DEVELOPER,Las fuentes consultadas atribuyen el desarrollo a Image & Form Games.,https://thunderfulgames.com/games/steamworld/,,CONFIRM,Image & Form Games,image-amp-form-games,Image & Form Games,https://thunderfulgames.com/games/steamworld/,,,2026-09-05,company-credit-ps4-pal-rapid-review-2026-09-05
ps4-steel-empire-chronicles-limited-edition,Steel Empire Chronicles [Limited Edition],Steel Empire Chronicles [Limited Edition],PAL España,standard,EDITION_VARIANT,DEVELOPER,,Mebius,HIGH,EXACT_TITLE_OR_EDITION_FAMILY,ADD_OR_CONFIRM_CREDIT,Crédito verificado para la obra base y aplicado únicamente a esta edición: Mebius.,https://www.iningames.com/games/the-legend-of-steel-empire,,ADD,,mebius,Mebius,https://www.iningames.com/games/the-legend-of-steel-empire,,,2026-09-05,company-credit-ps4-pal-rapid-review-2026-09-05
ps4-steel-empire-chronicles-39-99,"Steel Empire Chronicles. 39,99","Steel Empire Chronicles. 39,99",PAL España,standard,GAME_OR_UNKNOWN,DEVELOPER,,Mebius,HIGH,EXACT_TITLE_OR_EDITION_FAMILY,ADD_OR_CONFIRM_CREDIT,Crédito verificado para la obra base y aplicado únicamente a esta edición: Mebius.,https://www.iningames.com/games/the-legend-of-steel-empire,,ADD,,mebius,Mebius,https://www.iningames.com/games/the-legend-of-steel-empire,,,2026-09-05,company-credit-ps4-pal-rapid-review-2026-09-05
ps4-steel-empire-chronicles-39-99,"Steel Empire Chronicles. 39,99","Steel Empire Chronicles. 39,99",PAL España,standard,GAME_OR_UNKNOWN,PHYSICAL_PUBLISHER_OR_DISTRIBUTOR,,ININ Games,HIGH,EXACT_TITLE_OR_EDITION_FAMILY,ADD_OR_CONFIRM_CREDIT,Crédito verificado para la obra base y aplicado únicamente a esta edición: ININ Games.,https://www.iningames.com/games/the-legend-of-steel-empire,,ADD,,inin-games,ININ Games,https://www.iningames.com/games/the-legend-of-steel-empire,,,2026-09-05,company-credit-ps4-pal-rapid-review-2026-09-05
ps4-steep-gold-edition,Steep Gold Edition,Steep Gold Edition,PAL España,standard,GAME_OR_UNKNOWN,DEVELOPER,,Ubisoft Annecy,HIGH,GAME_WORK | PS4_RELEASE | SAME_WORK_EDITION,ADD_OR_CONFIRM_CREDIT,"Coincidencia rápida: LAUNCHBOX_PS4, STEAM, VERIFIED_PS4_SIBLING.",https://gamesdb.launchbox-app.com/games/details/183145,https://store.steampowered.com/app/460920,ADD,,ubisoft-annecy,Ubisoft Annecy,https://gamesdb.launchbox-app.com/games/details/183145 | https://store.steampowered.com/app/460920,,,2026-09-05,company-credit-ps4-pal-rapid-review-2026-09-05
ps4-steep-gold-edition,Steep Gold Edition,Steep Gold Edition,PAL España,standard,GAME_OR_UNKNOWN,PHYSICAL_PUBLISHER_OR_DISTRIBUTOR,,Ubisoft,HIGH,GAME_WORK | PS4_RELEASE,ADD_OR_CONFIRM_CREDIT,"Coincidencia rápida: LAUNCHBOX_PS4, STEAM.",https://gamesdb.launchbox-app.com/games/details/183145,https://store.steampowered.com/app/460920,ADD,,ubisoft,Ubisoft,https://gamesdb.launchbox-app.com/games/details/183145 | https://store.steampowered.com/app/460920,,,2026-09-05,company-credit-ps4-pal-rapid-review-2026-09-05
ps4-steep-winter-games-edition,Steep Winter Games Edition,Steep Winter Games Edition,PAL España,standard,GAME_OR_UNKNOWN,DEVELOPER,,Ubisoft Annecy,HIGH,EXACT_TITLE_OR_EDITION_FAMILY,ADD_OR_CONFIRM_CREDIT,Crédito verificado para la obra base y aplicado únicamente a esta edición: Ubisoft Annecy.,https://www.ubisoft.com/en-gb/game/steep,,ADD,,ubisoft-annecy,Ubisoft Annecy,https://www.ubisoft.com/en-gb/game/steep,,,2026-09-05,company-credit-ps4-pal-rapid-review-2026-09-05
ps4-steep-winter-games-edition,Steep Winter Games Edition,Steep Winter Games Edition,PAL España,standard,GAME_OR_UNKNOWN,PHYSICAL_PUBLISHER_OR_DISTRIBUTOR,,Ubisoft,HIGH,EXACT_TITLE_OR_EDITION_FAMILY,ADD_OR_CONFIRM_CREDIT,Crédito verificado para la obra base y aplicado únicamente a esta edición: Ubisoft.,https://www.ubisoft.com/en-gb/game/steep,,ADD,,ubisoft,Ubisoft,https://www.ubisoft.com/en-gb/game/steep,,,2026-09-05,company-credit-ps4-pal-rapid-review-2026-09-05
ps4-street-fighter-30th-anniversary-collection,Street Fighter 30th Anniversary Collection,Street Fighter 30th Anniversary Collection,PAL España,standard,POSSIBLE_COMPILATION_OR_MULTI_PRODUCT,DEVELOPER,,Digital Eclipse,HIGH,EXACT_TITLE_OR_EDITION_FAMILY,ADD_OR_CONFIRM_CREDIT,Crédito verificado para la obra base y aplicado únicamente a esta edición: Digital Eclipse.,https://www.streetfighter.com/30th/,,ADD,,digital-eclipse,Digital Eclipse,https://www.streetfighter.com/30th/,,,2026-09-05,company-credit-ps4-pal-rapid-review-2026-09-05
ps4-street-fighter-30th-anniversary-collection-pix%27n-love-edition,Street Fighter 30th Anniversary Collection [Pix'n Love Edition],Street Fighter 30th Anniversary Collection [Pix'n Love Edition],PAL España,standard,POSSIBLE_COMPILATION_OR_MULTI_PRODUCT,DEVELOPER,,Digital Eclipse,HIGH,EXACT_TITLE_OR_EDITION_FAMILY,ADD_OR_CONFIRM_CREDIT,Crédito verificado para la obra base y aplicado únicamente a esta edición: Digital Eclipse.,https://www.streetfighter.com/30th/,,ADD,,digital-eclipse,Digital Eclipse,https://www.streetfighter.com/30th/,,,2026-09-05,company-credit-ps4-pal-rapid-review-2026-09-05
ps4-street-fighter-6-years-1-2-fighters-edition,Street Fighter 6: Years 1-2 Fighters Edition,Street Fighter 6: Years 1-2 Fighters Edition,PAL España,standard,GAME_OR_UNKNOWN,DEVELOPER,,Capcom,HIGH,EXACT_TITLE_OR_EDITION_FAMILY,ADD_OR_CONFIRM_CREDIT,Crédito verificado para la obra base y aplicado únicamente a esta edición: Capcom.,https://www.streetfighter.com/6/,,ADD,,capcom,Capcom,https://www.streetfighter.com/6/,,,2026-09-05,company-credit-ps4-pal-rapid-review-2026-09-05
ps4-street-outlaws-2-winner-takes-all,Street Outlaws 2: Winner Takes All,Street Outlaws 2: Winner Takes All,PAL España,standard,GAME_OR_UNKNOWN,PHYSICAL_PUBLISHER_OR_DISTRIBUTOR,,GameMill Entertainment,HIGH,EXACT_TITLE_OR_EDITION_FAMILY,ADD_OR_CONFIRM_CREDIT,Crédito verificado para la obra base y aplicado únicamente a esta edición: GameMill Entertainment.,https://gamemill.com/games/street-outlaws-2-winner-takes-all/,,ADD,,gamemill-entertainment,GameMill Entertainment,https://gamemill.com/games/street-outlaws-2-winner-takes-all/,,,2026-09-05,company-credit-ps4-pal-rapid-review-2026-09-05
ps4-street-outlaws-the-list,Street Outlaws: The List,Street Outlaws: The List,PAL España,standard,GAME_OR_UNKNOWN,PHYSICAL_PUBLISHER_OR_DISTRIBUTOR,,GAMEMILL ENTERTAINMENT,HIGH,DIGITAL_PS4_EU | GAME_WORK | PS4_RELEASE,ADD_OR_CONFIRM_CREDIT,"Coincidencia rápida: LAUNCHBOX_PS4, PLAYSTATION_STORE, STEAM.",https://gamesdb.launchbox-app.com/games/details/205819,https://store.playstation.com/es-es/product/EP0281-CUSA15256_00-STREETOUTLAWSPKG,ADD,,gamemill-entertainment,GameMill Entertainment,https://gamesdb.launchbox-app.com/games/details/205819 | https://store.playstation.com/es-es/product/EP0281-CUSA15256_00-STREETOUTLAWSPKG,,,2026-09-05,company-credit-ps4-pal-rapid-review-2026-09-05
ps4-strike-force-2-terrorist-hunt,Strike Force 2: Terrorist Hunt,Strike Force 2: Terrorist Hunt,PAL España,standard,GAME_OR_UNKNOWN,DEVELOPER,,Polygon Art,HIGH,EXACT_TITLE_OR_EDITION_FAMILY,ADD_OR_CONFIRM_CREDIT,Crédito verificado para la obra base y aplicado únicamente a esta edición: Polygon Art.,https://www.gs2games.com/,,ADD,,polygon-art,Polygon Art,https://www.gs2games.com/,,,2026-09-05,company-credit-ps4-pal-rapid-review-2026-09-05
ps4-strike-force-2-terrorist-hunt,Strike Force 2: Terrorist Hunt,Strike Force 2: Terrorist Hunt,PAL España,standard,GAME_OR_UNKNOWN,PHYSICAL_PUBLISHER_OR_DISTRIBUTOR,,GS2 Games,HIGH,EXACT_TITLE_OR_EDITION_FAMILY,ADD_OR_CONFIRM_CREDIT,Crédito verificado para la obra base y aplicado únicamente a esta edición: GS2 Games.,https://www.gs2games.com/,,ADD,,gs2-games,GS2 Games,https://www.gs2games.com/,,,2026-09-05,company-credit-ps4-pal-rapid-review-2026-09-05
ps4-strikers-edge,Strikers Edge,Strikers Edge,PAL España,standard,GAME_OR_UNKNOWN,PHYSICAL_PUBLISHER_OR_DISTRIBUTOR,,Dear Villagers,HIGH,DIGITAL_PS4_EU | GAME_WORK,ADD_OR_CONFIRM_CREDIT,"Coincidencia rápida: PLAYSTATION_STORE, STEAM, WIKIDATA.",https://store.playstation.com/es-es/product/EP1302-CUSA06631_00-STRIKERSEDGE0000,https://store.steampowered.com/app/520670,ADD,,dear-villagers,Dear Villagers,https://store.playstation.com/es-es/product/EP1302-CUSA06631_00-STRIKERSEDGE0000 | https://store.steampowered.com/app/520670,,,2026-09-05,company-credit-ps4-pal-rapid-review-2026-09-05
ps4-sudden-strike-4-complete-collection,Sudden Strike 4 [Complete Collection],Sudden Strike 4 [Complete Collection],PAL España,standard,BUNDLE_OR_MULTI_PRODUCT,DEVELOPER,,Kite Games,HIGH,GAME_WORK | PS4_RELEASE,ADD_OR_CONFIRM_CREDIT,"Coincidencia rápida: LAUNCHBOX_PS4, STEAM, WIKIDATA.",https://gamesdb.launchbox-app.com/games/details/211409,https://store.steampowered.com/app/373930,ADD,,kite-games,Kite Games,https://gamesdb.launchbox-app.com/games/details/211409 | https://store.steampowered.com/app/373930,,,2026-09-05,company-credit-ps4-pal-rapid-review-2026-09-05
ps4-summon-night-6-lost-borders,Summon Night 6 Lost Borders,Summon Night 6 Lost Borders,PAL España,standard,GAME_OR_UNKNOWN,DEVELOPER,,Media.Vision,HIGH,EXACT_TITLE_OR_EDITION_FAMILY,ADD_OR_CONFIRM_CREDIT,Crédito verificado para la obra base y aplicado únicamente a esta edición: Media.Vision.,http://www.gaijinworks.com/about/ps4-on-psn/summon-night-6/,,ADD,,media-vision,Media Vision,http://www.gaijinworks.com/about/ps4-on-psn/summon-night-6/,,,2026-09-05,company-credit-ps4-pal-rapid-review-2026-09-05
ps4-summon-night-6-lost-borders,Summon Night 6 Lost Borders,Summon Night 6 Lost Borders,PAL España,standard,GAME_OR_UNKNOWN,PHYSICAL_PUBLISHER_OR_DISTRIBUTOR,,Gaijinworks,HIGH,EXACT_TITLE_OR_EDITION_FAMILY,ADD_OR_CONFIRM_CREDIT,Crédito verificado para la obra base y aplicado únicamente a esta edición: Gaijinworks.,http://www.gaijinworks.com/about/ps4-on-psn/summon-night-6/,,ADD,,gaijinworks,Gaijinworks,http://www.gaijinworks.com/about/ps4-on-psn/summon-night-6/,,,2026-09-05,company-credit-ps4-pal-rapid-review-2026-09-05
ps4-super-stardust-ultra-vr,Super Stardust Ultra VR,Super Stardust Ultra VR,PAL España,standard,GAME_OR_UNKNOWN,PHYSICAL_PUBLISHER_OR_DISTRIBUTOR,,Sony Interactive Entertainment,HIGH,DIGITAL_PS4_EU | PS4_RELEASE,ADD_OR_CONFIRM_CREDIT,"Coincidencia rápida: LAUNCHBOX_PS4, PLAYSTATION_STORE.",https://gamesdb.launchbox-app.com/games/details/209004,https://store.playstation.com/es-es/product/EP9000-CUSA05951_00-SUPRSTARDULTVREU,ADD,,sony-interactive-entertainment,Sony Interactive Entertainment,https://gamesdb.launchbox-app.com/games/details/209004 | https://store.playstation.com/es-es/product/EP9000-CUSA05951_00-SUPRSTARDULTVREU,,,2026-09-05,company-credit-ps4-pal-rapid-review-2026-09-05
ps4-super-street-the-game,Super Street The Game,Super Street The Game,PAL España,standard,GAME_OR_UNKNOWN,DIGITAL_PUBLISHER,,LION CASTLE,HIGH,DIGITAL_PS4_EU,ADD_OR_CONFIRM_CREDIT,Coincidencia rápida: PLAYSTATION_STORE.,https://store.playstation.com/es-es/product/EP3333-CUSA11897_00-SUPERSTREETGAME0,,ADD,,lion-castle,Lion Castle,https://store.playstation.com/es-es/product/EP3333-CUSA11897_00-SUPERSTREETGAME0,,,2026-09-05,company-credit-ps4-pal-rapid-review-2026-09-05
ps4-super-toy-cars-2-ultimate-racing,Super Toy Cars 2: Ultimate Racing,Super Toy Cars 2: Ultimate Racing,PAL España,standard,GAME_OR_UNKNOWN,DEVELOPER,,Eclipse Games,HIGH,EXACT_TITLE_OR_EDITION_FAMILY,ADD_OR_CONFIRM_CREDIT,Crédito verificado para la obra base y aplicado únicamente a esta edición: Eclipse Games.,https://www.eclipsegames.net/,,ADD,,eclipse-games,Eclipse Games,https://www.eclipsegames.net/,,,2026-09-05,company-credit-ps4-pal-rapid-review-2026-09-05
ps4-super-toy-cars-2-ultimate-racing,Super Toy Cars 2: Ultimate Racing,Super Toy Cars 2: Ultimate Racing,PAL España,standard,GAME_OR_UNKNOWN,PHYSICAL_PUBLISHER_OR_DISTRIBUTOR,,Eclipse Games,HIGH,EXACT_TITLE_OR_EDITION_FAMILY,ADD_OR_CONFIRM_CREDIT,Crédito verificado para la obra base y aplicado únicamente a esta edición: Eclipse Games.,https://www.eclipsegames.net/,,ADD,,eclipse-games,Eclipse Games,https://www.eclipsegames.net/,,,2026-09-05,company-credit-ps4-pal-rapid-review-2026-09-05
ps4-super-zangyura,Super Zangyura,Super Zangyura,PAL España,standard,GAME_OR_UNKNOWN,DEVELOPER,,Platinedispositif,HIGH,EXACT_TITLE_OR_EDITION_FAMILY,ADD_OR_CONFIRM_CREDIT,Crédito verificado para la obra base y aplicado únicamente a esta edición: Platinedispositif.,https://store.steampowered.com/app/1718200/Super_Zangyura/,,ADD,,platine-dispositif,Platine Dispositif,https://store.steampowered.com/app/1718200/Super_Zangyura/,,,2026-09-05,company-credit-ps4-pal-rapid-review-2026-09-05
ps4-super-zangyura,Super Zangyura,Super Zangyura,PAL España,standard,GAME_OR_UNKNOWN,PHYSICAL_PUBLISHER_OR_DISTRIBUTOR,,Mediascape,HIGH,EXACT_TITLE_OR_EDITION_FAMILY,ADD_OR_CONFIRM_CREDIT,Crédito verificado para la obra base y aplicado únicamente a esta edición: Mediascape.,https://store.steampowered.com/app/1718200/Super_Zangyura/,,ADD,,mediascape,Mediascape,https://store.steampowered.com/app/1718200/Super_Zangyura/,,,2026-09-05,company-credit-ps4-pal-rapid-review-2026-09-05
ps4-superepic-badge-edition,SuperEpic Badge edition,SuperEpic Badge edition,PAL España,standard,GAME_OR_UNKNOWN,DEVELOPER,,Undercoders,HIGH,EXACT_TITLE_OR_EDITION_FAMILY,ADD_OR_CONFIRM_CREDIT,Crédito verificado para la obra base y aplicado únicamente a esta edición: Undercoders.,https://www.numskullgames.com/game/superepic/,,ADD,,undercoders,Undercoders,https://www.numskullgames.com/game/superepic/,,,2026-09-05,company-credit-ps4-pal-rapid-review-2026-09-05
ps4-superepic-badge-edition,SuperEpic Badge edition,SuperEpic Badge edition,PAL España,standard,GAME_OR_UNKNOWN,PHYSICAL_PUBLISHER_OR_DISTRIBUTOR,,Numskull Games,HIGH,EXACT_TITLE_OR_EDITION_FAMILY,ADD_OR_CONFIRM_CREDIT,Crédito verificado para la obra base y aplicado únicamente a esta edición: Numskull Games.,https://www.numskullgames.com/game/superepic/,,ADD,,numskull-games,Numskull Games Ltd.,https://www.numskullgames.com/game/superepic/,,,2026-09-05,company-credit-ps4-pal-rapid-review-2026-09-05
ps4-surf-world-series,Surf World Series,Surf World Series,PAL España,standard,GAME_OR_UNKNOWN,PHYSICAL_PUBLISHER_OR_DISTRIBUTOR,,VISION GAMES PUBLISHING,HIGH,DIGITAL_PS4_EU | GAME_WORK | PS4_RELEASE,ADD_OR_CONFIRM_CREDIT,"Coincidencia rápida: LAUNCHBOX_PS4, PLAYSTATION_STORE, STEAM.",https://gamesdb.launchbox-app.com/games/details/473995,https://store.playstation.com/es-es/product/EP0966-CUSA05665_00-SURFWORLDSERIES1,ADD,,vision-games-publishing,Vision Games Publishing,https://gamesdb.launchbox-app.com/games/details/473995 | https://store.playstation.com/es-es/product/EP0966-CUSA05665_00-SURFWORLDSERIES1,,,2026-09-05,company-credit-ps4-pal-rapid-review-2026-09-05
ps4-survivor-castaway-island,Survivor: Castaway Island,Survivor: Castaway Island,PAL España,standard,GAME_OR_UNKNOWN,PHYSICAL_PUBLISHER_OR_DISTRIBUTOR,,Microids,HIGH,EXACT_TITLE_OR_EDITION_FAMILY,ADD_OR_CONFIRM_CREDIT,Crédito verificado para la obra base y aplicado únicamente a esta edición: Microids.,https://www.microids.com/game-survivor-castaway-island/,,ADD,,microids,Microids,https://www.microids.com/game-survivor-castaway-island/,,,2026-09-05,company-credit-ps4-pal-rapid-review-2026-09-05
ps4-sven-durchgeknallt,Sven Durchgeknallt,Sven Durchgeknallt,PAL España,standard,GAME_OR_UNKNOWN,DEVELOPER,,Phenomedia Publishing,HIGH,EXACT_TITLE_OR_EDITION_FAMILY,ADD_OR_CONFIRM_CREDIT,Crédito verificado para la obra base y aplicado únicamente a esta edición: Phenomedia Publishing.,https://www.marktundtechnik.de/,,ADD,,phenomedia,Phenomedia,https://www.marktundtechnik.de/,,,2026-09-05,company-credit-ps4-pal-rapid-review-2026-09-05
ps4-sven-durchgeknallt,Sven Durchgeknallt,Sven Durchgeknallt,PAL España,standard,GAME_OR_UNKNOWN,PHYSICAL_PUBLISHER_OR_DISTRIBUTOR,,Markt+Technik,HIGH,EXACT_TITLE_OR_EDITION_FAMILY,ADD_OR_CONFIRM_CREDIT,Crédito verificado para la obra base y aplicado únicamente a esta edición: Markt+Technik.,https://www.marktundtechnik.de/,,ADD,,markt-technik,Markt Technik,https://www.marktundtechnik.de/,,,2026-09-05,company-credit-ps4-pal-rapid-review-2026-09-05
ps4-sword-and-fairy-together-forever,Sword And Fairy: Together Forever,Sword And Fairy: Together Forever,PAL España,standard,GAME_OR_UNKNOWN,PHYSICAL_PUBLISHER_OR_DISTRIBUTOR,,Eastasiasoft,HIGH,EXACT_TITLE_OR_EDITION_FAMILY,ADD_OR_CONFIRM_CREDIT,Crédito verificado para la obra base y aplicado únicamente a esta edición: Eastasiasoft.,https://www.eastasiasoft.com/games/Sword-and-Fairy-Together-Forever,,ADD,,eastasiasoft,EastAsiaSoft,https://www.eastasiasoft.com/games/Sword-and-Fairy-Together-Forever,,,2026-09-05,company-credit-ps4-pal-rapid-review-2026-09-05
ps4-swordbreaker,Swordbreaker,Swordbreaker,PAL España,standard,GAME_OR_UNKNOWN,DEVELOPER,,DuCats Games Studio,HIGH,EXACT_TITLE_OR_EDITION_FAMILY,ADD_OR_CONFIRM_CREDIT,Crédito verificado para la obra base y aplicado únicamente a esta edición: DuCats Games Studio.,https://www.redartgames.com/,,ADD,,ducats-games-studio,DuCats Games Studio,https://www.redartgames.com/,,,2026-09-05,company-credit-ps4-pal-rapid-review-2026-09-05
ps4-swordbreaker,Swordbreaker,Swordbreaker,PAL España,standard,GAME_OR_UNKNOWN,PHYSICAL_PUBLISHER_OR_DISTRIBUTOR,,Red Art Games,HIGH,EXACT_TITLE_OR_EDITION_FAMILY,ADD_OR_CONFIRM_CREDIT,Crédito verificado para la obra base y aplicado únicamente a esta edición: Red Art Games.,https://www.redartgames.com/,,ADD,,red-art-games,Red Art Games,https://www.redartgames.com/,,,2026-09-05,company-credit-ps4-pal-rapid-review-2026-09-05
ps4-syberia-the-world-before-20-years-edition,Syberia: The World Before [20 Years Edition],Syberia: The World Before [20 Years Edition],PAL España,standard,GAME_OR_UNKNOWN,PHYSICAL_PUBLISHER_OR_DISTRIBUTOR,,Microids,HIGH,DIGITAL_PS4_EU | GAME_WORK | PS4_RELEASE,ADD_OR_CONFIRM_CREDIT,"Coincidencia rápida: LAUNCHBOX_PS4, PLAYSTATION_STORE, STEAM.",https://gamesdb.launchbox-app.com/games/details/474004,https://store.playstation.com/es-es/product/EP4295-CUSA24449_00-SYBERIA4000000EU,ADD,,microids,Microids,https://gamesdb.launchbox-app.com/games/details/474004 | https://store.playstation.com/es-es/product/EP4295-CUSA24449_00-SYBERIA4000000EU,,,2026-09-05,company-credit-ps4-pal-rapid-review-2026-09-05
ps4-syberia-the-world-before-collector%27s-edition,Syberia: The World Before [Collector's Edition],Syberia: The World Before [Collector's Edition],PAL España,standard,EDITION_VARIANT,PHYSICAL_PUBLISHER_OR_DISTRIBUTOR,,Microids,HIGH,GAME_WORK | PS4_RELEASE,ADD_OR_CONFIRM_CREDIT,"Coincidencia rápida: LAUNCHBOX_PS4, STEAM.",https://gamesdb.launchbox-app.com/games/details/474004,https://store.steampowered.com/app/1410640,ADD,,microids,Microids,https://gamesdb.launchbox-app.com/games/details/474004 | https://store.steampowered.com/app/1410640,,,2026-09-05,company-credit-ps4-pal-rapid-review-2026-09-05
ps4-symmetry,Symmetry,Symmetry,PAL España,standard,GAME_OR_UNKNOWN,PHYSICAL_PUBLISHER_OR_DISTRIBUTOR,,IMGN.PRO,HIGH,DIGITAL_PS4_EU | GAME_WORK,ADD_OR_CONFIRM_CREDIT,"Coincidencia rápida: PLAYSTATION_STORE, STEAM.",https://store.playstation.com/es-es/product/EP1546-CUSA09636_00-SYM0000000000001,https://store.steampowered.com/app/537520,ADD,,imgn-pro,IMGN.Pro,https://store.playstation.com/es-es/product/EP1546-CUSA09636_00-SYM0000000000001 | https://store.steampowered.com/app/537520,,,2026-09-05,company-credit-ps4-pal-rapid-review-2026-09-05
ps4-tadeo-jones-y-el-manuscrito-perdido,Tadeo Jones Y El Manuscrito Perdido,Tadeo Jones Y El Manuscrito Perdido,PAL España,standard,GAME_OR_UNKNOWN,DEVELOPER,,U-Play Online,HIGH,EXACT_TITLE_OR_EDITION_FAMILY,ADD_OR_CONFIRM_CREDIT,Crédito verificado para la obra base y aplicado únicamente a esta edición: U-Play Online.,https://www.uplayonline.com/,,ADD,,u-play-online,U-Play Online,https://www.uplayonline.com/,,,2026-09-05,company-credit-ps4-pal-rapid-review-2026-09-05
ps4-tadeo-jones-y-el-manuscrito-perdido,Tadeo Jones Y El Manuscrito Perdido,Tadeo Jones Y El Manuscrito Perdido,PAL España,standard,GAME_OR_UNKNOWN,PHYSICAL_PUBLISHER_OR_DISTRIBUTOR,,Sony Computer Entertainment España,HIGH,EXACT_TITLE_OR_EDITION_FAMILY,ADD_OR_CONFIRM_CREDIT,Crédito verificado para la obra base y aplicado únicamente a esta edición: Sony Computer Entertainment España.,https://www.uplayonline.com/,,ADD,,sony-computer-entertainment-espana,Sony Computer Entertainment España,https://www.uplayonline.com/,,,2026-09-05,company-credit-ps4-pal-rapid-review-2026-09-05
ps4-tadeo-jones-la-tabla-esmeralda,Tadeo Jones: La Tabla Esmeralda,Tadeo Jones: La Tabla Esmeralda,PAL España,standard,GAME_OR_UNKNOWN,DEVELOPER,,Gammera Nest,HIGH,EXACT_TITLE_OR_EDITION_FAMILY,ADD_OR_CONFIRM_CREDIT,Crédito verificado para la obra base y aplicado únicamente a esta edición: Gammera Nest.,https://www.gammeranest.com/,,ADD,,gammera-nest,Gammera Nest,https://www.gammeranest.com/,,,2026-09-05,company-credit-ps4-pal-rapid-review-2026-09-05
ps4-tadeo-jones-la-tabla-esmeralda,Tadeo Jones: La Tabla Esmeralda,Tadeo Jones: La Tabla Esmeralda,PAL España,standard,GAME_OR_UNKNOWN,PHYSICAL_PUBLISHER_OR_DISTRIBUTOR,,Selecta Play,HIGH,EXACT_TITLE_OR_EDITION_FAMILY,ADD_OR_CONFIRM_CREDIT,Crédito verificado para la obra base y aplicado únicamente a esta edición: Selecta Play.,https://www.gammeranest.com/,,ADD,,selecta-play,Selecta Play,https://www.gammeranest.com/,,,2026-09-05,company-credit-ps4-pal-rapid-review-2026-09-05
ps4-tales-of-symphonia-remastered,Tales Of Symphonia Remastered,Tales Of Symphonia Remastered,PAL España,standard,EDITION_VARIANT,DEVELOPER,,Bandai Namco Studios,HIGH,EXACT_TITLE_OR_EDITION_FAMILY,ADD_OR_CONFIRM_CREDIT,Crédito verificado para la obra base y aplicado únicamente a esta edición: Bandai Namco Studios.,https://en.bandainamcoent.eu/tales-of/tales-of-symphonia-remastered,,ADD,,bandai-namco-studios,Bandai Namco Studios,https://en.bandainamcoent.eu/tales-of/tales-of-symphonia-remastered,,,2026-09-05,company-credit-ps4-pal-rapid-review-2026-09-05
ps4-tales-of-symphonia-remastered,Tales Of Symphonia Remastered,Tales Of Symphonia Remastered,PAL España,standard,EDITION_VARIANT,PHYSICAL_PUBLISHER_OR_DISTRIBUTOR,,Bandai Namco Entertainment Europe,HIGH,EXACT_TITLE_OR_EDITION_FAMILY,ADD_OR_CONFIRM_CREDIT,Crédito verificado para la obra base y aplicado únicamente a esta edición: Bandai Namco Entertainment Europe.,https://en.bandainamcoent.eu/tales-of/tales-of-symphonia-remastered,,ADD,,bandai-namco-entertainment-europe,Bandai Namco Entertainment Europe,https://en.bandainamcoent.eu/tales-of/tales-of-symphonia-remastered,,,2026-09-05,company-credit-ps4-pal-rapid-review-2026-09-05
ps4-tales-of-symphonia-remastered-chosen-edition,Tales of Symphonia Remastered [Chosen Edition],Tales of Symphonia Remastered [Chosen Edition],PAL España,standard,GAME_OR_UNKNOWN,DEVELOPER,,Bandai Namco Studios,HIGH,EXACT_TITLE_OR_EDITION_FAMILY,ADD_OR_CONFIRM_CREDIT,Crédito verificado para la obra base y aplicado únicamente a esta edición: Bandai Namco Studios.,https://en.bandainamcoent.eu/tales-of/tales-of-symphonia-remastered,,ADD,,bandai-namco-studios,Bandai Namco Studios,https://en.bandainamcoent.eu/tales-of/tales-of-symphonia-remastered,,,2026-09-05,company-credit-ps4-pal-rapid-review-2026-09-05
ps4-tales-of-symphonia-remastered-chosen-edition,Tales of Symphonia Remastered [Chosen Edition],Tales of Symphonia Remastered [Chosen Edition],PAL España,standard,GAME_OR_UNKNOWN,PHYSICAL_PUBLISHER_OR_DISTRIBUTOR,,Bandai Namco Entertainment Europe,HIGH,EXACT_TITLE_OR_EDITION_FAMILY,ADD_OR_CONFIRM_CREDIT,Crédito verificado para la obra base y aplicado únicamente a esta edición: Bandai Namco Entertainment Europe.,https://en.bandainamcoent.eu/tales-of/tales-of-symphonia-remastered,,ADD,,bandai-namco-entertainment-europe,Bandai Namco Entertainment Europe,https://en.bandainamcoent.eu/tales-of/tales-of-symphonia-remastered,,,2026-09-05,company-credit-ps4-pal-rapid-review-2026-09-05
ps4-tales-of-the-tiny-planet,Tales of the Tiny Planet,Tales of the Tiny Planet,PAL España,standard,GAME_OR_UNKNOWN,DIGITAL_PUBLISHER,,Pixelsplit Games GmbH,HIGH,DIGITAL_PS4_EU,ADD_OR_CONFIRM_CREDIT,Coincidencia rápida: PLAYSTATION_STORE.,https://store.playstation.com/es-es/product/EP1629-CUSA11169_00-TALESTINYPLANETJ,,ADD,,pixelsplit-games-gmbh,Pixelsplit Games GmbH,https://store.playstation.com/es-es/product/EP1629-CUSA11169_00-TALESTINYPLANETJ,,,2026-09-05,company-credit-ps4-pal-rapid-review-2026-09-05
ps4-talisman-digital-edition-40th-anniversary-collection,Talisman: Digital Edition [40th Anniversary Collection],Talisman: Digital Edition [40th Anniversary Collection],PAL España,standard,EDITION_VARIANT,DEVELOPER,,Nomad Games,HIGH,EXACT_TITLE_OR_EDITION_FAMILY,ADD_OR_CONFIRM_CREDIT,Crédito verificado para la obra base y aplicado únicamente a esta edición: Nomad Games.,https://nomadgames.co.uk/talisman-digital-edition/,,ADD,,nomad-games,Nomad Games,https://nomadgames.co.uk/talisman-digital-edition/,,,2026-09-05,company-credit-ps4-pal-rapid-review-2026-09-05
ps4-talisman-digital-edition-40th-anniversary-collection,Talisman: Digital Edition [40th Anniversary Collection],Talisman: Digital Edition [40th Anniversary Collection],PAL España,standard,EDITION_VARIANT,PHYSICAL_PUBLISHER_OR_DISTRIBUTOR,,Nomad Games,HIGH,EXACT_TITLE_OR_EDITION_FAMILY,ADD_OR_CONFIRM_CREDIT,Crédito verificado para la obra base y aplicado únicamente a esta edición: Nomad Games.,https://nomadgames.co.uk/talisman-digital-edition/,,ADD,,nomad-games,Nomad Games,https://nomadgames.co.uk/talisman-digital-edition/,,,2026-09-05,company-credit-ps4-pal-rapid-review-2026-09-05
ps4-taxi-driver-the-simulation,Taxi Driver The Simulation,Taxi Driver The Simulation,PAL España,standard,GAME_OR_UNKNOWN,DIGITAL_PUBLISHER,,DANIEL WENGENROTH,HIGH,DIGITAL_PS4_EU,ADD_OR_CONFIRM_CREDIT,Coincidencia rápida: PLAYSTATION_STORE.,https://store.playstation.com/es-es/product/EP4902-CUSA26592_00-6640508376473906,,ADD,,daniel-wengenroth,DANIEL WENGENROTH,https://store.playstation.com/es-es/product/EP4902-CUSA26592_00-6640508376473906,,,2026-09-05,company-credit-ps4-pal-rapid-review-2026-09-05
ps4-tchia-oleti-edition,Tchia: Oleti Edition,Tchia: Oleti Edition,PAL España,standard,GAME_OR_UNKNOWN,PHYSICAL_PUBLISHER_OR_DISTRIBUTOR,,Kepler Interactive,HIGH,EXACT_TITLE_OR_EDITION_FAMILY,ADD_OR_CONFIRM_CREDIT,Crédito verificado para la obra base y aplicado únicamente a esta edición: Kepler Interactive.,https://www.awaceb.com/tchia,,ADD,,kepler-interactive,Kepler Interactive,https://www.awaceb.com/tchia,,,2026-09-05,company-credit-ps4-pal-rapid-review-2026-09-05
ps4-technomancer-steelbook-edition,Technomancer [Steelbook Edition],Technomancer [Steelbook Edition],PAL España,standard,EDITION_VARIANT,DEVELOPER,,Spiders,HIGH,EXACT_TITLE_OR_EDITION_FAMILY,ADD_OR_CONFIRM_CREDIT,Crédito verificado para la obra base y aplicado únicamente a esta edición: Spiders.,https://www.spiders-games.com/games/the-technomancer,,ADD,,spiders,Spiders,https://www.spiders-games.com/games/the-technomancer,,,2026-09-05,company-credit-ps4-pal-rapid-review-2026-09-05
ps4-technomancer-steelbook-edition,Technomancer [Steelbook Edition],Technomancer [Steelbook Edition],PAL España,standard,EDITION_VARIANT,PHYSICAL_PUBLISHER_OR_DISTRIBUTOR,,Focus Home Interactive,HIGH,EXACT_TITLE_OR_EDITION_FAMILY,ADD_OR_CONFIRM_CREDIT,Crédito verificado para la obra base y aplicado únicamente a esta edición: Focus Home Interactive.,https://www.spiders-games.com/games/the-technomancer,,ADD,,focus-home-interactive,Focus Home Interactive,https://www.spiders-games.com/games/the-technomancer,,,2026-09-05,company-credit-ps4-pal-rapid-review-2026-09-05
ps4-teenage-mutant-ninja-turtles-shredders-revenge-anniversary-edition,Teenage Mutant Ninja Turtles: Shredders Revenge [Anniversary Edition],Teenage Mutant Ninja Turtles: Shredders Revenge [Anniversary Edition],PAL España,standard,EDITION_VARIANT,DEVELOPER,,Tribute Games,HIGH,GAME_WORK | PS4_RELEASE,ADD_OR_CONFIRM_CREDIT,"Coincidencia rápida: LAUNCHBOX_PS4, STEAM.",https://gamesdb.launchbox-app.com/games/details/463187,https://store.steampowered.com/app/1361510,ADD,,tribute-games,Tribute Games,https://gamesdb.launchbox-app.com/games/details/463187 | https://store.steampowered.com/app/1361510,,,2026-09-05,company-credit-ps4-pal-rapid-review-2026-09-05
ps4-teenage-mutant-ninja-turtles-shredders-revenge-anniversary-edition,Teenage Mutant Ninja Turtles: Shredders Revenge [Anniversary Edition],Teenage Mutant Ninja Turtles: Shredders Revenge [Anniversary Edition],PAL España,standard,EDITION_VARIANT,PHYSICAL_PUBLISHER_OR_DISTRIBUTOR,,DotEmu,HIGH,GAME_WORK | PS4_RELEASE,ADD_OR_CONFIRM_CREDIT,"Coincidencia rápida: LAUNCHBOX_PS4, STEAM.",https://gamesdb.launchbox-app.com/games/details/463187,https://store.steampowered.com/app/1361510,ADD,,dotemu,DotEmu,https://gamesdb.launchbox-app.com/games/details/463187 | https://store.steampowered.com/app/1361510,,,2026-09-05,company-credit-ps4-pal-rapid-review-2026-09-05
ps4-teenage-mutant-ninja-turtles-splintered-fate-deluxe-edition,Teenage Mutant Ninja Turtles: Splintered Fate [Deluxe Edition],Teenage Mutant Ninja Turtles: Splintered Fate [Deluxe Edition],PAL España,standard,EDITION_VARIANT,PHYSICAL_PUBLISHER_OR_DISTRIBUTOR,,Super Evil Megacorp,HIGH,GAME_WORK | PS4_RELEASE,ADD_OR_CONFIRM_CREDIT,"Coincidencia rápida: LAUNCHBOX_PS4, STEAM, WIKIDATA.",https://gamesdb.launchbox-app.com/games/details/476867,https://store.steampowered.com/app/2996040,ADD,,super-evil-megacorp,Super Evil Megacorp,https://gamesdb.launchbox-app.com/games/details/476867 | https://store.steampowered.com/app/2996040,,,2026-09-05,company-credit-ps4-pal-rapid-review-2026-09-05
ps4-teenage-mutant-ninja-turtles-the-cowabunga-collection,Teenage Mutant Ninja Turtles: The Cowabunga Collection,Teenage Mutant Ninja Turtles: The Cowabunga Collection,PAL España,standard,POSSIBLE_COMPILATION_OR_MULTI_PRODUCT,DEVELOPER,Konami,Digital Eclipse,HIGH,EXACT_TITLE_OR_EDITION_FAMILY,ADD_OR_CONFIRM_CREDIT,Crédito verificado para la obra base y aplicado únicamente a esta edición: Digital Eclipse.,https://www.konami.com/games/tmntcollection/,,REPLACE,Konami,digital-eclipse,Digital Eclipse,https://www.konami.com/games/tmntcollection/,,,2026-09-05,company-credit-ps4-pal-rapid-review-2026-09-05
ps4-tennis-world-tour-roland-garros-edition,Tennis World Tour: Roland Garros Edition,Tennis World Tour: Roland Garros Edition,PAL España,standard,GAME_OR_UNKNOWN,DEVELOPER,,Breakpoint Studio,HIGH,EXACT_TITLE_OR_EDITION_FAMILY,ADD_OR_CONFIRM_CREDIT,Crédito verificado para la obra base y aplicado únicamente a esta edición: Breakpoint Studio.,https://www.nacongaming.com/,,ADD,,breakpoint-studio,Breakpoint Studio,https://www.nacongaming.com/,,,2026-09-05,company-credit-ps4-pal-rapid-review-2026-09-05
ps4-tennis-world-tour-roland-garros-edition,Tennis World Tour: Roland Garros Edition,Tennis World Tour: Roland Garros Edition,PAL España,standard,GAME_OR_UNKNOWN,PHYSICAL_PUBLISHER_OR_DISTRIBUTOR,,Bigben Interactive,HIGH,EXACT_TITLE_OR_EDITION_FAMILY,ADD_OR_CONFIRM_CREDIT,Crédito verificado para la obra base y aplicado únicamente a esta edición: Bigben Interactive.,https://www.nacongaming.com/,,ADD,,bigben-interactive,BigBen Interactive,https://www.nacongaming.com/,,,2026-09-05,company-credit-ps4-pal-rapid-review-2026-09-05
ps4-terminator-2d-no-fate-day-one-edition,Terminator 2D No Fate [Day One Edition],Terminator 2D No Fate [Day One Edition],PAL España,standard,EDITION_VARIANT,PHYSICAL_PUBLISHER_OR_DISTRIBUTOR,,Reef Entertainment,HIGH,DIGITAL_PS4_EU | GAME_WORK | PS4_RELEASE,ADD_OR_CONFIRM_CREDIT,"Coincidencia rápida: LAUNCHBOX_PS4, PLAYSTATION_STORE, STEAM.",https://gamesdb.launchbox-app.com/games/details/466312,https://store.playstation.com/es-es/product/EP4060-CUSA51101_00-T2DNFMAINGAMEPS4,ADD,,reef-entertainment,Reef Entertainment,https://gamesdb.launchbox-app.com/games/details/466312 | https://store.playstation.com/es-es/product/EP4060-CUSA51101_00-T2DNFMAINGAMEPS4,,,2026-09-05,company-credit-ps4-pal-rapid-review-2026-09-05
ps4-terra-trilogy,Terra Trilogy,Terra Trilogy,PAL España,standard,POSSIBLE_COMPILATION_OR_MULTI_PRODUCT,PHYSICAL_PUBLISHER_OR_DISTRIBUTOR,,Funbox Media,HIGH,EXACT_PS4_PHYSICAL_COMPILATION,ADD_PHYSICAL_PUBLISHER_OR_DISTRIBUTOR,La edición PS4 consultada atribuye la publicación o distribución física a Funbox Media.,https://funboxmedia.co.uk/,,ADD,,funbox-media,Funbox Media,https://funboxmedia.co.uk/,,,2026-09-05,company-credit-ps4-pal-rapid-review-2026-09-05
ps4-the-addams-family-mansion-mayhem,The Addams Family: Mansion Mayhem,The Addams Family: Mansion Mayhem,PAL España,standard,GAME_OR_UNKNOWN,PHYSICAL_PUBLISHER_OR_DISTRIBUTOR,,Outright Games,HIGH,GAME_WORK | PS4_RELEASE,ADD_OR_CONFIRM_CREDIT,"Coincidencia rápida: LAUNCHBOX_PS4, STEAM, WIKIDATA.",https://gamesdb.launchbox-app.com/games/details/421751,https://store.steampowered.com/app/1543830,ADD,,outright-games,Outright Games LTD,https://gamesdb.launchbox-app.com/games/details/421751 | https://store.steampowered.com/app/1543830,,,2026-09-05,company-credit-ps4-pal-rapid-review-2026-09-05
ps4-the-ascent-ciber-edition,The Ascent Ciber Edition,The Ascent Ciber Edition,PAL España,standard,GAME_OR_UNKNOWN,DEVELOPER,,Neon Giant,HIGH,EXACT_TITLE_OR_EDITION_FAMILY,ADD_OR_CONFIRM_CREDIT,Crédito verificado para la obra base y aplicado únicamente a esta edición: Neon Giant.,https://curvegames.com/games/the-ascent/,,ADD,,neon-giant,Neon Giant,https://curvegames.com/games/the-ascent/,,,2026-09-05,company-credit-ps4-pal-rapid-review-2026-09-05
ps4-the-ascent-ciber-edition,The Ascent Ciber Edition,The Ascent Ciber Edition,PAL España,standard,GAME_OR_UNKNOWN,PHYSICAL_PUBLISHER_OR_DISTRIBUTOR,,Curve Games,HIGH,EXACT_TITLE_OR_EDITION_FAMILY,ADD_OR_CONFIRM_CREDIT,Crédito verificado para la obra base y aplicado únicamente a esta edición: Curve Games.,https://curvegames.com/games/the-ascent/,,ADD,,curve-digital,Curve Digital,https://curvegames.com/games/the-ascent/,,,2026-09-05,company-credit-ps4-pal-rapid-review-2026-09-05
ps4-the-banner-saga-trilogy,The Banner Saga Trilogy,The Banner Saga Trilogy,PAL España,standard,POSSIBLE_COMPILATION_OR_MULTI_PRODUCT,DEVELOPER,Versus Evil,Stoic,HIGH,EXACT_TITLE_OR_EDITION_FAMILY,ADD_OR_CONFIRM_CREDIT,Crédito verificado para la obra base y aplicado únicamente a esta edición: Stoic.,https://bannersaga.com/,,REPLACE,Versus Evil,stoic,Stoic,https://bannersaga.com/,,,2026-09-05,company-credit-ps4-pal-rapid-review-2026-09-05
ps4-the-bards-tale-director-cut,The Bards Tale : Director cut,The Bards Tale : Director cut,PAL España,standard,GAME_OR_UNKNOWN,DEVELOPER,,inXile Entertainment,HIGH,EXACT_TITLE_OR_EDITION_FAMILY,ADD_OR_CONFIRM_CREDIT,Crédito verificado para la obra base y aplicado únicamente a esta edición: inXile Entertainment.,https://www.inxile-entertainment.com/games/the-bards-tale,,ADD,,inxile-entertainment,InXile Entertainment,https://www.inxile-entertainment.com/games/the-bards-tale,,,2026-09-05,company-credit-ps4-pal-rapid-review-2026-09-05
ps4-the-bards-tale-director-cut,The Bards Tale : Director cut,The Bards Tale : Director cut,PAL España,standard,GAME_OR_UNKNOWN,PHYSICAL_PUBLISHER_OR_DISTRIBUTOR,,inXile Entertainment,HIGH,EXACT_TITLE_OR_EDITION_FAMILY,ADD_OR_CONFIRM_CREDIT,Crédito verificado para la obra base y aplicado únicamente a esta edición: inXile Entertainment.,https://www.inxile-entertainment.com/games/the-bards-tale,,ADD,,inxile-entertainment,InXile Entertainment,https://www.inxile-entertainment.com/games/the-bards-tale,,,2026-09-05,company-credit-ps4-pal-rapid-review-2026-09-05
ps4-the-binding-of-isaac,The Binding of Isaac,The Binding of Isaac,PAL España,standard,GAME_OR_UNKNOWN,PHYSICAL_PUBLISHER_OR_DISTRIBUTOR,,Nicalis,HIGH,EXACT_TITLE_OR_EDITION_FAMILY,ADD_OR_CONFIRM_CREDIT,Crédito verificado para la obra base y aplicado únicamente a esta edición: Nicalis.,https://www.nicalis.com/games/thebindingofisaac,,ADD,,nicalis,Nicalis,https://www.nicalis.com/games/thebindingofisaac,,,2026-09-05,company-credit-ps4-pal-rapid-review-2026-09-05
ps4-the-binding-of-isaac-afterbirth&#43;,The Binding of Isaac Afterbirth+,The Binding of Isaac Afterbirth+,PAL España,standard,GAME_OR_UNKNOWN,DEVELOPER,,Nicalis,HIGH,EXACT_TITLE_OR_EDITION_FAMILY,ADD_OR_CONFIRM_CREDIT,Crédito verificado para la obra base y aplicado únicamente a esta edición: Nicalis.,https://www.nicalis.com/games/thebindingofisaac,,ADD,,nicalis,Nicalis,https://www.nicalis.com/games/thebindingofisaac,,,2026-09-05,company-credit-ps4-pal-rapid-review-2026-09-05
ps4-the-binding-of-isaac-afterbirth&#43;,The Binding of Isaac Afterbirth+,The Binding of Isaac Afterbirth+,PAL España,standard,GAME_OR_UNKNOWN,PHYSICAL_PUBLISHER_OR_DISTRIBUTOR,,Nicalis,HIGH,EXACT_TITLE_OR_EDITION_FAMILY,ADD_OR_CONFIRM_CREDIT,Crédito verificado para la obra base y aplicado únicamente a esta edición: Nicalis.,https://www.nicalis.com/games/thebindingofisaac,,ADD,,nicalis,Nicalis,https://www.nicalis.com/games/thebindingofisaac,,,2026-09-05,company-credit-ps4-pal-rapid-review-2026-09-05
ps4-the-bluecoats-north-&amp;-south,The Bluecoats: North & South,The Bluecoats: North & South,PAL España,standard,GAME_OR_UNKNOWN,PHYSICAL_PUBLISHER_OR_DISTRIBUTOR,,Microids,HIGH,DIGITAL_PS4_EU | GAME_WORK | PS4_RELEASE,ADD_OR_CONFIRM_CREDIT,"Coincidencia rápida: LAUNCHBOX_PS4, PLAYSTATION_STORE, STEAM.",https://gamesdb.launchbox-app.com/games/details/442252,https://store.playstation.com/es-es/product/EP4295-CUSA20274_00-NORTHANDSOUTHEU0,ADD,,microids,Microids,https://gamesdb.launchbox-app.com/games/details/442252 | https://store.playstation.com/es-es/product/EP4295-CUSA20274_00-NORTHANDSOUTHEU0,,,2026-09-05,company-credit-ps4-pal-rapid-review-2026-09-05
ps4-the-callisto-protocol-day-one-edition,The Callisto Protocol [Day One Edition],The Callisto Protocol [Day One Edition],PAL España,standard,EDITION_VARIANT,PHYSICAL_PUBLISHER_OR_DISTRIBUTOR,,KRAFTON,HIGH,GAME_WORK | SAME_WORK_EDITION,ADD_OR_CONFIRM_CREDIT,"Coincidencia rápida: STEAM, VERIFIED_PAL_SIBLING, WIKIDATA.",https://store.steampowered.com/app/1544020,https://www.wikidata.org/entity/Q104172915,ADD,,krafton,Krafton Inc.,https://store.steampowered.com/app/1544020 | https://www.wikidata.org/entity/Q104172915,,,2026-09-05,company-credit-ps4-pal-rapid-review-2026-09-05
ps4-the-counsil-complete-edition,The Counsil: Complete Edition,The Counsil: Complete Edition,PAL España,standard,EDITION_VARIANT,DEVELOPER,,Big Bad Wolf,HIGH,EXACT_TITLE_OR_EDITION_FAMILY,ADD_OR_CONFIRM_CREDIT,Crédito verificado para la obra base y aplicado únicamente a esta edición: Big Bad Wolf.,https://www.focus-entmt.com/en/games/the-council,,ADD,,big-bad-wolf,Big Bad Wolf,https://www.focus-entmt.com/en/games/the-council,,,2026-09-05,company-credit-ps4-pal-rapid-review-2026-09-05
ps4-the-counsil-complete-edition,The Counsil: Complete Edition,The Counsil: Complete Edition,PAL España,standard,EDITION_VARIANT,PHYSICAL_PUBLISHER_OR_DISTRIBUTOR,,Focus Home Interactive,HIGH,EXACT_TITLE_OR_EDITION_FAMILY,ADD_OR_CONFIRM_CREDIT,Crédito verificado para la obra base y aplicado únicamente a esta edición: Focus Home Interactive.,https://www.focus-entmt.com/en/games/the-council,,ADD,,focus-home-interactive,Focus Home Interactive,https://www.focus-entmt.com/en/games/the-council,,,2026-09-05,company-credit-ps4-pal-rapid-review-2026-09-05
ps4-the-crew-ultimate-edition,The Crew Ultimate Edition,The Crew Ultimate Edition,PAL España,standard,EDITION_VARIANT,DEVELOPER,,Ivory Tower,HIGH,EXACT_TITLE_OR_EDITION_FAMILY,ADD_OR_CONFIRM_CREDIT,Crédito verificado para la obra base y aplicado únicamente a esta edición: Ivory Tower.,https://www.ubisoft.com/en-gb/game/the-crew/the-crew,,ADD,,ivory-tower,Ivory Tower,https://www.ubisoft.com/en-gb/game/the-crew/the-crew,,,2026-09-05,company-credit-ps4-pal-rapid-review-2026-09-05
ps4-the-crew-ultimate-edition,The Crew Ultimate Edition,The Crew Ultimate Edition,PAL España,standard,EDITION_VARIANT,PHYSICAL_PUBLISHER_OR_DISTRIBUTOR,,Ubisoft,HIGH,EXACT_TITLE_OR_EDITION_FAMILY,ADD_OR_CONFIRM_CREDIT,Crédito verificado para la obra base y aplicado únicamente a esta edición: Ubisoft.,https://www.ubisoft.com/en-gb/game/the-crew/the-crew,,ADD,,ubisoft,Ubisoft,https://www.ubisoft.com/en-gb/game/the-crew/the-crew,,,2026-09-05,company-credit-ps4-pal-rapid-review-2026-09-05
ps4-the-crew-wild-run-edition,The Crew Wild Run Edition,The Crew Wild Run Edition,PAL España,standard,GAME_OR_UNKNOWN,PHYSICAL_PUBLISHER_OR_DISTRIBUTOR,,Ubisoft,HIGH,EXACT_TITLE_OR_EDITION_FAMILY,ADD_OR_CONFIRM_CREDIT,Crédito verificado para la obra base y aplicado únicamente a esta edición: Ubisoft.,https://www.ubisoft.com/en-gb/game/the-crew/the-crew,,ADD,,ubisoft,Ubisoft,https://www.ubisoft.com/en-gb/game/the-crew/the-crew,,,2026-09-05,company-credit-ps4-pal-rapid-review-2026-09-05
ps4-the-dark-pictures-anthology-triple-pack,The Dark Pictures Anthology Triple Pack,The Dark Pictures Anthology Triple Pack,PAL España,standard,POSSIBLE_COMPILATION_OR_MULTI_PRODUCT,DEVELOPER,Supermassive Games,Supermassive Games,HIGH,EXACT_TITLE_OR_EDITION_FAMILY,ADD_OR_CONFIRM_CREDIT,Crédito verificado para la obra base y aplicado únicamente a esta edición: Supermassive Games.,https://en.bandainamcoent.eu/the-dark-pictures,,CONFIRM,Supermassive Games,supermassive-games,SuperMassive Games Ltd.,https://en.bandainamcoent.eu/the-dark-pictures,,,2026-09-05,company-credit-ps4-pal-rapid-review-2026-09-05
ps4-the-dark-pictures-anthology-volume-2,The Dark Pictures Anthology: Volume 2,The Dark Pictures Anthology: Volume 2,PAL España,standard,POSSIBLE_COMPILATION_OR_MULTI_PRODUCT,DEVELOPER,Supermassive Games,Supermassive Games,HIGH,EXACT_TITLE_OR_EDITION_FAMILY,ADD_OR_CONFIRM_CREDIT,Crédito verificado para la obra base y aplicado únicamente a esta edición: Supermassive Games.,https://en.bandainamcoent.eu/the-dark-pictures,,CONFIRM,Supermassive Games,supermassive-games,SuperMassive Games Ltd.,https://en.bandainamcoent.eu/the-dark-pictures,,,2026-09-05,company-credit-ps4-pal-rapid-review-2026-09-05
ps4-the-dungeon-of-naheulbeuk-the-amulet-of-chaos-chicken-edition,The Dungeon Of Naheulbeuk: The Amulet Of Chaos [Chicken Edition],The Dungeon Of Naheulbeuk: The Amulet Of Chaos [Chicken Edition],PAL España,standard,GAME_OR_UNKNOWN,PHYSICAL_PUBLISHER_OR_DISTRIBUTOR,,Dear Villagers,HIGH,GAME_WORK | PS4_RELEASE,ADD_OR_CONFIRM_CREDIT,"Coincidencia rápida: LAUNCHBOX_PS4, STEAM, WIKIDATA.",https://gamesdb.launchbox-app.com/games/details/473142,https://store.steampowered.com/app/970830,ADD,,dear-villagers,Dear Villagers,https://gamesdb.launchbox-app.com/games/details/473142 | https://store.steampowered.com/app/970830,,,2026-09-05,company-credit-ps4-pal-rapid-review-2026-09-05
ps4-the-elf-on-the-shelf-christmas-heroes,The Elf On The Shelf: Christmas Heroes,The Elf On The Shelf: Christmas Heroes,PAL España,standard,GAME_OR_UNKNOWN,PHYSICAL_PUBLISHER_OR_DISTRIBUTOR,,Outright Games,HIGH,GAME_WORK,ADD_OR_CONFIRM_CREDIT,"Coincidencia rápida: STEAM, WIKIDATA.",https://store.steampowered.com/app/3210120,https://www.wikidata.org/entity/Q135471095,ADD,,outright-games,Outright Games LTD,https://store.steampowered.com/app/3210120 | https://www.wikidata.org/entity/Q135471095,,,2026-09-05,company-credit-ps4-pal-rapid-review-2026-09-05
ps4-the-escapists-the-walking-dead-edition,The Escapists: The Walking Dead Edition,The Escapists: The Walking Dead Edition,PAL España,standard,GAME_OR_UNKNOWN,DEVELOPER,,Team17,HIGH,EXACT_TITLE_OR_EDITION_FAMILY,ADD_OR_CONFIRM_CREDIT,Crédito verificado para la obra base y aplicado únicamente a esta edición: Team17.,https://www.team17.com/games/the-escapists-the-walking-dead/,,ADD,,team17,Team17,https://www.team17.com/games/the-escapists-the-walking-dead/,,,2026-09-05,company-credit-ps4-pal-rapid-review-2026-09-05
ps4-the-escapists-the-walking-dead-edition,The Escapists: The Walking Dead Edition,The Escapists: The Walking Dead Edition,PAL España,standard,GAME_OR_UNKNOWN,PHYSICAL_PUBLISHER_OR_DISTRIBUTOR,,Team17,HIGH,EXACT_TITLE_OR_EDITION_FAMILY,ADD_OR_CONFIRM_CREDIT,Crédito verificado para la obra base y aplicado únicamente a esta edición: Team17.,https://www.team17.com/games/the-escapists-the-walking-dead/,,ADD,,team17,Team17,https://www.team17.com/games/the-escapists-the-walking-dead/,,,2026-09-05,company-credit-ps4-pal-rapid-review-2026-09-05
ps4-the-evil-within-double-feature,The Evil Within [Double Feature],The Evil Within [Double Feature],PAL España,standard,GAME_OR_UNKNOWN,DEVELOPER,,Tango Gameworks,HIGH,GAME_WORK | PS4_RELEASE,ADD_OR_CONFIRM_CREDIT,"Coincidencia rápida: LAUNCHBOX_PS4, STEAM, WIKIDATA.",https://gamesdb.launchbox-app.com/games/details/20777,https://store.steampowered.com/app/268050,ADD,,tango-gameworks,Tango Gameworks,https://gamesdb.launchbox-app.com/games/details/20777 | https://store.steampowered.com/app/268050,,,2026-09-05,company-credit-ps4-pal-rapid-review-2026-09-05
ps4-the-evil-within-double-feature,The Evil Within [Double Feature],The Evil Within [Double Feature],PAL España,standard,GAME_OR_UNKNOWN,PHYSICAL_PUBLISHER_OR_DISTRIBUTOR,,Bethesda Softworks,HIGH,GAME_WORK,ADD_OR_CONFIRM_CREDIT,"Coincidencia rápida: STEAM, WIKIDATA.",https://store.steampowered.com/app/268050,https://www.wikidata.org/entity/Q3407139,ADD,,bethesda-softworks,Bethesda Softworks,https://store.steampowered.com/app/268050 | https://www.wikidata.org/entity/Q3407139,,,2026-09-05,company-credit-ps4-pal-rapid-review-2026-09-05
ps4-the-fisherman-fishing-planet,The Fisherman: Fishing Planet,The Fisherman: Fishing Planet,PAL España,standard,GAME_OR_UNKNOWN,PHYSICAL_PUBLISHER_OR_DISTRIBUTOR,,FISHING PLANET LLC,HIGH,DIGITAL_PS4_EU | GAME_WORK,ADD_OR_CONFIRM_CREDIT,"Coincidencia rápida: PLAYSTATION_STORE, STEAM.",https://store.playstation.com/es-es/product/EP4008-CUSA15477_00-0000000000000000,https://store.steampowered.com/app/1072480,ADD,,fishing-planet-llc,FISHING PLANET LLC,https://store.playstation.com/es-es/product/EP4008-CUSA15477_00-0000000000000000 | https://store.steampowered.com/app/1072480,,,2026-09-05,company-credit-ps4-pal-rapid-review-2026-09-05
ps4-the-girl-and-the-robot-deluxe-edition,The Girl and the Robot Deluxe Edition,The Girl and the Robot Deluxe Edition,PAL España,standard,EDITION_VARIANT,PHYSICAL_PUBLISHER_OR_DISTRIBUTOR,,FLYING CARPETS GAMES,HIGH,DIGITAL_PS4_EU | GAME_WORK | PS4_RELEASE,ADD_OR_CONFIRM_CREDIT,"Coincidencia rápida: LAUNCHBOX_PS4, PLAYSTATION_STORE, STEAM.",https://gamesdb.launchbox-app.com/games/details/217925,https://store.playstation.com/es-es/product/EP0266-CUSA09218_00-THEGIRLANDTHEROB,ADD,,flying-carpets-games,FLYING CARPETS GAMES,https://gamesdb.launchbox-app.com/games/details/217925 | https://store.playstation.com/es-es/product/EP0266-CUSA09218_00-THEGIRLANDTHEROB,,,2026-09-05,company-credit-ps4-pal-rapid-review-2026-09-05
ps4-the-golf-club-2019,The Golf Club 2019,The Golf Club 2019,PAL España,standard,GAME_OR_UNKNOWN,DEVELOPER,,HB Studios,HIGH,EXACT_TITLE_OR_EDITION_FAMILY,ADD_OR_CONFIRM_CREDIT,Crédito verificado para la obra base y aplicado únicamente a esta edición: HB Studios.,https://www.hb-studios.com/games,,ADD,,hb-studios,HB Studios,https://www.hb-studios.com/games,,,2026-09-05,company-credit-ps4-pal-rapid-review-2026-09-05
ps4-the-golf-club-2019,The Golf Club 2019,The Golf Club 2019,PAL España,standard,GAME_OR_UNKNOWN,PHYSICAL_PUBLISHER_OR_DISTRIBUTOR,,2K Games,HIGH,EXACT_TITLE_OR_EDITION_FAMILY,ADD_OR_CONFIRM_CREDIT,Crédito verificado para la obra base y aplicado únicamente a esta edición: 2K Games.,https://www.hb-studios.com/games,,ADD,,2k-games,2K Games,https://www.hb-studios.com/games,,,2026-09-05,company-credit-ps4-pal-rapid-review-2026-09-05
ps4-the-grand-tour-game,The Grand Tour Game,The Grand Tour Game,PAL España,standard,GAME_OR_UNKNOWN,DEVELOPER,,Amazon Game Studios,HIGH,EXACT_TITLE_OR_EDITION_FAMILY,ADD_OR_CONFIRM_CREDIT,Crédito verificado para la obra base y aplicado únicamente a esta edición: Amazon Game Studios.,https://www.amazongames.com/,,ADD,,amazon-game-studios,Amazon Game Studios,https://www.amazongames.com/,,,2026-09-05,company-credit-ps4-pal-rapid-review-2026-09-05
ps4-the-grand-tour-game,The Grand Tour Game,The Grand Tour Game,PAL España,standard,GAME_OR_UNKNOWN,PHYSICAL_PUBLISHER_OR_DISTRIBUTOR,,Amazon Game Studios,HIGH,EXACT_TITLE_OR_EDITION_FAMILY,ADD_OR_CONFIRM_CREDIT,Crédito verificado para la obra base y aplicado únicamente a esta edición: Amazon Game Studios.,https://www.amazongames.com/,,ADD,,amazon-game-studios,Amazon Game Studios,https://www.amazongames.com/,,,2026-09-05,company-credit-ps4-pal-rapid-review-2026-09-05
ps4-the-grinch-christmas-adventures,The Grinch: Christmas Adventures,The Grinch: Christmas Adventures,PAL España,standard,GAME_OR_UNKNOWN,PHYSICAL_PUBLISHER_OR_DISTRIBUTOR,,Outright Games,HIGH,EXACT_TITLE_OR_EDITION_FAMILY,ADD_OR_CONFIRM_CREDIT,Crédito verificado para la obra base y aplicado únicamente a esta edición: Outright Games.,https://www.outrightgames.com/games/the-grinch-christmas-adventures/,,ADD,,outright-games,Outright Games LTD,https://www.outrightgames.com/games/the-grinch-christmas-adventures/,,,2026-09-05,company-credit-ps4-pal-rapid-review-2026-09-05
ps4-the-house-of-dead-remake-limited-edition,The House of Dead Remake Limited Edition,The House of Dead Remake Limited Edition,PAL España,standard,EDITION_VARIANT,DEVELOPER,,MegaPixel Studio,HIGH,EXACT_TITLE_OR_EDITION_FAMILY,ADD_OR_CONFIRM_CREDIT,Crédito verificado para la obra base y aplicado únicamente a esta edición: MegaPixel Studio.,https://www.microids.com/game-the-house-of-the-dead-remake/,,ADD,,megapixel-studio,MegaPixel Studio,https://www.microids.com/game-the-house-of-the-dead-remake/,,,2026-09-05,company-credit-ps4-pal-rapid-review-2026-09-05
ps4-the-house-of-dead-remake-limited-edition,The House of Dead Remake Limited Edition,The House of Dead Remake Limited Edition,PAL España,standard,EDITION_VARIANT,PHYSICAL_PUBLISHER_OR_DISTRIBUTOR,,Microids,HIGH,EXACT_TITLE_OR_EDITION_FAMILY,ADD_OR_CONFIRM_CREDIT,Crédito verificado para la obra base y aplicado únicamente a esta edición: Microids.,https://www.microids.com/game-the-house-of-the-dead-remake/,,ADD,,microids,Microids,https://www.microids.com/game-the-house-of-the-dead-remake/,,,2026-09-05,company-credit-ps4-pal-rapid-review-2026-09-05
ps4-the-hunter-call-of-the-wild-2019,The Hunter: Call of the Wild 2019,The Hunter: Call of the Wild 2019,PAL España,standard,GAME_OR_UNKNOWN,DEVELOPER,,Expansive Worlds,HIGH,EXACT_TITLE_OR_EDITION_FAMILY,ADD_OR_CONFIRM_CREDIT,Crédito verificado para la obra base y aplicado únicamente a esta edición: Expansive Worlds.,https://callofthewild.thehunter.com/,,ADD,,expansive-worlds,Expansive Worlds,https://callofthewild.thehunter.com/,,,2026-09-05,company-credit-ps4-pal-rapid-review-2026-09-05
ps4-the-hunter-call-of-the-wild-2019,The Hunter: Call of the Wild 2019,The Hunter: Call of the Wild 2019,PAL España,standard,GAME_OR_UNKNOWN,PHYSICAL_PUBLISHER_OR_DISTRIBUTOR,,Avalanche Studios,HIGH,EXACT_TITLE_OR_EDITION_FAMILY,ADD_OR_CONFIRM_CREDIT,Crédito verificado para la obra base y aplicado únicamente a esta edición: Avalanche Studios.,https://callofthewild.thehunter.com/,,ADD,,avalanche-studios,Avalanche Studios,https://callofthewild.thehunter.com/,,,2026-09-05,company-credit-ps4-pal-rapid-review-2026-09-05
ps4-the-inner-world-the-last-wind-monk,The Inner World The Last Wind Monk,The Inner World The Last Wind Monk,PAL España,standard,GAME_OR_UNKNOWN,PHYSICAL_PUBLISHER_OR_DISTRIBUTOR,,Headup Games,HIGH,EXACT_TITLE_OR_EDITION_FAMILY,ADD_OR_CONFIRM_CREDIT,Crédito verificado para la obra base y aplicado únicamente a esta edición: Headup Games.,https://www.headupgames.com/game/the-inner-world-the-last-wind-monk,,ADD,,headup-games,HeadUp Games,https://www.headupgames.com/game/the-inner-world-the-last-wind-monk,,,2026-09-05,company-credit-ps4-pal-rapid-review-2026-09-05
ps4-the-journey-down-trilogy,The Journey Down Trilogy,The Journey Down Trilogy,PAL España,standard,POSSIBLE_COMPILATION_OR_MULTI_PRODUCT,DEVELOPER,,SkyGoblin,HIGH,EXACT_TITLE_OR_EDITION_FAMILY,ADD_OR_CONFIRM_CREDIT,Crédito verificado para la obra base y aplicado únicamente a esta edición: SkyGoblin.,https://www.strictlylimitedgames.com/,,ADD,,skygoblin,SkyGoblin,https://www.strictlylimitedgames.com/,,,2026-09-05,company-credit-ps4-pal-rapid-review-2026-09-05
ps4-the-journey-down-trilogy,The Journey Down Trilogy,The Journey Down Trilogy,PAL España,standard,POSSIBLE_COMPILATION_OR_MULTI_PRODUCT,PHYSICAL_PUBLISHER_OR_DISTRIBUTOR,,Strictly Limited Games,HIGH,EXACT_TITLE_OR_EDITION_FAMILY,ADD_OR_CONFIRM_CREDIT,Crédito verificado para la obra base y aplicado únicamente a esta edición: Strictly Limited Games.,https://www.strictlylimitedgames.com/,,ADD,,strictly-limited-games,Strictly Limited Games,https://www.strictlylimitedgames.com/,,,2026-09-05,company-credit-ps4-pal-rapid-review-2026-09-05
ps4-the-journey-down-trilogy-39-99,"The Journey Down Trilogy 39,99","The Journey Down Trilogy 39,99",PAL España,standard,POSSIBLE_COMPILATION_OR_MULTI_PRODUCT,DEVELOPER,,SkyGoblin,HIGH,EXACT_TITLE_OR_EDITION_FAMILY,ADD_OR_CONFIRM_CREDIT,Crédito verificado para la obra base y aplicado únicamente a esta edición: SkyGoblin.,https://www.strictlylimitedgames.com/,,ADD,,skygoblin,SkyGoblin,https://www.strictlylimitedgames.com/,,,2026-09-05,company-credit-ps4-pal-rapid-review-2026-09-05
ps4-the-journey-down-trilogy-39-99,"The Journey Down Trilogy 39,99","The Journey Down Trilogy 39,99",PAL España,standard,POSSIBLE_COMPILATION_OR_MULTI_PRODUCT,PHYSICAL_PUBLISHER_OR_DISTRIBUTOR,,Strictly Limited Games,HIGH,EXACT_TITLE_OR_EDITION_FAMILY,ADD_OR_CONFIRM_CREDIT,Crédito verificado para la obra base y aplicado únicamente a esta edición: Strictly Limited Games.,https://www.strictlylimitedgames.com/,,ADD,,strictly-limited-games,Strictly Limited Games,https://www.strictlylimitedgames.com/,,,2026-09-05,company-credit-ps4-pal-rapid-review-2026-09-05
ps4-the-karate-kid-street-rumble,The Karate Kid: Street Rumble,The Karate Kid: Street Rumble,PAL España,standard,GAME_OR_UNKNOWN,PHYSICAL_PUBLISHER_OR_DISTRIBUTOR,,GameMill Entertainment,HIGH,GAME_WORK | PS4_RELEASE,ADD_OR_CONFIRM_CREDIT,"Coincidencia rápida: LAUNCHBOX_PS4, STEAM.",https://gamesdb.launchbox-app.com/games/details/476380,https://store.steampowered.com/app/2549780,ADD,,gamemill-entertainment,GameMill Entertainment,https://gamesdb.launchbox-app.com/games/details/476380 | https://store.steampowered.com/app/2549780,,,2026-09-05,company-credit-ps4-pal-rapid-review-2026-09-05
ps4-the-king-of-fighters-collection-snk,The King of Fighters Collection SNK,The King of Fighters Collection SNK,PAL España,standard,POSSIBLE_COMPILATION_OR_MULTI_PRODUCT,DEVELOPER,,SNK,HIGH,EXACT_TITLE_OR_EDITION_FAMILY,ADD_OR_CONFIRM_CREDIT,Crédito verificado para la obra base y aplicado únicamente a esta edición: SNK.,https://www.snk-corp.co.jp/us/games/,,ADD,,snk,SNK Corporation,https://www.snk-corp.co.jp/us/games/,,,2026-09-05,company-credit-ps4-pal-rapid-review-2026-09-05
ps4-the-king-of-fighters-collection-snk,The King of Fighters Collection SNK,The King of Fighters Collection SNK,PAL España,standard,POSSIBLE_COMPILATION_OR_MULTI_PRODUCT,PHYSICAL_PUBLISHER_OR_DISTRIBUTOR,,SNK,HIGH,EXACT_TITLE_OR_EDITION_FAMILY,ADD_OR_CONFIRM_CREDIT,Crédito verificado para la obra base y aplicado únicamente a esta edición: SNK.,https://www.snk-corp.co.jp/us/games/,,ADD,,snk,SNK Corporation,https://www.snk-corp.co.jp/us/games/,,,2026-09-05,company-credit-ps4-pal-rapid-review-2026-09-05
ps4-the-knight-witch-deluxe-edition,The Knight Witch: Deluxe Edition,The Knight Witch: Deluxe Edition,PAL España,standard,EDITION_VARIANT,PHYSICAL_PUBLISHER_OR_DISTRIBUTOR,,Team17,HIGH,GAME_WORK | PS4_RELEASE,ADD_OR_CONFIRM_CREDIT,"Coincidencia rápida: LAUNCHBOX_PS4, STEAM, WIKIDATA.",https://gamesdb.launchbox-app.com/games/details/476381,https://store.steampowered.com/app/1872680,ADD,,team17,Team17,https://gamesdb.launchbox-app.com/games/details/476381 | https://store.steampowered.com/app/1872680,,,2026-09-05,company-credit-ps4-pal-rapid-review-2026-09-05
ps4-the-last-guardian-concept-art-sleeve,The Last Guardian [Concept Art Sleeve],The Last Guardian [Concept Art Sleeve],PAL España,standard,GAME_OR_UNKNOWN,DEVELOPER,,Japan Studio | genDESIGN,HIGH,EXACT_TITLE_OR_EDITION_FAMILY,ADD_OR_CONFIRM_CREDIT,Crédito verificado para la obra base y aplicado únicamente a esta edición: Japan Studio | genDESIGN.,https://www.playstation.com/en-gb/games/the-last-guardian/,,ADD,,japan-studio | gendesign,JAPAN Studio | genDESIGN,https://www.playstation.com/en-gb/games/the-last-guardian/,,,2026-09-05,company-credit-ps4-pal-rapid-review-2026-09-05
ps4-the-last-guardian-concept-art-sleeve,The Last Guardian [Concept Art Sleeve],The Last Guardian [Concept Art Sleeve],PAL España,standard,GAME_OR_UNKNOWN,PHYSICAL_PUBLISHER_OR_DISTRIBUTOR,,Sony Interactive Entertainment,HIGH,EXACT_TITLE_OR_EDITION_FAMILY,ADD_OR_CONFIRM_CREDIT,Crédito verificado para la obra base y aplicado únicamente a esta edición: Sony Interactive Entertainment.,https://www.playstation.com/en-gb/games/the-last-guardian/,,ADD,,sony-interactive-entertainment,Sony Interactive Entertainment,https://www.playstation.com/en-gb/games/the-last-guardian/,,,2026-09-05,company-credit-ps4-pal-rapid-review-2026-09-05
ps4-the-last-of-us-parte-2,The Last of US Parte 2,The Last of US Parte 2,PAL España,standard,GAME_OR_UNKNOWN,DEVELOPER,,Naughty Dog,HIGH,EXACT_TITLE_OR_EDITION_FAMILY,ADD_OR_CONFIRM_CREDIT,Crédito verificado para la obra base y aplicado únicamente a esta edición: Naughty Dog.,https://www.playstation.com/en-gb/games/the-last-of-us-part-ii/,,ADD,,naughty-dog,Naughty Dog,https://www.playstation.com/en-gb/games/the-last-of-us-part-ii/,,,2026-09-05,company-credit-ps4-pal-rapid-review-2026-09-05
ps4-the-last-of-us-parte-2,The Last of US Parte 2,The Last of US Parte 2,PAL España,standard,GAME_OR_UNKNOWN,PHYSICAL_PUBLISHER_OR_DISTRIBUTOR,,Sony Interactive Entertainment,HIGH,EXACT_TITLE_OR_EDITION_FAMILY,ADD_OR_CONFIRM_CREDIT,Crédito verificado para la obra base y aplicado únicamente a esta edición: Sony Interactive Entertainment.,https://www.playstation.com/en-gb/games/the-last-of-us-part-ii/,,ADD,,sony-interactive-entertainment,Sony Interactive Entertainment,https://www.playstation.com/en-gb/games/the-last-of-us-part-ii/,,,2026-09-05,company-credit-ps4-pal-rapid-review-2026-09-05
ps4-the-legend-of-heroes-trails-trought-daybreak,The Legend of Heroes : Trails Trought Daybreak,The Legend of Heroes : Trails Trought Daybreak,PAL España,standard,GAME_OR_UNKNOWN,DEVELOPER,,Nihon Falcom,HIGH,EXACT_TITLE_OR_EDITION_FAMILY,ADD_OR_CONFIRM_CREDIT,Crédito verificado para la obra base y aplicado únicamente a esta edición: Nihon Falcom.,https://www.nisamerica.com/games/trails-through-daybreak/,,ADD,,nihon-falcom,Nihon Falcom Corporation,https://www.nisamerica.com/games/trails-through-daybreak/,,,2026-09-05,company-credit-ps4-pal-rapid-review-2026-09-05
ps4-the-legend-of-heroes-trails-trought-daybreak,The Legend of Heroes : Trails Trought Daybreak,The Legend of Heroes : Trails Trought Daybreak,PAL España,standard,GAME_OR_UNKNOWN,PHYSICAL_PUBLISHER_OR_DISTRIBUTOR,,NIS America,HIGH,EXACT_TITLE_OR_EDITION_FAMILY,ADD_OR_CONFIRM_CREDIT,Crédito verificado para la obra base y aplicado únicamente a esta edición: NIS America.,https://www.nisamerica.com/games/trails-through-daybreak/,,ADD,,nis-america,NIS America,https://www.nisamerica.com/games/trails-through-daybreak/,,,2026-09-05,company-credit-ps4-pal-rapid-review-2026-09-05
ps4-the-legend-of-legacy-hd-remastered-deluxe-edition,The Legend Of Legacy HD Remastered [Deluxe Edition],The Legend Of Legacy HD Remastered [Deluxe Edition],PAL España,standard,EDITION_VARIANT,PHYSICAL_PUBLISHER_OR_DISTRIBUTOR,,NIS America,HIGH,GAME_WORK | PS4_RELEASE,ADD_OR_CONFIRM_CREDIT,"Coincidencia rápida: LAUNCHBOX_PS4, STEAM.",https://gamesdb.launchbox-app.com/games/details/476417,https://store.steampowered.com/app/2516220,ADD,,nis-america,NIS America,https://gamesdb.launchbox-app.com/games/details/476417 | https://store.steampowered.com/app/2516220,,,2026-09-05,company-credit-ps4-pal-rapid-review-2026-09-05
ps4-the-long-journey-home,The Long Journey Home,The Long Journey Home,PAL España,standard,GAME_OR_UNKNOWN,PHYSICAL_PUBLISHER_OR_DISTRIBUTOR,,DAEDALIC ENTERTAINMENT,HIGH,DIGITAL_PS4_EU | GAME_WORK | PS4_RELEASE,ADD_OR_CONFIRM_CREDIT,"Coincidencia rápida: LAUNCHBOX_PS4, PLAYSTATION_STORE, STEAM, WIKIDATA.",https://gamesdb.launchbox-app.com/games/details/473422,https://store.playstation.com/es-es/product/EP8923-CUSA12869_00-DEAEUTLJH0000001,ADD,,daedalic-entertainment,Daedalic Entertainment,https://gamesdb.launchbox-app.com/games/details/473422 | https://store.playstation.com/es-es/product/EP8923-CUSA12869_00-DEAEUTLJH0000001,,,2026-09-05,company-credit-ps4-pal-rapid-review-2026-09-05
ps4-the-professionals-farming-&amp;-forestry,The Professionals: Farming & Forestry,The Professionals: Farming & Forestry,PAL España,standard,GAME_OR_UNKNOWN,DEVELOPER,,VIS-Games,HIGH,EXACT_TITLE_OR_EDITION_FAMILY,ADD_OR_CONFIRM_CREDIT,Crédito verificado para la obra base y aplicado únicamente a esta edición: VIS-Games.,https://www.uieg.de/,,ADD,,vis-games,VIS Games,https://www.uieg.de/,,,2026-09-05,company-credit-ps4-pal-rapid-review-2026-09-05
ps4-the-professionals-farming-&amp;-forestry,The Professionals: Farming & Forestry,The Professionals: Farming & Forestry,PAL España,standard,GAME_OR_UNKNOWN,PHYSICAL_PUBLISHER_OR_DISTRIBUTOR,,United Independent Entertainment,HIGH,EXACT_TITLE_OR_EDITION_FAMILY,ADD_OR_CONFIRM_CREDIT,Crédito verificado para la obra base y aplicado únicamente a esta edición: United Independent Entertainment.,https://www.uieg.de/,,ADD,,united-independent-entertainment,United Independent Entertainment,https://www.uieg.de/,,,2026-09-05,company-credit-ps4-pal-rapid-review-2026-09-05
ps4-the-quest-for-excalibur-puy-du-fou,The Quest for Excalibur: Puy du Fou,The Quest for Excalibur: Puy du Fou,PAL España,standard,GAME_OR_UNKNOWN,PHYSICAL_PUBLISHER_OR_DISTRIBUTOR,,Microids,HIGH,DIGITAL_PS4_EU | GAME_WORK,ADD_OR_CONFIRM_CREDIT,"Coincidencia rápida: PLAYSTATION_STORE, STEAM.",https://store.playstation.com/es-es/product/EP4295-CUSA32998_00-PUYDUFOUPS4000EU,https://store.steampowered.com/app/1903170,ADD,,microids,Microids,https://store.playstation.com/es-es/product/EP4295-CUSA32998_00-PUYDUFOUPS4000EU | https://store.steampowered.com/app/1903170,,,2026-09-05,company-credit-ps4-pal-rapid-review-2026-09-05
ps4-the-sims-4-plus-cats-and-dogs,The Sims 4 Plus Cats and Dogs,The Sims 4 Plus Cats and Dogs,PAL España,standard,GAME_OR_UNKNOWN,DEVELOPER,,Maxis,HIGH,EXACT_TITLE_OR_EDITION_FAMILY,ADD_OR_CONFIRM_CREDIT,Crédito verificado para la obra base y aplicado únicamente a esta edición: Maxis.,https://www.ea.com/games/the-sims/the-sims-4,,ADD,,maxis,Maxis,https://www.ea.com/games/the-sims/the-sims-4,,,2026-09-05,company-credit-ps4-pal-rapid-review-2026-09-05
ps4-the-sims-4-plus-cats-and-dogs,The Sims 4 Plus Cats and Dogs,The Sims 4 Plus Cats and Dogs,PAL España,standard,GAME_OR_UNKNOWN,PHYSICAL_PUBLISHER_OR_DISTRIBUTOR,,Electronic Arts,HIGH,EXACT_TITLE_OR_EDITION_FAMILY,ADD_OR_CONFIRM_CREDIT,Crédito verificado para la obra base y aplicado únicamente a esta edición: Electronic Arts.,https://www.ea.com/games/the-sims/the-sims-4,,ADD,,electronic-arts,Electronic Arts,https://www.ea.com/games/the-sims/the-sims-4,,,2026-09-05,company-credit-ps4-pal-rapid-review-2026-09-05
ps4-the-sisters-party-of-the-year,The Sisters: Party of the Year,The Sisters: Party of the Year,PAL España,standard,GAME_OR_UNKNOWN,PHYSICAL_PUBLISHER_OR_DISTRIBUTOR,,Microids,HIGH,DIGITAL_PS4_EU | GAME_WORK | PS4_RELEASE,ADD_OR_CONFIRM_CREDIT,"Coincidencia rápida: LAUNCHBOX_PS4, PLAYSTATION_STORE, STEAM.",https://gamesdb.launchbox-app.com/games/details/473793,https://store.playstation.com/es-es/product/EP4295-CUSA26800_00-SISTERSPS40000EU,ADD,,microids,Microids,https://gamesdb.launchbox-app.com/games/details/473793 | https://store.playstation.com/es-es/product/EP4295-CUSA26800_00-SISTERSPS40000EU,,,2026-09-05,company-credit-ps4-pal-rapid-review-2026-09-05
ps4-the-smurfs-2-prisoner-of-the-green-stone,The Smurfs 2: Prisoner of the Green Stone,The Smurfs 2: Prisoner of the Green Stone,PAL España,standard,GAME_OR_UNKNOWN,DEVELOPER,,OSome Studio,HIGH,EXACT_TITLE_OR_EDITION_FAMILY,ADD_OR_CONFIRM_CREDIT,Crédito verificado para la obra base y aplicado únicamente a esta edición: OSome Studio.,https://www.microids.com/game-the-smurfs-2-the-prisoner-of-the-green-stone/,,ADD,,osome-studio,OSome Studio,https://www.microids.com/game-the-smurfs-2-the-prisoner-of-the-green-stone/,,,2026-09-05,company-credit-ps4-pal-rapid-review-2026-09-05
ps4-the-texas-chainsaw-massacre,The Texas Chainsaw Massacre,The Texas Chainsaw Massacre,PAL España,standard,GAME_OR_UNKNOWN,DEVELOPER,,Sumo Nottingham,HIGH,EXACT_TITLE_OR_EDITION_FAMILY,ADD_OR_CONFIRM_CREDIT,Crédito verificado para la obra base y aplicado únicamente a esta edición: Sumo Nottingham.,https://www.txchainsawgame.com/,,ADD,,sumo-nottingham,Sumo Nottingham,https://www.txchainsawgame.com/,,,2026-09-05,company-credit-ps4-pal-rapid-review-2026-09-05
ps4-the-texas-chainsaw-massacre,The Texas Chainsaw Massacre,The Texas Chainsaw Massacre,PAL España,standard,GAME_OR_UNKNOWN,PHYSICAL_PUBLISHER_OR_DISTRIBUTOR,,Gun Interactive,HIGH,EXACT_TITLE_OR_EDITION_FAMILY,ADD_OR_CONFIRM_CREDIT,Crédito verificado para la obra base y aplicado únicamente a esta edición: Gun Interactive.,https://www.txchainsawgame.com/,,ADD,,gun-interactive,Gun Interactive,https://www.txchainsawgame.com/,,,2026-09-05,company-credit-ps4-pal-rapid-review-2026-09-05
ps4-the-truth-is-out-here-mystery-adventure-pack,The Truth is Out Here Mystery Adventure Pack,The Truth is Out Here: Mystery Adventure Pack,PAL España,standard,GAME_OR_UNKNOWN,PHYSICAL_PUBLISHER_OR_DISTRIBUTOR,,Funbox Media,HIGH,EXACT_PS4_PHYSICAL_COMPILATION,ADD_PHYSICAL_PUBLISHER_OR_DISTRIBUTOR,La edición PS4 consultada atribuye la publicación o distribución física a Funbox Media.,https://funboxmedia.co.uk/,,ADD,,funbox-media,Funbox Media,https://funboxmedia.co.uk/,,,2026-09-05,company-credit-ps4-pal-rapid-review-2026-09-05
ps4-the-truth-is-out-there-mystery-adventure-pack,The Truth Is Out There: Mystery Adventure Pack,The Truth Is Out There: Mystery Adventure Pack,PAL España,standard,GAME_OR_UNKNOWN,PHYSICAL_PUBLISHER_OR_DISTRIBUTOR,,Funbox Media,HIGH,EXACT_PS4_PHYSICAL_COMPILATION,ADD_PHYSICAL_PUBLISHER_OR_DISTRIBUTOR,La edición PS4 consultada atribuye la publicación o distribución física a Funbox Media.,https://funboxmedia.co.uk/,,ADD,,funbox-media,Funbox Media,https://funboxmedia.co.uk/,,,2026-09-05,company-credit-ps4-pal-rapid-review-2026-09-05
ps4-the-unicorn-princess,The Unicorn Princess,The Unicorn Princess,PAL España,standard,GAME_OR_UNKNOWN,DIGITAL_PUBLISHER,,NACON SA,HIGH,DIGITAL_PS4_EU,ADD_OR_CONFIRM_CREDIT,Coincidencia rápida: PLAYSTATION_STORE.,https://store.playstation.com/es-es/product/EP4008-CUSA16783_00-TUPSIEE000000000,,ADD,,nacon,Nacon,https://store.playstation.com/es-es/product/EP4008-CUSA16783_00-TUPSIEE000000000,,,2026-09-05,company-credit-ps4-pal-rapid-review-2026-09-05
ps4-the-voice,The Voice,The Voice,PAL España,standard,GAME_OR_UNKNOWN,DEVELOPER,,Voxler,HIGH,EXACT_TITLE_OR_EDITION_FAMILY,ADD_OR_CONFIRM_CREDIT,Crédito verificado para la obra base y aplicado únicamente a esta edición: Voxler.,https://www.voxler.fr/games/,,ADD,,voxler,Voxler SAS,https://www.voxler.fr/games/,,,2026-09-05,company-credit-ps4-pal-rapid-review-2026-09-05
ps4-the-voice,The Voice,The Voice,PAL España,standard,GAME_OR_UNKNOWN,PHYSICAL_PUBLISHER_OR_DISTRIBUTOR,,Bigben Interactive,HIGH,EXACT_TITLE_OR_EDITION_FAMILY,ADD_OR_CONFIRM_CREDIT,Crédito verificado para la obra base y aplicado únicamente a esta edición: Bigben Interactive.,https://www.voxler.fr/games/,,ADD,,bigben-interactive,BigBen Interactive,https://www.voxler.fr/games/,,,2026-09-05,company-credit-ps4-pal-rapid-review-2026-09-05
ps4-the-voice-of-germany,The Voice Of Germany,The Voice Of Germany,PAL España,standard,GAME_OR_UNKNOWN,DEVELOPER,,Voxler,HIGH,EXACT_TITLE_OR_EDITION_FAMILY,ADD_OR_CONFIRM_CREDIT,Crédito verificado para la obra base y aplicado únicamente a esta edición: Voxler.,https://www.voxler.fr/games/,,ADD,,voxler,Voxler SAS,https://www.voxler.fr/games/,,,2026-09-05,company-credit-ps4-pal-rapid-review-2026-09-05
ps4-the-voice-of-germany,The Voice Of Germany,The Voice Of Germany,PAL España,standard,GAME_OR_UNKNOWN,PHYSICAL_PUBLISHER_OR_DISTRIBUTOR,,Bigben Interactive,HIGH,EXACT_TITLE_OR_EDITION_FAMILY,ADD_OR_CONFIRM_CREDIT,Crédito verificado para la obra base y aplicado únicamente a esta edición: Bigben Interactive.,https://www.voxler.fr/games/,,ADD,,bigben-interactive,BigBen Interactive,https://www.voxler.fr/games/,,,2026-09-05,company-credit-ps4-pal-rapid-review-2026-09-05
ps4-the-walking-dead-collection,The Walking Dead Collection,The Walking Dead Collection,PAL España,standard,POSSIBLE_COMPILATION_OR_MULTI_PRODUCT,DEVELOPER,TellTale Games,Telltale Games,HIGH,EXACT_TITLE_OR_EDITION_FAMILY,ADD_OR_CONFIRM_CREDIT,Crédito verificado para la obra base y aplicado únicamente a esta edición: Telltale Games.,https://telltale.com/the-walking-dead/,,CONFIRM,TellTale Games,telltale-games,TellTale Games,https://telltale.com/the-walking-dead/,,,2026-09-05,company-credit-ps4-pal-rapid-review-2026-09-05
ps4-the-walking-dead-collection,The Walking Dead Collection,The Walking Dead Collection,PAL España,standard,POSSIBLE_COMPILATION_OR_MULTI_PRODUCT,PHYSICAL_PUBLISHER_OR_DISTRIBUTOR,,Telltale Games,HIGH,EXACT_TITLE_OR_EDITION_FAMILY,ADD_OR_CONFIRM_CREDIT,Crédito verificado para la obra base y aplicado únicamente a esta edición: Telltale Games.,https://telltale.com/the-walking-dead/,,ADD,,telltale-games,TellTale Games,https://telltale.com/the-walking-dead/,,,2026-09-05,company-credit-ps4-pal-rapid-review-2026-09-05
ps4-the-walking-dead-onslaught,The Walking Dead Onslaught,The Walking Dead Onslaught,PAL España,standard,GAME_OR_UNKNOWN,PHYSICAL_PUBLISHER_OR_DISTRIBUTOR,,Telltale Games,HIGH,EXACT_TITLE_OR_EDITION_FAMILY,ADD_OR_CONFIRM_CREDIT,Crédito verificado para la obra base y aplicado únicamente a esta edición: Telltale Games.,https://telltale.com/the-walking-dead/,,ADD,,telltale-games,TellTale Games,https://telltale.com/the-walking-dead/,,,2026-09-05,company-credit-ps4-pal-rapid-review-2026-09-05
ps4-the-walking-dead-onslaught-survivors-edition,The Walking Dead Onslaught [Survivors Edition],The Walking Dead Onslaught [Survivors Edition],PAL España,standard,GAME_OR_UNKNOWN,PHYSICAL_PUBLISHER_OR_DISTRIBUTOR,,Telltale Games,HIGH,EXACT_TITLE_OR_EDITION_FAMILY,ADD_OR_CONFIRM_CREDIT,Crédito verificado para la obra base y aplicado únicamente a esta edición: Telltale Games.,https://telltale.com/the-walking-dead/,,ADD,,telltale-games,TellTale Games,https://telltale.com/the-walking-dead/,,,2026-09-05,company-credit-ps4-pal-rapid-review-2026-09-05
ps4-the-walking-dead-telltale,The Walking Dead Telltale,The Walking Dead Telltale,PAL España,standard,GAME_OR_UNKNOWN,DEVELOPER,,Telltale Games,HIGH,EXACT_TITLE_OR_EDITION_FAMILY,ADD_OR_CONFIRM_CREDIT,Crédito verificado para la obra base y aplicado únicamente a esta edición: Telltale Games.,https://telltale.com/the-walking-dead/,,ADD,,telltale-games,TellTale Games,https://telltale.com/the-walking-dead/,,,2026-09-05,company-credit-ps4-pal-rapid-review-2026-09-05
ps4-the-walking-dead-telltale,The Walking Dead Telltale,The Walking Dead Telltale,PAL España,standard,GAME_OR_UNKNOWN,PHYSICAL_PUBLISHER_OR_DISTRIBUTOR,,Telltale Games,HIGH,EXACT_TITLE_OR_EDITION_FAMILY,ADD_OR_CONFIRM_CREDIT,Crédito verificado para la obra base y aplicado únicamente a esta edición: Telltale Games.,https://telltale.com/the-walking-dead/,,ADD,,telltale-games,TellTale Games,https://telltale.com/the-walking-dead/,,,2026-09-05,company-credit-ps4-pal-rapid-review-2026-09-05
ps4-the-walking-dead-a-new-frontier,The Walking Dead: A New Frontier,The Walking Dead: A New Frontier,PAL España,standard,GAME_OR_UNKNOWN,PHYSICAL_PUBLISHER_OR_DISTRIBUTOR,,Telltale Games,HIGH,EXACT_TITLE_OR_EDITION_FAMILY,ADD_OR_CONFIRM_CREDIT,Crédito verificado para la obra base y aplicado únicamente a esta edición: Telltale Games.,https://telltale.com/the-walking-dead/,,ADD,,telltale-games,TellTale Games,https://telltale.com/the-walking-dead/,,,2026-09-05,company-credit-ps4-pal-rapid-review-2026-09-05
ps4-the-walking-dead-complete-first-season,The Walking Dead: Complete First Season,The Walking Dead: Complete First Season,PAL España,standard,GAME_OR_UNKNOWN,DEVELOPER,,Telltale Games,HIGH,EXACT_TITLE_OR_EDITION_FAMILY,ADD_OR_CONFIRM_CREDIT,Crédito verificado para la obra base y aplicado únicamente a esta edición: Telltale Games.,https://telltale.com/the-walking-dead/,,ADD,,telltale-games,TellTale Games,https://telltale.com/the-walking-dead/,,,2026-09-05,company-credit-ps4-pal-rapid-review-2026-09-05
ps4-the-walking-dead-complete-first-season,The Walking Dead: Complete First Season,The Walking Dead: Complete First Season,PAL España,standard,GAME_OR_UNKNOWN,PHYSICAL_PUBLISHER_OR_DISTRIBUTOR,,Telltale Games,HIGH,EXACT_TITLE_OR_EDITION_FAMILY,ADD_OR_CONFIRM_CREDIT,Crédito verificado para la obra base y aplicado únicamente a esta edición: Telltale Games.,https://telltale.com/the-walking-dead/,,ADD,,telltale-games,TellTale Games,https://telltale.com/the-walking-dead/,,,2026-09-05,company-credit-ps4-pal-rapid-review-2026-09-05
ps4-the-walking-dead-complete-first-season-game-of-the-year,The Walking Dead: Complete First Season [Game of the Year],The Walking Dead: Complete First Season [Game of the Year],PAL España,standard,GAME_OR_UNKNOWN,DEVELOPER,,Telltale Games,HIGH,EXACT_TITLE_OR_EDITION_FAMILY,ADD_OR_CONFIRM_CREDIT,Crédito verificado para la obra base y aplicado únicamente a esta edición: Telltale Games.,https://telltale.com/the-walking-dead/,,ADD,,telltale-games,TellTale Games,https://telltale.com/the-walking-dead/,,,2026-09-05,company-credit-ps4-pal-rapid-review-2026-09-05
ps4-the-walking-dead-complete-first-season-game-of-the-year,The Walking Dead: Complete First Season [Game of the Year],The Walking Dead: Complete First Season [Game of the Year],PAL España,standard,GAME_OR_UNKNOWN,PHYSICAL_PUBLISHER_OR_DISTRIBUTOR,,Telltale Games,HIGH,EXACT_TITLE_OR_EDITION_FAMILY,ADD_OR_CONFIRM_CREDIT,Crédito verificado para la obra base y aplicado únicamente a esta edición: Telltale Games.,https://telltale.com/the-walking-dead/,,ADD,,telltale-games,TellTale Games,https://telltale.com/the-walking-dead/,,,2026-09-05,company-credit-ps4-pal-rapid-review-2026-09-05
ps4-the-walking-dead-final-season,The Walking Dead: Final Season,The Walking Dead: Final Season,PAL España,standard,GAME_OR_UNKNOWN,DEVELOPER,,Telltale Games,HIGH,EXACT_TITLE_OR_EDITION_FAMILY,ADD_OR_CONFIRM_CREDIT,Crédito verificado para la obra base y aplicado únicamente a esta edición: Telltale Games.,https://telltale.com/the-walking-dead/,,ADD,,telltale-games,TellTale Games,https://telltale.com/the-walking-dead/,,,2026-09-05,company-credit-ps4-pal-rapid-review-2026-09-05
ps4-the-walking-dead-final-season,The Walking Dead: Final Season,The Walking Dead: Final Season,PAL España,standard,GAME_OR_UNKNOWN,PHYSICAL_PUBLISHER_OR_DISTRIBUTOR,,Telltale Games,HIGH,EXACT_TITLE_OR_EDITION_FAMILY,ADD_OR_CONFIRM_CREDIT,Crédito verificado para la obra base y aplicado únicamente a esta edición: Telltale Games.,https://telltale.com/the-walking-dead/,,ADD,,telltale-games,TellTale Games,https://telltale.com/the-walking-dead/,,,2026-09-05,company-credit-ps4-pal-rapid-review-2026-09-05
ps4-the-walking-dead-saints-&amp;-sinners,The Walking Dead: Saints & Sinners,The Walking Dead: Saints & Sinners,PAL España,standard,GAME_OR_UNKNOWN,PHYSICAL_PUBLISHER_OR_DISTRIBUTOR,,Telltale Games,HIGH,EXACT_TITLE_OR_EDITION_FAMILY,ADD_OR_CONFIRM_CREDIT,Crédito verificado para la obra base y aplicado únicamente a esta edición: Telltale Games.,https://telltale.com/the-walking-dead/,,ADD,,telltale-games,TellTale Games,https://telltale.com/the-walking-dead/,,,2026-09-05,company-credit-ps4-pal-rapid-review-2026-09-05
ps4-the-walking-dead-saints-&amp;-sinners-chapter-2-retribution-payback-edition,The Walking Dead: Saints & Sinners Chapter 2 - Retribution [Payback Edition],The Walking Dead: Saints & Sinners Chapter 2 - Retribution [Payback Edition],PAL España,standard,GAME_OR_UNKNOWN,PHYSICAL_PUBLISHER_OR_DISTRIBUTOR,,Telltale Games,HIGH,EXACT_TITLE_OR_EDITION_FAMILY,ADD_OR_CONFIRM_CREDIT,Crédito verificado para la obra base y aplicado únicamente a esta edición: Telltale Games.,https://telltale.com/the-walking-dead/,,ADD,,telltale-games,TellTale Games,https://telltale.com/the-walking-dead/,,,2026-09-05,company-credit-ps4-pal-rapid-review-2026-09-05
ps4-the-walking-dead-the-telltale-series-collection,The Walking Dead: The Telltale Series Collection,The Walking Dead: The Telltale Series Collection,PAL España,standard,POSSIBLE_COMPILATION_OR_MULTI_PRODUCT,DEVELOPER,,Telltale Games,HIGH,EXACT_TITLE_OR_EDITION_FAMILY,ADD_OR_CONFIRM_CREDIT,Crédito verificado para la obra base y aplicado únicamente a esta edición: Telltale Games.,https://telltale.com/the-walking-dead/,,ADD,,telltale-games,TellTale Games,https://telltale.com/the-walking-dead/,,,2026-09-05,company-credit-ps4-pal-rapid-review-2026-09-05
ps4-the-walking-dead-the-telltale-series-collection,The Walking Dead: The Telltale Series Collection,The Walking Dead: The Telltale Series Collection,PAL España,standard,POSSIBLE_COMPILATION_OR_MULTI_PRODUCT,PHYSICAL_PUBLISHER_OR_DISTRIBUTOR,,Telltale Games,HIGH,EXACT_TITLE_OR_EDITION_FAMILY,ADD_OR_CONFIRM_CREDIT,Crédito verificado para la obra base y aplicado únicamente a esta edición: Telltale Games.,https://telltale.com/the-walking-dead/,,ADD,,telltale-games,TellTale Games,https://telltale.com/the-walking-dead/,,,2026-09-05,company-credit-ps4-pal-rapid-review-2026-09-05
ps4-the-witcher-3-wild-hunt-expansion-pack-hearts-of-stone,The Witcher 3: Wild Hunt [Expansion Pack Hearts Of Stone],The Witcher 3: Wild Hunt [Expansion Pack Hearts Of Stone],PAL España,standard,BUNDLE_OR_MULTI_PRODUCT,DEVELOPER,CD Projekt RED,CD PROJEKT RED,HIGH,GAME_WORK | PS4_RELEASE,ADD_OR_CONFIRM_CREDIT,"Coincidencia rápida: LAUNCHBOX_PS4, STEAM, WIKIDATA.",https://gamesdb.launchbox-app.com/games/details/454990,https://store.steampowered.com/app/292030,CONFIRM,CD Projekt RED,cd-projekt-red,CD Projekt RED,https://gamesdb.launchbox-app.com/games/details/454990 | https://store.steampowered.com/app/292030,,,2026-09-05,company-credit-ps4-pal-rapid-review-2026-09-05
ps4-the-wizards,The Wizards,The Wizards,PAL España,standard,GAME_OR_UNKNOWN,DIGITAL_PUBLISHER,,CARBON GAMES LIMITED,HIGH,DIGITAL_PS4_EU,ADD_OR_CONFIRM_CREDIT,Coincidencia rápida: PLAYSTATION_STORE.,https://store.playstation.com/es-es/product/EP3151-CUSA12623_00-THEWIZARDS000001,,ADD,,carbon-games-limited,CARBON GAMES LIMITED,https://store.playstation.com/es-es/product/EP3151-CUSA12623_00-THEWIZARDS000001,,,2026-09-05,company-credit-ps4-pal-rapid-review-2026-09-05
ps4-the-yakuza-remastered-collection,The Yakuza Remastered Collection,The Yakuza Remastered Collection,PAL España,standard,POSSIBLE_COMPILATION_OR_MULTI_PRODUCT,DEVELOPER,Ryu ga Gotoku Studios,Ryu Ga Gotoku Studio,HIGH,EXACT_TITLE_OR_EDITION_FAMILY,ADD_OR_CONFIRM_CREDIT,Crédito verificado para la obra base y aplicado únicamente a esta edición: Ryu Ga Gotoku Studio.,https://games.sega.com/yakuza-remastered/,,REPLACE,Ryu ga Gotoku Studios,ryu-ga-gotoku-studio,Ryu Ga Gotoku Studio,https://games.sega.com/yakuza-remastered/,,,2026-09-05,company-credit-ps4-pal-rapid-review-2026-09-05
ps4-theatrhythm-final-bar-line,Theatrhythm Final Bar Line,Theatrhythm Final Bar Line,PAL España,standard,GAME_OR_UNKNOWN,PHYSICAL_PUBLISHER_OR_DISTRIBUTOR,,Square Enix,HIGH,DIGITAL_PS4_EU | GAME_WORK | PS4_RELEASE,ADD_OR_CONFIRM_CREDIT,"Coincidencia rápida: LAUNCHBOX_PS4, PLAYSTATION_STORE, WIKIDATA.",https://gamesdb.launchbox-app.com/games/details/441527,https://store.playstation.com/es-es/product/EP0082-CUSA32853_00-TFBL000000000000,ADD,,square-enix,Square Enix,https://gamesdb.launchbox-app.com/games/details/441527 | https://store.playstation.com/es-es/product/EP0082-CUSA32853_00-TFBL000000000000,,,2026-09-05,company-credit-ps4-pal-rapid-review-2026-09-05
ps4-them%27s-fightin%27-herds-deluxe-edition,Them's Fightin' Herds [Deluxe Edition],Them's Fightin' Herds [Deluxe Edition],PAL España,standard,EDITION_VARIANT,PHYSICAL_PUBLISHER_OR_DISTRIBUTOR,,Maximum Games,HIGH,EXACT_TITLE_OR_EDITION_FAMILY,ADD_OR_CONFIRM_CREDIT,Crédito verificado para la obra base y aplicado únicamente a esta edición: Maximum Games.,https://www.maximumgames.com/thems-fightin-herds/,,ADD,,maximum-games,Maximum Games,https://www.maximumgames.com/thems-fightin-herds/,,,2026-09-05,company-credit-ps4-pal-rapid-review-2026-09-05
ps4-theseus,Theseus,Theseus,PAL España,standard,GAME_OR_UNKNOWN,DIGITAL_PUBLISHER,,FORGE REPLY S.R.L.,HIGH,DIGITAL_PS4_EU,ADD_OR_CONFIRM_CREDIT,Coincidencia rápida: PLAYSTATION_STORE.,https://store.playstation.com/es-es/product/EP4523-CUSA08491_00-THESEUSVR0000000,,ADD,,forge-reply-s-r-l,FORGE REPLY S.R.L.,https://store.playstation.com/es-es/product/EP4523-CUSA08491_00-THESEUSVR0000000,,,2026-09-05,company-credit-ps4-pal-rapid-review-2026-09-05
ps4-they-always-run,They Always Run,They Always Run,PAL España,standard,GAME_OR_UNKNOWN,PHYSICAL_PUBLISHER_OR_DISTRIBUTOR,,Alawar Premium,HIGH,GAME_WORK | PS4_RELEASE,ADD_OR_CONFIRM_CREDIT,"Coincidencia rápida: LAUNCHBOX_PS4, WIKIDATA.",https://gamesdb.launchbox-app.com/games/details/476939,https://www.wikidata.org/entity/Q109852583,ADD,,alawar-premium,Alawar Premium,https://gamesdb.launchbox-app.com/games/details/476939 | https://www.wikidata.org/entity/Q109852583,,,2026-09-05,company-credit-ps4-pal-rapid-review-2026-09-05
ps4-they-always-run-collector%27s-edition,They Always Run [Collector's Edition],They Always Run [Collector's Edition],PAL España,standard,EDITION_VARIANT,PHYSICAL_PUBLISHER_OR_DISTRIBUTOR,,Alawar Premium,HIGH,GAME_WORK | PS4_RELEASE,ADD_OR_CONFIRM_CREDIT,"Coincidencia rápida: LAUNCHBOX_PS4, WIKIDATA.",https://gamesdb.launchbox-app.com/games/details/476939,https://www.wikidata.org/entity/Q109852583,ADD,,alawar-premium,Alawar Premium,https://gamesdb.launchbox-app.com/games/details/476939 | https://www.wikidata.org/entity/Q109852583,,,2026-09-05,company-credit-ps4-pal-rapid-review-2026-09-05
ps4-tiebreak-official-game-of-the-atp-and-wta,Tiebreak: Official Game Of The ATP And WTA,Tiebreak: Official Game Of The ATP And WTA,PAL España,standard,GAME_OR_UNKNOWN,PHYSICAL_PUBLISHER_OR_DISTRIBUTOR,,Nacon,HIGH,EXACT_TITLE_OR_EDITION_FAMILY,ADD_OR_CONFIRM_CREDIT,Crédito verificado para la obra base y aplicado únicamente a esta edición: Nacon.,https://www.nacongaming.com/tiebreak,,ADD,,nacon,Nacon,https://www.nacongaming.com/tiebreak,,,2026-09-05,company-credit-ps4-pal-rapid-review-2026-09-05
ps4-tintin-reporter-cigars-of-the-pharaoh-collector%27s-edition,Tintin Reporter: Cigars Of The Pharaoh [Collector's Edition],Tintin Reporter: Cigars Of The Pharaoh [Collector's Edition],PAL España,standard,EDITION_VARIANT,PHYSICAL_PUBLISHER_OR_DISTRIBUTOR,,Microids,HIGH,GAME_WORK | PS4_RELEASE,ADD_OR_CONFIRM_CREDIT,"Coincidencia rápida: LAUNCHBOX_PS4, STEAM.",https://gamesdb.launchbox-app.com/games/details/455779,https://store.steampowered.com/app/2125090,ADD,,microids,Microids,https://gamesdb.launchbox-app.com/games/details/455779 | https://store.steampowered.com/app/2125090,,,2026-09-05,company-credit-ps4-pal-rapid-review-2026-09-05
ps4-tintin-reporter-cigars-of-the-pharaoh-limited-edition,Tintin Reporter: Cigars of the Pharaoh [Limited Edition],Tintin Reporter: Cigars of the Pharaoh [Limited Edition],PAL España,standard,EDITION_VARIANT,PHYSICAL_PUBLISHER_OR_DISTRIBUTOR,,Microids,HIGH,GAME_WORK | PS4_RELEASE,ADD_OR_CONFIRM_CREDIT,"Coincidencia rápida: LAUNCHBOX_PS4, STEAM.",https://gamesdb.launchbox-app.com/games/details/455779,https://store.steampowered.com/app/2125090,ADD,,microids,Microids,https://gamesdb.launchbox-app.com/games/details/455779 | https://store.steampowered.com/app/2125090,,,2026-09-05,company-credit-ps4-pal-rapid-review-2026-09-05
ps4-titan-quest-collector%27s-edition,Titan Quest [Collector's Edition],Titan Quest [Collector's Edition],PAL España,standard,EDITION_VARIANT,PHYSICAL_PUBLISHER_OR_DISTRIBUTOR,,THQ Nordic,HIGH,PS4_RELEASE | SAME_WORK_EDITION,ADD_OR_CONFIRM_CREDIT,"Coincidencia rápida: LAUNCHBOX_PS4, VERIFIED_PAL_SIBLING.",https://gamesdb.launchbox-app.com/games/details/473985,,ADD,,thq-nordic,THQ Nordic GmbH,https://gamesdb.launchbox-app.com/games/details/473985,,,2026-09-05,company-credit-ps4-pal-rapid-review-2026-09-05
ps4-tomb-raider-definitive-edition,Tomb Raider: Definitive Edition,Tomb Raider: Definitive Edition,PAL España,standard,EDITION_VARIANT,DEVELOPER,Crystal Dynamics,Crystal Dynamics,HIGH,EXACT_TITLE_OR_EDITION_FAMILY,ADD_OR_CONFIRM_CREDIT,Crédito verificado para la obra base y aplicado únicamente a esta edición: Crystal Dynamics.,https://www.crystald.com/projects/tomb-raider/,,CONFIRM,Crystal Dynamics,crystal-dynamics,Crystal Dynamics,https://www.crystald.com/projects/tomb-raider/,,,2026-09-05,company-credit-ps4-pal-rapid-review-2026-09-05
ps4-tomb-raider-definitive-edition,Tomb Raider: Definitive Edition,Tomb Raider: Definitive Edition,PAL España,standard,EDITION_VARIANT,PHYSICAL_PUBLISHER_OR_DISTRIBUTOR,Square Enix,Square Enix,HIGH,EXACT_TITLE_OR_EDITION_FAMILY,ADD_OR_CONFIRM_CREDIT,Crédito verificado para la obra base y aplicado únicamente a esta edición: Square Enix.,https://www.crystald.com/projects/tomb-raider/,,CONFIRM,Square Enix,square-enix,Square Enix,https://www.crystald.com/projects/tomb-raider/,,,2026-09-05,company-credit-ps4-pal-rapid-review-2026-09-05
ps4-tomb-raider-definitive-edition-artbook-edition,Tomb Raider: Definitive Edition [Artbook Edition],Tomb Raider: Definitive Edition [Artbook Edition],PAL España,standard,EDITION_VARIANT,DEVELOPER,,Crystal Dynamics,HIGH,EXACT_TITLE_OR_EDITION_FAMILY,ADD_OR_CONFIRM_CREDIT,Crédito verificado para la obra base y aplicado únicamente a esta edición: Crystal Dynamics.,https://www.crystald.com/projects/tomb-raider/,,ADD,,crystal-dynamics,Crystal Dynamics,https://www.crystald.com/projects/tomb-raider/,,,2026-09-05,company-credit-ps4-pal-rapid-review-2026-09-05
ps4-tomb-raider-definitive-edition-artbook-edition,Tomb Raider: Definitive Edition [Artbook Edition],Tomb Raider: Definitive Edition [Artbook Edition],PAL España,standard,EDITION_VARIANT,PHYSICAL_PUBLISHER_OR_DISTRIBUTOR,,Square Enix,HIGH,EXACT_TITLE_OR_EDITION_FAMILY,ADD_OR_CONFIRM_CREDIT,Crédito verificado para la obra base y aplicado únicamente a esta edición: Square Enix.,https://www.crystald.com/projects/tomb-raider/,,ADD,,square-enix,Square Enix,https://www.crystald.com/projects/tomb-raider/,,,2026-09-05,company-credit-ps4-pal-rapid-review-2026-09-05
ps4-tomb-raider-definitive-edition-not-for-resale,Tomb Raider: Definitive Edition [Not for Resale],Tomb Raider: Definitive Edition [Not for Resale],PAL España,standard,PROMO_COPY,DEVELOPER,,Crystal Dynamics,HIGH,EXACT_TITLE_OR_EDITION_FAMILY,ADD_OR_CONFIRM_CREDIT,Crédito verificado para la obra base y aplicado únicamente a esta edición: Crystal Dynamics.,https://www.crystald.com/projects/tomb-raider/,,ADD,,crystal-dynamics,Crystal Dynamics,https://www.crystald.com/projects/tomb-raider/,,,2026-09-05,company-credit-ps4-pal-rapid-review-2026-09-05
ps4-tomb-raider-definitive-edition-not-for-resale,Tomb Raider: Definitive Edition [Not for Resale],Tomb Raider: Definitive Edition [Not for Resale],PAL España,standard,PROMO_COPY,PHYSICAL_PUBLISHER_OR_DISTRIBUTOR,,Square Enix,HIGH,EXACT_TITLE_OR_EDITION_FAMILY,ADD_OR_CONFIRM_CREDIT,Crédito verificado para la obra base y aplicado únicamente a esta edición: Square Enix.,https://www.crystald.com/projects/tomb-raider/,,ADD,,square-enix,Square Enix,https://www.crystald.com/projects/tomb-raider/,,,2026-09-05,company-credit-ps4-pal-rapid-review-2026-09-05
ps4-tony-hawk-5,Tony Hawk 5,Tony Hawk 5,PAL España,standard,GAME_OR_UNKNOWN,DEVELOPER,FUN Labs,Robomodo,HIGH,EXACT_TITLE_OR_EDITION_FAMILY,ADD_OR_CONFIRM_CREDIT,Crédito verificado para la obra base y aplicado únicamente a esta edición: Robomodo.,https://www.activision.com/,,REPLACE,FUN Labs,robomodo,Robomodo,https://www.activision.com/,,,2026-09-05,company-credit-ps4-pal-rapid-review-2026-09-05
ps4-tony-hawk-5,Tony Hawk 5,Tony Hawk 5,PAL España,standard,GAME_OR_UNKNOWN,PHYSICAL_PUBLISHER_OR_DISTRIBUTOR,Activision,Activision,HIGH,EXACT_TITLE_OR_EDITION_FAMILY,ADD_OR_CONFIRM_CREDIT,Crédito verificado para la obra base y aplicado únicamente a esta edición: Activision.,https://www.activision.com/,,CONFIRM,Activision,activision,Activision,https://www.activision.com/,,,2026-09-05,company-credit-ps4-pal-rapid-review-2026-09-05
ps4-tony-hawk%27s-pro-skater-1-and-2,Tony Hawk's Pro Skater 1 and 2,Tony Hawk's Pro Skater 1 and 2,PAL España,standard,GAME_OR_UNKNOWN,DEVELOPER,Vicarious Visions,Vicarious Visions,HIGH,EXACT_TITLE_OR_EDITION_FAMILY,ADD_OR_CONFIRM_CREDIT,Crédito verificado para la obra base y aplicado únicamente a esta edición: Vicarious Visions.,https://www.tonyhawkthegame.com/,,CONFIRM,Vicarious Visions,vicarious-visions,Vicarious Visions,https://www.tonyhawkthegame.com/,,,2026-09-05,company-credit-ps4-pal-rapid-review-2026-09-05
ps4-tony-hawk%27s-pro-skater-1-and-2,Tony Hawk's Pro Skater 1 and 2,Tony Hawk's Pro Skater 1 and 2,PAL España,standard,GAME_OR_UNKNOWN,PHYSICAL_PUBLISHER_OR_DISTRIBUTOR,Activision,Activision,HIGH,EXACT_TITLE_OR_EDITION_FAMILY,ADD_OR_CONFIRM_CREDIT,Crédito verificado para la obra base y aplicado únicamente a esta edición: Activision.,https://www.tonyhawkthegame.com/,,CONFIRM,Activision,activision,Activision,https://www.tonyhawkthegame.com/,,,2026-09-05,company-credit-ps4-pal-rapid-review-2026-09-05
ps4-tony-hawk%27s-pro-skater-1-and-2-collector%27s-edition,Tony Hawk's Pro Skater 1 and 2 [Collector's Edition],Tony Hawk's Pro Skater 1 and 2 [Collector's Edition],PAL España,standard,EDITION_VARIANT,DEVELOPER,,Vicarious Visions,HIGH,EXACT_TITLE_OR_EDITION_FAMILY,ADD_OR_CONFIRM_CREDIT,Crédito verificado para la obra base y aplicado únicamente a esta edición: Vicarious Visions.,https://www.tonyhawkthegame.com/,,ADD,,vicarious-visions,Vicarious Visions,https://www.tonyhawkthegame.com/,,,2026-09-05,company-credit-ps4-pal-rapid-review-2026-09-05
ps4-tony-hawk%27s-pro-skater-1-and-2-collector%27s-edition,Tony Hawk's Pro Skater 1 and 2 [Collector's Edition],Tony Hawk's Pro Skater 1 and 2 [Collector's Edition],PAL España,standard,EDITION_VARIANT,PHYSICAL_PUBLISHER_OR_DISTRIBUTOR,,Activision,HIGH,EXACT_TITLE_OR_EDITION_FAMILY,ADD_OR_CONFIRM_CREDIT,Crédito verificado para la obra base y aplicado únicamente a esta edición: Activision.,https://www.tonyhawkthegame.com/,,ADD,,activision,Activision,https://www.tonyhawkthegame.com/,,,2026-09-05,company-credit-ps4-pal-rapid-review-2026-09-05
ps4-touhou-genso-rondo-bullet-ballet,Touhou Genso Rondo Bullet Ballet,Touhou Genso Rondo Bullet Ballet,PAL España,standard,GAME_OR_UNKNOWN,DEVELOPER,,CUBETYPE,HIGH,EXACT_TITLE_OR_EDITION_FAMILY,ADD_OR_CONFIRM_CREDIT,Crédito verificado para la obra base y aplicado únicamente a esta edición: CUBETYPE.,https://nisamerica.com/games/touhou-genso-rondo/,,ADD,,cubetype,CUBETYPE,https://nisamerica.com/games/touhou-genso-rondo/,,,2026-09-05,company-credit-ps4-pal-rapid-review-2026-09-05
ps4-touhou-genso-rondo-bullet-ballet,Touhou Genso Rondo Bullet Ballet,Touhou Genso Rondo Bullet Ballet,PAL España,standard,GAME_OR_UNKNOWN,PHYSICAL_PUBLISHER_OR_DISTRIBUTOR,,NIS America,HIGH,EXACT_TITLE_OR_EDITION_FAMILY,ADD_OR_CONFIRM_CREDIT,Crédito verificado para la obra base y aplicado únicamente a esta edición: NIS America.,https://nisamerica.com/games/touhou-genso-rondo/,,ADD,,nis-america,NIS America,https://nisamerica.com/games/touhou-genso-rondo/,,,2026-09-05,company-credit-ps4-pal-rapid-review-2026-09-05
ps4-touhou-genso-wanderer,Touhou Genso Wanderer,Touhou Genso Wanderer,PAL España,standard,GAME_OR_UNKNOWN,PHYSICAL_PUBLISHER_OR_DISTRIBUTOR,,NIS America,HIGH,EXACT_TITLE_OR_EDITION_FAMILY,ADD_OR_CONFIRM_CREDIT,Crédito verificado para la obra base y aplicado únicamente a esta edición: NIS America.,https://nisamerica.com/games/touhou-genso-wanderer/,,ADD,,nis-america,NIS America,https://nisamerica.com/games/touhou-genso-wanderer/,,,2026-09-05,company-credit-ps4-pal-rapid-review-2026-09-05
ps4-touhou-genso-wanderer-limited-edition,Touhou Genso Wanderer [Limited Edition],Touhou Genso Wanderer [Limited Edition],PAL España,standard,EDITION_VARIANT,DEVELOPER,,AQUASTYLE,HIGH,EXACT_TITLE_OR_EDITION_FAMILY,ADD_OR_CONFIRM_CREDIT,Crédito verificado para la obra base y aplicado únicamente a esta edición: AQUASTYLE.,https://nisamerica.com/games/touhou-genso-wanderer/,,ADD,,aqua-style,Aqua Style,https://nisamerica.com/games/touhou-genso-wanderer/,,,2026-09-05,company-credit-ps4-pal-rapid-review-2026-09-05
ps4-touhou-genso-wanderer-limited-edition,Touhou Genso Wanderer [Limited Edition],Touhou Genso Wanderer [Limited Edition],PAL España,standard,EDITION_VARIANT,PHYSICAL_PUBLISHER_OR_DISTRIBUTOR,,NIS America,HIGH,EXACT_TITLE_OR_EDITION_FAMILY,ADD_OR_CONFIRM_CREDIT,Crédito verificado para la obra base y aplicado únicamente a esta edición: NIS America.,https://nisamerica.com/games/touhou-genso-wanderer/,,ADD,,nis-america,NIS America,https://nisamerica.com/games/touhou-genso-wanderer/,,,2026-09-05,company-credit-ps4-pal-rapid-review-2026-09-05
ps4-touhou-spell-carnival,Touhou Spell Carnival,Touhou Spell Carnival,PAL España,standard,GAME_OR_UNKNOWN,PHYSICAL_PUBLISHER_OR_DISTRIBUTOR,,Idea Factory International,HIGH,EXACT_TITLE_OR_EDITION_FAMILY,ADD_OR_CONFIRM_CREDIT,Crédito verificado para la obra base y aplicado únicamente a esta edición: Idea Factory International.,https://ifi.games/touhou-spell-carnival/,,ADD,,idea-factory-international,Idea Factory International,https://ifi.games/touhou-spell-carnival/,,,2026-09-05,company-credit-ps4-pal-rapid-review-2026-09-05
ps4-touhou-spell-carnival-day-one-edition,Touhou Spell Carnival [Day One Edition],Touhou Spell Carnival [Day One Edition],PAL España,standard,EDITION_VARIANT,PHYSICAL_PUBLISHER_OR_DISTRIBUTOR,,Idea Factory International,HIGH,EXACT_TITLE_OR_EDITION_FAMILY,ADD_OR_CONFIRM_CREDIT,Crédito verificado para la obra base y aplicado únicamente a esta edición: Idea Factory International.,https://ifi.games/touhou-spell-carnival/,,ADD,,idea-factory-international,Idea Factory International,https://ifi.games/touhou-spell-carnival/,,,2026-09-05,company-credit-ps4-pal-rapid-review-2026-09-05
ps4-touhou-spell-carnival-limited-edition,Touhou Spell Carnival [Limited Edition],Touhou Spell Carnival [Limited Edition],PAL España,standard,EDITION_VARIANT,PHYSICAL_PUBLISHER_OR_DISTRIBUTOR,,Idea Factory International,HIGH,EXACT_TITLE_OR_EDITION_FAMILY,ADD_OR_CONFIRM_CREDIT,Crédito verificado para la obra base y aplicado únicamente a esta edición: Idea Factory International.,https://ifi.games/touhou-spell-carnival/,,ADD,,idea-factory-international,Idea Factory International,https://ifi.games/touhou-spell-carnival/,,,2026-09-05,company-credit-ps4-pal-rapid-review-2026-09-05
ps4-tour-de-france-season-2019,Tour de France Season 2019,Tour de France Season 2019,PAL España,standard,GAME_OR_UNKNOWN,DEVELOPER,,Cyanide Studio,HIGH,EXACT_TITLE_OR_EDITION_FAMILY,ADD_OR_CONFIRM_CREDIT,Crédito verificado para la obra base y aplicado únicamente a esta edición: Cyanide Studio.,https://www.cyanide-studio.com/games/,,ADD,,cyanide-studio,Cyanide Studio,https://www.cyanide-studio.com/games/,,,2026-09-05,company-credit-ps4-pal-rapid-review-2026-09-05
ps4-tour-de-france-season-2019,Tour de France Season 2019,Tour de France Season 2019,PAL España,standard,GAME_OR_UNKNOWN,PHYSICAL_PUBLISHER_OR_DISTRIBUTOR,,Bigben Interactive,HIGH,EXACT_TITLE_OR_EDITION_FAMILY,ADD_OR_CONFIRM_CREDIT,Crédito verificado para la obra base y aplicado únicamente a esta edición: Bigben Interactive.,https://www.cyanide-studio.com/games/,,ADD,,bigben-interactive,BigBen Interactive,https://www.cyanide-studio.com/games/,,,2026-09-05,company-credit-ps4-pal-rapid-review-2026-09-05
ps4-train-life-a-railway-simulator,Train Life: A Railway Simulator,Train Life: A Railway Simulator,PAL España,standard,GAME_OR_UNKNOWN,PHYSICAL_PUBLISHER_OR_DISTRIBUTOR,,Nacon,HIGH,GAME_WORK | PS4_RELEASE,ADD_OR_CONFIRM_CREDIT,"Coincidencia rápida: LAUNCHBOX_PS4, STEAM, WIKIDATA.",https://gamesdb.launchbox-app.com/games/details/474064,https://store.steampowered.com/app/1330660,ADD,,nacon,Nacon,https://gamesdb.launchbox-app.com/games/details/474064 | https://store.steampowered.com/app/1330660,,,2026-09-05,company-credit-ps4-pal-rapid-review-2026-09-05
ps4-train-sim-world-3,Train Sim World 3,Train Sim World 3,PAL España,standard,GAME_OR_UNKNOWN,PHYSICAL_PUBLISHER_OR_DISTRIBUTOR,,Dovetail Games,HIGH,GAME_WORK | PS4_RELEASE,ADD_OR_CONFIRM_CREDIT,"Coincidencia rápida: LAUNCHBOX_PS4, WIKIDATA.",https://gamesdb.launchbox-app.com/games/details/443976,https://www.wikidata.org/entity/Q113687366,ADD,,dovetail-games,Dovetail Games,https://gamesdb.launchbox-app.com/games/details/443976 | https://www.wikidata.org/entity/Q113687366,,,2026-09-05,company-credit-ps4-pal-rapid-review-2026-09-05
ps4-train-sim-world-4,Train Sim World 4,Train Sim World 4,PAL España,standard,GAME_OR_UNKNOWN,PHYSICAL_PUBLISHER_OR_DISTRIBUTOR,,Dovetail Games,HIGH,EXACT_TITLE_OR_EDITION_FAMILY,ADD_OR_CONFIRM_CREDIT,Crédito verificado para la obra base y aplicado únicamente a esta edición: Dovetail Games.,https://live.dovetailgames.com/live/train-sim-world,,ADD,,dovetail-games,Dovetail Games,https://live.dovetailgames.com/live/train-sim-world,,,2026-09-05,company-credit-ps4-pal-rapid-review-2026-09-05
ps4-train-sim-world-4-flying-scotsman-centenary-edition,Train Sim World 4 [Flying Scotsman Centenary Edition],Train Sim World 4 [Flying Scotsman Centenary Edition],PAL España,standard,GAME_OR_UNKNOWN,PHYSICAL_PUBLISHER_OR_DISTRIBUTOR,,Dovetail Games,HIGH,EXACT_TITLE_OR_EDITION_FAMILY,ADD_OR_CONFIRM_CREDIT,Crédito verificado para la obra base y aplicado únicamente a esta edición: Dovetail Games.,https://live.dovetailgames.com/live/train-sim-world,,ADD,,dovetail-games,Dovetail Games,https://live.dovetailgames.com/live/train-sim-world,,,2026-09-05,company-credit-ps4-pal-rapid-review-2026-09-05
ps4-train-valley-collection-deluxe-edition,Train Valley Collection [Deluxe Edition],Train Valley Collection [Deluxe Edition],PAL España,standard,EDITION_VARIANT,DEVELOPER,,Flazm,HIGH,EXACT_TITLE_OR_EDITION_FAMILY,ADD_OR_CONFIRM_CREDIT,Crédito verificado para la obra base y aplicado únicamente a esta edición: Flazm.,https://www.redartgames.com/,,ADD,,flazm,Flazm,https://www.redartgames.com/,,,2026-09-05,company-credit-ps4-pal-rapid-review-2026-09-05
ps4-train-valley-collection-deluxe-edition,Train Valley Collection [Deluxe Edition],Train Valley Collection [Deluxe Edition],PAL España,standard,EDITION_VARIANT,PHYSICAL_PUBLISHER_OR_DISTRIBUTOR,,Red Art Games,HIGH,EXACT_TITLE_OR_EDITION_FAMILY,ADD_OR_CONFIRM_CREDIT,Crédito verificado para la obra base y aplicado únicamente a esta edición: Red Art Games.,https://www.redartgames.com/,,ADD,,red-art-games,Red Art Games,https://www.redartgames.com/,,,2026-09-05,company-credit-ps4-pal-rapid-review-2026-09-05
ps4-tram-sim-console-edition-deluxe-edition,Tram Sim: Console Edition [Deluxe Edition],Tram Sim: Console Edition [Deluxe Edition],PAL España,standard,EDITION_VARIANT,DEVELOPER,,ViewApp,HIGH,EXACT_TITLE_OR_EDITION_FAMILY,ADD_OR_CONFIRM_CREDIT,Crédito verificado para la obra base y aplicado únicamente a esta edición: ViewApp.,https://www.aerosoft.com/,,ADD,,viewapp,ViewApp,https://www.aerosoft.com/,,,2026-09-05,company-credit-ps4-pal-rapid-review-2026-09-05
ps4-tram-sim-console-edition-deluxe-edition,Tram Sim: Console Edition [Deluxe Edition],Tram Sim: Console Edition [Deluxe Edition],PAL España,standard,EDITION_VARIANT,PHYSICAL_PUBLISHER_OR_DISTRIBUTOR,,Aerosoft,HIGH,EXACT_TITLE_OR_EDITION_FAMILY,ADD_OR_CONFIRM_CREDIT,Crédito verificado para la obra base y aplicado únicamente a esta edición: Aerosoft.,https://www.aerosoft.com/,,ADD,,aerosoft,Aerosoft GmbH,https://www.aerosoft.com/,,,2026-09-05,company-credit-ps4-pal-rapid-review-2026-09-05
ps4-transformers-earthspark-expedition,Transformers: Earthspark - Expedition,Transformers: Earthspark - Expedition,PAL España,standard,GAME_OR_UNKNOWN,PHYSICAL_PUBLISHER_OR_DISTRIBUTOR,,Outright Games,HIGH,GAME_WORK | PS4_RELEASE,ADD_OR_CONFIRM_CREDIT,"Coincidencia rápida: LAUNCHBOX_PS4, STEAM.",https://gamesdb.launchbox-app.com/games/details/474063,https://store.steampowered.com/app/1955800,ADD,,outright-games,Outright Games LTD,https://gamesdb.launchbox-app.com/games/details/474063 | https://store.steampowered.com/app/1955800,,,2026-09-05,company-credit-ps4-pal-rapid-review-2026-09-05
ps4-transformers-galactic-trials,Transformers: Galactic Trials,Transformers: Galactic Trials,PAL España,standard,GAME_OR_UNKNOWN,PHYSICAL_PUBLISHER_OR_DISTRIBUTOR,,Outright Games,HIGH,GAME_WORK | PS4_RELEASE,ADD_OR_CONFIRM_CREDIT,"Coincidencia rápida: LAUNCHBOX_PS4, STEAM, WIKIDATA.",https://gamesdb.launchbox-app.com/games/details/476979,https://store.steampowered.com/app/2324210,ADD,,outright-games,Outright Games LTD,https://gamesdb.launchbox-app.com/games/details/476979 | https://store.steampowered.com/app/2324210,,,2026-09-05,company-credit-ps4-pal-rapid-review-2026-09-05
ps4-transport-fever-2-console-edition,Transport Fever 2: Console Edition,Transport Fever 2: Console Edition,PAL España,standard,GAME_OR_UNKNOWN,DEVELOPER,,Urban Games,HIGH,GAME_WORK | PS4_RELEASE,ADD_OR_CONFIRM_CREDIT,"Coincidencia rápida: LAUNCHBOX_PS4, WIKIDATA.",https://gamesdb.launchbox-app.com/games/details/476976,https://www.wikidata.org/entity/Q122668965,ADD,,urban-games,Urban Games,https://gamesdb.launchbox-app.com/games/details/476976 | https://www.wikidata.org/entity/Q122668965,,,2026-09-05,company-credit-ps4-pal-rapid-review-2026-09-05
ps4-transport-fever-2-console-edition,Transport Fever 2: Console Edition,Transport Fever 2: Console Edition,PAL España,standard,GAME_OR_UNKNOWN,PHYSICAL_PUBLISHER_OR_DISTRIBUTOR,,Nacon,HIGH,GAME_WORK | PS4_RELEASE,ADD_OR_CONFIRM_CREDIT,"Coincidencia rápida: LAUNCHBOX_PS4, WIKIDATA.",https://gamesdb.launchbox-app.com/games/details/476976,https://www.wikidata.org/entity/Q122668965,ADD,,nacon,Nacon,https://gamesdb.launchbox-app.com/games/details/476976 | https://www.wikidata.org/entity/Q122668965,,,2026-09-05,company-credit-ps4-pal-rapid-review-2026-09-05
ps4-trash-sailors,Trash Sailors,Trash Sailors,PAL España,standard,GAME_OR_UNKNOWN,DEVELOPER,,fluckyMachine,HIGH,GAME_WORK | PS4_RELEASE,ADD_OR_CONFIRM_CREDIT,"Coincidencia rápida: LAUNCHBOX_PS4, WIKIDATA.",https://gamesdb.launchbox-app.com/games/details/476995,https://www.wikidata.org/entity/Q105413532,ADD,,fluckymachine,fluckyMachine,https://gamesdb.launchbox-app.com/games/details/476995 | https://www.wikidata.org/entity/Q105413532,,,2026-09-05,company-credit-ps4-pal-rapid-review-2026-09-05
ps4-trash-sailors,Trash Sailors,Trash Sailors,PAL España,standard,GAME_OR_UNKNOWN,DIGITAL_PUBLISHER,,TINYBUILD LLC,HIGH,DIGITAL_PS4_EU,ADD_OR_CONFIRM_CREDIT,Coincidencia rápida: PLAYSTATION_STORE.,https://store.playstation.com/es-es/product/EP0096-CUSA28642_00-1999548259803352,,ADD,,tinybuild,tinyBuild,https://store.playstation.com/es-es/product/EP0096-CUSA28642_00-1999548259803352,,,2026-09-05,company-credit-ps4-pal-rapid-review-2026-09-05
ps4-treasures-of-the-aegean,Treasures of the Aegean,Treasures of the Aegean,PAL España,standard,GAME_OR_UNKNOWN,PHYSICAL_PUBLISHER_OR_DISTRIBUTOR,,Numskull Games,HIGH,EXACT_TITLE_OR_EDITION_FAMILY,ADD_OR_CONFIRM_CREDIT,Crédito verificado para la obra base y aplicado únicamente a esta edición: Numskull Games.,https://www.numskullgames.com/game/treasures-of-the-aegean/,,ADD,,numskull-games,Numskull Games Ltd.,https://www.numskullgames.com/game/treasures-of-the-aegean/,,,2026-09-05,company-credit-ps4-pal-rapid-review-2026-09-05
ps4-trek-to-yomi,Trek to Yomi,Trek to Yomi,PAL España,standard,GAME_OR_UNKNOWN,PHYSICAL_PUBLISHER_OR_DISTRIBUTOR,,Devolver Digital,HIGH,GAME_WORK | PS4_RELEASE,ADD_OR_CONFIRM_CREDIT,"Coincidencia rápida: LAUNCHBOX_PS4, STEAM, WIKIDATA.",https://gamesdb.launchbox-app.com/games/details/474083,https://store.steampowered.com/app/1370050,ADD,,devolver-digital,Devolver Digital,https://gamesdb.launchbox-app.com/games/details/474083 | https://store.steampowered.com/app/1370050,,,2026-09-05,company-credit-ps4-pal-rapid-review-2026-09-05
ps4-trek-to-yomi-deluxe-edition,Trek to Yomi [Deluxe Edition],Trek to Yomi [Deluxe Edition],PAL España,standard,EDITION_VARIANT,PHYSICAL_PUBLISHER_OR_DISTRIBUTOR,,Devolver Digital,HIGH,GAME_WORK | PS4_RELEASE,ADD_OR_CONFIRM_CREDIT,"Coincidencia rápida: LAUNCHBOX_PS4, STEAM, WIKIDATA.",https://gamesdb.launchbox-app.com/games/details/474083,https://store.steampowered.com/app/1370050,ADD,,devolver-digital,Devolver Digital,https://gamesdb.launchbox-app.com/games/details/474083 | https://store.steampowered.com/app/1370050,,,2026-09-05,company-credit-ps4-pal-rapid-review-2026-09-05
ps4-trials-of-mana-not-for-resale,Trials Of Mana [Not For Resale],Trials Of Mana [Not For Resale],PAL España,standard,PROMO_COPY,PHYSICAL_PUBLISHER_OR_DISTRIBUTOR,,Square Enix,HIGH,GAME_WORK,ADD_OR_CONFIRM_CREDIT,"Coincidencia rápida: STEAM, WIKIDATA.",https://store.steampowered.com/app/924980,https://www.wikidata.org/entity/Q67481914,ADD,,square-enix,Square Enix,https://store.steampowered.com/app/924980 | https://www.wikidata.org/entity/Q67481914,,,2026-09-05,company-credit-ps4-pal-rapid-review-2026-09-05
ps4-tribes-of-midgard-deluxe-edition,Tribes of Midgard [Deluxe Edition],Tribes of Midgard [Deluxe Edition],PAL España,standard,EDITION_VARIANT,PHYSICAL_PUBLISHER_OR_DISTRIBUTOR,,Gearbox Publishing,HIGH,GAME_WORK,ADD_OR_CONFIRM_CREDIT,"Coincidencia rápida: STEAM, WIKIDATA.",https://store.steampowered.com/app/858820,https://www.wikidata.org/entity/Q96316100,ADD,,gearbox-publishing,Gearbox Publishing,https://store.steampowered.com/app/858820 | https://www.wikidata.org/entity/Q96316100,,,2026-09-05,company-credit-ps4-pal-rapid-review-2026-09-05
ps4-trine-5-a-clockwork-conspiracy,Trine 5: A Clockwork Conspiracy,Trine 5: A Clockwork Conspiracy,PAL España,standard,GAME_OR_UNKNOWN,PHYSICAL_PUBLISHER_OR_DISTRIBUTOR,,Modus Games,HIGH,EXACT_TITLE_OR_EDITION_FAMILY,ADD_OR_CONFIRM_CREDIT,Crédito verificado para la obra base y aplicado únicamente a esta edición: Modus Games.,https://www.frozenbyte.com/games/trine-ultimate-collection/,,ADD,,modus-games,Modus Games,https://www.frozenbyte.com/games/trine-ultimate-collection/,,,2026-09-05,company-credit-ps4-pal-rapid-review-2026-09-05
ps4-trine-ultimate-collection-trine-1-2-3-y-4,TRINE : Ultimate Collection Trine 1 2 3 y 4,TRINE : Ultimate Collection Trine 1 2 3 y 4,PAL España,standard,POSSIBLE_COMPILATION_OR_MULTI_PRODUCT,DEVELOPER,,Frozenbyte,HIGH,EXACT_TITLE_OR_EDITION_FAMILY,ADD_OR_CONFIRM_CREDIT,Crédito verificado para la obra base y aplicado únicamente a esta edición: Frozenbyte.,https://www.frozenbyte.com/games/trine-ultimate-collection/,,ADD,,frozenbyte,Frozenbyte,https://www.frozenbyte.com/games/trine-ultimate-collection/,,,2026-09-05,company-credit-ps4-pal-rapid-review-2026-09-05
ps4-trine-ultimate-collection-trine-1-2-3-y-4,TRINE : Ultimate Collection Trine 1 2 3 y 4,TRINE : Ultimate Collection Trine 1 2 3 y 4,PAL España,standard,POSSIBLE_COMPILATION_OR_MULTI_PRODUCT,PHYSICAL_PUBLISHER_OR_DISTRIBUTOR,,Modus Games,HIGH,EXACT_TITLE_OR_EDITION_FAMILY,ADD_OR_CONFIRM_CREDIT,Crédito verificado para la obra base y aplicado únicamente a esta edición: Modus Games.,https://www.frozenbyte.com/games/trine-ultimate-collection/,,ADD,,modus-games,Modus Games,https://www.frozenbyte.com/games/trine-ultimate-collection/,,,2026-09-05,company-credit-ps4-pal-rapid-review-2026-09-05
ps4-trine-ultimate-collection,Trine: Ultimate Collection,Trine: Ultimate Collection,PAL España,standard,POSSIBLE_COMPILATION_OR_MULTI_PRODUCT,DEVELOPER,Frozenbyte,Frozenbyte,HIGH,EXACT_TITLE_OR_EDITION_FAMILY,ADD_OR_CONFIRM_CREDIT,Crédito verificado para la obra base y aplicado únicamente a esta edición: Frozenbyte.,https://www.frozenbyte.com/games/trine-ultimate-collection/,,CONFIRM,Frozenbyte,frozenbyte,Frozenbyte,https://www.frozenbyte.com/games/trine-ultimate-collection/,,,2026-09-05,company-credit-ps4-pal-rapid-review-2026-09-05
ps4-troll-and-i,Troll and I,Troll and I,PAL España,standard,GAME_OR_UNKNOWN,DEVELOPER,,Spiral House,HIGH,EXACT_TITLE_OR_EDITION_FAMILY,ADD_OR_CONFIRM_CREDIT,Crédito verificado para la obra base y aplicado únicamente a esta edición: Spiral House.,https://www.maximumgames.com/,,ADD,,spiral-house,Spiral House,https://www.maximumgames.com/,,,2026-09-05,company-credit-ps4-pal-rapid-review-2026-09-05
ps4-troll-and-i,Troll and I,Troll and I,PAL España,standard,GAME_OR_UNKNOWN,PHYSICAL_PUBLISHER_OR_DISTRIBUTOR,,Maximum Games,HIGH,EXACT_TITLE_OR_EDITION_FAMILY,ADD_OR_CONFIRM_CREDIT,Crédito verificado para la obra base y aplicado únicamente a esta edición: Maximum Games.,https://www.maximumgames.com/,,ADD,,maximum-games,Maximum Games,https://www.maximumgames.com/,,,2026-09-05,company-credit-ps4-pal-rapid-review-2026-09-05
ps4-trollhunters-defenders-of-arcadia,Trollhunters: Defenders of Arcadia,Trollhunters: Defenders of Arcadia,PAL España,standard,GAME_OR_UNKNOWN,PHYSICAL_PUBLISHER_OR_DISTRIBUTOR,,Outright Games,HIGH,GAME_WORK | PS4_RELEASE,ADD_OR_CONFIRM_CREDIT,"Coincidencia rápida: LAUNCHBOX_PS4, STEAM, WIKIDATA.",https://gamesdb.launchbox-app.com/games/details/443981,https://store.steampowered.com/app/1344070,ADD,,outright-games,Outright Games LTD,https://gamesdb.launchbox-app.com/games/details/443981 | https://store.steampowered.com/app/1344070,,,2026-09-05,company-credit-ps4-pal-rapid-review-2026-09-05
ps4-trolls-remix-rescue,Trolls Remix Rescue,Trolls Remix Rescue,PAL España,standard,GAME_OR_UNKNOWN,DEVELOPER,,Petit Fabrik,HIGH,EXACT_TITLE_OR_EDITION_FAMILY,ADD_OR_CONFIRM_CREDIT,Crédito verificado para la obra base y aplicado únicamente a esta edición: Petit Fabrik.,https://gamemill.com/games/dreamworks-trolls-remix-rescue/,,ADD,,petit-fabrik,Petit Fabrik,https://gamemill.com/games/dreamworks-trolls-remix-rescue/,,,2026-09-05,company-credit-ps4-pal-rapid-review-2026-09-05
ps4-tropico-5-complete-collection,Tropico 5 [Complete Collection],Tropico 5 [Complete Collection],PAL España,standard,BUNDLE_OR_MULTI_PRODUCT,DEVELOPER,,Haemimont Games,HIGH,GAME_WORK | PS4_RELEASE,ADD_OR_CONFIRM_CREDIT,"Coincidencia rápida: LAUNCHBOX_PS4, STEAM, WIKIDATA.",https://gamesdb.launchbox-app.com/games/details/31202,https://store.steampowered.com/app/245620,ADD,,haemimont-games,Haemimont Games,https://gamesdb.launchbox-app.com/games/details/31202 | https://store.steampowered.com/app/245620,,,2026-09-05,company-credit-ps4-pal-rapid-review-2026-09-05
ps4-trouble-witches-final-episode-01-daughters-of-amalgam,Trouble Witches Final! Episode 01: Daughters Of Amalgam,Trouble Witches Final! Episode 01: Daughters Of Amalgam,PAL España,standard,GAME_OR_UNKNOWN,PHYSICAL_PUBLISHER_OR_DISTRIBUTOR,,ININ Games,HIGH,EXACT_TITLE_OR_EDITION_FAMILY,ADD_OR_CONFIRM_CREDIT,Crédito verificado para la obra base y aplicado únicamente a esta edición: ININ Games.,https://www.iningames.com/,,ADD,,inin-games,ININ Games,https://www.iningames.com/,,,2026-09-05,company-credit-ps4-pal-rapid-review-2026-09-05
ps4-truck-&amp;-logistics-simulator,Truck & Logistics Simulator,Truck & Logistics Simulator,PAL España,standard,GAME_OR_UNKNOWN,PHYSICAL_PUBLISHER_OR_DISTRIBUTOR,,Aerosoft,HIGH,GAME_WORK | PS4_RELEASE,ADD_OR_CONFIRM_CREDIT,"Coincidencia rápida: LAUNCHBOX_PS4, STEAM, WIKIDATA.",https://gamesdb.launchbox-app.com/games/details/474075,https://store.steampowered.com/app/873840,ADD,,aerosoft,Aerosoft GmbH,https://gamesdb.launchbox-app.com/games/details/474075 | https://store.steampowered.com/app/873840,,,2026-09-05,company-credit-ps4-pal-rapid-review-2026-09-05
ps4-tt-isle-of-man,TT Isle of Man,TT Isle of Man,PAL España,standard,GAME_OR_UNKNOWN,DEVELOPER,,Kylotonn,HIGH,EXACT_TITLE_OR_EDITION_FAMILY,ADD_OR_CONFIRM_CREDIT,Crédito verificado para la obra base y aplicado únicamente a esta edición: Kylotonn.,https://www.nacongaming.com/tt-isle-of-man,,ADD,,kylotonn,Kylotonn,https://www.nacongaming.com/tt-isle-of-man,,,2026-09-05,company-credit-ps4-pal-rapid-review-2026-09-05
ps4-tt-isle-of-man,TT Isle of Man,TT Isle of Man,PAL España,standard,GAME_OR_UNKNOWN,PHYSICAL_PUBLISHER_OR_DISTRIBUTOR,,Bigben Interactive,HIGH,EXACT_TITLE_OR_EDITION_FAMILY,ADD_OR_CONFIRM_CREDIT,Crédito verificado para la obra base y aplicado únicamente a esta edición: Bigben Interactive.,https://www.nacongaming.com/tt-isle-of-man,,ADD,,bigben-interactive,BigBen Interactive,https://www.nacongaming.com/tt-isle-of-man,,,2026-09-05,company-credit-ps4-pal-rapid-review-2026-09-05
ps4-tt-isle-of-man-ride-on-the-edge-3,TT Isle of Man: Ride on the Edge 3,TT Isle of Man: Ride on the Edge 3,PAL España,standard,GAME_OR_UNKNOWN,PHYSICAL_PUBLISHER_OR_DISTRIBUTOR,,Bigben Interactive,HIGH,EXACT_TITLE_OR_EDITION_FAMILY,ADD_OR_CONFIRM_CREDIT,Crédito verificado para la obra base y aplicado únicamente a esta edición: Bigben Interactive.,https://www.nacongaming.com/tt-isle-of-man,,ADD,,bigben-interactive,BigBen Interactive,https://www.nacongaming.com/tt-isle-of-man,,,2026-09-05,company-credit-ps4-pal-rapid-review-2026-09-05
ps4-tt-isle-of-the-man,TT Isle of the Man,TT Isle of the Man,PAL España,standard,GAME_OR_UNKNOWN,DEVELOPER,,Kylotonn,HIGH,EXACT_TITLE_OR_EDITION_FAMILY,ADD_OR_CONFIRM_CREDIT,Crédito verificado para la obra base y aplicado únicamente a esta edición: Kylotonn.,https://www.nacongaming.com/tt-isle-of-man,,ADD,,kylotonn,Kylotonn,https://www.nacongaming.com/tt-isle-of-man,,,2026-09-05,company-credit-ps4-pal-rapid-review-2026-09-05
ps4-tt-isle-of-the-man,TT Isle of the Man,TT Isle of the Man,PAL España,standard,GAME_OR_UNKNOWN,PHYSICAL_PUBLISHER_OR_DISTRIBUTOR,,Bigben Interactive,HIGH,EXACT_TITLE_OR_EDITION_FAMILY,ADD_OR_CONFIRM_CREDIT,Crédito verificado para la obra base y aplicado únicamente a esta edición: Bigben Interactive.,https://www.nacongaming.com/tt-isle-of-man,,ADD,,bigben-interactive,BigBen Interactive,https://www.nacongaming.com/tt-isle-of-man,,,2026-09-05,company-credit-ps4-pal-rapid-review-2026-09-05
ps4-tu-cara-me-suena-el-videojuego,Tu Cara Me Suena: El Videojuego,Tu Cara Me Suena: El Videojuego,PAL España,standard,GAME_OR_UNKNOWN,DEVELOPER,,WildSphere,HIGH,EXACT_TITLE_OR_EDITION_FAMILY,ADD_OR_CONFIRM_CREDIT,Crédito verificado para la obra base y aplicado únicamente a esta edición: WildSphere.,https://www.wildsphere.es/,,ADD,,wild-sphere,Wild Sphere,https://www.wildsphere.es/,,,2026-09-05,company-credit-ps4-pal-rapid-review-2026-09-05
ps4-tu-cara-me-suena-el-videojuego,Tu Cara Me Suena: El Videojuego,Tu Cara Me Suena: El Videojuego,PAL España,standard,GAME_OR_UNKNOWN,PHYSICAL_PUBLISHER_OR_DISTRIBUTOR,,Sony Computer Entertainment España,HIGH,EXACT_TITLE_OR_EDITION_FAMILY,ADD_OR_CONFIRM_CREDIT,Crédito verificado para la obra base y aplicado únicamente a esta edición: Sony Computer Entertainment España.,https://www.wildsphere.es/,,ADD,,sony-computer-entertainment-espana,Sony Computer Entertainment España,https://www.wildsphere.es/,,,2026-09-05,company-credit-ps4-pal-rapid-review-2026-09-05
ps4-tunic-deluxe-edition,Tunic [Deluxe Edition],Tunic [Deluxe Edition],PAL España,standard,EDITION_VARIANT,PHYSICAL_PUBLISHER_OR_DISTRIBUTOR,,Finji,HIGH,GAME_WORK | PS4_RELEASE,ADD_OR_CONFIRM_CREDIT,"Coincidencia rápida: LAUNCHBOX_PS4, STEAM, WIKIDATA.",https://gamesdb.launchbox-app.com/games/details/474042,https://store.steampowered.com/app/553420,ADD,,finji,Finji,https://gamesdb.launchbox-app.com/games/details/474042 | https://store.steampowered.com/app/553420,,,2026-09-05,company-credit-ps4-pal-rapid-review-2026-09-05
ps4-turnip-boy-commits-tax-evasion,Turnip Boy Commits Tax Evasion,Turnip Boy Commits Tax Evasion,PAL España,standard,GAME_OR_UNKNOWN,PHYSICAL_PUBLISHER_OR_DISTRIBUTOR,,GRAFFITI GAMES,HIGH,DIGITAL_PS4_EU | GAME_WORK | PS4_RELEASE,ADD_OR_CONFIRM_CREDIT,"Coincidencia rápida: LAUNCHBOX_PS4, PLAYSTATION_STORE, STEAM, WIKIDATA.",https://gamesdb.launchbox-app.com/games/details/476985,https://store.playstation.com/es-es/product/EP4955-CUSA35834_00-4752992942483318,ADD,,graffiti-games,Graffiti Games,https://gamesdb.launchbox-app.com/games/details/476985 | https://store.playstation.com/es-es/product/EP4955-CUSA35834_00-4752992942483318,,,2026-09-05,company-credit-ps4-pal-rapid-review-2026-09-05
ps4-turrican-anthology-vol-1,Turrican Anthology Vol. 1,Turrican Anthology Vol. 1,PAL España,standard,POSSIBLE_COMPILATION_OR_MULTI_PRODUCT,DEVELOPER,Factor 5,Factor 5,HIGH,EXACT_TITLE_OR_EDITION_FAMILY,ADD_OR_CONFIRM_CREDIT,Crédito verificado para la obra base y aplicado únicamente a esta edición: Factor 5.,https://www.iningames.com/games/turrican-anthology,,CONFIRM,Factor 5,factor-5,Factor 5,https://www.iningames.com/games/turrican-anthology,,,2026-09-05,company-credit-ps4-pal-rapid-review-2026-09-05
ps4-turrican-anthology-vol-2,Turrican Anthology Vol. 2,Turrican Anthology Vol. 2,PAL España,standard,POSSIBLE_COMPILATION_OR_MULTI_PRODUCT,DEVELOPER,,Factor 5,HIGH,EXACT_TITLE_OR_EDITION_FAMILY,ADD_OR_CONFIRM_CREDIT,Crédito verificado para la obra base y aplicado únicamente a esta edición: Factor 5.,https://www.iningames.com/games/turrican-anthology,,ADD,,factor-5,Factor 5,https://www.iningames.com/games/turrican-anthology,,,2026-09-05,company-credit-ps4-pal-rapid-review-2026-09-05
ps4-ufc,UFC,UFC,PAL España,standard,GAME_OR_UNKNOWN,DEVELOPER,,EA Canada,HIGH,EXACT_TITLE_OR_EDITION_FAMILY,ADD_OR_CONFIRM_CREDIT,Crédito verificado para la obra base y aplicado únicamente a esta edición: EA Canada.,https://www.ea.com/games/ufc,,ADD,,ea-canada,EA Canada,https://www.ea.com/games/ufc,,,2026-09-05,company-credit-ps4-pal-rapid-review-2026-09-05
ps4-ufc,UFC,UFC,PAL España,standard,GAME_OR_UNKNOWN,PHYSICAL_PUBLISHER_OR_DISTRIBUTOR,EA Sports,EA Sports,HIGH,EXACT_TITLE_OR_EDITION_FAMILY,ADD_OR_CONFIRM_CREDIT,Crédito verificado para la obra base y aplicado únicamente a esta edición: EA Sports.,https://www.ea.com/games/ufc,,CONFIRM,EA Sports,ea-sports,EA Sports,https://www.ea.com/games/ufc,,,2026-09-05,company-credit-ps4-pal-rapid-review-2026-09-05
ps4-ufc-2,UFC 2,UFC 2,PAL España,standard,GAME_OR_UNKNOWN,DEVELOPER,,EA Canada,HIGH,EXACT_TITLE_OR_EDITION_FAMILY,ADD_OR_CONFIRM_CREDIT,Crédito verificado para la obra base y aplicado únicamente a esta edición: EA Canada.,https://www.ea.com/games/ufc,,ADD,,ea-canada,EA Canada,https://www.ea.com/games/ufc,,,2026-09-05,company-credit-ps4-pal-rapid-review-2026-09-05
ps4-ufc-2,UFC 2,UFC 2,PAL España,standard,GAME_OR_UNKNOWN,PHYSICAL_PUBLISHER_OR_DISTRIBUTOR,EA Sports,EA Sports,HIGH,EXACT_TITLE_OR_EDITION_FAMILY,ADD_OR_CONFIRM_CREDIT,Crédito verificado para la obra base y aplicado únicamente a esta edición: EA Sports.,https://www.ea.com/games/ufc,,CONFIRM,EA Sports,ea-sports,EA Sports,https://www.ea.com/games/ufc,,,2026-09-05,company-credit-ps4-pal-rapid-review-2026-09-05
ps4-ufc-3,UFC 3,UFC 3,PAL España,standard,GAME_OR_UNKNOWN,DEVELOPER,,EA Canada,HIGH,EXACT_TITLE_OR_EDITION_FAMILY,ADD_OR_CONFIRM_CREDIT,Crédito verificado para la obra base y aplicado únicamente a esta edición: EA Canada.,https://www.ea.com/games/ufc,,ADD,,ea-canada,EA Canada,https://www.ea.com/games/ufc,,,2026-09-05,company-credit-ps4-pal-rapid-review-2026-09-05
ps4-ufc-3,UFC 3,UFC 3,PAL España,standard,GAME_OR_UNKNOWN,PHYSICAL_PUBLISHER_OR_DISTRIBUTOR,EA Sports,EA Sports,HIGH,EXACT_TITLE_OR_EDITION_FAMILY,ADD_OR_CONFIRM_CREDIT,Crédito verificado para la obra base y aplicado únicamente a esta edición: EA Sports.,https://www.ea.com/games/ufc,,CONFIRM,EA Sports,ea-sports,EA Sports,https://www.ea.com/games/ufc,,,2026-09-05,company-credit-ps4-pal-rapid-review-2026-09-05
ps4-ufo-robot-grendizer,UFO Robot Grendizer,UFO Robot Grendizer,PAL España,standard,GAME_OR_UNKNOWN,DEVELOPER,,Endroad,HIGH,EXACT_TITLE_OR_EDITION_FAMILY,ADD_OR_CONFIRM_CREDIT,Crédito verificado para la obra base y aplicado únicamente a esta edición: Endroad.,https://www.microids.com/game-ufo-robot-grendizer-the-feast-of-the-wolves/,,ADD,,endroad,Endroad,https://www.microids.com/game-ufo-robot-grendizer-the-feast-of-the-wolves/,,,2026-09-05,company-credit-ps4-pal-rapid-review-2026-09-05
ps4-ufo-robot-grendizer,UFO Robot Grendizer,UFO Robot Grendizer,PAL España,standard,GAME_OR_UNKNOWN,PHYSICAL_PUBLISHER_OR_DISTRIBUTOR,,Microids,HIGH,EXACT_TITLE_OR_EDITION_FAMILY,ADD_OR_CONFIRM_CREDIT,Crédito verificado para la obra base y aplicado únicamente a esta edición: Microids.,https://www.microids.com/game-ufo-robot-grendizer-the-feast-of-the-wolves/,,ADD,,microids,Microids,https://www.microids.com/game-ufo-robot-grendizer-the-feast-of-the-wolves/,,,2026-09-05,company-credit-ps4-pal-rapid-review-2026-09-05
ps4-ugly-dolls-an-imperfect-adventure,Ugly Dolls: An Imperfect Adventure,Ugly Dolls: An Imperfect Adventure,PAL España,standard,GAME_OR_UNKNOWN,DEVELOPER,,Well Played,HIGH,EXACT_TITLE_OR_EDITION_FAMILY,ADD_OR_CONFIRM_CREDIT,Crédito verificado para la obra base y aplicado únicamente a esta edición: Well Played.,https://www.outrightgames.com/,,ADD,,well-played,Well Played,https://www.outrightgames.com/,,,2026-09-05,company-credit-ps4-pal-rapid-review-2026-09-05
ps4-ugly-dolls-an-imperfect-adventure,Ugly Dolls: An Imperfect Adventure,Ugly Dolls: An Imperfect Adventure,PAL España,standard,GAME_OR_UNKNOWN,PHYSICAL_PUBLISHER_OR_DISTRIBUTOR,,Outright Games,HIGH,EXACT_TITLE_OR_EDITION_FAMILY,ADD_OR_CONFIRM_CREDIT,Crédito verificado para la obra base y aplicado únicamente a esta edición: Outright Games.,https://www.outrightgames.com/,,ADD,,outright-games,Outright Games LTD,https://www.outrightgames.com/,,,2026-09-05,company-credit-ps4-pal-rapid-review-2026-09-05
ps4-ultimate-vr-collection-by-survios,Ultimate VR Collection By Survios,Ultimate VR Collection By Survios,PAL España,standard,POSSIBLE_COMPILATION_OR_MULTI_PRODUCT,DEVELOPER,,Survios,HIGH,EXACT_TITLE_OR_EDITION_FAMILY,ADD_OR_CONFIRM_CREDIT,Crédito verificado para la obra base y aplicado únicamente a esta edición: Survios.,https://survios.com/games/,,ADD,,survios,Survios,https://survios.com/games/,,,2026-09-05,company-credit-ps4-pal-rapid-review-2026-09-05
ps4-ultimate-vr-collection-by-survios,Ultimate VR Collection By Survios,Ultimate VR Collection By Survios,PAL España,standard,POSSIBLE_COMPILATION_OR_MULTI_PRODUCT,PHYSICAL_PUBLISHER_OR_DISTRIBUTOR,,Perp Games,HIGH,EXACT_TITLE_OR_EDITION_FAMILY,ADD_OR_CONFIRM_CREDIT,Crédito verificado para la obra base y aplicado únicamente a esta edición: Perp Games.,https://survios.com/games/,,ADD,,perp-games,Perp Games,https://survios.com/games/,,,2026-09-05,company-credit-ps4-pal-rapid-review-2026-09-05
ps4-ultracore,Ultracore,Ultracore,PAL España,standard,GAME_OR_UNKNOWN,DEVELOPER,,Digital Illusions,HIGH,EXACT_TITLE_OR_EDITION_FAMILY,ADD_OR_CONFIRM_CREDIT,Crédito verificado para la obra base y aplicado únicamente a esta edición: Digital Illusions.,https://www.strictlylimitedgames.com/,,ADD,,digital-illusions,Digital Illusions,https://www.strictlylimitedgames.com/,,,2026-09-05,company-credit-ps4-pal-rapid-review-2026-09-05
ps4-uncharted-4-el-desenlace-del-ladron-ps-hits,Uncharted 4 : El Desenlace del Ladrón PS HITS,Uncharted 4 : El Desenlace del Ladrón PS HITS,PAL España,standard,EDITION_VARIANT,DEVELOPER,,Naughty Dog,HIGH,EXACT_TITLE_OR_EDITION_FAMILY,ADD_OR_CONFIRM_CREDIT,Crédito verificado para la obra base y aplicado únicamente a esta edición: Naughty Dog.,https://www.playstation.com/en-gb/games/uncharted-4-a-thiefs-end/,,ADD,,naughty-dog,Naughty Dog,https://www.playstation.com/en-gb/games/uncharted-4-a-thiefs-end/,,,2026-09-05,company-credit-ps4-pal-rapid-review-2026-09-05
ps4-uncharted-4-el-desenlace-del-ladron-ps-hits,Uncharted 4 : El Desenlace del Ladrón PS HITS,Uncharted 4 : El Desenlace del Ladrón PS HITS,PAL España,standard,EDITION_VARIANT,PHYSICAL_PUBLISHER_OR_DISTRIBUTOR,,Sony Interactive Entertainment,HIGH,EXACT_TITLE_OR_EDITION_FAMILY,ADD_OR_CONFIRM_CREDIT,Crédito verificado para la obra base y aplicado únicamente a esta edición: Sony Interactive Entertainment.,https://www.playstation.com/en-gb/games/uncharted-4-a-thiefs-end/,,ADD,,sony-interactive-entertainment,Sony Interactive Entertainment,https://www.playstation.com/en-gb/games/uncharted-4-a-thiefs-end/,,,2026-09-05,company-credit-ps4-pal-rapid-review-2026-09-05
ps4-uncharted-el-legado-perdido,Uncharted : El Legado Perdido,Uncharted : El Legado Perdido,PAL España,standard,GAME_OR_UNKNOWN,DEVELOPER,,Naughty Dog,HIGH,EXACT_TITLE_OR_EDITION_FAMILY,ADD_OR_CONFIRM_CREDIT,Crédito verificado para la obra base y aplicado únicamente a esta edición: Naughty Dog.,https://www.playstation.com/en-gb/games/uncharted-the-lost-legacy/,,ADD,,naughty-dog,Naughty Dog,https://www.playstation.com/en-gb/games/uncharted-the-lost-legacy/,,,2026-09-05,company-credit-ps4-pal-rapid-review-2026-09-05
ps4-uncharted-el-legado-perdido,Uncharted : El Legado Perdido,Uncharted : El Legado Perdido,PAL España,standard,GAME_OR_UNKNOWN,PHYSICAL_PUBLISHER_OR_DISTRIBUTOR,,Sony Interactive Entertainment,HIGH,EXACT_TITLE_OR_EDITION_FAMILY,ADD_OR_CONFIRM_CREDIT,Crédito verificado para la obra base y aplicado únicamente a esta edición: Sony Interactive Entertainment.,https://www.playstation.com/en-gb/games/uncharted-the-lost-legacy/,,ADD,,sony-interactive-entertainment,Sony Interactive Entertainment,https://www.playstation.com/en-gb/games/uncharted-the-lost-legacy/,,,2026-09-05,company-credit-ps4-pal-rapid-review-2026-09-05
ps4-uncharted-el-tesoro-de-drake-remastered,Uncharted : El tesoro de Drake. REMASTERED,Uncharted : El tesoro de Drake. REMASTERED,PAL España,standard,EDITION_VARIANT,DEVELOPER,,Bluepoint Games,HIGH,EXACT_TITLE_OR_EDITION_FAMILY,ADD_OR_CONFIRM_CREDIT,Crédito verificado para la obra base y aplicado únicamente a esta edición: Bluepoint Games.,https://www.playstation.com/en-gb/games/uncharted-the-nathan-drake-collection/,,ADD,,bluepoint-games,Bluepoint Games,https://www.playstation.com/en-gb/games/uncharted-the-nathan-drake-collection/,,,2026-09-05,company-credit-ps4-pal-rapid-review-2026-09-05
ps4-uncharted-el-tesoro-de-drake-remastered,Uncharted : El tesoro de Drake. REMASTERED,Uncharted : El tesoro de Drake. REMASTERED,PAL España,standard,EDITION_VARIANT,PHYSICAL_PUBLISHER_OR_DISTRIBUTOR,,Sony Computer Entertainment Europe,HIGH,EXACT_TITLE_OR_EDITION_FAMILY,ADD_OR_CONFIRM_CREDIT,Crédito verificado para la obra base y aplicado únicamente a esta edición: Sony Computer Entertainment Europe.,https://www.playstation.com/en-gb/games/uncharted-the-nathan-drake-collection/,,ADD,,sony-computer-entertainment-europe,Sony Computer Entertainment Europe,https://www.playstation.com/en-gb/games/uncharted-the-nathan-drake-collection/,,,2026-09-05,company-credit-ps4-pal-rapid-review-2026-09-05
ps4-uncharted-the-natham-drake-collection-ps-hits,Uncharted The Natham Drake Collection PS HITS,Uncharted The Natham Drake Collection PS HITS,PAL España,standard,EDITION_VARIANT,DEVELOPER,,Bluepoint Games,HIGH,EXACT_TITLE_OR_EDITION_FAMILY,ADD_OR_CONFIRM_CREDIT,Crédito verificado para la obra base y aplicado únicamente a esta edición: Bluepoint Games.,https://www.playstation.com/en-gb/games/uncharted-the-nathan-drake-collection/,,ADD,,bluepoint-games,Bluepoint Games,https://www.playstation.com/en-gb/games/uncharted-the-nathan-drake-collection/,,,2026-09-05,company-credit-ps4-pal-rapid-review-2026-09-05
ps4-uncharted-the-natham-drake-collection-ps-hits,Uncharted The Natham Drake Collection PS HITS,Uncharted The Natham Drake Collection PS HITS,PAL España,standard,EDITION_VARIANT,PHYSICAL_PUBLISHER_OR_DISTRIBUTOR,,Sony Computer Entertainment Europe,HIGH,EXACT_TITLE_OR_EDITION_FAMILY,ADD_OR_CONFIRM_CREDIT,Crédito verificado para la obra base y aplicado únicamente a esta edición: Sony Computer Entertainment Europe.,https://www.playstation.com/en-gb/games/uncharted-the-nathan-drake-collection/,,ADD,,sony-computer-entertainment-europe,Sony Computer Entertainment Europe,https://www.playstation.com/en-gb/games/uncharted-the-nathan-drake-collection/,,,2026-09-05,company-credit-ps4-pal-rapid-review-2026-09-05
ps4-uncharted-the-nathan-drake-collection,Uncharted: The Nathan Drake Collection,Uncharted: The Nathan Drake Collection,PAL España,standard,POSSIBLE_COMPILATION_OR_MULTI_PRODUCT,DEVELOPER,"Naughty Dog Inc., Bluepoint Games",Naughty Dog,HIGH,PS4_RELEASE | SAME_WORK_EDITION,ADD_OR_CONFIRM_CREDIT,"Coincidencia rápida: LAUNCHBOX_PS4, VERIFIED_PS4_SIBLING.",https://gamesdb.launchbox-app.com/games/details/31758,,REPLACE,"Naughty Dog Inc., Bluepoint Games",naughty-dog,Naughty Dog,https://gamesdb.launchbox-app.com/games/details/31758,,,2026-09-05,company-credit-ps4-pal-rapid-review-2026-09-05
ps4-under-night-in-birth-exelate-st,Under Night In-Birth Exe:Late St,Under Night In-Birth Exe:Late St,PAL España,standard,GAME_OR_UNKNOWN,DIGITAL_PUBLISHER,,PQube Ltd,HIGH,DIGITAL_PS4_EU,ADD_OR_CONFIRM_CREDIT,Coincidencia rápida: PLAYSTATION_STORE.,https://store.playstation.com/es-es/product/EP4293-CUSA09420_00-UNIEXEST00000000,,ADD,,pqube,PQube Ltd.,https://store.playstation.com/es-es/product/EP4293-CUSA09420_00-UNIEXEST00000000,,,2026-09-05,company-credit-ps4-pal-rapid-review-2026-09-05
ps4-under-the-waves,Under the Waves,Under the Waves,PAL España,standard,GAME_OR_UNKNOWN,PHYSICAL_PUBLISHER_OR_DISTRIBUTOR,,Spotlight by Quantic Dream,HIGH,GAME_WORK | PS4_RELEASE,ADD_OR_CONFIRM_CREDIT,"Coincidencia rápida: LAUNCHBOX_PS4, STEAM.",https://gamesdb.launchbox-app.com/games/details/466327,https://store.steampowered.com/app/1975440,ADD,,spotlight-by-quantic-dream,Spotlight by Quantic Dream,https://gamesdb.launchbox-app.com/games/details/466327 | https://store.steampowered.com/app/1975440,,,2026-09-05,company-credit-ps4-pal-rapid-review-2026-09-05
ps4-united-assault-normandy-%2744,United Assault: Normandy '44,United Assault: Normandy '44,PAL España,standard,GAME_OR_UNKNOWN,DIGITAL_PUBLISHER,,DANIEL WENGENROTH,HIGH,DIGITAL_PS4_EU,ADD_OR_CONFIRM_CREDIT,Coincidencia rápida: PLAYSTATION_STORE.,https://store.playstation.com/es-es/product/EP4902-CUSA29456_00-1448934058564985,,ADD,,daniel-wengenroth,DANIEL WENGENROTH,https://store.playstation.com/es-es/product/EP4902-CUSA29456_00-1448934058564985,,,2026-09-05,company-credit-ps4-pal-rapid-review-2026-09-05
ps4-unmetal-collector%27s-edition,UnMetal [Collector's Edition],UnMetal [Collector's Edition],PAL España,standard,EDITION_VARIANT,PHYSICAL_PUBLISHER_OR_DISTRIBUTOR,,Versus Evil,HIGH,GAME_WORK | PS4_RELEASE,ADD_OR_CONFIRM_CREDIT,"Coincidencia rápida: LAUNCHBOX_PS4, STEAM.",https://gamesdb.launchbox-app.com/games/details/443133,https://store.steampowered.com/app/1203710,ADD,,versus-evil,Versus Evil,https://gamesdb.launchbox-app.com/games/details/443133 | https://store.steampowered.com/app/1203710,,,2026-09-05,company-credit-ps4-pal-rapid-review-2026-09-05
ps4-unravel-coleccion-yarny-1-y-2,Unravel Colección Yarny 1 y 2,Unravel Colección Yarny 1 y 2,PAL España,standard,GAME_OR_UNKNOWN,DEVELOPER,,Coldwood Interactive,HIGH,EXACT_TITLE_OR_EDITION_FAMILY,ADD_OR_CONFIRM_CREDIT,Crédito verificado para la obra base y aplicado únicamente a esta edición: Coldwood Interactive.,https://www.ea.com/games/unravel,,ADD,,coldwood-interactive,ColdWood Interactive,https://www.ea.com/games/unravel,,,2026-09-05,company-credit-ps4-pal-rapid-review-2026-09-05
ps4-unravel-coleccion-yarny-1-y-2,Unravel Colección Yarny 1 y 2,Unravel Colección Yarny 1 y 2,PAL España,standard,GAME_OR_UNKNOWN,PHYSICAL_PUBLISHER_OR_DISTRIBUTOR,,Electronic Arts,HIGH,EXACT_TITLE_OR_EDITION_FAMILY,ADD_OR_CONFIRM_CREDIT,Crédito verificado para la obra base y aplicado únicamente a esta edición: Electronic Arts.,https://www.ea.com/games/unravel,,ADD,,electronic-arts,Electronic Arts,https://www.ea.com/games/unravel,,,2026-09-05,company-credit-ps4-pal-rapid-review-2026-09-05
ps4-until-dawn-rush-of-blood,Until Dawn Rush of Blood,Until Dawn Rush of Blood,PAL España,standard,GAME_OR_UNKNOWN,PHYSICAL_PUBLISHER_OR_DISTRIBUTOR,,Sony Interactive Entertainment,HIGH,DIGITAL_PS4_EU | GAME_WORK | PS4_RELEASE,ADD_OR_CONFIRM_CREDIT,"Coincidencia rápida: LAUNCHBOX_PS4, PLAYSTATION_STORE, WIKIDATA.",https://gamesdb.launchbox-app.com/games/details/154179,https://store.playstation.com/es-es/product/EP9000-CUSA02350_00-RUSHOFBLOOD00001,ADD,,sony-interactive-entertainment,Sony Interactive Entertainment,https://gamesdb.launchbox-app.com/games/details/154179 | https://store.playstation.com/es-es/product/EP9000-CUSA02350_00-RUSHOFBLOOD00001,,,2026-09-05,company-credit-ps4-pal-rapid-review-2026-09-05
ps4-urban-trial-tricky,Urban Trial Tricky,Urban Trial Tricky,PAL España,standard,GAME_OR_UNKNOWN,PHYSICAL_PUBLISHER_OR_DISTRIBUTOR,,Tate Multimedia,HIGH,GAME_WORK | PS4_RELEASE,ADD_OR_CONFIRM_CREDIT,"Coincidencia rápida: LAUNCHBOX_PS4, STEAM.",https://gamesdb.launchbox-app.com/games/details/477044,https://store.steampowered.com/app/1380060,ADD,,tate-multimedia,Tate Multimedia,https://gamesdb.launchbox-app.com/games/details/477044 | https://store.steampowered.com/app/1380060,,,2026-09-05,company-credit-ps4-pal-rapid-review-2026-09-05
ps4-valentino-rossi,Valentino Rossi,Valentino Rossi,PAL España,standard,GAME_OR_UNKNOWN,DEVELOPER,,Milestone,HIGH,EXACT_TITLE_OR_EDITION_FAMILY,ADD_OR_CONFIRM_CREDIT,Crédito verificado para la obra base y aplicado únicamente a esta edición: Milestone.,https://milestone.it/games/valentino-rossi-the-game/,,ADD,,milestone,MileStone,https://milestone.it/games/valentino-rossi-the-game/,,,2026-09-05,company-credit-ps4-pal-rapid-review-2026-09-05
ps4-valentino-rossi,Valentino Rossi,Valentino Rossi,PAL España,standard,GAME_OR_UNKNOWN,PHYSICAL_PUBLISHER_OR_DISTRIBUTOR,,Milestone,HIGH,EXACT_TITLE_OR_EDITION_FAMILY,ADD_OR_CONFIRM_CREDIT,Crédito verificado para la obra base y aplicado únicamente a esta edición: Milestone.,https://milestone.it/games/valentino-rossi-the-game/,,ADD,,milestone,MileStone,https://milestone.it/games/valentino-rossi-the-game/,,,2026-09-05,company-credit-ps4-pal-rapid-review-2026-09-05
ps4-valentino-rossi-collector%27s-edition,Valentino Rossi [Collector's Edition],Valentino Rossi [Collector's Edition],PAL España,standard,EDITION_VARIANT,DEVELOPER,,Milestone,HIGH,EXACT_TITLE_OR_EDITION_FAMILY,ADD_OR_CONFIRM_CREDIT,Crédito verificado para la obra base y aplicado únicamente a esta edición: Milestone.,https://milestone.it/games/valentino-rossi-the-game/,,ADD,,milestone,MileStone,https://milestone.it/games/valentino-rossi-the-game/,,,2026-09-05,company-credit-ps4-pal-rapid-review-2026-09-05
ps4-valentino-rossi-collector%27s-edition,Valentino Rossi [Collector's Edition],Valentino Rossi [Collector's Edition],PAL España,standard,EDITION_VARIANT,PHYSICAL_PUBLISHER_OR_DISTRIBUTOR,,Milestone,HIGH,EXACT_TITLE_OR_EDITION_FAMILY,ADD_OR_CONFIRM_CREDIT,Crédito verificado para la obra base y aplicado únicamente a esta edición: Milestone.,https://milestone.it/games/valentino-rossi-the-game/,,ADD,,milestone,MileStone,https://milestone.it/games/valentino-rossi-the-game/,,,2026-09-05,company-credit-ps4-pal-rapid-review-2026-09-05
ps4-valentino-rossi-not-for-resale,Valentino Rossi [Not For Resale],Valentino Rossi [Not For Resale],PAL España,standard,PROMO_COPY,DEVELOPER,,Milestone,HIGH,EXACT_TITLE_OR_EDITION_FAMILY,ADD_OR_CONFIRM_CREDIT,Crédito verificado para la obra base y aplicado únicamente a esta edición: Milestone.,https://milestone.it/games/valentino-rossi-the-game/,,ADD,,milestone,MileStone,https://milestone.it/games/valentino-rossi-the-game/,,,2026-09-05,company-credit-ps4-pal-rapid-review-2026-09-05
ps4-valentino-rossi-not-for-resale,Valentino Rossi [Not For Resale],Valentino Rossi [Not For Resale],PAL España,standard,PROMO_COPY,PHYSICAL_PUBLISHER_OR_DISTRIBUTOR,,Milestone,HIGH,EXACT_TITLE_OR_EDITION_FAMILY,ADD_OR_CONFIRM_CREDIT,Crédito verificado para la obra base y aplicado únicamente a esta edición: Milestone.,https://milestone.it/games/valentino-rossi-the-game/,,ADD,,milestone,MileStone,https://milestone.it/games/valentino-rossi-the-game/,,,2026-09-05,company-credit-ps4-pal-rapid-review-2026-09-05
ps4-valthirian-arc-hero-school-story,Valthirian Arc Hero School Story,Valthirian Arc Hero School Story,PAL España,standard,GAME_OR_UNKNOWN,PHYSICAL_PUBLISHER_OR_DISTRIBUTOR,,PQube,HIGH,DIGITAL_PS4_EU | GAME_WORK | PS4_RELEASE,ADD_OR_CONFIRM_CREDIT,"Coincidencia rápida: LAUNCHBOX_PS4, PLAYSTATION_STORE, STEAM.",https://gamesdb.launchbox-app.com/games/details/443136,https://store.playstation.com/es-es/product/EP4293-CUSA11378_00-0000000000000000,ADD,,pqube,PQube Ltd.,https://gamesdb.launchbox-app.com/games/details/443136 | https://store.playstation.com/es-es/product/EP4293-CUSA11378_00-0000000000000000,,,2026-09-05,company-credit-ps4-pal-rapid-review-2026-09-05
ps4-vampire-the-masquerade-the-new-york-bundle,Vampire: The Masquerade - The New York Bundle,Vampire: The Masquerade - The New York Bundle,PAL España,standard,GAME_OR_UNKNOWN,DEVELOPER,,Draw Distance,HIGH,EXACT_TITLE_OR_EDITION_FAMILY,ADD_OR_CONFIRM_CREDIT,Crédito verificado para la obra base y aplicado únicamente a esta edición: Draw Distance.,https://drawdistance.dev/vampire-the-masquerade-coteries-of-new-york/,,ADD,,draw-distance,Draw Distance,https://drawdistance.dev/vampire-the-masquerade-coteries-of-new-york/,,,2026-09-05,company-credit-ps4-pal-rapid-review-2026-09-05
ps4-vampire-the-masquerade-the-new-york-bundle,Vampire: The Masquerade - The New York Bundle,Vampire: The Masquerade - The New York Bundle,PAL España,standard,GAME_OR_UNKNOWN,PHYSICAL_PUBLISHER_OR_DISTRIBUTOR,,Forever Entertainment,HIGH,EXACT_TITLE_OR_EDITION_FAMILY,ADD_OR_CONFIRM_CREDIT,Crédito verificado para la obra base y aplicado únicamente a esta edición: Forever Entertainment.,https://drawdistance.dev/vampire-the-masquerade-coteries-of-new-york/,,ADD,,forever-entertainment,Forever Entertainment,https://drawdistance.dev/vampire-the-masquerade-coteries-of-new-york/,,,2026-09-05,company-credit-ps4-pal-rapid-review-2026-09-05
ps4-vasara-collection,Vasara Collection,Vasara Collection,PAL España,standard,POSSIBLE_COMPILATION_OR_MULTI_PRODUCT,DEVELOPER,,QUByte Interactive,HIGH,GAME_WORK | PS4_RELEASE | SAME_WORK_EDITION,ADD_OR_CONFIRM_CREDIT,"Coincidencia rápida: LAUNCHBOX_PS4, STEAM, VERIFIED_PS4_SIBLING.",https://gamesdb.launchbox-app.com/games/details/177320,https://store.steampowered.com/app/1085630,ADD,,qubyte,QUByte,https://gamesdb.launchbox-app.com/games/details/177320 | https://store.steampowered.com/app/1085630,,,2026-09-05,company-credit-ps4-pal-rapid-review-2026-09-05
ps4-vegas-party,Vegas Party,Vegas Party,PAL España,standard,GAME_OR_UNKNOWN,PHYSICAL_PUBLISHER_OR_DISTRIBUTOR,,Funbox Media,HIGH,DIGITAL_PS4_EU | GAME_WORK | PS4_RELEASE,ADD_OR_CONFIRM_CREDIT,"Coincidencia rápida: LAUNCHBOX_PS4, PLAYSTATION_STORE, STEAM.",https://gamesdb.launchbox-app.com/games/details/474034,https://store.playstation.com/es-es/product/EP4358-CUSA08757_00-000000VEGASPARTY,ADD,,funbox-media,Funbox Media,https://gamesdb.launchbox-app.com/games/details/474034 | https://store.playstation.com/es-es/product/EP4358-CUSA08757_00-000000VEGASPARTY,,,2026-09-05,company-credit-ps4-pal-rapid-review-2026-09-05
ps4-velocity-2x-critical-mass-edition,Velocity 2X Critical Mass Edition,Velocity 2X Critical Mass Edition,PAL España,standard,GAME_OR_UNKNOWN,PHYSICAL_PUBLISHER_OR_DISTRIBUTOR,,BadLand Games,HIGH,EXACT_TITLE_OR_EDITION_FAMILY,ADD_OR_CONFIRM_CREDIT,Crédito verificado para la obra base y aplicado únicamente a esta edición: BadLand Games.,https://www.futurlab.co.uk/games/velocity-2x/,,ADD,,badland-games,BadLand Games,https://www.futurlab.co.uk/games/velocity-2x/,,,2026-09-05,company-credit-ps4-pal-rapid-review-2026-09-05
ps4-vernal-edge,Vernal Edge,Vernal Edge,PAL España,standard,GAME_OR_UNKNOWN,PHYSICAL_PUBLISHER_OR_DISTRIBUTOR,,PID Games,HIGH,GAME_WORK,ADD_OR_CONFIRM_CREDIT,"Coincidencia rápida: STEAM, WIKIDATA.",https://store.steampowered.com/app/1546710,https://www.wikidata.org/entity/Q122310693,ADD,,pid-games,PID Games,https://store.steampowered.com/app/1546710 | https://www.wikidata.org/entity/Q122310693,,,2026-09-05,company-credit-ps4-pal-rapid-review-2026-09-05
ps4-vesper-zero-light-edition-29-99,"Vesper : Zero Light Edition 29,99","Vesper : Zero Light Edition 29,99",PAL España,standard,GAME_OR_UNKNOWN,DEVELOPER,,Cordens Interactive,HIGH,EXACT_TITLE_OR_EDITION_FAMILY,ADD_OR_CONFIRM_CREDIT,Crédito verificado para la obra base y aplicado únicamente a esta edición: Cordens Interactive.,https://www.strictlylimitedgames.com/,,ADD,,cordens-interactive,Cordens Interactive,https://www.strictlylimitedgames.com/,,,2026-09-05,company-credit-ps4-pal-rapid-review-2026-09-05
ps4-vesper-zero-light-edition-29-99,"Vesper : Zero Light Edition 29,99","Vesper : Zero Light Edition 29,99",PAL España,standard,GAME_OR_UNKNOWN,PHYSICAL_PUBLISHER_OR_DISTRIBUTOR,,Strictly Limited Games,HIGH,EXACT_TITLE_OR_EDITION_FAMILY,ADD_OR_CONFIRM_CREDIT,Crédito verificado para la obra base y aplicado únicamente a esta edición: Strictly Limited Games.,https://www.strictlylimitedgames.com/,,ADD,,strictly-limited-games,Strictly Limited Games,https://www.strictlylimitedgames.com/,,,2026-09-05,company-credit-ps4-pal-rapid-review-2026-09-05
ps4-vr-demo-disc,VR Demo Disc,PlayStation VR Demo Disc,PAL España,standard,DEMO_OR_SAMPLER,PHYSICAL_PUBLISHER_OR_DISTRIBUTOR,,Sony Interactive Entertainment,HIGH,PSVR_DEMO_COMPILATION,ADD_PHYSICAL_PUBLISHER_OR_DISTRIBUTOR,La edición PS4 consultada atribuye la publicación o distribución física a Sony Interactive Entertainment.,https://www.playstation.com/en-gb/ps-vr/,,ADD,,sony-interactive-entertainment,Sony Interactive Entertainment,https://www.playstation.com/en-gb/ps-vr/,,,2026-09-05,company-credit-ps4-pal-rapid-review-2026-09-05
ps4-vr-double-pack-the-assembly-&amp;-perfect,VR Double Pack: The Assembly & Perfect,VR Double Pack: The Assembly & Perfect,PAL España,standard,POSSIBLE_COMPILATION_OR_MULTI_PRODUCT,DEVELOPER,nDreams,nDreams,HIGH,EXACT_TITLE_OR_EDITION_FAMILY,ADD_OR_CONFIRM_CREDIT,Crédito verificado para la obra base y aplicado únicamente a esta edición: nDreams.,https://www.ndreams.com/games,,CONFIRM,nDreams,ndreams,nDreams,https://www.ndreams.com/games,,,2026-09-05,company-credit-ps4-pal-rapid-review-2026-09-05
ps4-wacht-dogs,Wacht Dogs,Wacht Dogs,PAL España,standard,GAME_OR_UNKNOWN,DEVELOPER,,Ubisoft Montreal,HIGH,EXACT_TITLE_OR_EDITION_FAMILY,ADD_OR_CONFIRM_CREDIT,Crédito verificado para la obra base y aplicado únicamente a esta edición: Ubisoft Montreal.,https://www.ubisoft.com/en-gb/game/watch-dogs/watch-dogs,,ADD,,ubisoft-montreal,Ubisoft Montreal,https://www.ubisoft.com/en-gb/game/watch-dogs/watch-dogs,,,2026-09-05,company-credit-ps4-pal-rapid-review-2026-09-05
ps4-wacht-dogs,Wacht Dogs,Wacht Dogs,PAL España,standard,GAME_OR_UNKNOWN,PHYSICAL_PUBLISHER_OR_DISTRIBUTOR,,Ubisoft,HIGH,EXACT_TITLE_OR_EDITION_FAMILY,ADD_OR_CONFIRM_CREDIT,Crédito verificado para la obra base y aplicado únicamente a esta edición: Ubisoft.,https://www.ubisoft.com/en-gb/game/watch-dogs/watch-dogs,,ADD,,ubisoft,Ubisoft,https://www.ubisoft.com/en-gb/game/watch-dogs/watch-dogs,,,2026-09-05,company-credit-ps4-pal-rapid-review-2026-09-05
ps4-wanted-dead-collector%27s-edition,Wanted: Dead [Collector's Edition],Wanted: Dead [Collector's Edition],PAL España,standard,EDITION_VARIANT,PHYSICAL_PUBLISHER_OR_DISTRIBUTOR,,110 Industries,HIGH,GAME_WORK | PS4_RELEASE | SAME_WORK_EDITION,ADD_OR_CONFIRM_CREDIT,"Coincidencia rápida: LAUNCHBOX_PS4, VERIFIED_PAL_SIBLING, WIKIDATA.",https://gamesdb.launchbox-app.com/games/details/441526,https://www.wikidata.org/entity/Q116672310,ADD,,110-industries,110 Industries,https://gamesdb.launchbox-app.com/games/details/441526 | https://www.wikidata.org/entity/Q116672310,,,2026-09-05,company-credit-ps4-pal-rapid-review-2026-09-05
"ps4-warhammer-40,000-deathwatch","Warhammer 40,000 Deathwatch","Warhammer 40,000 Deathwatch",PAL España,standard,GAME_OR_UNKNOWN,DEVELOPER,,Rodeo Games,HIGH,EXACT_TITLE_OR_EDITION_FAMILY,ADD_OR_CONFIRM_CREDIT,Crédito verificado para la obra base y aplicado únicamente a esta edición: Rodeo Games.,https://funboxmedia.co.uk/,,ADD,,rodeo-games,Rodeo Games,https://funboxmedia.co.uk/,,,2026-09-05,company-credit-ps4-pal-rapid-review-2026-09-05
"ps4-warhammer-40,000-deathwatch","Warhammer 40,000 Deathwatch","Warhammer 40,000 Deathwatch",PAL España,standard,GAME_OR_UNKNOWN,PHYSICAL_PUBLISHER_OR_DISTRIBUTOR,,Funbox Media,HIGH,EXACT_TITLE_OR_EDITION_FAMILY,ADD_OR_CONFIRM_CREDIT,Crédito verificado para la obra base y aplicado únicamente a esta edición: Funbox Media.,https://funboxmedia.co.uk/,,ADD,,funbox-media,Funbox Media,https://funboxmedia.co.uk/,,,2026-09-05,company-credit-ps4-pal-rapid-review-2026-09-05
ps4-warhammer-40000-shootas-blood-&amp;-teef,"Warhammer 40.000: Shootas, Blood & Teef","Warhammer 40.000: Shootas, Blood & Teef",PAL España,standard,GAME_OR_UNKNOWN,PHYSICAL_PUBLISHER_OR_DISTRIBUTOR,,Rogueside,HIGH,GAME_WORK | PS4_RELEASE,ADD_OR_CONFIRM_CREDIT,"Coincidencia rápida: LAUNCHBOX_PS4, STEAM.",https://gamesdb.launchbox-app.com/games/details/443082,https://store.steampowered.com/app/1324530,ADD,,rogueside,Rogueside,https://gamesdb.launchbox-app.com/games/details/443082 | https://store.steampowered.com/app/1324530,,,2026-09-05,company-credit-ps4-pal-rapid-review-2026-09-05
ps4-warhammer-the-end-times-vermintide,Warhammer The End Times Vermintide,Warhammer The End Times Vermintide,PAL España,standard,GAME_OR_UNKNOWN,DEVELOPER,,Fatshark,HIGH,EXACT_TITLE_OR_EDITION_FAMILY,ADD_OR_CONFIRM_CREDIT,Crédito verificado para la obra base y aplicado únicamente a esta edición: Fatshark.,https://www.fatshark.se/games/warhammer-end-times-vermintide,,ADD,,fatshark,Fatshark,https://www.fatshark.se/games/warhammer-end-times-vermintide,,,2026-09-05,company-credit-ps4-pal-rapid-review-2026-09-05
ps4-warhammer-the-end-times-vermintide,Warhammer The End Times Vermintide,Warhammer The End Times Vermintide,PAL España,standard,GAME_OR_UNKNOWN,PHYSICAL_PUBLISHER_OR_DISTRIBUTOR,,Nordic Games,HIGH,EXACT_TITLE_OR_EDITION_FAMILY,ADD_OR_CONFIRM_CREDIT,Crédito verificado para la obra base y aplicado únicamente a esta edición: Nordic Games.,https://www.fatshark.se/games/warhammer-end-times-vermintide,,ADD,,nordic-games,Nordic Games,https://www.fatshark.se/games/warhammer-end-times-vermintide,,,2026-09-05,company-credit-ps4-pal-rapid-review-2026-09-05
ps4-warhammer-vermintide-ii-deluxe-edition,Warhammer: Vermintide II [Deluxe Edition],Warhammer: Vermintide II [Deluxe Edition],PAL España,standard,EDITION_VARIANT,DEVELOPER,,Fatshark,HIGH,EXACT_TITLE_OR_EDITION_FAMILY,ADD_OR_CONFIRM_CREDIT,Crédito verificado para la obra base y aplicado únicamente a esta edición: Fatshark.,https://www.fatshark.se/games/warhammer-vermintide-2,,ADD,,fatshark,Fatshark,https://www.fatshark.se/games/warhammer-vermintide-2,,,2026-09-05,company-credit-ps4-pal-rapid-review-2026-09-05
ps4-warhammer-vermintide-ii-deluxe-edition,Warhammer: Vermintide II [Deluxe Edition],Warhammer: Vermintide II [Deluxe Edition],PAL España,standard,EDITION_VARIANT,PHYSICAL_PUBLISHER_OR_DISTRIBUTOR,,505 Games,HIGH,EXACT_TITLE_OR_EDITION_FAMILY,ADD_OR_CONFIRM_CREDIT,Crédito verificado para la obra base y aplicado únicamente a esta edición: 505 Games.,https://www.fatshark.se/games/warhammer-vermintide-2,,ADD,,505-games,505 Games,https://www.fatshark.se/games/warhammer-vermintide-2,,,2026-09-05,company-credit-ps4-pal-rapid-review-2026-09-05
ps4-wasteland-2-directors-cut,Wasteland 2: Directors Cut,Wasteland 2: Directors Cut,PAL España,standard,EDITION_VARIANT,DEVELOPER,,inXile Entertainment,HIGH,GAME_WORK | PS4_RELEASE,ADD_OR_CONFIRM_CREDIT,"Coincidencia rápida: LAUNCHBOX_PS4, STEAM.",https://gamesdb.launchbox-app.com/games/details/32209,https://store.steampowered.com/app/240760,ADD,,inxile-entertainment,InXile Entertainment,https://gamesdb.launchbox-app.com/games/details/32209 | https://store.steampowered.com/app/240760,,,2026-09-05,company-credit-ps4-pal-rapid-review-2026-09-05
ps4-wasteland-2-directors-cut,Wasteland 2: Directors Cut,Wasteland 2: Directors Cut,PAL España,standard,EDITION_VARIANT,PHYSICAL_PUBLISHER_OR_DISTRIBUTOR,,InXile Entertainment,HIGH,DIGITAL_PS4_EU | GAME_WORK,ADD_OR_CONFIRM_CREDIT,"Coincidencia rápida: PLAYSTATION_STORE, STEAM.",https://store.playstation.com/es-es/product/EP2028-CUSA03144_00-WASTELAND2GTYPS4,https://store.steampowered.com/app/240760,ADD,,inxile-entertainment,InXile Entertainment,https://store.playstation.com/es-es/product/EP2028-CUSA03144_00-WASTELAND2GTYPS4 | https://store.steampowered.com/app/240760,,,2026-09-05,company-credit-ps4-pal-rapid-review-2026-09-05
ps4-we-sing,We Sing,We Sing,PAL España,standard,GAME_OR_UNKNOWN,PHYSICAL_PUBLISHER_OR_DISTRIBUTOR,,THQ Nordic,HIGH,DIGITAL_PS4_EU | GAME_WORK | PS4_RELEASE,ADD_OR_CONFIRM_CREDIT,"Coincidencia rápida: LAUNCHBOX_PS4, PLAYSTATION_STORE, WIKIDATA.",https://gamesdb.launchbox-app.com/games/details/443040,https://store.playstation.com/es-es/product/EP4389-CUSA05912_00-WESINGPS4EU00001,ADD,,thq-nordic,THQ Nordic GmbH,https://gamesdb.launchbox-app.com/games/details/443040 | https://store.playstation.com/es-es/product/EP4389-CUSA05912_00-WESINGPS4EU00001,,,2026-09-05,company-credit-ps4-pal-rapid-review-2026-09-05
ps4-we-sing-2-mic-bundle,We Sing [2-Mic Bundle],We Sing [2-Mic Bundle],PAL España,standard,BUNDLE_OR_MULTI_PRODUCT,DEVELOPER,,Le Cortex,HIGH,GAME_WORK | SAME_WORK_EDITION,ADD_OR_CONFIRM_CREDIT,"Coincidencia rápida: VERIFIED_PS4_SIBLING, WIKIDATA.",https://www.wikidata.org/entity/Q7977759,,ADD,,le-cortex,Le Cortex,https://www.wikidata.org/entity/Q7977759,,,2026-09-05,company-credit-ps4-pal-rapid-review-2026-09-05
ps4-we-sing-2-mic-bundle,We Sing [2-Mic Bundle],We Sing [2-Mic Bundle],PAL España,standard,BUNDLE_OR_MULTI_PRODUCT,PHYSICAL_PUBLISHER_OR_DISTRIBUTOR,,THQ Nordic,HIGH,GAME_WORK | PS4_RELEASE,ADD_OR_CONFIRM_CREDIT,"Coincidencia rápida: LAUNCHBOX_PS4, WIKIDATA.",https://gamesdb.launchbox-app.com/games/details/443040,https://www.wikidata.org/entity/Q7977759,ADD,,thq-nordic,THQ Nordic GmbH,https://gamesdb.launchbox-app.com/games/details/443040 | https://www.wikidata.org/entity/Q7977759,,,2026-09-05,company-credit-ps4-pal-rapid-review-2026-09-05
ps4-we-sing-pop,We Sing Pop,We Sing Pop,PAL España,standard,GAME_OR_UNKNOWN,PHYSICAL_PUBLISHER_OR_DISTRIBUTOR,,THQ Nordic,HIGH,DIGITAL_PS4_EU | GAME_WORK | PS4_RELEASE,ADD_OR_CONFIRM_CREDIT,"Coincidencia rápida: LAUNCHBOX_PS4, PLAYSTATION_STORE, WIKIDATA.",https://gamesdb.launchbox-app.com/games/details/443039,https://store.playstation.com/es-es/product/EP4389-CUSA09323_00-WESINGPOPEU00001,ADD,,thq-nordic,THQ Nordic GmbH,https://gamesdb.launchbox-app.com/games/details/443039 | https://store.playstation.com/es-es/product/EP4389-CUSA09323_00-WESINGPOPEU00001,,,2026-09-05,company-credit-ps4-pal-rapid-review-2026-09-05
ps4-we-sing-pop-2-mic-bundle,We Sing Pop [2-Mic Bundle],We Sing Pop [2-Mic Bundle],PAL España,standard,BUNDLE_OR_MULTI_PRODUCT,DEVELOPER,,Le Cortex,HIGH,GAME_WORK | PS4_RELEASE | SAME_WORK_EDITION,ADD_OR_CONFIRM_CREDIT,"Coincidencia rápida: LAUNCHBOX_PS4, VERIFIED_PS4_SIBLING, WIKIDATA.",https://gamesdb.launchbox-app.com/games/details/443039,https://www.wikidata.org/entity/Q7977767,ADD,,le-cortex,Le Cortex,https://gamesdb.launchbox-app.com/games/details/443039 | https://www.wikidata.org/entity/Q7977767,,,2026-09-05,company-credit-ps4-pal-rapid-review-2026-09-05
ps4-we-sing-pop-2-mic-bundle,We Sing Pop [2-Mic Bundle],We Sing Pop [2-Mic Bundle],PAL España,standard,BUNDLE_OR_MULTI_PRODUCT,PHYSICAL_PUBLISHER_OR_DISTRIBUTOR,,THQ Nordic,HIGH,GAME_WORK | PS4_RELEASE,ADD_OR_CONFIRM_CREDIT,"Coincidencia rápida: LAUNCHBOX_PS4, WIKIDATA.",https://gamesdb.launchbox-app.com/games/details/443039,https://www.wikidata.org/entity/Q7977767,ADD,,thq-nordic,THQ Nordic GmbH,https://gamesdb.launchbox-app.com/games/details/443039 | https://www.wikidata.org/entity/Q7977767,,,2026-09-05,company-credit-ps4-pal-rapid-review-2026-09-05
ps4-wer-weiss-denn-sowas,Wer Weiss Denn Sowas,Wer Weiss Denn Sowas,PAL España,standard,GAME_OR_UNKNOWN,DEVELOPER,,bitComposer Interactive,HIGH,EXACT_TITLE_OR_EDITION_FAMILY,ADD_OR_CONFIRM_CREDIT,Crédito verificado para la obra base y aplicado únicamente a esta edición: bitComposer Interactive.,https://www.ravenscourt.games/,,ADD,,bitcomposer,bitComposer,https://www.ravenscourt.games/,,,2026-09-05,company-credit-ps4-pal-rapid-review-2026-09-05
ps4-wer-weiss-denn-sowas,Wer Weiss Denn Sowas,Wer Weiss Denn Sowas,PAL España,standard,GAME_OR_UNKNOWN,PHYSICAL_PUBLISHER_OR_DISTRIBUTOR,,Ravenscourt,HIGH,EXACT_TITLE_OR_EDITION_FAMILY,ADD_OR_CONFIRM_CREDIT,Crédito verificado para la obra base y aplicado únicamente a esta edición: Ravenscourt.,https://www.ravenscourt.games/,,ADD,,ravenscourt,Ravenscourt,https://www.ravenscourt.games/,,,2026-09-05,company-credit-ps4-pal-rapid-review-2026-09-05
ps4-werewolf-the-apocalypse-heart-of-the-forest,Werewolf The Apocalypse: Heart Of The Forest,Werewolf The Apocalypse: Heart Of The Forest,PAL España,standard,GAME_OR_UNKNOWN,DIGITAL_PUBLISHER,,Pretty Soon S.A.,HIGH,DIGITAL_PS4_EU,ADD_OR_CONFIRM_CREDIT,Coincidencia rápida: PLAYSTATION_STORE.,https://store.playstation.com/es-es/product/EP5884-CUSA25812_00-4148942493079608,,ADD,,pretty-soon-s-a,Pretty Soon S.A.,https://store.playstation.com/es-es/product/EP5884-CUSA25812_00-4148942493079608,,,2026-09-05,company-credit-ps4-pal-rapid-review-2026-09-05
ps4-werewolves-within,Werewolves Within,Werewolves Within,PAL España,standard,GAME_OR_UNKNOWN,PHYSICAL_PUBLISHER_OR_DISTRIBUTOR,,Ubisoft,HIGH,DIGITAL_PS4_EU | GAME_WORK,ADD_OR_CONFIRM_CREDIT,"Coincidencia rápida: PLAYSTATION_STORE, STEAM.",https://store.playstation.com/es-es/product/EP0001-CUSA05287_00-WEREWOLVSWTHIN01,https://store.steampowered.com/app/488950,ADD,,ubisoft,Ubisoft,https://store.playstation.com/es-es/product/EP0001-CUSA05287_00-WEREWOLVSWTHIN01 | https://store.steampowered.com/app/488950,,,2026-09-05,company-credit-ps4-pal-rapid-review-2026-09-05
ps4-wild-card-football,Wild Card Football,Wild Card Football,PAL España,standard,GAME_OR_UNKNOWN,DEVELOPER,,Saber Interactive,HIGH,EXACT_TITLE_OR_EDITION_FAMILY,ADD_OR_CONFIRM_CREDIT,Crédito verificado para la obra base y aplicado únicamente a esta edición: Saber Interactive.,https://saber.games/wildcardfootball/,,ADD,,saber-interactive,Saber Interactive Inc,https://saber.games/wildcardfootball/,,,2026-09-05,company-credit-ps4-pal-rapid-review-2026-09-05
ps4-wild-card-football,Wild Card Football,Wild Card Football,PAL España,standard,GAME_OR_UNKNOWN,PHYSICAL_PUBLISHER_OR_DISTRIBUTOR,,Plaion,HIGH,EXACT_TITLE_OR_EDITION_FAMILY,ADD_OR_CONFIRM_CREDIT,Crédito verificado para la obra base y aplicado únicamente a esta edición: Plaion.,https://saber.games/wildcardfootball/,,ADD,,plaion,Plaion,https://saber.games/wildcardfootball/,,,2026-09-05,company-credit-ps4-pal-rapid-review-2026-09-05
ps4-wildshade-unicorn-champions,Wildshade: Unicorn Champions,Wildshade: Unicorn Champions,PAL España,standard,GAME_OR_UNKNOWN,DEVELOPER,,Tivola Games,HIGH,EXACT_TITLE_OR_EDITION_FAMILY,ADD_OR_CONFIRM_CREDIT,Crédito verificado para la obra base y aplicado únicamente a esta edición: Tivola Games.,https://www.nacongaming.com/,,ADD,,tivola,Tivola,https://www.nacongaming.com/,,,2026-09-05,company-credit-ps4-pal-rapid-review-2026-09-05
ps4-wildshade-unicorn-champions,Wildshade: Unicorn Champions,Wildshade: Unicorn Champions,PAL España,standard,GAME_OR_UNKNOWN,PHYSICAL_PUBLISHER_OR_DISTRIBUTOR,,Nacon,HIGH,EXACT_TITLE_OR_EDITION_FAMILY,ADD_OR_CONFIRM_CREDIT,Crédito verificado para la obra base y aplicado únicamente a esta edición: Nacon.,https://www.nacongaming.com/,,ADD,,nacon,Nacon,https://www.nacongaming.com/,,,2026-09-05,company-credit-ps4-pal-rapid-review-2026-09-05
ps4-windstorm-start-of-a-great-friendship,Windstorm: Start of a Great Friendship,Windstorm: Start of a Great Friendship,PAL España,standard,GAME_OR_UNKNOWN,PHYSICAL_PUBLISHER_OR_DISTRIBUTOR,,Mindscape,HIGH,GAME_WORK,ADD_OR_CONFIRM_CREDIT,"Coincidencia rápida: STEAM, WIKIDATA.",https://store.steampowered.com/app/649810,https://www.wikidata.org/entity/Q110247540,ADD,,mindscape,Mindscape Inc,https://store.steampowered.com/app/649810 | https://www.wikidata.org/entity/Q110247540,,,2026-09-05,company-credit-ps4-pal-rapid-review-2026-09-05
ps4-winter-games-2023,Winter Games 2023,Winter Games 2023,PAL España,standard,GAME_OR_UNKNOWN,PHYSICAL_PUBLISHER_OR_DISTRIBUTOR,,Wild River Games,HIGH,DIGITAL_PS4_EU | GAME_WORK,ADD_OR_CONFIRM_CREDIT,"Coincidencia rápida: PLAYSTATION_STORE, STEAM.",https://store.playstation.com/es-es/product/EP8218-CUSA33523_00-0635618751213540,https://store.steampowered.com/app/1710620,ADD,,wild-river-games,Wild River Games,https://store.playstation.com/es-es/product/EP8218-CUSA33523_00-0635618751213540 | https://store.steampowered.com/app/1710620,,,2026-09-05,company-credit-ps4-pal-rapid-review-2026-09-05
ps4-winter-sports-games,Winter Sports Games,Winter Sports Games,PAL España,standard,GAME_OR_UNKNOWN,PHYSICAL_PUBLISHER_OR_DISTRIBUTOR,,Joindots,HIGH,DIGITAL_PS4_EU | GAME_WORK | PS4_RELEASE,ADD_OR_CONFIRM_CREDIT,"Coincidencia rápida: LAUNCHBOX_PS4, PLAYSTATION_STORE, STEAM.",https://gamesdb.launchbox-app.com/games/details/424699,https://store.playstation.com/es-es/product/EP1629-CUSA16020_00-WINTERSPORTSGAME,ADD,,joindots,Joindots GmbH,https://gamesdb.launchbox-app.com/games/details/424699 | https://store.playstation.com/es-es/product/EP1629-CUSA16020_00-WINTERSPORTSGAME,,,2026-09-05,company-credit-ps4-pal-rapid-review-2026-09-05
ps4-wipeout-omega-collection,Wipeout Omega Collection,Wipeout Omega Collection,PAL España,standard,POSSIBLE_COMPILATION_OR_MULTI_PRODUCT,DEVELOPER,,Clever Beans | EPOS Game Studios,HIGH,EXACT_TITLE_OR_EDITION_FAMILY,ADD_OR_CONFIRM_CREDIT,Crédito verificado para la obra base y aplicado únicamente a esta edición: Clever Beans | EPOS Game Studios.,https://www.playstation.com/en-gb/games/wipeout-omega-collection/,,ADD,,clever-beans | epos-game-studios,Clever Beans | EPOS Game Studios,https://www.playstation.com/en-gb/games/wipeout-omega-collection/,,,2026-09-05,company-credit-ps4-pal-rapid-review-2026-09-05
ps4-wipeout-omega-collection-only-on-playstation,Wipeout Omega Collection [Only On PlayStation],Wipeout Omega Collection [Only On PlayStation],PAL España,standard,POSSIBLE_COMPILATION_OR_MULTI_PRODUCT,DEVELOPER,,Clever Beans | EPOS Game Studios,HIGH,EXACT_TITLE_OR_EDITION_FAMILY,ADD_OR_CONFIRM_CREDIT,Crédito verificado para la obra base y aplicado únicamente a esta edición: Clever Beans | EPOS Game Studios.,https://www.playstation.com/en-gb/games/wipeout-omega-collection/,,ADD,,clever-beans | epos-game-studios,Clever Beans | EPOS Game Studios,https://www.playstation.com/en-gb/games/wipeout-omega-collection/,,,2026-09-05,company-credit-ps4-pal-rapid-review-2026-09-05
ps4-witch-and-the-hundred-knight-2,Witch and the Hundred Knight 2,Witch and the Hundred Knight 2,PAL España,standard,GAME_OR_UNKNOWN,DEVELOPER,,Nippon Ichi Software,HIGH,EXACT_TITLE_OR_EDITION_FAMILY,ADD_OR_CONFIRM_CREDIT,Crédito verificado para la obra base y aplicado únicamente a esta edición: Nippon Ichi Software.,https://nisamerica.com/games/the-witch-and-the-hundred-knight-2/,,ADD,,nippon-ichi-software,Nippon Ichi Software,https://nisamerica.com/games/the-witch-and-the-hundred-knight-2/,,,2026-09-05,company-credit-ps4-pal-rapid-review-2026-09-05
ps4-witch-and-the-hundred-knight-2,Witch and the Hundred Knight 2,Witch and the Hundred Knight 2,PAL España,standard,GAME_OR_UNKNOWN,PHYSICAL_PUBLISHER_OR_DISTRIBUTOR,,NIS America,HIGH,EXACT_TITLE_OR_EDITION_FAMILY,ADD_OR_CONFIRM_CREDIT,Crédito verificado para la obra base y aplicado únicamente a esta edición: NIS America.,https://nisamerica.com/games/the-witch-and-the-hundred-knight-2/,,ADD,,nis-america,NIS America,https://nisamerica.com/games/the-witch-and-the-hundred-knight-2/,,,2026-09-05,company-credit-ps4-pal-rapid-review-2026-09-05
ps4-witch-and-the-hundred-knight-revival,Witch and the Hundred Knight Revival,Witch and the Hundred Knight Revival,PAL España,standard,GAME_OR_UNKNOWN,DEVELOPER,,Nippon Ichi Software,HIGH,EXACT_TITLE_OR_EDITION_FAMILY,ADD_OR_CONFIRM_CREDIT,Crédito verificado para la obra base y aplicado únicamente a esta edición: Nippon Ichi Software.,https://nisamerica.com/games/the-witch-and-the-hundred-knight-revival-edition/,,ADD,,nippon-ichi-software,Nippon Ichi Software,https://nisamerica.com/games/the-witch-and-the-hundred-knight-revival-edition/,,,2026-09-05,company-credit-ps4-pal-rapid-review-2026-09-05
ps4-witch-and-the-hundred-knight-revival,Witch and the Hundred Knight Revival,Witch and the Hundred Knight Revival,PAL España,standard,GAME_OR_UNKNOWN,PHYSICAL_PUBLISHER_OR_DISTRIBUTOR,,NIS America,HIGH,EXACT_TITLE_OR_EDITION_FAMILY,ADD_OR_CONFIRM_CREDIT,Crédito verificado para la obra base y aplicado únicamente a esta edición: NIS America.,https://nisamerica.com/games/the-witch-and-the-hundred-knight-revival-edition/,,ADD,,nis-america,NIS America,https://nisamerica.com/games/the-witch-and-the-hundred-knight-revival-edition/,,,2026-09-05,company-credit-ps4-pal-rapid-review-2026-09-05
ps4-wo-long-fallen-dynasty,Wo Long: Fallen Dynasty,Wo Long: Fallen Dynasty,PAL España,standard,GAME_OR_UNKNOWN,PHYSICAL_PUBLISHER_OR_DISTRIBUTOR,,Koei Tecmo Europe,HIGH,EXACT_TITLE_OR_EDITION_FAMILY,ADD_OR_CONFIRM_CREDIT,Crédito verificado para la obra base y aplicado únicamente a esta edición: Koei Tecmo Europe.,https://teamninja-studio.com/wolong/,,ADD,,koei-tecmo-europe,Koei Tecmo Europe,https://teamninja-studio.com/wolong/,,,2026-09-05,company-credit-ps4-pal-rapid-review-2026-09-05
ps4-wo-long-fallen-dynasty-steelbook-edition,Wo Long: Fallen Dynasty [Steelbook Edition],Wo Long: Fallen Dynasty [Steelbook Edition],PAL España,standard,EDITION_VARIANT,PHYSICAL_PUBLISHER_OR_DISTRIBUTOR,,Koei Tecmo Europe,HIGH,EXACT_TITLE_OR_EDITION_FAMILY,ADD_OR_CONFIRM_CREDIT,Crédito verificado para la obra base y aplicado únicamente a esta edición: Koei Tecmo Europe.,https://teamninja-studio.com/wolong/,,ADD,,koei-tecmo-europe,Koei Tecmo Europe,https://teamninja-studio.com/wolong/,,,2026-09-05,company-credit-ps4-pal-rapid-review-2026-09-05
ps4-wobbledogs,Wobbledogs,Wobbledogs,PAL España,standard,GAME_OR_UNKNOWN,PHYSICAL_PUBLISHER_OR_DISTRIBUTOR,,Secret Mode,HIGH,DIGITAL_PS4_EU | GAME_WORK | PS4_RELEASE,ADD_OR_CONFIRM_CREDIT,"Coincidencia rápida: LAUNCHBOX_PS4, PLAYSTATION_STORE, STEAM.",https://gamesdb.launchbox-app.com/games/details/477108,https://store.playstation.com/es-es/product/EP7072-CUSA35705_00-WOBBLEDOGSWOBBLE,ADD,,secret-mode,Secret Mode,https://gamesdb.launchbox-app.com/games/details/477108 | https://store.playstation.com/es-es/product/EP7072-CUSA35705_00-WOBBLEDOGSWOBBLE,,,2026-09-05,company-credit-ps4-pal-rapid-review-2026-09-05
ps4-wolfenstein-alt-history-collection,Wolfenstein Alt History Collection,Wolfenstein Alt History Collection,PAL España,standard,POSSIBLE_COMPILATION_OR_MULTI_PRODUCT,PHYSICAL_PUBLISHER_OR_DISTRIBUTOR,,Bethesda Softworks,HIGH,EXACT_TITLE_OR_EDITION_FAMILY,ADD_OR_CONFIRM_CREDIT,Crédito verificado para la obra base y aplicado únicamente a esta edición: Bethesda Softworks.,https://bethesda.net/en/game/wolfenstein,,ADD,,bethesda-softworks,Bethesda Softworks,https://bethesda.net/en/game/wolfenstein,,,2026-09-05,company-credit-ps4-pal-rapid-review-2026-09-05
ps4-wolfenstein-cyberpilot,Wolfenstein Cyberpilot,Wolfenstein Cyberpilot,PAL España,standard,GAME_OR_UNKNOWN,PHYSICAL_PUBLISHER_OR_DISTRIBUTOR,,Bethesda Softworks,HIGH,EXACT_TITLE_OR_EDITION_FAMILY,ADD_OR_CONFIRM_CREDIT,Crédito verificado para la obra base y aplicado únicamente a esta edición: Bethesda Softworks.,https://bethesda.net/en/game/wolfenstein,,ADD,,bethesda-softworks,Bethesda Softworks,https://bethesda.net/en/game/wolfenstein,,,2026-09-05,company-credit-ps4-pal-rapid-review-2026-09-05
ps4-wolfenstein-the-new-order-eb-games,Wolfenstein The New Order [EB Games],Wolfenstein The New Order [EB Games],PAL España,standard,GAME_OR_UNKNOWN,DEVELOPER,,MachineGames,HIGH,EXACT_TITLE_OR_EDITION_FAMILY,ADD_OR_CONFIRM_CREDIT,Crédito verificado para la obra base y aplicado únicamente a esta edición: MachineGames.,https://bethesda.net/en/game/wolfenstein,,ADD,,machinegames,MachineGames,https://bethesda.net/en/game/wolfenstein,,,2026-09-05,company-credit-ps4-pal-rapid-review-2026-09-05
ps4-wolfenstein-the-new-order-eb-games,Wolfenstein The New Order [EB Games],Wolfenstein The New Order [EB Games],PAL España,standard,GAME_OR_UNKNOWN,PHYSICAL_PUBLISHER_OR_DISTRIBUTOR,,Bethesda Softworks,HIGH,EXACT_TITLE_OR_EDITION_FAMILY,ADD_OR_CONFIRM_CREDIT,Crédito verificado para la obra base y aplicado únicamente a esta edición: Bethesda Softworks.,https://bethesda.net/en/game/wolfenstein,,ADD,,bethesda-softworks,Bethesda Softworks,https://bethesda.net/en/game/wolfenstein,,,2026-09-05,company-credit-ps4-pal-rapid-review-2026-09-05
ps4-wolfenstein-the-new-order-and-the-old-blood,Wolfenstein The New Order And The Old Blood,Wolfenstein The New Order And The Old Blood,PAL España,standard,GAME_OR_UNKNOWN,DEVELOPER,,MachineGames,HIGH,EXACT_TITLE_OR_EDITION_FAMILY,ADD_OR_CONFIRM_CREDIT,Crédito verificado para la obra base y aplicado únicamente a esta edición: MachineGames.,https://bethesda.net/en/game/wolfenstein,,ADD,,machinegames,MachineGames,https://bethesda.net/en/game/wolfenstein,,,2026-09-05,company-credit-ps4-pal-rapid-review-2026-09-05
ps4-wolfenstein-the-new-order-and-the-old-blood,Wolfenstein The New Order And The Old Blood,Wolfenstein The New Order And The Old Blood,PAL España,standard,GAME_OR_UNKNOWN,PHYSICAL_PUBLISHER_OR_DISTRIBUTOR,,Bethesda Softworks,HIGH,EXACT_TITLE_OR_EDITION_FAMILY,ADD_OR_CONFIRM_CREDIT,Crédito verificado para la obra base y aplicado únicamente a esta edición: Bethesda Softworks.,https://bethesda.net/en/game/wolfenstein,,ADD,,bethesda-softworks,Bethesda Softworks,https://bethesda.net/en/game/wolfenstein,,,2026-09-05,company-credit-ps4-pal-rapid-review-2026-09-05
ps4-wolfenstein-triple-pack,Wolfenstein: Triple Pack,Wolfenstein: Triple Pack,PAL España,standard,POSSIBLE_COMPILATION_OR_MULTI_PRODUCT,DEVELOPER,,MachineGames,HIGH,EXACT_TITLE_OR_EDITION_FAMILY,ADD_OR_CONFIRM_CREDIT,Crédito verificado para la obra base y aplicado únicamente a esta edición: MachineGames.,https://bethesda.net/en/game/wolfenstein,,ADD,,machinegames,MachineGames,https://bethesda.net/en/game/wolfenstein,,,2026-09-05,company-credit-ps4-pal-rapid-review-2026-09-05
ps4-wolfenstein-triple-pack,Wolfenstein: Triple Pack,Wolfenstein: Triple Pack,PAL España,standard,POSSIBLE_COMPILATION_OR_MULTI_PRODUCT,PHYSICAL_PUBLISHER_OR_DISTRIBUTOR,,Bethesda Softworks,HIGH,EXACT_TITLE_OR_EDITION_FAMILY,ADD_OR_CONFIRM_CREDIT,Crédito verificado para la obra base y aplicado únicamente a esta edición: Bethesda Softworks.,https://bethesda.net/en/game/wolfenstein,,ADD,,bethesda-softworks,Bethesda Softworks,https://bethesda.net/en/game/wolfenstein,,,2026-09-05,company-credit-ps4-pal-rapid-review-2026-09-05
ps4-wolong-fallen-dinasty,WoLong Fallen Dinasty,WoLong Fallen Dinasty,PAL España,standard,GAME_OR_UNKNOWN,DEVELOPER,,Team Ninja,HIGH,EXACT_TITLE_OR_EDITION_FAMILY,ADD_OR_CONFIRM_CREDIT,Crédito verificado para la obra base y aplicado únicamente a esta edición: Team Ninja.,https://teamninja-studio.com/wolong/,,ADD,,team-ninja,Team NINJA,https://teamninja-studio.com/wolong/,,,2026-09-05,company-credit-ps4-pal-rapid-review-2026-09-05
ps4-wolong-fallen-dinasty,WoLong Fallen Dinasty,WoLong Fallen Dinasty,PAL España,standard,GAME_OR_UNKNOWN,PHYSICAL_PUBLISHER_OR_DISTRIBUTOR,,Koei Tecmo Europe,HIGH,EXACT_TITLE_OR_EDITION_FAMILY,ADD_OR_CONFIRM_CREDIT,Crédito verificado para la obra base y aplicado únicamente a esta edición: Koei Tecmo Europe.,https://teamninja-studio.com/wolong/,,ADD,,koei-tecmo-europe,Koei Tecmo Europe,https://teamninja-studio.com/wolong/,,,2026-09-05,company-credit-ps4-pal-rapid-review-2026-09-05
ps4-wonder-boy-collection,Wonder Boy Collection,Wonder Boy Collection,PAL España,standard,POSSIBLE_COMPILATION_OR_MULTI_PRODUCT,PHYSICAL_PUBLISHER_OR_DISTRIBUTOR,,ININ Games,HIGH,EXACT_TITLE_OR_EDITION_FAMILY,ADD_OR_CONFIRM_CREDIT,Crédito verificado para la obra base y aplicado únicamente a esta edición: ININ Games.,https://www.iningames.com/games/wonder-boy-anniversary-collection,,ADD,,inin-games,ININ Games,https://www.iningames.com/games/wonder-boy-anniversary-collection,,,2026-09-05,company-credit-ps4-pal-rapid-review-2026-09-05
ps4-wonderful-101-remastered,Wonderful 101 Remastered,Wonderful 101 Remastered,PAL España,standard,EDITION_VARIANT,DIGITAL_PUBLISHER,,PLATINUMGAMES INC.,HIGH,DIGITAL_PS4_EU,ADD_OR_CONFIRM_CREDIT,Coincidencia rápida: PLAYSTATION_STORE.,https://store.playstation.com/es-es/product/EP2385-CUSA18739_00-THEWONDERFUL101R,,ADD,,platinumgames,PlatinumGames Inc,https://store.playstation.com/es-es/product/EP2385-CUSA18739_00-THEWONDERFUL101R,,,2026-09-05,company-credit-ps4-pal-rapid-review-2026-09-05
ps4-world-of-nubla,World of Nubla,World of Nubla,PAL España,standard,GAME_OR_UNKNOWN,DEVELOPER,,Gammera Nest,HIGH,EXACT_TITLE_OR_EDITION_FAMILY,ADD_OR_CONFIRM_CREDIT,Crédito verificado para la obra base y aplicado únicamente a esta edición: Gammera Nest.,https://www.gammeranest.com/,,ADD,,gammera-nest,Gammera Nest,https://www.gammeranest.com/,,,2026-09-05,company-credit-ps4-pal-rapid-review-2026-09-05
ps4-world-of-nubla,World of Nubla,World of Nubla,PAL España,standard,GAME_OR_UNKNOWN,PHYSICAL_PUBLISHER_OR_DISTRIBUTOR,,Sony Computer Entertainment España,HIGH,EXACT_TITLE_OR_EDITION_FAMILY,ADD_OR_CONFIRM_CREDIT,Crédito verificado para la obra base y aplicado únicamente a esta edición: Sony Computer Entertainment España.,https://www.gammeranest.com/,,ADD,,sony-computer-entertainment-espana,Sony Computer Entertainment España,https://www.gammeranest.com/,,,2026-09-05,company-credit-ps4-pal-rapid-review-2026-09-05
ps4-world-of-simulators,World Of Simulators,World of Simulators,PAL España,standard,GAME_OR_UNKNOWN,PHYSICAL_PUBLISHER_OR_DISTRIBUTOR,,Aerosoft,HIGH,EXACT_PS4_PHYSICAL_COMPILATION,ADD_PHYSICAL_PUBLISHER_OR_DISTRIBUTOR,La edición PS4 consultada atribuye la publicación o distribución física a Aerosoft.,https://www.aerosoft.com/,,ADD,,aerosoft,Aerosoft GmbH,https://www.aerosoft.com/,,,2026-09-05,company-credit-ps4-pal-rapid-review-2026-09-05
ps4-world-of-warships-legends-firepower-deluxe-edition,World of Warships Legends [Firepower Deluxe Edition],World of Warships Legends [Firepower Deluxe Edition],PAL España,standard,EDITION_VARIANT,DEVELOPER,,Wargaming,HIGH,EXACT_TITLE_OR_EDITION_FAMILY,ADD_OR_CONFIRM_CREDIT,Crédito verificado para la obra base y aplicado únicamente a esta edición: Wargaming.,https://wowslegends.com/,,ADD,,wargaming,Wargaming,https://wowslegends.com/,,,2026-09-05,company-credit-ps4-pal-rapid-review-2026-09-05
ps4-world-of-warships-legends-firepower-deluxe-edition,World of Warships Legends [Firepower Deluxe Edition],World of Warships Legends [Firepower Deluxe Edition],PAL España,standard,EDITION_VARIANT,PHYSICAL_PUBLISHER_OR_DISTRIBUTOR,,Wargaming,HIGH,EXACT_TITLE_OR_EDITION_FAMILY,ADD_OR_CONFIRM_CREDIT,Crédito verificado para la obra base y aplicado únicamente a esta edición: Wargaming.,https://wowslegends.com/,,ADD,,wargaming,Wargaming,https://wowslegends.com/,,,2026-09-05,company-credit-ps4-pal-rapid-review-2026-09-05
ps4-worlds-of-magic-planar-conquest,Worlds of Magic Planar Conquest,Worlds of Magic Planar Conquest,PAL España,standard,GAME_OR_UNKNOWN,DEVELOPER,,Wastelands Interactive,HIGH,EXACT_TITLE_OR_EDITION_FAMILY,ADD_OR_CONFIRM_CREDIT,Crédito verificado para la obra base y aplicado únicamente a esta edición: Wastelands Interactive.,https://www.teyon.com/games/planar-conquest/,,ADD,,wastelands-interactive,Wastelands Interactive,https://www.teyon.com/games/planar-conquest/,,,2026-09-05,company-credit-ps4-pal-rapid-review-2026-09-05
ps4-worlds-of-magic-planar-conquest,Worlds of Magic Planar Conquest,Worlds of Magic Planar Conquest,PAL España,standard,GAME_OR_UNKNOWN,PHYSICAL_PUBLISHER_OR_DISTRIBUTOR,,Teyon,HIGH,EXACT_TITLE_OR_EDITION_FAMILY,ADD_OR_CONFIRM_CREDIT,Crédito verificado para la obra base y aplicado únicamente a esta edición: Teyon.,https://www.teyon.com/games/planar-conquest/,,ADD,,teyon,Teyon,https://www.teyon.com/games/planar-conquest/,,,2026-09-05,company-credit-ps4-pal-rapid-review-2026-09-05
ps4-worms-battleground-&#43;-worms-wmd,Worms Battleground + Worms W.M.D,Worms Battleground + Worms W.M.D,PAL España,standard,GAME_OR_UNKNOWN,DEVELOPER,,Team17,HIGH,EXACT_TITLE_OR_EDITION_FAMILY,ADD_OR_CONFIRM_CREDIT,Crédito verificado para la obra base y aplicado únicamente a esta edición: Team17.,https://www.team17.com/games/worms-wmd/,,ADD,,team17,Team17,https://www.team17.com/games/worms-wmd/,,,2026-09-05,company-credit-ps4-pal-rapid-review-2026-09-05
ps4-worms-battleground-&#43;-worms-wmd,Worms Battleground + Worms W.M.D,Worms Battleground + Worms W.M.D,PAL España,standard,GAME_OR_UNKNOWN,PHYSICAL_PUBLISHER_OR_DISTRIBUTOR,,Team17,HIGH,EXACT_TITLE_OR_EDITION_FAMILY,ADD_OR_CONFIRM_CREDIT,Crédito verificado para la obra base y aplicado únicamente a esta edición: Team17.,https://www.team17.com/games/worms-wmd/,,ADD,,team17,Team17,https://www.team17.com/games/worms-wmd/,,,2026-09-05,company-credit-ps4-pal-rapid-review-2026-09-05
ps4-worms-battlegrounds-&#43;-worms-wmd,Worms Battlegrounds + Worms W.M.D,Worms Battlegrounds + Worms W.M.D,PAL España,standard,GAME_OR_UNKNOWN,DEVELOPER,,Team17,HIGH,EXACT_TITLE_OR_EDITION_FAMILY,ADD_OR_CONFIRM_CREDIT,Crédito verificado para la obra base y aplicado únicamente a esta edición: Team17.,https://www.team17.com/games/worms-wmd/,,ADD,,team17,Team17,https://www.team17.com/games/worms-wmd/,,,2026-09-05,company-credit-ps4-pal-rapid-review-2026-09-05
ps4-worms-battlegrounds-&#43;-worms-wmd,Worms Battlegrounds + Worms W.M.D,Worms Battlegrounds + Worms W.M.D,PAL España,standard,GAME_OR_UNKNOWN,PHYSICAL_PUBLISHER_OR_DISTRIBUTOR,,Team17,HIGH,EXACT_TITLE_OR_EDITION_FAMILY,ADD_OR_CONFIRM_CREDIT,Crédito verificado para la obra base y aplicado únicamente a esta edición: Team17.,https://www.team17.com/games/worms-wmd/,,ADD,,team17,Team17,https://www.team17.com/games/worms-wmd/,,,2026-09-05,company-credit-ps4-pal-rapid-review-2026-09-05
ps4-worms-wmd-all-stars,Worms W.M.D All Stars,Worms W.M.D All Stars,PAL España,standard,GAME_OR_UNKNOWN,DEVELOPER,,Team17,HIGH,EXACT_TITLE_OR_EDITION_FAMILY,ADD_OR_CONFIRM_CREDIT,Crédito verificado para la obra base y aplicado únicamente a esta edición: Team17.,https://www.team17.com/games/worms-wmd/,,ADD,,team17,Team17,https://www.team17.com/games/worms-wmd/,,,2026-09-05,company-credit-ps4-pal-rapid-review-2026-09-05
ps4-worms-wmd-all-stars,Worms W.M.D All Stars,Worms W.M.D All Stars,PAL España,standard,GAME_OR_UNKNOWN,PHYSICAL_PUBLISHER_OR_DISTRIBUTOR,,Team17,HIGH,EXACT_TITLE_OR_EDITION_FAMILY,ADD_OR_CONFIRM_CREDIT,Crédito verificado para la obra base y aplicado únicamente a esta edición: Team17.,https://www.team17.com/games/worms-wmd/,,ADD,,team17,Team17,https://www.team17.com/games/worms-wmd/,,,2026-09-05,company-credit-ps4-pal-rapid-review-2026-09-05
ps4-wrc-generations,WRC Generations,WRC Generations,PAL España,standard,GAME_OR_UNKNOWN,DEVELOPER,,Kylotonn,HIGH,EXACT_TITLE_OR_EDITION_FAMILY,ADD_OR_CONFIRM_CREDIT,Crédito verificado para la obra base y aplicado únicamente a esta edición: Kylotonn.,https://www.nacongaming.com/wrc-generations,,ADD,,kylotonn,Kylotonn,https://www.nacongaming.com/wrc-generations,,,2026-09-05,company-credit-ps4-pal-rapid-review-2026-09-05
ps4-wrc-generations,WRC Generations,WRC Generations,PAL España,standard,GAME_OR_UNKNOWN,PHYSICAL_PUBLISHER_OR_DISTRIBUTOR,,Nacon,HIGH,EXACT_TITLE_OR_EDITION_FAMILY,ADD_OR_CONFIRM_CREDIT,Crédito verificado para la obra base y aplicado únicamente a esta edición: Nacon.,https://www.nacongaming.com/wrc-generations,,ADD,,nacon,Nacon,https://www.nacongaming.com/wrc-generations,,,2026-09-05,company-credit-ps4-pal-rapid-review-2026-09-05
ps4-wwe-2k20-smackdown-20th-anniversary-edition,WWE 2K20: Smackdown [20th Anniversary Edition],WWE 2K20: Smackdown [20th Anniversary Edition],PAL España,standard,EDITION_VARIANT,DEVELOPER,,Visual Concepts,HIGH,EXACT_TITLE_OR_EDITION_FAMILY,ADD_OR_CONFIRM_CREDIT,Crédito verificado para la obra base y aplicado únicamente a esta edición: Visual Concepts.,https://wwe.2k.com/2k20/,,ADD,,visual-concepts,Visual Concepts,https://wwe.2k.com/2k20/,,,2026-09-05,company-credit-ps4-pal-rapid-review-2026-09-05
ps4-wwe-2k20-smackdown-20th-anniversary-edition,WWE 2K20: Smackdown [20th Anniversary Edition],WWE 2K20: Smackdown [20th Anniversary Edition],PAL España,standard,EDITION_VARIANT,PHYSICAL_PUBLISHER_OR_DISTRIBUTOR,,2K Games,HIGH,EXACT_TITLE_OR_EDITION_FAMILY,ADD_OR_CONFIRM_CREDIT,Crédito verificado para la obra base y aplicado únicamente a esta edición: 2K Games.,https://wwe.2k.com/2k20/,,ADD,,2k-games,2K Games,https://wwe.2k.com/2k20/,,,2026-09-05,company-credit-ps4-pal-rapid-review-2026-09-05
ps4-wwi-isonzo-italian-front-deluxe-edition,WWI Isonzo: Italian Front [Deluxe Edition],WWI Isonzo: Italian Front [Deluxe Edition],PAL España,standard,EDITION_VARIANT,DEVELOPER,,BlackMill Games,HIGH,EXACT_TITLE_OR_EDITION_FAMILY,ADD_OR_CONFIRM_CREDIT,Crédito verificado para la obra base y aplicado únicamente a esta edición: BlackMill Games.,https://www.ww1gameseries.com/isonzo/,,ADD,,blackmill-games,BlackMill Games,https://www.ww1gameseries.com/isonzo/,,,2026-09-05,company-credit-ps4-pal-rapid-review-2026-09-05
ps4-wwi-isonzo-italian-front-deluxe-edition,WWI Isonzo: Italian Front [Deluxe Edition],WWI Isonzo: Italian Front [Deluxe Edition],PAL España,standard,EDITION_VARIANT,PHYSICAL_PUBLISHER_OR_DISTRIBUTOR,,Maximum Games,HIGH,EXACT_TITLE_OR_EDITION_FAMILY,ADD_OR_CONFIRM_CREDIT,Crédito verificado para la obra base y aplicado únicamente a esta edición: Maximum Games.,https://www.ww1gameseries.com/isonzo/,,ADD,,maximum-games,Maximum Games,https://www.ww1gameseries.com/isonzo/,,,2026-09-05,company-credit-ps4-pal-rapid-review-2026-09-05
ps4-wwi-tannenberg-eastern-front,WWI Tannenberg Eastern Front,WWI Tannenberg Eastern Front,PAL España,standard,GAME_OR_UNKNOWN,PHYSICAL_PUBLISHER_OR_DISTRIBUTOR,,Maximum Games,HIGH,EXACT_TITLE_OR_EDITION_FAMILY,ADD_OR_CONFIRM_CREDIT,Crédito verificado para la obra base y aplicado únicamente a esta edición: Maximum Games.,https://www.ww1gameseries.com/tannenberg/,,ADD,,maximum-games,Maximum Games,https://www.ww1gameseries.com/tannenberg/,,,2026-09-05,company-credit-ps4-pal-rapid-review-2026-09-05
ps4-wwi-verdun-western-front,WWI Verdun Western Front,WWI Verdun Western Front,PAL España,standard,GAME_OR_UNKNOWN,DEVELOPER,,BlackMill Games,HIGH,EXACT_TITLE_OR_EDITION_FAMILY,ADD_OR_CONFIRM_CREDIT,Crédito verificado para la obra base y aplicado únicamente a esta edición: BlackMill Games.,https://www.ww1gameseries.com/verdun/,,ADD,,blackmill-games,BlackMill Games,https://www.ww1gameseries.com/verdun/,,,2026-09-05,company-credit-ps4-pal-rapid-review-2026-09-05
ps4-wwi-verdun-western-front,WWI Verdun Western Front,WWI Verdun Western Front,PAL España,standard,GAME_OR_UNKNOWN,PHYSICAL_PUBLISHER_OR_DISTRIBUTOR,,Maximum Games,HIGH,EXACT_TITLE_OR_EDITION_FAMILY,ADD_OR_CONFIRM_CREDIT,Crédito verificado para la obra base y aplicado únicamente a esta edición: Maximum Games.,https://www.ww1gameseries.com/verdun/,,ADD,,maximum-games,Maximum Games,https://www.ww1gameseries.com/verdun/,,,2026-09-05,company-credit-ps4-pal-rapid-review-2026-09-05
ps4-xenocrisis,Xenocrisis,Xenocrisis,PAL España,standard,GAME_OR_UNKNOWN,DEVELOPER,,Bitmap Bureau,HIGH,EXACT_TITLE_OR_EDITION_FAMILY,ADD_OR_CONFIRM_CREDIT,Crédito verificado para la obra base y aplicado únicamente a esta edición: Bitmap Bureau.,https://www.bitmapbureau.com/games/xeno-crisis,,ADD,,bitmap-bureau,Bitmap Bureau,https://www.bitmapbureau.com/games/xeno-crisis,,,2026-09-05,company-credit-ps4-pal-rapid-review-2026-09-05
ps4-xenocrisis,Xenocrisis,Xenocrisis,PAL España,standard,GAME_OR_UNKNOWN,PHYSICAL_PUBLISHER_OR_DISTRIBUTOR,,Strictly Limited Games,HIGH,EXACT_TITLE_OR_EDITION_FAMILY,ADD_OR_CONFIRM_CREDIT,Crédito verificado para la obra base y aplicado únicamente a esta edición: Strictly Limited Games.,https://www.bitmapbureau.com/games/xeno-crisis,,ADD,,strictly-limited-games,Strictly Limited Games,https://www.bitmapbureau.com/games/xeno-crisis,,,2026-09-05,company-credit-ps4-pal-rapid-review-2026-09-05
ps4-yasai-ninja,Yasai Ninja,Yasai Ninja,PAL España,standard,GAME_OR_UNKNOWN,PHYSICAL_PUBLISHER_OR_DISTRIBUTOR,,RECOTECHNOLOGY S.L.,HIGH,DIGITAL_PS4_EU | GAME_WORK,ADD_OR_CONFIRM_CREDIT,"Coincidencia rápida: PLAYSTATION_STORE, STEAM, WIKIDATA.",https://store.playstation.com/es-es/product/EP8904-CUSA02840_00-0000000000000002,https://store.steampowered.com/app/372150,ADD,,recotechnology-s-l,Recotechnology S.L.,https://store.playstation.com/es-es/product/EP8904-CUSA02840_00-0000000000000002 | https://store.steampowered.com/app/372150,,,2026-09-05,company-credit-ps4-pal-rapid-review-2026-09-05
ps4-you-suck-at-parking,You Suck at Parking,You Suck at Parking,PAL España,standard,GAME_OR_UNKNOWN,PHYSICAL_PUBLISHER_OR_DISTRIBUTOR,,Curve Games,HIGH,EXACT_TITLE_OR_EDITION_FAMILY,ADD_OR_CONFIRM_CREDIT,Crédito verificado para la obra base y aplicado únicamente a esta edición: Curve Games.,https://curvegames.com/games/you-suck-at-parking/,,ADD,,curve-digital,Curve Digital,https://curvegames.com/games/you-suck-at-parking/,,,2026-09-05,company-credit-ps4-pal-rapid-review-2026-09-05
ps4-you-suck-at-parking-complete-edition,You Suck at Parking [Complete Edition],You Suck at Parking [Complete Edition],PAL España,standard,GAME_OR_UNKNOWN,PHYSICAL_PUBLISHER_OR_DISTRIBUTOR,,Curve Games,HIGH,EXACT_TITLE_OR_EDITION_FAMILY,ADD_OR_CONFIRM_CREDIT,Crédito verificado para la obra base y aplicado únicamente a esta edición: Curve Games.,https://curvegames.com/games/you-suck-at-parking/,,ADD,,curve-digital,Curve Digital,https://curvegames.com/games/you-suck-at-parking/,,,2026-09-05,company-credit-ps4-pal-rapid-review-2026-09-05
ps4-youtubers-life-omg,Youtubers Life OMG,Youtubers Life OMG,PAL España,standard,GAME_OR_UNKNOWN,DEVELOPER,,U-Play Online,HIGH,EXACT_TITLE_OR_EDITION_FAMILY,ADD_OR_CONFIRM_CREDIT,Crédito verificado para la obra base y aplicado únicamente a esta edición: U-Play Online.,https://www.uplayonline.com/youtubers-life/,,ADD,,u-play-online,U-Play Online,https://www.uplayonline.com/youtubers-life/,,,2026-09-05,company-credit-ps4-pal-rapid-review-2026-09-05
ps4-youtubers-life-omg,Youtubers Life OMG,Youtubers Life OMG,PAL España,standard,GAME_OR_UNKNOWN,PHYSICAL_PUBLISHER_OR_DISTRIBUTOR,,Raiser Games,HIGH,EXACT_TITLE_OR_EDITION_FAMILY,ADD_OR_CONFIRM_CREDIT,Crédito verificado para la obra base y aplicado únicamente a esta edición: Raiser Games.,https://www.uplayonline.com/youtubers-life/,,ADD,,raiser-games,Raiser Games,https://www.uplayonline.com/youtubers-life/,,,2026-09-05,company-credit-ps4-pal-rapid-review-2026-09-05
ps4-yum-yum-cookstar,Yum Yum Cookstar,Yum Yum Cookstar,PAL España,standard,GAME_OR_UNKNOWN,PHYSICAL_PUBLISHER_OR_DISTRIBUTOR,,Ravenscourt,HIGH,EXACT_TITLE_OR_EDITION_FAMILY,ADD_OR_CONFIRM_CREDIT,Crédito verificado para la obra base y aplicado únicamente a esta edición: Ravenscourt.,https://www.ravenscourt.games/,,ADD,,ravenscourt,Ravenscourt,https://www.ravenscourt.games/,,,2026-09-05,company-credit-ps4-pal-rapid-review-2026-09-05
ps4-zapling-bygone-deluxe-edition,Zapling Bygone [Deluxe Edition],Zapling Bygone [Deluxe Edition],PAL España,standard,EDITION_VARIANT,PHYSICAL_PUBLISHER_OR_DISTRIBUTOR,,Tesura Games,HIGH,SAME_WORK_EDITION,ADD_OR_CONFIRM_CREDIT,Coincidencia rápida: VERIFIED_PAL_SIBLING.,,,ADD,,tesura-games,Tesura Games,https://www.pricecharting.com/game/pal-playstation-4/zapling-bygone,ps4-zapling-bygone,,2026-09-05,company-credit-ps4-pal-rapid-review-2026-09-05
ps4-zen-studios-vr-collection,Zen Studios VR Collection,Zen Studios VR Collection,PAL España,standard,POSSIBLE_COMPILATION_OR_MULTI_PRODUCT,DEVELOPER,Zen Studios,Zen Studios,HIGH,EXACT_TITLE_OR_EDITION_FAMILY,ADD_OR_CONFIRM_CREDIT,Crédito verificado para la obra base y aplicado únicamente a esta edición: Zen Studios.,https://zenstudios.com/games/,,CONFIRM,Zen Studios,zen-studios,Zen Studios,https://zenstudios.com/games/,,,2026-09-05,company-credit-ps4-pal-rapid-review-2026-09-05
ps4-zen-studios-vr-collection,Zen Studios VR Collection,Zen Studios VR Collection,PAL España,standard,POSSIBLE_COMPILATION_OR_MULTI_PRODUCT,PHYSICAL_PUBLISHER_OR_DISTRIBUTOR,,Perp Games,HIGH,EXACT_TITLE_OR_EDITION_FAMILY,ADD_OR_CONFIRM_CREDIT,Crédito verificado para la obra base y aplicado únicamente a esta edición: Perp Games.,https://zenstudios.com/games/,,ADD,,perp-games,Perp Games,https://zenstudios.com/games/,,,2026-09-05,company-credit-ps4-pal-rapid-review-2026-09-05
ps4-zombie-army-trilogy,Zombie Army Trilogy,Zombie Army Trilogy,PAL España,standard,POSSIBLE_COMPILATION_OR_MULTI_PRODUCT,DEVELOPER,,Rebellion Developments,HIGH,GAME_WORK | PS4_RELEASE,ADD_OR_CONFIRM_CREDIT,"Coincidencia rápida: LAUNCHBOX_PS4, WIKIDATA.",https://gamesdb.launchbox-app.com/games/details/32843,https://www.wikidata.org/entity/Q18750616,ADD,,rebellion-developments,Rebellion Developments,https://gamesdb.launchbox-app.com/games/details/32843 | https://www.wikidata.org/entity/Q18750616,,,2026-09-05,company-credit-ps4-pal-rapid-review-2026-09-05
ps4-zombie-army-trilogy-survivor-edition,Zombie Army Trilogy [Survivor Edition],Zombie Army Trilogy [Survivor Edition],PAL España,standard,POSSIBLE_COMPILATION_OR_MULTI_PRODUCT,DEVELOPER,,Rebellion Developments,HIGH,GAME_WORK | PS4_RELEASE,ADD_OR_CONFIRM_CREDIT,"Coincidencia rápida: LAUNCHBOX_PS4, WIKIDATA.",https://gamesdb.launchbox-app.com/games/details/32843,https://www.wikidata.org/entity/Q18750616,ADD,,rebellion-developments,Rebellion Developments,https://gamesdb.launchbox-app.com/games/details/32843 | https://www.wikidata.org/entity/Q18750616,,,2026-09-05,company-credit-ps4-pal-rapid-review-2026-09-05
ps4-zorro-the-chronicles,Zorro the Chronicles,Zorro the Chronicles,PAL España,standard,GAME_OR_UNKNOWN,PHYSICAL_PUBLISHER_OR_DISTRIBUTOR,,Nacon,HIGH,GAME_WORK,ADD_OR_CONFIRM_CREDIT,"Coincidencia rápida: STEAM, WIKIDATA.",https://store.steampowered.com/app/1571460,https://www.wikidata.org/entity/Q113652647,ADD,,nacon,Nacon,https://store.steampowered.com/app/1571460 | https://www.wikidata.org/entity/Q113652647,,,2026-09-05,company-credit-ps4-pal-rapid-review-2026-09-05
ps4-autobahn-police-sim-3-complete-edition,Autobahn Police Sim 3 Complete Edition,Autobahn Police Simulator 3 [Complete Edition],PAL España,standard,EDITION_VARIANT,DEVELOPER,,Z-Software,HIGH,EXACT_PS4_EDITION,ADD_DEVELOPER,Las fuentes consultadas atribuyen el desarrollo a Z-Software.,https://www.aerosoft.com/en/shop/move/simulation-games/police/,https://store.steampowered.com/app/1065520/Autobahn_Police_Simulator_3/,ADD,,z-software,Z-Software,https://www.aerosoft.com/en/shop/move/simulation-games/police/ | https://store.steampowered.com/app/1065520/Autobahn_Police_Simulator_3/,,,2026-09-05,company-credit-ps4-pal-rapid-review-2026-09-05
ps4-autobahn-police-sim-3-complete-edition,Autobahn Police Sim 3 Complete Edition,Autobahn Police Simulator 3 [Complete Edition],PAL España,standard,EDITION_VARIANT,PHYSICAL_PUBLISHER_OR_DISTRIBUTOR,,Aerosoft,HIGH,EXACT_PS4_EDITION,ADD_PHYSICAL_PUBLISHER_OR_DISTRIBUTOR,La edición PS4 consultada atribuye la publicación o distribución física a Aerosoft.,https://www.aerosoft.com/en/shop/move/simulation-games/police/,https://store.steampowered.com/app/1065520/Autobahn_Police_Simulator_3/,ADD,,aerosoft,Aerosoft GmbH,https://www.aerosoft.com/en/shop/move/simulation-games/police/ | https://store.steampowered.com/app/1065520/Autobahn_Police_Simulator_3/,,,2026-09-05,company-credit-ps4-pal-rapid-review-2026-09-05
ps4-r-type-tactics-i-ii-cosmos,R-Type Tactics I II Cosmos,R-Type Tactics I II Cosmos,PAL España,standard,GAME_OR_UNKNOWN,DEVELOPER,,Granzella,HIGH,EXACT_TITLE_OR_EDITION_FAMILY,ADD_OR_CONFIRM_CREDIT,Crédito verificado para la obra base y aplicado únicamente a esta edición: Granzella.,https://nisamerica.com/games/r-type-tactics/,,ADD,,granzella,Granzella Inc.,https://nisamerica.com/games/r-type-tactics/,,,2026-09-05,company-credit-ps4-pal-rapid-review-2026-09-05
ps4-r-type-tactics-i-ii-cosmos,R-Type Tactics I II Cosmos,R-Type Tactics I II Cosmos,PAL España,standard,GAME_OR_UNKNOWN,PHYSICAL_PUBLISHER_OR_DISTRIBUTOR,NISA,NIS America,HIGH,EXACT_TITLE_OR_EDITION_FAMILY,ADD_OR_CONFIRM_CREDIT,Crédito verificado para la obra base y aplicado únicamente a esta edición: NIS America.,https://nisamerica.com/games/r-type-tactics/,,REPLACE,NISA,nis-america,NIS America,https://nisamerica.com/games/r-type-tactics/,,,2026-09-05,company-credit-ps4-pal-rapid-review-2026-09-05
ps4-bluey-s-quest-for-the-gold-pen,Bluey´s Quest for the Gold Pen,Bluey's Quest for the Gold Pen,PAL España,standard,GAME_OR_UNKNOWN,DEVELOPER,,Halfbrick Studios,HIGH,EXACT_PS4_WORK,ADD_DEVELOPER,Las fuentes consultadas atribuyen el desarrollo a Halfbrick Studios.,https://www.bluey.tv/play/blueys-quest/,https://play.google.com/store/apps/details?id=com.halfbrick.bluey,ADD,,halfbrick-studios,Halfbrick Studios,https://www.bluey.tv/play/blueys-quest/ | https://play.google.com/store/apps/details?id=com.halfbrick.bluey,,,2026-09-05,company-credit-ps4-pal-rapid-review-2026-09-05
ps4-bluey-s-quest-for-the-gold-pen,Bluey´s Quest for the Gold Pen,Bluey's Quest for the Gold Pen,PAL España,standard,GAME_OR_UNKNOWN,PHYSICAL_PUBLISHER_OR_DISTRIBUTOR,PM Studios,PM Studios,HIGH,EXACT_PS4_WORK,ADD_PHYSICAL_PUBLISHER_OR_DISTRIBUTOR,La edición PS4 consultada atribuye la publicación o distribución física a PM Studios.,https://www.bluey.tv/play/blueys-quest/,https://play.google.com/store/apps/details?id=com.halfbrick.bluey,CONFIRM,PM Studios,pm-studios,PM Studios,https://www.bluey.tv/play/blueys-quest/ | https://play.google.com/store/apps/details?id=com.halfbrick.bluey,,,2026-09-05,company-credit-ps4-pal-rapid-review-2026-09-05
ps4-ion-fury-double-shot-edition,Ion Fury: Double Shot Edition,Ion Fury: Double Shot Edition,PAL España,standard,GAME_OR_UNKNOWN,DEVELOPER,,Voidpoint,HIGH,EXACT_TITLE_OR_EDITION_FAMILY,ADD_OR_CONFIRM_CREDIT,Crédito verificado para la obra base y aplicado únicamente a esta edición: Voidpoint.,https://3drealms.com/catalog/ion-fury_56/,,ADD,,voidpoint,Voidpoint,https://3drealms.com/catalog/ion-fury_56/,,,2026-09-05,company-credit-ps4-pal-rapid-review-2026-09-05
ps4-ion-fury-double-shot-edition,Ion Fury: Double Shot Edition,Ion Fury: Double Shot Edition,PAL España,standard,GAME_OR_UNKNOWN,PHYSICAL_PUBLISHER_OR_DISTRIBUTOR,,ININ Games,HIGH,EXACT_TITLE_OR_EDITION_FAMILY,ADD_OR_CONFIRM_CREDIT,Crédito verificado para la obra base y aplicado únicamente a esta edición: ININ Games.,https://3drealms.com/catalog/ion-fury_56/,,ADD,,inin-games,ININ Games,https://3drealms.com/catalog/ion-fury_56/,,,2026-09-05,company-credit-ps4-pal-rapid-review-2026-09-05
ps4-ender-magnolia-deluxe-edition,Ender Magnolia - Deluxe Edition,Ender Magnolia - Deluxe Edition,PAL España,standard,EDITION_VARIANT,DEVELOPER,,Live Wire,HIGH,EXACT_TITLE_OR_EDITION_FAMILY,ADD_OR_CONFIRM_CREDIT,Crédito verificado para la obra base y aplicado únicamente a esta edición: Live Wire.,https://www.endermagnolia.com/,,ADD,,live-wire,Live Wire,https://www.endermagnolia.com/,,,2026-09-05,company-credit-ps4-pal-rapid-review-2026-09-05
ps4-ender-magnolia-deluxe-edition,Ender Magnolia - Deluxe Edition,Ender Magnolia - Deluxe Edition,PAL España,standard,EDITION_VARIANT,PHYSICAL_PUBLISHER_OR_DISTRIBUTOR,Clear River Games,Binary Haze Interactive,HIGH,EXACT_TITLE_OR_EDITION_FAMILY,ADD_OR_CONFIRM_CREDIT,Crédito verificado para la obra base y aplicado únicamente a esta edición: Binary Haze Interactive.,https://www.endermagnolia.com/,,REPLACE,Clear River Games,binary-haze-interactive,Binary Haze Interactive,https://www.endermagnolia.com/,,,2026-09-05,company-credit-ps4-pal-rapid-review-2026-09-05
ps4-batsugun-saturn-tribute-boosted-edicion-deluxe,BATSUGUN Saturn Tribute Boosted - Edición Deluxe,BATSUGUN Saturn Tribute Boosted [Deluxe Edition],PAL España,standard,EDITION_VARIANT,DEVELOPER,,City Connection,HIGH,EXACT_PS4_PHYSICAL_EDITION,ADD_DEVELOPER,Las fuentes consultadas atribuyen el desarrollo a City Connection.,https://www.clearrivergames.com/games/batsugun-saturn-tribute-boosted.html,,ADD,,city-connection,City Connection,https://www.clearrivergames.com/games/batsugun-saturn-tribute-boosted.html,,,2026-09-05,company-credit-ps4-pal-rapid-review-2026-09-05
ps4-batsugun-saturn-tribute-boosted-edicion-deluxe,BATSUGUN Saturn Tribute Boosted - Edición Deluxe,BATSUGUN Saturn Tribute Boosted [Deluxe Edition],PAL España,standard,EDITION_VARIANT,PHYSICAL_PUBLISHER_OR_DISTRIBUTOR,Clear River Games,Clear River Games,HIGH,EXACT_PS4_PHYSICAL_EDITION,ADD_PHYSICAL_PUBLISHER_OR_DISTRIBUTOR,La edición PS4 consultada atribuye la publicación o distribución física a Clear River Games.,https://www.clearrivergames.com/games/batsugun-saturn-tribute-boosted.html,,CONFIRM,Clear River Games,clear-river-games,Clear River Games,https://www.clearrivergames.com/games/batsugun-saturn-tribute-boosted.html,,,2026-09-05,company-credit-ps4-pal-rapid-review-2026-09-05
ps4-minabo-a-walk-through-life-day-one-edition,Minabo A Walk Through Life Day One Edition,Minabo A Walk Through Life Day One Edition,PAL España,standard,EDITION_VARIANT,PHYSICAL_PUBLISHER_OR_DISTRIBUTOR,Selecta Play,Selecta Play,HIGH,EXACT_TITLE_OR_EDITION_FAMILY,ADD_OR_CONFIRM_CREDIT,Crédito verificado para la obra base y aplicado únicamente a esta edición: Selecta Play.,https://www.devilishgames.com/minabo/,,CONFIRM,Selecta Play,selecta-play,Selecta Play,https://www.devilishgames.com/minabo/,,,2026-09-05,company-credit-ps4-pal-rapid-review-2026-09-05
ps4-crash-team-rumble-deluxe-edition,Crash Team Rumble Deluxe Edition,Crash Team Rumble [Deluxe Edition],PAL España,standard,EDITION_VARIANT,DEVELOPER,,Toys for Bob,HIGH,EDITION_OF_VERIFIED_WORK,ADD_DEVELOPER,Las fuentes consultadas atribuyen el desarrollo a Toys for Bob.,https://www.toysforbob.com/games,,ADD,,toys-for-bob,Toys For Bob,https://www.toysforbob.com/games,ps4-crash-team-rumble,,2026-09-05,company-credit-ps4-pal-rapid-review-2026-09-05
ps4-crash-team-rumble-deluxe-edition,Crash Team Rumble Deluxe Edition,Crash Team Rumble Deluxe Edition,PAL España,standard,EDITION_VARIANT,PHYSICAL_PUBLISHER_OR_DISTRIBUTOR,Activision,Activision,HIGH,SAME_WORK_EDITION,ADD_OR_CONFIRM_CREDIT,Coincidencia rápida: VERIFIED_PAL_SIBLING.,,,CONFIRM,Activision,activision,Activision,https://www.pricecharting.com/game/pal-playstation-4/crash-team-rumble,ps4-crash-team-rumble,,2026-09-05,company-credit-ps4-pal-rapid-review-2026-09-05
ps4-street-fighter-6-lenticular-edition,Street Fighter 6 Lenticular Edition,Street Fighter 6 Lenticular Edition,PAL España,standard,GAME_OR_UNKNOWN,DEVELOPER,,Capcom,HIGH,EXACT_TITLE_OR_EDITION_FAMILY,ADD_OR_CONFIRM_CREDIT,Crédito verificado para la obra base y aplicado únicamente a esta edición: Capcom.,https://www.streetfighter.com/6/,,ADD,,capcom,Capcom,https://www.streetfighter.com/6/,,,2026-09-05,company-credit-ps4-pal-rapid-review-2026-09-05
ps4-street-fighter-6-lenticular-edition,Street Fighter 6 Lenticular Edition,Street Fighter 6 Lenticular Edition,PAL España,standard,GAME_OR_UNKNOWN,PHYSICAL_PUBLISHER_OR_DISTRIBUTOR,Capcom,Capcom,HIGH,EXACT_TITLE_OR_EDITION_FAMILY,ADD_OR_CONFIRM_CREDIT,Crédito verificado para la obra base y aplicado únicamente a esta edición: Capcom.,https://www.streetfighter.com/6/,,CONFIRM,Capcom,capcom,Capcom,https://www.streetfighter.com/6/,,,2026-09-05,company-credit-ps4-pal-rapid-review-2026-09-05
ps4-masterchef-el-videojuego-oficial,Masterchef El Videojuego Oficial,Masterchef El Videojuego Oficial,PAL España,standard,GAME_OR_UNKNOWN,DEVELOPER,,Selecta Play,HIGH,EXACT_TITLE_OR_EDITION_FAMILY,ADD_OR_CONFIRM_CREDIT,Crédito verificado para la obra base y aplicado únicamente a esta edición: Selecta Play.,https://www.selecta-play.com/,,ADD,,selecta-play,Selecta Play,https://www.selecta-play.com/,,,2026-09-05,company-credit-ps4-pal-rapid-review-2026-09-05
ps4-masterchef-el-videojuego-oficial,Masterchef El Videojuego Oficial,Masterchef El Videojuego Oficial,PAL España,standard,GAME_OR_UNKNOWN,PHYSICAL_PUBLISHER_OR_DISTRIBUTOR,Selecta Play,Selecta Play,HIGH,EXACT_TITLE_OR_EDITION_FAMILY,ADD_OR_CONFIRM_CREDIT,Crédito verificado para la obra base y aplicado únicamente a esta edición: Selecta Play.,https://www.selecta-play.com/,,CONFIRM,Selecta Play,selecta-play,Selecta Play,https://www.selecta-play.com/,,,2026-09-05,company-credit-ps4-pal-rapid-review-2026-09-05
ps4-void-trrlm2-void-terrarium-2-deluxe-edition,void* tRrLM2(); //Void Terrarium 2 - Deluxe Edition,void* tRrLM2(); //Void Terrarium 2 - Deluxe Edition,PAL España,standard,EDITION_VARIANT,DEVELOPER,,Nippon Ichi Software,HIGH,EXACT_TITLE_OR_EDITION_FAMILY,ADD_OR_CONFIRM_CREDIT,Crédito verificado para la obra base y aplicado únicamente a esta edición: Nippon Ichi Software.,https://nisamerica.com/games/void-terrarium-2/,,ADD,,nippon-ichi-software,Nippon Ichi Software,https://nisamerica.com/games/void-terrarium-2/,,,2026-09-05,company-credit-ps4-pal-rapid-review-2026-09-05
ps4-void-trrlm2-void-terrarium-2-deluxe-edition,void* tRrLM2(); //Void Terrarium 2 - Deluxe Edition,void* tRrLM2(); //Void Terrarium 2 - Deluxe Edition,PAL España,standard,EDITION_VARIANT,PHYSICAL_PUBLISHER_OR_DISTRIBUTOR,NISA,NIS America,HIGH,EXACT_TITLE_OR_EDITION_FAMILY,ADD_OR_CONFIRM_CREDIT,Crédito verificado para la obra base y aplicado únicamente a esta edición: NIS America.,https://nisamerica.com/games/void-terrarium-2/,,REPLACE,NISA,nis-america,NIS America,https://nisamerica.com/games/void-terrarium-2/,,,2026-09-05,company-credit-ps4-pal-rapid-review-2026-09-05
ps4-chef-life,Chef Life,Chef Life: A Restaurant Simulator,PAL España,standard,GAME_OR_UNKNOWN,DEVELOPER,,Cyanide Studio,HIGH,EXACT_PS4_WORK,ADD_DEVELOPER,Las fuentes consultadas atribuyen el desarrollo a Cyanide Studio.,https://www.nacongaming.com/en-GB/chef-life,,ADD,,cyanide-studio,Cyanide Studio,https://www.nacongaming.com/en-GB/chef-life,,,2026-09-05,company-credit-ps4-pal-rapid-review-2026-09-05
ps4-chef-life,Chef Life,Chef Life: A Restaurant Simulator,PAL España,standard,GAME_OR_UNKNOWN,PHYSICAL_PUBLISHER_OR_DISTRIBUTOR,Nacon,Nacon,HIGH,EXACT_PS4_WORK,ADD_PHYSICAL_PUBLISHER_OR_DISTRIBUTOR,La edición PS4 consultada atribuye la publicación o distribución física a Nacon.,https://www.nacongaming.com/en-GB/chef-life,,CONFIRM,Nacon,nacon,Nacon,https://www.nacongaming.com/en-GB/chef-life,,,2026-09-05,company-credit-ps4-pal-rapid-review-2026-09-05
ps4-rico-london-standard-edition,RICO London - Standard Edition,RICO London - Standard Edition,PAL España,standard,GAME_OR_UNKNOWN,DEVELOPER,,Ground Shatter,HIGH,GAME_WORK | PS4_RELEASE,ADD_OR_CONFIRM_CREDIT,"Coincidencia rápida: LAUNCHBOX_PS4, STEAM.",https://gamesdb.launchbox-app.com/games/details/473723,https://store.steampowered.com/app/1265720,ADD,,ground-shatter,Ground Shatter,https://gamesdb.launchbox-app.com/games/details/473723 | https://store.steampowered.com/app/1265720,,,2026-09-05,company-credit-ps4-pal-rapid-review-2026-09-05
ps4-rico-london-standard-edition,RICO London - Standard Edition,RICO London - Standard Edition,PAL España,standard,GAME_OR_UNKNOWN,PHYSICAL_PUBLISHER_OR_DISTRIBUTOR,Numskull Games Ltd.,Numskull Games,HIGH,GAME_WORK | PS4_RELEASE,ADD_OR_CONFIRM_CREDIT,"Coincidencia rápida: LAUNCHBOX_PS4, STEAM.",https://gamesdb.launchbox-app.com/games/details/473723,https://store.steampowered.com/app/1265720,REPLACE,Numskull Games Ltd.,numskull-games,Numskull Games Ltd.,https://gamesdb.launchbox-app.com/games/details/473723 | https://store.steampowered.com/app/1265720,,,2026-09-05,company-credit-ps4-pal-rapid-review-2026-09-05
ps4-king-s-bounty-2-day-one-edition,King´s Bounty 2 Day One Edition,King´s Bounty 2 Day One Edition,PAL España,standard,EDITION_VARIANT,DEVELOPER,,1C Entertainment,HIGH,EXACT_TITLE_OR_EDITION_FAMILY,ADD_OR_CONFIRM_CREDIT,Crédito verificado para la obra base y aplicado únicamente a esta edición: 1C Entertainment.,https://kingsbounty2.com/,,ADD,,1c-entertainment,1C Entertainment,https://kingsbounty2.com/,,,2026-09-05,company-credit-ps4-pal-rapid-review-2026-09-05
ps4-king-s-bounty-2-day-one-edition,King´s Bounty 2 Day One Edition,King´s Bounty 2 Day One Edition,PAL España,standard,EDITION_VARIANT,PHYSICAL_PUBLISHER_OR_DISTRIBUTOR,Deep SIlver,Deep Silver,HIGH,EXACT_TITLE_OR_EDITION_FAMILY,ADD_OR_CONFIRM_CREDIT,Crédito verificado para la obra base y aplicado únicamente a esta edición: Deep Silver.,https://kingsbounty2.com/,,CONFIRM,Deep SIlver,deep-silver,Deep SIlver,https://kingsbounty2.com/,,,2026-09-05,company-credit-ps4-pal-rapid-review-2026-09-05
ps4-dcl-drone-championship-league-the-game,DCL Drone Championship League - The Game,DCL Drone Championship League - The Game,PAL España,standard,GAME_OR_UNKNOWN,DEVELOPER,,Climax Studios,HIGH,EXACT_TITLE_OR_EDITION_FAMILY,ADD_OR_CONFIRM_CREDIT,Crédito verificado para la obra base y aplicado únicamente a esta edición: Climax Studios.,https://dclthegame.com/,,ADD,,climax-studios,Climax Studios,https://dclthegame.com/,,,2026-09-05,company-credit-ps4-pal-rapid-review-2026-09-05
ps4-dcl-drone-championship-league-the-game,DCL Drone Championship League - The Game,DCL Drone Championship League - The Game,PAL España,standard,GAME_OR_UNKNOWN,PHYSICAL_PUBLISHER_OR_DISTRIBUTOR,THQ Nordic GmbH,THQ Nordic,HIGH,EXACT_TITLE_OR_EDITION_FAMILY,ADD_OR_CONFIRM_CREDIT,Crédito verificado para la obra base y aplicado únicamente a esta edición: THQ Nordic.,https://dclthegame.com/,,REPLACE,THQ Nordic GmbH,thq-nordic,THQ Nordic GmbH,https://dclthegame.com/,,,2026-09-05,company-credit-ps4-pal-rapid-review-2026-09-05
ps4-fairy-tail-2,Fairy Tail 2,Fairy Tail 2,PAL España,standard,GAME_OR_UNKNOWN,PHYSICAL_PUBLISHER_OR_DISTRIBUTOR,game,Koei Tecmo Games,HIGH,GAME_WORK | PS4_RELEASE,ADD_OR_CONFIRM_CREDIT,"Coincidencia rápida: LAUNCHBOX_PS4, STEAM, WIKIDATA.",https://gamesdb.launchbox-app.com/games/details/475691,https://store.steampowered.com/app/3002850,REPLACE,game,koei-tecmo-games,KOEI Tecmo Games,https://gamesdb.launchbox-app.com/games/details/475691 | https://store.steampowered.com/app/3002850,,,2026-09-05,company-credit-ps4-pal-rapid-review-2026-09-05
ps4-tintin-reportero-los-cigarros-del-faraon,Tintín reportero: Los cigarros del faraón,Tintín reportero: Los cigarros del faraón,PAL España,standard,GAME_OR_UNKNOWN,DEVELOPER,,Pendulo Studios,HIGH,EXACT_TITLE_OR_EDITION_FAMILY,ADD_OR_CONFIRM_CREDIT,Crédito verificado para la obra base y aplicado únicamente a esta edición: Pendulo Studios.,https://www.microids.com/game-tintin-reporter-cigars-of-the-pharaoh/,,ADD,,pendulo-studios,Pendulo Studios,https://www.microids.com/game-tintin-reporter-cigars-of-the-pharaoh/,,,2026-09-05,company-credit-ps4-pal-rapid-review-2026-09-05
ps4-tintin-reportero-los-cigarros-del-faraon,Tintín reportero: Los cigarros del faraón,Tintín reportero: Los cigarros del faraón,PAL España,standard,GAME_OR_UNKNOWN,PHYSICAL_PUBLISHER_OR_DISTRIBUTOR,game,Microids,HIGH,EXACT_TITLE_OR_EDITION_FAMILY,ADD_OR_CONFIRM_CREDIT,Crédito verificado para la obra base y aplicado únicamente a esta edición: Microids.,https://www.microids.com/game-tintin-reporter-cigars-of-the-pharaoh/,,REPLACE,game,microids,Microids,https://www.microids.com/game-tintin-reporter-cigars-of-the-pharaoh/,,,2026-09-05,company-credit-ps4-pal-rapid-review-2026-09-05
ps4-harvest-life,Harvest Life,Harvest Life,PAL España,standard,GAME_OR_UNKNOWN,DIGITAL_PUBLISHER,game,JOINDOTS GMBH,HIGH,DIGITAL_PS4_EU,ADD_OR_CONFIRM_CREDIT,Coincidencia rápida: PLAYSTATION_STORE.,https://store.playstation.com/es-es/product/EP1629-CUSA29683_00-HARVESTLIFEPS4EU,,REPLACE,game,joindots,Joindots GmbH,https://store.playstation.com/es-es/product/EP1629-CUSA29683_00-HARVESTLIFEPS4EU,,,2026-09-05,company-credit-ps4-pal-rapid-review-2026-09-05
ps4-real-heroes-firefighter,Real Heroes Firefighter,Real Heroes Firefighter,PAL España,standard,GAME_OR_UNKNOWN,DEVELOPER,,Epicenter Studios,HIGH,EXACT_TITLE_OR_EDITION_FAMILY,ADD_OR_CONFIRM_CREDIT,Crédito verificado para la obra base y aplicado únicamente a esta edición: Epicenter Studios.,https://www.gs2games.com/,,ADD,,epicenter-studios,Epicenter Studios,https://www.gs2games.com/,,,2026-09-05,company-credit-ps4-pal-rapid-review-2026-09-05
ps4-real-heroes-firefighter,Real Heroes Firefighter,Real Heroes Firefighter,PAL España,standard,GAME_OR_UNKNOWN,PHYSICAL_PUBLISHER_OR_DISTRIBUTOR,game,GS2 Games,HIGH,EXACT_TITLE_OR_EDITION_FAMILY,ADD_OR_CONFIRM_CREDIT,Crédito verificado para la obra base y aplicado únicamente a esta edición: GS2 Games.,https://www.gs2games.com/,,REPLACE,game,gs2-games,GS2 Games,https://www.gs2games.com/,,,2026-09-05,company-credit-ps4-pal-rapid-review-2026-09-05
ps4-40-principales-karaoke-party-vol-2,40 Principales Karaoke Party Vol.2,Los 40 Principales: Karaoke Party Vol. 2,PAL España,standard,GAME_OR_UNKNOWN,DEVELOPER,,Le Cortex,HIGH,EXACT_PAL_PHYSICAL,ADD_DEVELOPER,Las fuentes consultadas atribuyen el desarrollo a Le Cortex.,https://www.playstationtrophies.org/game/los-40-principales-karaoke-party-vol-2-ps4/guide/,https://www.ebay.co.uk/itm/376341523527,ADD,,le-cortex,Le Cortex,https://www.playstationtrophies.org/game/los-40-principales-karaoke-party-vol-2-ps4/guide/ | https://www.ebay.co.uk/itm/376341523527,,,2026-09-05,company-credit-ps4-pal-rapid-review-2026-09-05
ps4-40-principales-karaoke-party-vol-2,40 Principales Karaoke Party Vol.2,Los 40 Principales: Karaoke Party Vol. 2,PAL España,standard,GAME_OR_UNKNOWN,PHYSICAL_PUBLISHER_OR_DISTRIBUTOR,game,Wired Productions,HIGH,EXACT_PAL_PHYSICAL,ADD_PHYSICAL_PUBLISHER_OR_DISTRIBUTOR,La edición PS4 consultada atribuye la publicación o distribución física a Wired Productions.,https://www.playstationtrophies.org/game/los-40-principales-karaoke-party-vol-2-ps4/guide/,https://www.ebay.co.uk/itm/376341523527,REPLACE,game,wired-productions,Wired Productions Ltd.,https://www.playstationtrophies.org/game/los-40-principales-karaoke-party-vol-2-ps4/guide/ | https://www.ebay.co.uk/itm/376341523527,,,2026-09-05,company-credit-ps4-pal-rapid-review-2026-09-05
ps4-quar-infernal-machines,Quar: Infernal Machines,Quar: Infernal Machines,PAL España,standard,GAME_OR_UNKNOWN,DEVELOPER,,Steel Wool Studios,HIGH,EXACT_TITLE_OR_EDITION_FAMILY,ADD_OR_CONFIRM_CREDIT,Crédito verificado para la obra base y aplicado únicamente a esta edición: Steel Wool Studios.,https://funboxmedia.co.uk/,,ADD,,steel-wool-studios,Steel Wool Studios,https://funboxmedia.co.uk/,,,2026-09-05,company-credit-ps4-pal-rapid-review-2026-09-05
ps4-totally-spies-cyber-mission,Totally Spies! Cyber Mission,Totally Spies! Cyber Mission,PAL España,standard,GAME_OR_UNKNOWN,PHYSICAL_PUBLISHER_OR_DISTRIBUTOR,,Microids,HIGH,EXACT_TITLE_OR_EDITION_FAMILY,ADD_OR_CONFIRM_CREDIT,Crédito verificado para la obra base y aplicado únicamente a esta edición: Microids.,https://www.microids.com/game-totally-spies-cyber-mission/,,ADD,,microids,Microids,https://www.microids.com/game-totally-spies-cyber-mission/,,,2026-09-05,company-credit-ps4-pal-rapid-review-2026-09-05
