catalog_id,title,region,edition,family_key,provisional_work_key,content_type,role,target_field,proposed_company,proposed_company_slug,source_names,company_resolution,current_company,recommended_action,confidence,safe_for_catalog_import,evidence_scope,source_count,sources,source_grades,source_urls,evidence_summary,guardrail,identifier_warning,current_cusa,pricecharting_model_cusa
ps4-agatha-christie%27s-hercule-poirot-the-first-cases,Agatha Christie's Hercule Poirot: The First Cases,PAL España,standard,agatha christie s hercule poirot the first cases,agatha christie s hercule poirot the first cases,GAME_OR_UNKNOWN,PHYSICAL_PUBLISHER_OR_DISTRIBUTOR,publisher,Microids,microids,Microids,EXACT_NAME_OR_ALIAS,Microids,RETAIN,HIGH,NO,EXACT_PHYSICAL_EDITION,2,PRICECHARTING_EXACT_PAL_PAGE | REGIONATLAS_LEGACY_PRICECHARTING_CREDIT,B_EXACT_PHYSICAL | B_LEGACY_EXACT_PHYSICAL,https://www.pricecharting.com/game/pal-playstation-4/agatha-christie%27s-hercule-poirot-the-first-cases,La ficha exacta de la edición física PAL etiqueta a esta compañía como Publisher; puede representar publicación o distribución física. | El crédito actual procede de la importación histórica de la ficha física enlazada; se contrasta con la consulta en vivo.,Confirmar si la etiqueta Publisher representa publicación o distribución en la caja PAL.,CUSA_STRONG_TITLE_REVIEW,CUSA23753_00,
ps4-akiba%27s-trip-hellbound-&amp;-debriefed,Akiba's Trip: Hellbound & Debriefed,PAL España,standard,akiba s trip hellbound and debriefed,akiba s trip hellbound and debriefed,GAME_OR_UNKNOWN,DEVELOPER,developer,Acquire,acquire,Acquire | ACQUIRE Corp.,EXACT_NAME_OR_ALIAS,Acquire,RETAIN,HIGH,NO,GAME_WORK | GAME_WORK_OR_PS4_RELEASE | PS4_RELEASE,4,LAUNCHBOX_GAMES_DB | STEAM_STORE | WIKIDATA | WIKIPEDIA_PS4_LIST,B_OTHER_PLATFORM | B_PS4_RELEASE | C_DISCOVERY,https://en.wikipedia.org/wiki/List_of_PlayStation_4_games_(A%E2%80%93L) | https://store.steampowered.com/app/1236780 | https://www.wikidata.org/wiki/Q124570320 | https://gamesdb.launchbox-app.com/games/details/421895,"La lista específica de PS4 atribuye el desarrollo a esta compañía. | La ficha comercial de Steam confirma la desarrolladora de la obra, no necesariamente el port de PS4. | Wikidata registra la compañía como desarrolladora. | LaunchBox registra esta desarrolladora para su ficha de PS4.",No propagar a ports o compilaciones sin comprobar sus créditos propios.,MODEL_CONFLICT,CUSA16501_00,CUSA23677_00
ps4-andro-dunos-ii,Andro Dunos II,PAL España,standard,andro dunos ii,andro dunos ii,GAME_OR_UNKNOWN,DEVELOPER,developer,Picorinne Soft,picorinne-soft,Picorinne Soft,EXACT_NAME_OR_ALIAS,Picorinne Soft,RETAIN,HIGH,NO,EXACT_PHYSICAL_EDITION | GAME_WORK,4,PRICECHARTING_EXACT_PAL_PAGE | REGIONATLAS_LEGACY_PRICECHARTING_CREDIT | STEAM_STORE | WIKIDATA,B_EXACT_PHYSICAL | B_LEGACY_EXACT_PHYSICAL | B_OTHER_PLATFORM | C_DISCOVERY,https://www.pricecharting.com/game/pal-playstation-4/andro-dunos-ii | https://store.steampowered.com/app/1856900 | https://www.wikidata.org/wiki/Q111726411,"La ficha enlazada de la edición física PAL atribuye el desarrollo a esta compañía. | El crédito actual procede de la importación histórica de la ficha física enlazada; se contrasta con la consulta en vivo. | La ficha comercial de Steam confirma la desarrolladora de la obra, no necesariamente el port de PS4. | Wikidata registra la compañía como desarrolladora.",No propagar a ports o compilaciones sin comprobar sus créditos propios.,CUSA_TITLE_CONFLICT,CUSA32058_00,CUSA32058_00
ps4-andro-dunos-ii,Andro Dunos II,PAL España,standard,andro dunos ii,andro dunos ii,GAME_OR_UNKNOWN,PHYSICAL_PUBLISHER_OR_DISTRIBUTOR,publisher,STORYBIRD Studio,storybird-studio,Storybird Studio,EXACT_NAME_OR_ALIAS,Storybird Studio,RETAIN,HIGH,NO,EXACT_PHYSICAL_EDITION,2,PRICECHARTING_EXACT_PAL_PAGE | REGIONATLAS_LEGACY_PRICECHARTING_CREDIT,B_EXACT_PHYSICAL | B_LEGACY_EXACT_PHYSICAL,https://www.pricecharting.com/game/pal-playstation-4/andro-dunos-ii,La ficha exacta de la edición física PAL etiqueta a esta compañía como Publisher; puede representar publicación o distribución física. | El crédito actual procede de la importación histórica de la ficha física enlazada; se contrasta con la consulta en vivo.,Confirmar si la etiqueta Publisher representa publicación o distribución en la caja PAL.,CUSA_TITLE_CONFLICT,CUSA32058_00,CUSA32058_00
ps4-atelier-lulua-the-scion-of-arland,Atelier Lulua: The Scion of Arland,PAL España,standard,atelier lulua the scion of arland,atelier lulua the scion of arland,GAME_OR_UNKNOWN,PHYSICAL_PUBLISHER_OR_DISTRIBUTOR,publisher,Koei Tecmo,koei-tecmo,Koei Tecmo,EXACT_NAME_OR_ALIAS,Koei Tecmo,RETAIN,HIGH,NO,EXACT_PHYSICAL_EDITION | PAL_RELEASE,2,REGIONATLAS_LEGACY_PRICECHARTING_CREDIT | WIKIPEDIA_PS4_LIST_PAL,B_LEGACY_EXACT_PHYSICAL | B_PAL_RELEASE,https://www.pricecharting.com/game/pal-playstation-4/atelier-lulua-the-scion-of-arland | https://en.wikipedia.org/wiki/List_of_PlayStation_4_games_(A%E2%80%93L),El crédito actual procede de la importación histórica de la ficha física enlazada; se contrasta con la consulta en vivo. | La columna PAL de la lista de PS4 atribuye la publicación a esta compañía.,Confirmar si la etiqueta Publisher representa publicación o distribución en la caja PAL.,MODEL_CONFLICT,CUSA13423_00,CUSA14540_00
ps4-atv-drift-&amp;-tricks,ATV Drift & Tricks,PAL España,standard,atv drift and tricks,atv drift and tricks,GAME_OR_UNKNOWN,DEVELOPER,developer,Artefacts Studio,artefacts-studio,Artefacts Studio,EXACT_NAME_OR_ALIAS,,ADD_MISSING,HIGH,NO,GAME_WORK | GAME_WORK_OR_PS4_RELEASE,3,STEAM_STORE | WIKIDATA | WIKIPEDIA_PS4_LIST,B_OTHER_PLATFORM | B_PS4_RELEASE | C_DISCOVERY,https://en.wikipedia.org/wiki/List_of_PlayStation_4_games_(A%E2%80%93L) | https://store.steampowered.com/app/622020 | https://www.wikidata.org/wiki/Q124063242,"La lista específica de PS4 atribuye el desarrollo a esta compañía. | La ficha comercial de Steam confirma la desarrolladora de la obra, no necesariamente el port de PS4. | Wikidata registra la compañía como desarrolladora.",No propagar a ports o compilaciones sin comprobar sus créditos propios.,CUSA_TITLE_CONFLICT,CUSA09535_00,
ps4-back-to-the-future-the-game-30th-anniversary,Back To The Future: The Game 30th Anniversary,PAL España,standard,back to the future the game 30th anniversary,back to the future the game 30th,EDITION_VARIANT,PHYSICAL_PUBLISHER_OR_DISTRIBUTOR,publisher,TellTale Games,telltale-games,Telltale Games,EXACT_NAME_OR_ALIAS,Telltale Games,RETAIN,HIGH,NO,EXACT_PHYSICAL_EDITION,2,PRICECHARTING_EXACT_PAL_PAGE | REGIONATLAS_LEGACY_PRICECHARTING_CREDIT,B_EXACT_PHYSICAL | B_LEGACY_EXACT_PHYSICAL,https://www.pricecharting.com/game/pal-playstation-4/back-to-the-future-the-game-30th-anniversary,La ficha exacta de la edición física PAL etiqueta a esta compañía como Publisher; puede representar publicación o distribución física. | El crédito actual procede de la importación histórica de la ficha física enlazada; se contrasta con la consulta en vivo.,Confirmar si la etiqueta Publisher representa publicación o distribución en la caja PAL.,CUSA_TITLE_CONFLICT,CUSA02972_00,CUSA02972_00
ps4-batman-return-to-arkham,Batman: Return To Arkham,PAL España,standard,batman return to arkham,batman return to arkham,GAME_OR_UNKNOWN,PHYSICAL_PUBLISHER_OR_DISTRIBUTOR,publisher,Warner Bros. Interactive Entertainment,warner-bros-interactive-entertainment,Warner Brothers,EXACT_NAME_OR_ALIAS,Warner Brothers,RETAIN,HIGH,NO,EXACT_PHYSICAL_EDITION,2,PRICECHARTING_EXACT_PAL_PAGE | REGIONATLAS_LEGACY_PRICECHARTING_CREDIT,B_EXACT_PHYSICAL | B_LEGACY_EXACT_PHYSICAL,https://www.pricecharting.com/game/pal-playstation-4/batman-return-to-arkham,La ficha exacta de la edición física PAL etiqueta a esta compañía como Publisher; puede representar publicación o distribución física. | El crédito actual procede de la importación histórica de la ficha física enlazada; se contrasta con la consulta en vivo.,Confirmar si la etiqueta Publisher representa publicación o distribución en la caja PAL.,CUSA_TITLE_CONFLICT,CUSA02000_00,
ps4-big-buck-hunter-arcade,Big Buck Hunter Arcade,PAL España,standard,big buck hunter arcade,big buck hunter arcade,GAME_OR_UNKNOWN,PHYSICAL_PUBLISHER_OR_DISTRIBUTOR,publisher,Maximum Games,maximum-games,Maximum Games,EXACT_NAME_OR_ALIAS,Maximum Games,RETAIN,HIGH,NO,EXACT_PHYSICAL_EDITION,2,PRICECHARTING_EXACT_PAL_PAGE | REGIONATLAS_LEGACY_PRICECHARTING_CREDIT,B_EXACT_PHYSICAL | B_LEGACY_EXACT_PHYSICAL,https://www.pricecharting.com/game/pal-playstation-4/big-buck-hunter-arcade,La ficha exacta de la edición física PAL etiqueta a esta compañía como Publisher; puede representar publicación o distribución física. | El crédito actual procede de la importación histórica de la ficha física enlazada; se contrasta con la consulta en vivo.,Confirmar si la etiqueta Publisher representa publicación o distribución en la caja PAL.,CUSA_TITLE_CONFLICT,CUSA05525_00,CUSA05525_00
ps4-black-hole-complete-edition,Black Hole [Complete Edition],PAL España,standard,black hole,black hole,GAME_OR_UNKNOWN,PHYSICAL_PUBLISHER_OR_DISTRIBUTOR,publisher,Soedesco,soedesco,SOEDESCO,EXACT_NAME_OR_ALIAS,SOEDESCO,RETAIN,HIGH,NO,EXACT_PHYSICAL_EDITION,2,PRICECHARTING_EXACT_PAL_PAGE | REGIONATLAS_LEGACY_PRICECHARTING_CREDIT,B_EXACT_PHYSICAL | B_LEGACY_EXACT_PHYSICAL,https://www.pricecharting.com/game/pal-playstation-4/black-hole-complete-edition,La ficha exacta de la edición física PAL etiqueta a esta compañía como Publisher; puede representar publicación o distribución física. | El crédito actual procede de la importación histórica de la ficha física enlazada; se contrasta con la consulta en vivo.,Confirmar si la etiqueta Publisher representa publicación o distribución en la caja PAL.,CUSA_STRONG_TITLE_REVIEW,CUSA06921_00,CUSA06921_00
ps4-blazblue-chrono-phantasma-extend-limited-edition,BlazBlue: Chrono Phantasma Extend [Limited Edition],PAL España,standard,blazblue chrono phantasma extend,blazblue chrono phantasma extend,EDITION_VARIANT,DEVELOPER,developer,Arc System Works,arc-system-works,Arc System Works,EXACT_NAME_OR_ALIAS,Arc System Works,RETAIN,HIGH,NO,EXACT_PHYSICAL_EDITION | GAME_WORK | GAME_WORK_OR_PS4_RELEASE | PS4_RELEASE,5,LAUNCHBOX_GAMES_DB | PRICECHARTING_EXACT_PAL_PAGE | REGIONATLAS_LEGACY_PRICECHARTING_CREDIT | WIKIDATA | WIKIPEDIA_PS4_LIST,B_EXACT_PHYSICAL | B_LEGACY_EXACT_PHYSICAL | B_PS4_RELEASE | C_DISCOVERY,https://www.pricecharting.com/game/pal-playstation-4/blazblue-chrono-phantasma-extend-limited-edition | https://en.wikipedia.org/wiki/List_of_PlayStation_4_games_(A%E2%80%93L) | https://www.wikidata.org/wiki/Q107424162 | https://gamesdb.launchbox-app.com/games/details/34403,La ficha enlazada de la edición física PAL atribuye el desarrollo a esta compañía. | El crédito actual procede de la importación histórica de la ficha física enlazada; se contrasta con la consulta en vivo. | La lista específica de PS4 atribuye el desarrollo a esta compañía. | Wikidata registra la compañía como desarrolladora. | LaunchBox registra esta desarrolladora para su ficha de PS4.,No propagar a ports o compilaciones sin comprobar sus créditos propios.,CUSA_STRONG_TITLE_REVIEW,CUSA03254_00,CUSA03254_00
ps4-blazblue-chrono-phantasma-extend-limited-edition,BlazBlue: Chrono Phantasma Extend [Limited Edition],PAL España,standard,blazblue chrono phantasma extend,blazblue chrono phantasma extend,EDITION_VARIANT,PHYSICAL_PUBLISHER_OR_DISTRIBUTOR,publisher,PQube Ltd.,pqube,Pqube,EXACT_NAME_OR_ALIAS,Pqube,RETAIN,HIGH,NO,EXACT_PHYSICAL_EDITION,2,PRICECHARTING_EXACT_PAL_PAGE | REGIONATLAS_LEGACY_PRICECHARTING_CREDIT,B_EXACT_PHYSICAL | B_LEGACY_EXACT_PHYSICAL,https://www.pricecharting.com/game/pal-playstation-4/blazblue-chrono-phantasma-extend-limited-edition,La ficha exacta de la edición física PAL etiqueta a esta compañía como Publisher; puede representar publicación o distribución física. | El crédito actual procede de la importación histórica de la ficha física enlazada; se contrasta con la consulta en vivo.,Confirmar si la etiqueta Publisher representa publicación o distribución en la caja PAL.,CUSA_STRONG_TITLE_REVIEW,CUSA03254_00,CUSA03254_00
ps4-blood-bowl-ii,Blood Bowl II,PAL España,standard,blood bowl ii,blood bowl ii,GAME_OR_UNKNOWN,PHYSICAL_PUBLISHER_OR_DISTRIBUTOR,publisher,Focus Home Interactive,focus-home-interactive,Focus Home Interactive,EXACT_NAME_OR_ALIAS,Focus Home Interactive,RETAIN,HIGH,NO,EXACT_PHYSICAL_EDITION,2,PRICECHARTING_EXACT_PAL_PAGE | REGIONATLAS_LEGACY_PRICECHARTING_CREDIT,B_EXACT_PHYSICAL | B_LEGACY_EXACT_PHYSICAL,https://www.pricecharting.com/game/pal-playstation-4/blood-bowl-ii,La ficha exacta de la edición física PAL etiqueta a esta compañía como Publisher; puede representar publicación o distribución física. | El crédito actual procede de la importación histórica de la ficha física enlazada; se contrasta con la consulta en vivo.,Confirmar si la etiqueta Publisher representa publicación o distribución en la caja PAL.,CUSA_TITLE_CONFLICT,CUSA00776_00,CUSA00776_00
ps4-box-vr,Box VR,PAL España,standard,box vr,box vr,GAME_OR_UNKNOWN,PHYSICAL_PUBLISHER_OR_DISTRIBUTOR,publisher,Perp Game,perp-game,Perp Game,EXACT_NAME_OR_ALIAS,Perp Game,RETAIN,HIGH,NO,EXACT_PHYSICAL_EDITION,2,PRICECHARTING_EXACT_PAL_PAGE | REGIONATLAS_LEGACY_PRICECHARTING_CREDIT,B_EXACT_PHYSICAL | B_LEGACY_EXACT_PHYSICAL,https://www.pricecharting.com/game/pal-playstation-4/box-vr,La ficha exacta de la edición física PAL etiqueta a esta compañía como Publisher; puede representar publicación o distribución física. | El crédito actual procede de la importación histórica de la ficha física enlazada; se contrasta con la consulta en vivo.,Confirmar si la etiqueta Publisher representa publicación o distribución en la caja PAL.,CUSA_TITLE_CONFLICT,CUSA13859_00,CUSA13859_00
ps4-carly-and-the-reaperman-escape-from-the-underworld,Carly and the Reaperman: Escape from the Underworld,PAL España,standard,carly and the reaperman escape from the underworld,carly and the reaperman escape from the underworld,GAME_OR_UNKNOWN,PHYSICAL_PUBLISHER_OR_DISTRIBUTOR,publisher,Odd Raven,odd-raven,Odd Raven,EXACT_NAME_OR_ALIAS,Odd Raven,RETAIN,HIGH,NO,EXACT_PHYSICAL_EDITION,2,PRICECHARTING_EXACT_PAL_PAGE | REGIONATLAS_LEGACY_PRICECHARTING_CREDIT,B_EXACT_PHYSICAL | B_LEGACY_EXACT_PHYSICAL,https://www.pricecharting.com/game/pal-playstation-4/carly-and-the-reaperman-escape-from-the-underworld,La ficha exacta de la edición física PAL etiqueta a esta compañía como Publisher; puede representar publicación o distribución física. | El crédito actual procede de la importación histórica de la ficha física enlazada; se contrasta con la consulta en vivo.,Confirmar si la etiqueta Publisher representa publicación o distribución en la caja PAL.,CUSA_TITLE_CONFLICT,CUSA10070_00,CUSA10070_00
ps4-chronos-before-the-ashes,Chronos: Before the Ashes,PAL España,standard,chronos before the ashes,chronos before the ashes,GAME_OR_UNKNOWN,DEVELOPER,developer,Gunfire Games,gunfire-games,Gunfire Games,EXACT_NAME_OR_ALIAS,Gunfire Games,RETAIN,HIGH,NO,EXACT_PHYSICAL_EDITION | GAME_WORK | GAME_WORK_OR_PS4_RELEASE,4,PRICECHARTING_EXACT_PAL_PAGE | REGIONATLAS_LEGACY_PRICECHARTING_CREDIT | STEAM_STORE | WIKIPEDIA_PS4_LIST,B_EXACT_PHYSICAL | B_LEGACY_EXACT_PHYSICAL | B_OTHER_PLATFORM | B_PS4_RELEASE,https://www.pricecharting.com/game/pal-playstation-4/chronos-before-the-ashes | https://en.wikipedia.org/wiki/List_of_PlayStation_4_games_(A%E2%80%93L) | https://store.steampowered.com/app/967390,"La ficha enlazada de la edición física PAL atribuye el desarrollo a esta compañía. | El crédito actual procede de la importación histórica de la ficha física enlazada; se contrasta con la consulta en vivo. | La lista específica de PS4 atribuye el desarrollo a esta compañía. | La ficha comercial de Steam confirma la desarrolladora de la obra, no necesariamente el port de PS4.",No propagar a ports o compilaciones sin comprobar sus créditos propios.,CUSA_TITLE_CONFLICT,CUSA15161_00,
ps4-civilization-vi,Civilization VI,PAL España,standard,civilization vi,civilization vi,GAME_OR_UNKNOWN,PHYSICAL_PUBLISHER_OR_DISTRIBUTOR,publisher,2K Games,2k-games,2K Games,EXACT_NAME_OR_ALIAS,2K Games,RETAIN,HIGH,NO,EXACT_PHYSICAL_EDITION | PAL_RELEASE,2,PRICECHARTING_EXACT_PAL_PAGE | WIKIPEDIA_PS4_LIST_PAL,B_EXACT_PHYSICAL | B_PAL_RELEASE,https://www.pricecharting.com/game/pal-playstation-4/civilization-vi | https://en.wikipedia.org/wiki/List_of_PlayStation_4_games_(A%E2%80%93L),La ficha exacta de la edición física PAL etiqueta a esta compañía como Publisher; puede representar publicación o distribución física. | La columna PAL de la lista de PS4 atribuye la publicación a esta compañía.,Confirmar si la etiqueta Publisher representa publicación o distribución en la caja PAL.,CUSA_TITLE_CONFLICT,CUSA15381_00,CUSA15381_00
ps4-coffee-talk,Coffee Talk,PAL España,standard,coffee talk,coffee talk,GAME_OR_UNKNOWN,DEVELOPER,developer,Toge Productions,toge-productions,Toge Productions,EXACT_NAME_OR_ALIAS,"Toge Productions, Chorus Worldwide",REPLACE_OR_ADD_REVIEW,HIGH,NO,EXACT_PHYSICAL_EDITION | GAME_WORK | GAME_WORK_OR_PS4_RELEASE | PS4_RELEASE,6,LAUNCHBOX_GAMES_DB | PRICECHARTING_EXACT_PAL_PAGE | REGIONATLAS_LEGACY_PRICECHARTING_CREDIT | STEAM_STORE | WIKIDATA | WIKIPEDIA_PS4_LIST,B_EXACT_PHYSICAL | B_LEGACY_EXACT_PHYSICAL | B_OTHER_PLATFORM | B_PS4_RELEASE | C_DISCOVERY,https://www.pricecharting.com/game/pal-playstation-4/coffee-talk | https://en.wikipedia.org/wiki/List_of_PlayStation_4_games_(A%E2%80%93L) | https://store.steampowered.com/app/914800 | https://www.wikidata.org/wiki/Q85753234 | https://gamesdb.launchbox-app.com/games/details/473008,"La ficha enlazada de la edición física PAL atribuye el desarrollo a esta compañía. | El crédito actual procede de la importación histórica de la ficha física enlazada; se contrasta con la consulta en vivo. | La lista específica de PS4 atribuye el desarrollo a esta compañía. | La ficha comercial de Steam confirma la desarrolladora de la obra, no necesariamente el port de PS4. | Wikidata registra la compañía como desarrolladora. | LaunchBox registra esta desarrolladora para su ficha de PS4.",No propagar a ports o compilaciones sin comprobar sus créditos propios.,CUSA_STRONG_TITLE_REVIEW,CUSA18112_00,CUSA18112_00
ps4-constructor,Constructor,PAL España,standard,constructor,constructor,GAME_OR_UNKNOWN,DEVELOPER,developer,System 3,system-3,System 3,EXACT_NAME_OR_ALIAS,System 3,RETAIN,HIGH,NO,EXACT_PHYSICAL_EDITION | GAME_WORK,2,REGIONATLAS_LEGACY_PRICECHARTING_CREDIT | STEAM_STORE,B_LEGACY_EXACT_PHYSICAL | B_OTHER_PLATFORM,https://www.pricecharting.com/game/pal-playstation-4/constructor | https://store.steampowered.com/app/579020,"El crédito actual procede de la importación histórica de la ficha física enlazada; se contrasta con la consulta en vivo. | La ficha comercial de Steam confirma la desarrolladora de la obra, no necesariamente el port de PS4.",No propagar a ports o compilaciones sin comprobar sus créditos propios.,CUSA_TITLE_CONFLICT,CUSA03760_00,
ps4-dark-pictures-anthology-little-hope,Dark Pictures Anthology: Little Hope,PAL España,standard,dark pictures anthology little hope,dark pictures anthology little hope,GAME_OR_UNKNOWN,PHYSICAL_PUBLISHER_OR_DISTRIBUTOR,publisher,Bandai Namco Entertainment Europe,bandai-namco-entertainment-europe,Bandai Namco Entertainment Europe,EXACT_NAME_OR_ALIAS,Bandai Namco Entertainment Europe,RETAIN,HIGH,NO,EXACT_PHYSICAL_EDITION,2,PRICECHARTING_EXACT_PAL_PAGE | REGIONATLAS_LEGACY_PRICECHARTING_CREDIT,B_EXACT_PHYSICAL | B_LEGACY_EXACT_PHYSICAL,https://www.pricecharting.com/game/pal-playstation-4/dark-pictures-anthology-little-hope,La ficha exacta de la edición física PAL etiqueta a esta compañía como Publisher; puede representar publicación o distribución física. | El crédito actual procede de la importación histórica de la ficha física enlazada; se contrasta con la consulta en vivo.,Confirmar si la etiqueta Publisher representa publicación o distribución en la caja PAL.,CUSA_TITLE_CONFLICT,CUSA17885_00,CUSA17885_00
ps4-dark-pictures-anthology-man-of-medan,Dark Pictures Anthology: Man of Medan,PAL España,standard,dark pictures anthology man of medan,dark pictures anthology man of medan,GAME_OR_UNKNOWN,PHYSICAL_PUBLISHER_OR_DISTRIBUTOR,publisher,Bandai Namco Entertainment,bandai-namco-entertainment,Bandai Namco Entertainment,EXACT_NAME_OR_ALIAS,Bandai Namco Entertainment,RETAIN,HIGH,NO,EXACT_PHYSICAL_EDITION,2,PRICECHARTING_EXACT_PAL_PAGE | REGIONATLAS_LEGACY_PRICECHARTING_CREDIT,B_EXACT_PHYSICAL | B_LEGACY_EXACT_PHYSICAL,https://www.pricecharting.com/game/pal-playstation-4/dark-pictures-anthology-man-of-medan,La ficha exacta de la edición física PAL etiqueta a esta compañía como Publisher; puede representar publicación o distribución física. | El crédito actual procede de la importación histórica de la ficha física enlazada; se contrasta con la consulta en vivo.,Confirmar si la etiqueta Publisher representa publicación o distribución en la caja PAL.,CUSA_TITLE_CONFLICT,CUSA14102_00,CUSA14102_00
ps4-dark-pictures-the-devil-in-me,Dark Pictures: The Devil in Me,PAL España,standard,dark pictures the devil in me,dark pictures the devil in me,GAME_OR_UNKNOWN,PHYSICAL_PUBLISHER_OR_DISTRIBUTOR,publisher,Bandai Namco Entertainment,bandai-namco-entertainment,Bandai Namco Entertainment,EXACT_NAME_OR_ALIAS,Bandai Namco Entertainment,RETAIN,HIGH,NO,EXACT_PHYSICAL_EDITION,2,PRICECHARTING_EXACT_PAL_PAGE | REGIONATLAS_LEGACY_PRICECHARTING_CREDIT,B_EXACT_PHYSICAL | B_LEGACY_EXACT_PHYSICAL,https://www.pricecharting.com/game/pal-playstation-4/dark-pictures-the-devil-in-me,La ficha exacta de la edición física PAL etiqueta a esta compañía como Publisher; puede representar publicación o distribución física. | El crédito actual procede de la importación histórica de la ficha física enlazada; se contrasta con la consulta en vivo.,Confirmar si la etiqueta Publisher representa publicación o distribución en la caja PAL.,CUSA_TITLE_CONFLICT,CUSA31495_00,
ps4-deer-god,Deer God,PAL España,standard,deer god,deer god,GAME_OR_UNKNOWN,PHYSICAL_PUBLISHER_OR_DISTRIBUTOR,publisher,Red Art Games,red-art-games,Red Art Games,EXACT_NAME_OR_ALIAS,Red Art Games,RETAIN,HIGH,NO,EXACT_PHYSICAL_EDITION,2,PRICECHARTING_EXACT_PAL_PAGE | REGIONATLAS_LEGACY_PRICECHARTING_CREDIT,B_EXACT_PHYSICAL | B_LEGACY_EXACT_PHYSICAL,https://www.pricecharting.com/game/pal-playstation-4/deer-god,La ficha exacta de la edición física PAL etiqueta a esta compañía como Publisher; puede representar publicación o distribución física. | El crédito actual procede de la importación histórica de la ficha física enlazada; se contrasta con la consulta en vivo.,Confirmar si la etiqueta Publisher representa publicación o distribución en la caja PAL.,CUSA_TITLE_CONFLICT,CUSA06207_00,CUSA06207_00
ps4-demetrios-the-big-cynical-adventure,Demetrios: The Big Cynical Adventure,PAL España,standard,demetrios the big cynical adventure,demetrios the big cynical adventure,GAME_OR_UNKNOWN,DEVELOPER,developer,COWCAT,cowcat,CowCat | COWCAT,EXACT_NAME_OR_ALIAS,,ADD_MISSING,HIGH,NO,GAME_WORK | GAME_WORK_OR_PS4_RELEASE,2,STEAM_STORE | WIKIPEDIA_PS4_LIST,B_OTHER_PLATFORM | B_PS4_RELEASE,https://en.wikipedia.org/wiki/List_of_PlayStation_4_games_(A%E2%80%93L) | https://store.steampowered.com/app/451570,"La lista específica de PS4 atribuye el desarrollo a esta compañía. | La ficha comercial de Steam confirma la desarrolladora de la obra, no necesariamente el port de PS4.",No propagar a ports o compilaciones sin comprobar sus créditos propios.,CUSA_TITLE_CONFLICT,CUSA08410_00,
ps4-demetrios-the-big-cynical-adventure,Demetrios: The Big Cynical Adventure,PAL España,standard,demetrios the big cynical adventure,demetrios the big cynical adventure,GAME_OR_UNKNOWN,PHYSICAL_PUBLISHER_OR_DISTRIBUTOR,publisher,Red Art Games,red-art-games,Red Art Games,EXACT_NAME_OR_ALIAS,Red Art Games,RETAIN,HIGH,NO,EXACT_PHYSICAL_EDITION,2,PRICECHARTING_EXACT_PAL_PAGE | REGIONATLAS_LEGACY_PRICECHARTING_CREDIT,B_EXACT_PHYSICAL | B_LEGACY_EXACT_PHYSICAL,https://www.pricecharting.com/game/pal-playstation-4/demetrios-the-big-cynical-adventure,La ficha exacta de la edición física PAL etiqueta a esta compañía como Publisher; puede representar publicación o distribución física. | El crédito actual procede de la importación histórica de la ficha física enlazada; se contrasta con la consulta en vivo.,Confirmar si la etiqueta Publisher representa publicación o distribución en la caja PAL.,CUSA_TITLE_CONFLICT,CUSA08410_00,
ps4-demons-age,Demons Age,PAL España,standard,demons age,demons age,GAME_OR_UNKNOWN,DEVELOPER,developer,Bigmoon Entertainment,bigmoon-entertainment,Bigmoon Entertainment,EXACT_NAME_OR_ALIAS,Bigmoon Entertainment,RETAIN,HIGH,NO,EXACT_PHYSICAL_EDITION | GAME_WORK_OR_PS4_RELEASE,3,PRICECHARTING_EXACT_PAL_PAGE | REGIONATLAS_LEGACY_PRICECHARTING_CREDIT | WIKIPEDIA_PS4_LIST,B_EXACT_PHYSICAL | B_LEGACY_EXACT_PHYSICAL | B_PS4_RELEASE,https://www.pricecharting.com/game/pal-playstation-4/demons-age | https://en.wikipedia.org/wiki/List_of_PlayStation_4_games_(A%E2%80%93L),La ficha enlazada de la edición física PAL atribuye el desarrollo a esta compañía. | El crédito actual procede de la importación histórica de la ficha física enlazada; se contrasta con la consulta en vivo. | La lista específica de PS4 atribuye el desarrollo a esta compañía.,No propagar a ports o compilaciones sin comprobar sus créditos propios.,CUSA_TITLE_CONFLICT,CUSA06635_00,CUSA06635_00
ps4-demons-age,Demons Age,PAL España,standard,demons age,demons age,GAME_OR_UNKNOWN,PHYSICAL_PUBLISHER_OR_DISTRIBUTOR,publisher,BIGMOON STUDIOS,bigmoon-studios,BIGMOON STUDIOS,EXACT_NAME_OR_ALIAS,BIGMOON STUDIOS,RETAIN,HIGH,NO,EXACT_PHYSICAL_EDITION,2,PRICECHARTING_EXACT_PAL_PAGE | REGIONATLAS_LEGACY_PRICECHARTING_CREDIT,B_EXACT_PHYSICAL | B_LEGACY_EXACT_PHYSICAL,https://www.pricecharting.com/game/pal-playstation-4/demons-age,La ficha exacta de la edición física PAL etiqueta a esta compañía como Publisher; puede representar publicación o distribución física. | El crédito actual procede de la importación histórica de la ficha física enlazada; se contrasta con la consulta en vivo.,Confirmar si la etiqueta Publisher representa publicación o distribución en la caja PAL.,CUSA_TITLE_CONFLICT,CUSA06635_00,CUSA06635_00
ps4-deponia,Deponia,PAL España,standard,deponia,deponia,GAME_OR_UNKNOWN,DEVELOPER,developer,Daedalic Entertainment,daedalic-entertainment,Daedalic Entertainment,EXACT_NAME_OR_ALIAS,Daedalic Entertainment,RETAIN,HIGH,NO,EXACT_PHYSICAL_EDITION | GAME_WORK | GAME_WORK_OR_PS4_RELEASE | PS4_RELEASE,5,LAUNCHBOX_GAMES_DB | REGIONATLAS_LEGACY_PRICECHARTING_CREDIT | STEAM_STORE | WIKIDATA | WIKIPEDIA_PS4_LIST,B_LEGACY_EXACT_PHYSICAL | B_OTHER_PLATFORM | B_PS4_RELEASE | C_DISCOVERY,https://www.pricecharting.com/game/pal-playstation-4/deponia | https://en.wikipedia.org/wiki/List_of_PlayStation_4_games_(A%E2%80%93L) | https://store.steampowered.com/app/214340 | https://www.wikidata.org/wiki/Q5260692 | https://gamesdb.launchbox-app.com/games/details/473006,"El crédito actual procede de la importación histórica de la ficha física enlazada; se contrasta con la consulta en vivo. | La lista específica de PS4 atribuye el desarrollo a esta compañía. | La ficha comercial de Steam confirma la desarrolladora de la obra, no necesariamente el port de PS4. | Wikidata registra la compañía como desarrolladora. | LaunchBox registra esta desarrolladora para su ficha de PS4.",No propagar a ports o compilaciones sin comprobar sus créditos propios.,CUSA_TITLE_CONFLICT,CUSA08542_00,
ps4-destiny,Destiny,PAL España,standard,destiny,destiny,GAME_OR_UNKNOWN,DEVELOPER,developer,Bungie,bungie,Bungie,EXACT_NAME_OR_ALIAS,Bungie,RETAIN,HIGH,NO,EXACT_PHYSICAL_EDITION | GAME_WORK | GAME_WORK_OR_PS4_RELEASE | PS4_RELEASE,4,LAUNCHBOX_GAMES_DB | REGIONATLAS_LEGACY_PRICECHARTING_CREDIT | WIKIDATA | WIKIPEDIA_PS4_LIST,B_LEGACY_EXACT_PHYSICAL | B_PS4_RELEASE | C_DISCOVERY,https://www.pricecharting.com/game/pal-playstation-4/destiny | https://en.wikipedia.org/wiki/List_of_PlayStation_4_games_(A%E2%80%93L) | https://www.wikidata.org/wiki/Q210275 | https://gamesdb.launchbox-app.com/games/details/20950,El crédito actual procede de la importación histórica de la ficha física enlazada; se contrasta con la consulta en vivo. | La lista específica de PS4 atribuye el desarrollo a esta compañía. | Wikidata registra la compañía como desarrolladora. | LaunchBox registra esta desarrolladora para su ficha de PS4.,No propagar a ports o compilaciones sin comprobar sus créditos propios.,MODEL_CONFLICT,CUSA01487_00,CUSA00568_00
ps4-destiny,Destiny,PAL España,standard,destiny,destiny,GAME_OR_UNKNOWN,PHYSICAL_PUBLISHER_OR_DISTRIBUTOR,publisher,Activision,activision,Activision,EXACT_NAME_OR_ALIAS,Activision,RETAIN,HIGH,NO,EXACT_PHYSICAL_EDITION | PAL_RELEASE,2,REGIONATLAS_LEGACY_PRICECHARTING_CREDIT | WIKIPEDIA_PS4_LIST_PAL,B_LEGACY_EXACT_PHYSICAL | B_PAL_RELEASE,https://www.pricecharting.com/game/pal-playstation-4/destiny | https://en.wikipedia.org/wiki/List_of_PlayStation_4_games_(A%E2%80%93L),El crédito actual procede de la importación histórica de la ficha física enlazada; se contrasta con la consulta en vivo. | La columna PAL de la lista de PS4 atribuye la publicación a esta compañía.,Confirmar si la etiqueta Publisher representa publicación o distribución en la caja PAL.,MODEL_CONFLICT,CUSA01487_00,CUSA00568_00
ps4-don%27t-starve,Don't Starve,PAL España,standard,don t starve,don t starve,GAME_OR_UNKNOWN,DEVELOPER,developer,Klei Entertainment,klei-entertainment,Klei Entertainment,EXACT_NAME_OR_ALIAS,Klei Entertainment,RETAIN,HIGH,NO,EXACT_PHYSICAL_EDITION | GAME_WORK | GAME_WORK_OR_PS4_RELEASE,4,REGIONATLAS_LEGACY_PRICECHARTING_CREDIT | STEAM_STORE | WIKIDATA | WIKIPEDIA_PS4_LIST,B_LEGACY_EXACT_PHYSICAL | B_OTHER_PLATFORM | B_PS4_RELEASE | C_DISCOVERY,https://www.pricecharting.com/game/pal-playstation-4/don%27t-starve | https://en.wikipedia.org/wiki/List_of_PlayStation_4_games_(A%E2%80%93L) | https://store.steampowered.com/app/219740 | https://www.wikidata.org/wiki/Q3208174,"El crédito actual procede de la importación histórica de la ficha física enlazada; se contrasta con la consulta en vivo. | La lista específica de PS4 atribuye el desarrollo a esta compañía. | La ficha comercial de Steam confirma la desarrolladora de la obra, no necesariamente el port de PS4. | Wikidata registra la compañía como desarrolladora.",No propagar a ports o compilaciones sin comprobar sus créditos propios.,MODEL_CONFLICT,CUSA00158_00,CUSA10385_00
ps4-don%27t-starve,Don't Starve,PAL España,standard,don t starve,don t starve,GAME_OR_UNKNOWN,PHYSICAL_PUBLISHER_OR_DISTRIBUTOR,publisher,505 Games,505-games,505 Games,EXACT_NAME_OR_ALIAS,505 Games,RETAIN,HIGH,NO,EXACT_PHYSICAL_EDITION | PAL_RELEASE,2,REGIONATLAS_LEGACY_PRICECHARTING_CREDIT | WIKIPEDIA_PS4_LIST_PAL,B_LEGACY_EXACT_PHYSICAL | B_PAL_RELEASE,https://www.pricecharting.com/game/pal-playstation-4/don%27t-starve | https://en.wikipedia.org/wiki/List_of_PlayStation_4_games_(A%E2%80%93L),El crédito actual procede de la importación histórica de la ficha física enlazada; se contrasta con la consulta en vivo. | La columna PAL de la lista de PS4 atribuye la publicación a esta compañía.,Confirmar si la etiqueta Publisher representa publicación o distribución en la caja PAL.,MODEL_CONFLICT,CUSA00158_00,CUSA10385_00
ps4-elder-scrolls-online-elsweyr,Elder Scrolls Online Elsweyr,PAL España,standard,elder scrolls online elsweyr,elder scrolls online elsweyr,GAME_OR_UNKNOWN,PHYSICAL_PUBLISHER_OR_DISTRIBUTOR,publisher,ZeniMax Media Inc.,zenimax-media-inc,ZeniMax Media Inc.,EXACT_NAME_OR_ALIAS,ZeniMax Media Inc.,RETAIN,HIGH,NO,EXACT_PHYSICAL_EDITION,2,PRICECHARTING_EXACT_PAL_PAGE | REGIONATLAS_LEGACY_PRICECHARTING_CREDIT,B_EXACT_PHYSICAL | B_LEGACY_EXACT_PHYSICAL,https://www.pricecharting.com/game/pal-playstation-4/elder-scrolls-online-elsweyr,La ficha exacta de la edición física PAL etiqueta a esta compañía como Publisher; puede representar publicación o distribución física. | El crédito actual procede de la importación histórica de la ficha física enlazada; se contrasta con la consulta en vivo.,Confirmar si la etiqueta Publisher representa publicación o distribución en la caja PAL.,CUSA_TITLE_CONFLICT,CUSA00086_00,CUSA00086_00
ps4-elder-scrolls-v-skyrim-special-edition,Elder Scrolls V Skyrim [Special Edition],PAL España,standard,elder scrolls v skyrim,elder scrolls v skyrim,EDITION_VARIANT,PHYSICAL_PUBLISHER_OR_DISTRIBUTOR,publisher,Bethesda Softworks,bethesda-softworks,Bethesda Softworks,EXACT_NAME_OR_ALIAS,Bethesda Softworks,RETAIN,HIGH,NO,EXACT_PHYSICAL_EDITION,2,PRICECHARTING_EXACT_PAL_PAGE | REGIONATLAS_LEGACY_PRICECHARTING_CREDIT,B_EXACT_PHYSICAL | B_LEGACY_EXACT_PHYSICAL,https://www.pricecharting.com/game/pal-playstation-4/elder-scrolls-v-skyrim-special-edition,La ficha exacta de la edición física PAL etiqueta a esta compañía como Publisher; puede representar publicación o distribución física. | El crédito actual procede de la importación histórica de la ficha física enlazada; se contrasta con la consulta en vivo.,Confirmar si la etiqueta Publisher representa publicación o distribución en la caja PAL.,CUSA_TITLE_CONFLICT,CUSA05486_00,CUSA05486_00
ps4-elder-scrolls-v-skyrim-vr,Elder Scrolls V Skyrim VR,PAL España,standard,elder scrolls v skyrim vr,elder scrolls v skyrim vr,GAME_OR_UNKNOWN,PHYSICAL_PUBLISHER_OR_DISTRIBUTOR,publisher,Bethesda Softworks,bethesda-softworks,Bethesda Softworks,EXACT_NAME_OR_ALIAS,Bethesda Softworks,RETAIN,HIGH,NO,EXACT_PHYSICAL_EDITION,2,PRICECHARTING_EXACT_PAL_PAGE | REGIONATLAS_LEGACY_PRICECHARTING_CREDIT,B_EXACT_PHYSICAL | B_LEGACY_EXACT_PHYSICAL,https://www.pricecharting.com/game/pal-playstation-4/elder-scrolls-v-skyrim-vr,La ficha exacta de la edición física PAL etiqueta a esta compañía como Publisher; puede representar publicación o distribución física. | El crédito actual procede de la importación histórica de la ficha física enlazada; se contrasta con la consulta en vivo.,Confirmar si la etiqueta Publisher representa publicación o distribución en la caja PAL.,CUSA_TITLE_CONFLICT,CUSA08933_00,
ps4-endling-extinction-is-forever,Endling: Extinction is Forever,PAL España,standard,endling extinction is forever,endling extinction is forever,GAME_OR_UNKNOWN,DEVELOPER,developer,Herobeat Studios,herobeat-studios,Herobeat Studios,EXACT_NAME_OR_ALIAS,Herobeat Studios,RETAIN,HIGH,NO,EXACT_PHYSICAL_EDITION | GAME_WORK,4,PRICECHARTING_EXACT_PAL_PAGE | REGIONATLAS_LEGACY_PRICECHARTING_CREDIT | STEAM_STORE | WIKIDATA,B_EXACT_PHYSICAL | B_LEGACY_EXACT_PHYSICAL | B_OTHER_PLATFORM | C_DISCOVERY,https://www.pricecharting.com/game/pal-playstation-4/endling-extinction-is-forever | https://store.steampowered.com/app/898890 | https://www.wikidata.org/wiki/Q113098534,"La ficha enlazada de la edición física PAL atribuye el desarrollo a esta compañía. | El crédito actual procede de la importación histórica de la ficha física enlazada; se contrasta con la consulta en vivo. | La ficha comercial de Steam confirma la desarrolladora de la obra, no necesariamente el port de PS4. | Wikidata registra la compañía como desarrolladora.",No propagar a ports o compilaciones sin comprobar sus créditos propios.,CUSA_TITLE_CONFLICT,CUSA24524_00,CUSA24524_00
ps4-f1-manager-22,F1 Manager 22,PAL España,standard,f1 manager 22,f1 manager 22,GAME_OR_UNKNOWN,PHYSICAL_PUBLISHER_OR_DISTRIBUTOR,publisher,Frontier Developments,frontier-developments,Frontier Developments,EXACT_NAME_OR_ALIAS,Frontier Developments,RETAIN,HIGH,NO,EXACT_PHYSICAL_EDITION,2,PRICECHARTING_EXACT_PAL_PAGE | REGIONATLAS_LEGACY_PRICECHARTING_CREDIT,B_EXACT_PHYSICAL | B_LEGACY_EXACT_PHYSICAL,https://www.pricecharting.com/game/pal-playstation-4/f1-manager-22,La ficha exacta de la edición física PAL etiqueta a esta compañía como Publisher; puede representar publicación o distribución física. | El crédito actual procede de la importación histórica de la ficha física enlazada; se contrasta con la consulta en vivo.,Confirmar si la etiqueta Publisher representa publicación o distribución en la caja PAL.,CUSA_TITLE_CONFLICT,CUSA31704_00,
ps4-fallout-76-tricentennial-edition,Fallout 76 Tricentennial Edition,PAL España,standard,fallout 76 tricentennial edition,fallout 76 tricentennial edition,GAME_OR_UNKNOWN,PHYSICAL_PUBLISHER_OR_DISTRIBUTOR,publisher,Bethesda Softworks,bethesda-softworks,Bethesda Softworks,EXACT_NAME_OR_ALIAS,Bethesda Softworks,RETAIN,HIGH,NO,EXACT_PHYSICAL_EDITION,1,PRICECHARTING_EXACT_PAL_PAGE,B_EXACT_PHYSICAL,https://www.pricecharting.com/game/pal-playstation-4/fallout-76-tricentennial-edition,La ficha exacta de la edición física PAL etiqueta a esta compañía como Publisher; puede representar publicación o distribución física.,Confirmar si la etiqueta Publisher representa publicación o distribución en la caja PAL.,CUSA_TITLE_CONFLICT,CUSA12054_00,CUSA12054_00
ps4-flipping-death,Flipping Death,PAL España,standard,flipping death,flipping death,GAME_OR_UNKNOWN,DEVELOPER,developer,Zoink!,zoink,Zoink! | Zoink,EXACT_NAME_OR_ALIAS,Zoink!,RETAIN,HIGH,NO,EXACT_PHYSICAL_EDITION | GAME_WORK_OR_PS4_RELEASE,2,REGIONATLAS_LEGACY_PRICECHARTING_CREDIT | WIKIPEDIA_PS4_LIST,B_LEGACY_EXACT_PHYSICAL | B_PS4_RELEASE,https://www.pricecharting.com/game/pal-playstation-4/flipping-death | https://en.wikipedia.org/wiki/List_of_PlayStation_4_games_(A%E2%80%93L),El crédito actual procede de la importación histórica de la ficha física enlazada; se contrasta con la consulta en vivo. | La lista específica de PS4 atribuye el desarrollo a esta compañía.,No propagar a ports o compilaciones sin comprobar sus créditos propios.,CUSA_STRONG_TITLE_REVIEW,CUSA10799_00,
ps4-frostpunk-console-edition,Frostpunk: Console Edition,PAL España,standard,frostpunk console edition,frostpunk,GAME_OR_UNKNOWN,PHYSICAL_PUBLISHER_OR_DISTRIBUTOR,publisher,Merge Games,merge-games,Merge Games,EXACT_NAME_OR_ALIAS,Merge Games,RETAIN,HIGH,NO,EXACT_PHYSICAL_EDITION,2,PRICECHARTING_EXACT_PAL_PAGE | REGIONATLAS_LEGACY_PRICECHARTING_CREDIT,B_EXACT_PHYSICAL | B_LEGACY_EXACT_PHYSICAL,https://www.pricecharting.com/game/pal-playstation-4/frostpunk-console-edition,La ficha exacta de la edición física PAL etiqueta a esta compañía como Publisher; puede representar publicación o distribución física. | El crédito actual procede de la importación histórica de la ficha física enlazada; se contrasta con la consulta en vivo.,Confirmar si la etiqueta Publisher representa publicación o distribución en la caja PAL.,CUSA_TITLE_CONFLICT,CUSA15690_00,CUSA15690_00
ps4-ganryu-2-hakuma-kojiro,Ganryu 2: Hakuma Kojiro,PAL España,standard,ganryu 2 hakuma kojiro,ganryu 2 hakuma kojiro,GAME_OR_UNKNOWN,PHYSICAL_PUBLISHER_OR_DISTRIBUTOR,publisher,Just For Games SAS,just-for-games,Just For Games SAS,EXACT_NAME_OR_ALIAS,Just For Games SAS,RETAIN,HIGH,NO,EXACT_PHYSICAL_EDITION,2,PRICECHARTING_EXACT_PAL_PAGE | REGIONATLAS_LEGACY_PRICECHARTING_CREDIT,B_EXACT_PHYSICAL | B_LEGACY_EXACT_PHYSICAL,https://www.pricecharting.com/game/pal-playstation-4/ganryu-2-hakuma-kojiro,La ficha exacta de la edición física PAL etiqueta a esta compañía como Publisher; puede representar publicación o distribución física. | El crédito actual procede de la importación histórica de la ficha física enlazada; se contrasta con la consulta en vivo.,Confirmar si la etiqueta Publisher representa publicación o distribución en la caja PAL.,CUSA_TITLE_CONFLICT,CUSA32758_00,CUSA32758_00
ps4-hack-gu-last-recode,.hack GU Last Recode,PAL España,standard,hack gu last recode,hack gu last recode,GAME_OR_UNKNOWN,PHYSICAL_PUBLISHER_OR_DISTRIBUTOR,publisher,Bandai Namco Entertainment Europe S.A.S.,bandai-namco-entertainment-europe-s-a-s,Bandai Namco Entertainment Europe S.A.S.,EXACT_NAME_OR_ALIAS,Namco Bandai Games,REPLACE_OR_ADD_REVIEW,HIGH,NO,EXACT_PHYSICAL_EDITION,1,PRICECHARTING_EXACT_PAL_PAGE,B_EXACT_PHYSICAL,https://www.pricecharting.com/game/pal-playstation-4/hack-gu-last-recode,La ficha exacta de la edición física PAL etiqueta a esta compañía como Publisher; puede representar publicación o distribución física.,Confirmar si la etiqueta Publisher representa publicación o distribución en la caja PAL.,CUSA_STRONG_TITLE_REVIEW,CUSA07691_00,CUSA07691_00
ps4-hellmut-the-badass-from-hell,Hellmut: The Badass From Hell,PAL España,standard,hellmut the badass from hell,hellmut the badass from hell,GAME_OR_UNKNOWN,DEVELOPER,developer,Volcanicc,volcanicc,Volcanicc,EXACT_NAME_OR_ALIAS,Volcanicc,RETAIN,HIGH,NO,EXACT_PHYSICAL_EDITION | GAME_WORK,3,PRICECHARTING_EXACT_PAL_PAGE | REGIONATLAS_LEGACY_PRICECHARTING_CREDIT | STEAM_STORE,B_EXACT_PHYSICAL | B_LEGACY_EXACT_PHYSICAL | B_OTHER_PLATFORM,https://www.pricecharting.com/game/pal-playstation-4/hellmut-the-badass-from-hell | https://store.steampowered.com/app/705620,"La ficha enlazada de la edición física PAL atribuye el desarrollo a esta compañía. | El crédito actual procede de la importación histórica de la ficha física enlazada; se contrasta con la consulta en vivo. | La ficha comercial de Steam confirma la desarrolladora de la obra, no necesariamente el port de PS4.",No propagar a ports o compilaciones sin comprobar sus créditos propios.,CUSA_TITLE_CONFLICT,CUSA14942_00,CUSA14942_00
ps4-hitman-2,Hitman 2,PAL España,standard,hitman 2,hitman 2,GAME_OR_UNKNOWN,DEVELOPER,developer,IO Interactive,io-interactive,IO Interactive | Io-Interactive,EXACT_NAME_OR_ALIAS,IO Interactive,RETAIN,HIGH,NO,EXACT_PHYSICAL_EDITION | GAME_WORK_OR_PS4_RELEASE | PS4_RELEASE,4,LAUNCHBOX_GAMES_DB | PRICECHARTING_EXACT_PAL_PAGE | REGIONATLAS_LEGACY_PRICECHARTING_CREDIT | WIKIPEDIA_PS4_LIST,B_EXACT_PHYSICAL | B_LEGACY_EXACT_PHYSICAL | B_PS4_RELEASE | C_DISCOVERY,https://www.pricecharting.com/game/pal-playstation-4/hitman-2 | https://en.wikipedia.org/wiki/List_of_PlayStation_4_games_(A%E2%80%93L) | https://gamesdb.launchbox-app.com/games/details/211616,La ficha enlazada de la edición física PAL atribuye el desarrollo a esta compañía. | El crédito actual procede de la importación histórica de la ficha física enlazada; se contrasta con la consulta en vivo. | La lista específica de PS4 atribuye el desarrollo a esta compañía. | LaunchBox registra esta desarrolladora para su ficha de PS4.,No propagar a ports o compilaciones sin comprobar sus créditos propios.,CUSA_TITLE_CONFLICT,CUSA10514_00,
ps4-hitman-2,Hitman 2,PAL España,standard,hitman 2,hitman 2,GAME_OR_UNKNOWN,PHYSICAL_PUBLISHER_OR_DISTRIBUTOR,publisher,Warner Bros. Interactive Entertainment,warner-bros-interactive-entertainment,Warner Bros. Interactive Entertainment,EXACT_NAME_OR_ALIAS,Warner Bros. Interactive Entertainment,RETAIN,HIGH,NO,EXACT_PHYSICAL_EDITION,2,PRICECHARTING_EXACT_PAL_PAGE | REGIONATLAS_LEGACY_PRICECHARTING_CREDIT,B_EXACT_PHYSICAL | B_LEGACY_EXACT_PHYSICAL,https://www.pricecharting.com/game/pal-playstation-4/hitman-2,La ficha exacta de la edición física PAL etiqueta a esta compañía como Publisher; puede representar publicación o distribución física. | El crédito actual procede de la importación histórica de la ficha física enlazada; se contrasta con la consulta en vivo.,Confirmar si la etiqueta Publisher representa publicación o distribución en la caja PAL.,CUSA_TITLE_CONFLICT,CUSA10514_00,
ps4-horse-club-adventures,Horse Club Adventures,PAL España,standard,horse club adventures,horse club adventures,GAME_OR_UNKNOWN,DEVELOPER,developer,Wild River Games,wild-river-games,Wild River Games | Wild River Games GmbH,EXACT_NAME_OR_ALIAS,Wild River Games,RETAIN,HIGH,NO,EXACT_PHYSICAL_EDITION | GAME_WORK,2,REGIONATLAS_LEGACY_PRICECHARTING_CREDIT | STEAM_STORE,B_LEGACY_EXACT_PHYSICAL | B_OTHER_PLATFORM,https://www.pricecharting.com/game/pal-playstation-4/horse-club-adventures | https://store.steampowered.com/app/1518820,"El crédito actual procede de la importación histórica de la ficha física enlazada; se contrasta con la consulta en vivo. | La ficha comercial de Steam confirma la desarrolladora de la obra, no necesariamente el port de PS4.",No propagar a ports o compilaciones sin comprobar sus créditos propios.,CUSA_TITLE_CONFLICT,CUSA20580_00,
ps4-i-ai,"I, AI",PAL España,standard,i ai,i ai,GAME_OR_UNKNOWN,DEVELOPER,developer,Satur Entertainment,satur-entertainment,Satur Entertainment,EXACT_NAME_OR_ALIAS,Satur Entertainment,RETAIN,HIGH,NO,EXACT_PHYSICAL_EDITION | GAME_WORK | GAME_WORK_OR_PS4_RELEASE | PS4_RELEASE,5,LAUNCHBOX_GAMES_DB | REGIONATLAS_LEGACY_PRICECHARTING_CREDIT | STEAM_STORE | WIKIDATA | WIKIPEDIA_PS4_LIST,B_LEGACY_EXACT_PHYSICAL | B_OTHER_PLATFORM | B_PS4_RELEASE | C_DISCOVERY,https://www.pricecharting.com/game/pal-playstation-4/i-ai | https://en.wikipedia.org/wiki/List_of_PlayStation_4_games_(A%E2%80%93L) | https://store.steampowered.com/app/1298670 | https://www.wikidata.org/wiki/Q116678029 | https://gamesdb.launchbox-app.com/games/details/476395,"El crédito actual procede de la importación histórica de la ficha física enlazada; se contrasta con la consulta en vivo. | La lista específica de PS4 atribuye el desarrollo a esta compañía. | La ficha comercial de Steam confirma la desarrolladora de la obra, no necesariamente el port de PS4. | Wikidata registra la compañía como desarrolladora. | LaunchBox registra esta desarrolladora para su ficha de PS4.",No propagar a ports o compilaciones sin comprobar sus créditos propios.,MODEL_CONFLICT,CUSA23514_00,CUSA23515_00
ps4-immortal-redneck,Immortal Redneck,PAL España,standard,immortal redneck,immortal redneck,GAME_OR_UNKNOWN,PHYSICAL_PUBLISHER_OR_DISTRIBUTOR,publisher,Strictly Limited Games,strictly-limited-games,Strictly Limited Games,EXACT_NAME_OR_ALIAS,Strictly Limited Games,RETAIN,HIGH,NO,EXACT_PHYSICAL_EDITION,2,PRICECHARTING_EXACT_PAL_PAGE | REGIONATLAS_LEGACY_PRICECHARTING_CREDIT,B_EXACT_PHYSICAL | B_LEGACY_EXACT_PHYSICAL,https://www.pricecharting.com/game/pal-playstation-4/immortal-redneck,La ficha exacta de la edición física PAL etiqueta a esta compañía como Publisher; puede representar publicación o distribución física. | El crédito actual procede de la importación histórica de la ficha física enlazada; se contrasta con la consulta en vivo.,Confirmar si la etiqueta Publisher representa publicación o distribución en la caja PAL.,CUSA_STRONG_TITLE_REVIEW,CUSA07811_00,
ps4-iro-hero,Iro Hero,PAL España,standard,iro hero,iro hero,GAME_OR_UNKNOWN,DEVELOPER,developer,Artax Games,artax-games,Artax Games,EXACT_NAME_OR_ALIAS,Artax Games,RETAIN,HIGH,NO,EXACT_PHYSICAL_EDITION | GAME_WORK,2,REGIONATLAS_LEGACY_PRICECHARTING_CREDIT | STEAM_STORE,B_LEGACY_EXACT_PHYSICAL | B_OTHER_PLATFORM,https://www.pricecharting.com/game/pal-playstation-4/iro-hero | https://store.steampowered.com/app/709750,"El crédito actual procede de la importación histórica de la ficha física enlazada; se contrasta con la consulta en vivo. | La ficha comercial de Steam confirma la desarrolladora de la obra, no necesariamente el port de PS4.",No propagar a ports o compilaciones sin comprobar sus créditos propios.,MODEL_CONFLICT,CUSA17516_00,CUSA17524_00
ps4-jackquest-the-tale-of-the-sword,JackQuest: The Tale of the Sword,PAL España,standard,jackquest the tale of the sword,jackquest the tale of the sword,GAME_OR_UNKNOWN,PHYSICAL_PUBLISHER_OR_DISTRIBUTOR,publisher,Red Art Games,red-art-games,Red Art Games,EXACT_NAME_OR_ALIAS,Red Art Games,RETAIN,HIGH,NO,EXACT_PHYSICAL_EDITION,2,PRICECHARTING_EXACT_PAL_PAGE | REGIONATLAS_LEGACY_PRICECHARTING_CREDIT,B_EXACT_PHYSICAL | B_LEGACY_EXACT_PHYSICAL,https://www.pricecharting.com/game/pal-playstation-4/jackquest-the-tale-of-the-sword,La ficha exacta de la edición física PAL etiqueta a esta compañía como Publisher; puede representar publicación o distribución física. | El crédito actual procede de la importación histórica de la ficha física enlazada; se contrasta con la consulta en vivo.,Confirmar si la etiqueta Publisher representa publicación o distribución en la caja PAL.,CUSA_TITLE_CONFLICT,CUSA14231_00,
ps4-king-of-fighters-xiv,King of Fighters XIV,PAL España,standard,king of fighters xiv,king of fighters xiv,GAME_OR_UNKNOWN,PHYSICAL_PUBLISHER_OR_DISTRIBUTOR,publisher,Deep SIlver,deep-silver,Deep Silver,EXACT_NAME_OR_ALIAS,Deep Silver,RETAIN,HIGH,NO,EXACT_PHYSICAL_EDITION,1,PRICECHARTING_EXACT_PAL_PAGE,B_EXACT_PHYSICAL,https://www.pricecharting.com/game/pal-playstation-4/king-of-fighters-xiv,La ficha exacta de la edición física PAL etiqueta a esta compañía como Publisher; puede representar publicación o distribución física.,Confirmar si la etiqueta Publisher representa publicación o distribución en la caja PAL.,CUSA_TITLE_CONFLICT,CUSA05461_00,CUSA05461_00
ps4-kotodama-7-mysteries-of-fujisawa,Kotodama: 7 Mysteries of Fujisawa,PAL España,standard,kotodama 7 mysteries of fujisawa,kotodama 7 mysteries of fujisawa,GAME_OR_UNKNOWN,PHYSICAL_PUBLISHER_OR_DISTRIBUTOR,publisher,PQube Ltd.,pqube,PQube,EXACT_NAME_OR_ALIAS,PQube,RETAIN,HIGH,NO,EXACT_PHYSICAL_EDITION,2,PRICECHARTING_EXACT_PAL_PAGE | REGIONATLAS_LEGACY_PRICECHARTING_CREDIT,B_EXACT_PHYSICAL | B_LEGACY_EXACT_PHYSICAL,https://www.pricecharting.com/game/pal-playstation-4/kotodama-7-mysteries-of-fujisawa,La ficha exacta de la edición física PAL etiqueta a esta compañía como Publisher; puede representar publicación o distribución física. | El crédito actual procede de la importación histórica de la ficha física enlazada; se contrasta con la consulta en vivo.,Confirmar si la etiqueta Publisher representa publicación o distribución en la caja PAL.,CUSA_TITLE_CONFLICT,CUSA15305_00,CUSA15305_00
ps4-kowloon-high-school-chronicle,Kowloon High-School Chronicle,PAL España,standard,kowloon high school chronicle,kowloon high school chronicle,GAME_OR_UNKNOWN,DEVELOPER,developer,ToyBox inc.,toybox-inc,Toybox | TOYBOX,EXACT_NAME_OR_ALIAS,"Shout! Design Works, Toybox",REPLACE_OR_ADD_REVIEW,HIGH,NO,EXACT_PHYSICAL_EDITION | GAME_WORK,3,PRICECHARTING_EXACT_PAL_PAGE | REGIONATLAS_LEGACY_PRICECHARTING_CREDIT | STEAM_STORE,B_EXACT_PHYSICAL | B_LEGACY_EXACT_PHYSICAL | B_OTHER_PLATFORM,https://www.pricecharting.com/game/pal-playstation-4/kowloon-high-school-chronicle | https://store.steampowered.com/app/1053390,"La ficha enlazada de la edición física PAL atribuye el desarrollo a esta compañía. | El crédito actual procede de la importación histórica de la ficha física enlazada; se contrasta con la consulta en vivo. | La ficha comercial de Steam confirma la desarrolladora de la obra, no necesariamente el port de PS4.",No propagar a ports o compilaciones sin comprobar sus créditos propios.,CUSA_STRONG_TITLE_REVIEW,CUSA27034_00,CUSA27034_00
ps4-kowloon-high-school-chronicle,Kowloon High-School Chronicle,PAL España,standard,kowloon high school chronicle,kowloon high school chronicle,GAME_OR_UNKNOWN,PHYSICAL_PUBLISHER_OR_DISTRIBUTOR,publisher,PQube Ltd.,pqube,PQube,EXACT_NAME_OR_ALIAS,PQube,RETAIN,HIGH,NO,EXACT_PHYSICAL_EDITION,2,PRICECHARTING_EXACT_PAL_PAGE | REGIONATLAS_LEGACY_PRICECHARTING_CREDIT,B_EXACT_PHYSICAL | B_LEGACY_EXACT_PHYSICAL,https://www.pricecharting.com/game/pal-playstation-4/kowloon-high-school-chronicle,La ficha exacta de la edición física PAL etiqueta a esta compañía como Publisher; puede representar publicación o distribución física. | El crédito actual procede de la importación histórica de la ficha física enlazada; se contrasta con la consulta en vivo.,Confirmar si la etiqueta Publisher representa publicación o distribución en la caja PAL.,CUSA_STRONG_TITLE_REVIEW,CUSA27034_00,CUSA27034_00
ps4-lacuna,Lacuna,PAL España,standard,lacuna,lacuna,GAME_OR_UNKNOWN,PHYSICAL_PUBLISHER_OR_DISTRIBUTOR,publisher,Red Art Games,red-art-games,Red Art Games,EXACT_NAME_OR_ALIAS,Red Art Games,RETAIN,HIGH,NO,EXACT_PHYSICAL_EDITION,2,PRICECHARTING_EXACT_PAL_PAGE | REGIONATLAS_LEGACY_PRICECHARTING_CREDIT,B_EXACT_PHYSICAL | B_LEGACY_EXACT_PHYSICAL,https://www.pricecharting.com/game/pal-playstation-4/lacuna,La ficha exacta de la edición física PAL etiqueta a esta compañía como Publisher; puede representar publicación o distribución física. | El crédito actual procede de la importación histórica de la ficha física enlazada; se contrasta con la consulta en vivo.,Confirmar si la etiqueta Publisher representa publicación o distribución en la caja PAL.,CUSA_TITLE_CONFLICT,CUSA29933_00,CUSA29933_00
ps4-le-tour-de-france-2016,Le Tour de France 2016,PAL España,standard,le tour de france 2016,le tour de france 2016,GAME_OR_UNKNOWN,PHYSICAL_PUBLISHER_OR_DISTRIBUTOR,publisher,Focus Home Interactive,focus-home-interactive,Focus Home Interactive,EXACT_NAME_OR_ALIAS,Focus Home Interactive,RETAIN,HIGH,NO,EXACT_PHYSICAL_EDITION,2,PRICECHARTING_EXACT_PAL_PAGE | REGIONATLAS_LEGACY_PRICECHARTING_CREDIT,B_EXACT_PHYSICAL | B_LEGACY_EXACT_PHYSICAL,https://www.pricecharting.com/game/pal-playstation-4/le-tour-de-france-2016,La ficha exacta de la edición física PAL etiqueta a esta compañía como Publisher; puede representar publicación o distribución física. | El crédito actual procede de la importación histórica de la ficha física enlazada; se contrasta con la consulta en vivo.,Confirmar si la etiqueta Publisher representa publicación o distribución en la caja PAL.,CUSA_TITLE_CONFLICT,CUSA04251_00,CUSA04251_00
ps4-lego-ninjago-movie,LEGO Ninjago Movie,PAL España,standard,lego ninjago movie,lego ninjago movie,GAME_OR_UNKNOWN,PHYSICAL_PUBLISHER_OR_DISTRIBUTOR,publisher,Warner Bros. Interactive Entertainment,warner-bros-interactive-entertainment,Warner Bros Interactive Entertainment,EXACT_NAME_OR_ALIAS,WB Games,REPLACE_OR_ADD_REVIEW,HIGH,NO,EXACT_PHYSICAL_EDITION,1,PRICECHARTING_EXACT_PAL_PAGE,B_EXACT_PHYSICAL,https://www.pricecharting.com/game/pal-playstation-4/lego-ninjago-movie,La ficha exacta de la edición física PAL etiqueta a esta compañía como Publisher; puede representar publicación o distribución física.,Confirmar si la etiqueta Publisher representa publicación o distribución en la caja PAL.,CUSA_TITLE_CONFLICT,CUSA07744_00,CUSA07744_00
ps4-mafia-iii,Mafia III,PAL España,standard,mafia iii,mafia iii,GAME_OR_UNKNOWN,DEVELOPER,developer,Hangar 13,hangar-13,Hangar 13,EXACT_NAME_OR_ALIAS,Hangar 13,RETAIN,HIGH,NO,EXACT_PHYSICAL_EDITION | GAME_WORK_OR_PS4_RELEASE | PS4_RELEASE,4,LAUNCHBOX_GAMES_DB | PRICECHARTING_EXACT_PAL_PAGE | REGIONATLAS_LEGACY_PRICECHARTING_CREDIT | WIKIPEDIA_PS4_LIST,B_EXACT_PHYSICAL | B_LEGACY_EXACT_PHYSICAL | B_PS4_RELEASE | C_DISCOVERY,https://www.pricecharting.com/game/pal-playstation-4/mafia-iii | https://en.wikipedia.org/wiki/List_of_PlayStation_4_games_(M%E2%80%93Z) | https://gamesdb.launchbox-app.com/games/details/141385,La ficha enlazada de la edición física PAL atribuye el desarrollo a esta compañía. | El crédito actual procede de la importación histórica de la ficha física enlazada; se contrasta con la consulta en vivo. | La lista específica de PS4 atribuye el desarrollo a esta compañía. | LaunchBox registra esta desarrolladora para su ficha de PS4.,No propagar a ports o compilaciones sin comprobar sus créditos propios.,CUSA_TITLE_CONFLICT,CUSA03617_00,CUSA03617_00
ps4-mafia-iii,Mafia III,PAL España,standard,mafia iii,mafia iii,GAME_OR_UNKNOWN,PHYSICAL_PUBLISHER_OR_DISTRIBUTOR,publisher,2K Games,2k-games,2K Games,EXACT_NAME_OR_ALIAS,2K Games,RETAIN,HIGH,NO,EXACT_PHYSICAL_EDITION,2,PRICECHARTING_EXACT_PAL_PAGE | REGIONATLAS_LEGACY_PRICECHARTING_CREDIT,B_EXACT_PHYSICAL | B_LEGACY_EXACT_PHYSICAL,https://www.pricecharting.com/game/pal-playstation-4/mafia-iii,La ficha exacta de la edición física PAL etiqueta a esta compañía como Publisher; puede representar publicación o distribución física. | El crédito actual procede de la importación histórica de la ficha física enlazada; se contrasta con la consulta en vivo.,Confirmar si la etiqueta Publisher representa publicación o distribución en la caja PAL.,CUSA_TITLE_CONFLICT,CUSA03617_00,CUSA03617_00
ps4-marvel-spiderman,Marvel Spiderman,PAL España,standard,marvel spiderman,marvel spiderman,GAME_OR_UNKNOWN,PHYSICAL_PUBLISHER_OR_DISTRIBUTOR,publisher,Sony Interactive Entertainment,sony-interactive-entertainment,Sony Interactive Entertainment,EXACT_NAME_OR_ALIAS,Sony Interactive Entertainment,RETAIN,HIGH,NO,EXACT_PHYSICAL_EDITION,1,PRICECHARTING_EXACT_PAL_PAGE,B_EXACT_PHYSICAL,https://www.pricecharting.com/game/pal-playstation-4/marvel-spiderman,La ficha exacta de la edición física PAL etiqueta a esta compañía como Publisher; puede representar publicación o distribución física.,Confirmar si la etiqueta Publisher representa publicación o distribución en la caja PAL.,CUSA_TITLE_CONFLICT,CUSA11993_00,CUSA11993_00
ps4-might-&amp;-magic-clash-of-heroes-definitive-edition,Might & Magic: Clash Of Heroes: Definitive Edition,PAL España,standard,might and magic clash of heroes definitive edition,might and magic clash of heroes,EDITION_VARIANT,PHYSICAL_PUBLISHER_OR_DISTRIBUTOR,publisher,Clear River Games,clear-river-games,Clear River Games,EXACT_NAME_OR_ALIAS,,ADD_MISSING,HIGH,NO,EXACT_PHYSICAL_EDITION,1,PRICECHARTING_EXACT_PAL_PAGE,B_EXACT_PHYSICAL,https://www.pricecharting.com/game/pal-playstation-4/might-&-magic-clash-of-heroes-definitive-edition,La ficha exacta de la edición física PAL etiqueta a esta compañía como Publisher; puede representar publicación o distribución física.,Confirmar si la etiqueta Publisher representa publicación o distribución en la caja PAL.,CUSA_TITLE_CONFLICT,CUSA32393_00,CUSA32393_00
ps4-nba-2k-playgrounds-2,NBA 2K Playgrounds 2,PAL España,standard,nba 2k playgrounds 2,nba 2k playgrounds 2,GAME_OR_UNKNOWN,DEVELOPER,developer,Saber Interactive Inc,saber-interactive,Saber Interactive,EXACT_NAME_OR_ALIAS,,ADD_MISSING,HIGH,NO,GAME_WORK | GAME_WORK_OR_PS4_RELEASE | PS4_RELEASE,4,LAUNCHBOX_GAMES_DB | STEAM_STORE | WIKIDATA | WIKIPEDIA_PS4_LIST,B_OTHER_PLATFORM | B_PS4_RELEASE | C_DISCOVERY,https://en.wikipedia.org/wiki/List_of_PlayStation_4_games_(M%E2%80%93Z) | https://store.steampowered.com/app/726590 | https://www.wikidata.org/wiki/Q51931730 | https://gamesdb.launchbox-app.com/games/details/207674,"La lista específica de PS4 atribuye el desarrollo a esta compañía. | La ficha comercial de Steam confirma la desarrolladora de la obra, no necesariamente el port de PS4. | Wikidata registra la compañía como desarrolladora. | LaunchBox registra esta desarrolladora para su ficha de PS4.",No propagar a ports o compilaciones sin comprobar sus créditos propios.,CUSA_TITLE_CONFLICT,CUSA10660_00,
ps4-nier-automata-collector%27s-edition,Nier Automata [Collector's Edition],PAL España,standard,nier automata,nier automata,EDITION_VARIANT,DEVELOPER,developer,PlatinumGames Inc,platinumgames,PlatinumGames | PlatinumGames Inc.,EXACT_NAME_OR_ALIAS,,ADD_MISSING,HIGH,NO,GAME_WORK | GAME_WORK_OR_PS4_RELEASE | PS4_RELEASE,3,LAUNCHBOX_GAMES_DB | STEAM_STORE | WIKIPEDIA_PS4_LIST,B_OTHER_PLATFORM | B_PS4_RELEASE | C_DISCOVERY,https://en.wikipedia.org/wiki/List_of_PlayStation_4_games_(M%E2%80%93Z) | https://store.steampowered.com/app/524220 | https://gamesdb.launchbox-app.com/games/details/35050,"La lista específica de PS4 atribuye el desarrollo a esta compañía. | La ficha comercial de Steam confirma la desarrolladora de la obra, no necesariamente el port de PS4. | LaunchBox registra esta desarrolladora para su ficha de PS4.",No propagar a ports o compilaciones sin comprobar sus créditos propios.,TITLE_CONFLICT,,
ps4-nightmare-boy,Nightmare Boy,PAL España,standard,nightmare boy,nightmare boy,GAME_OR_UNKNOWN,DEVELOPER,developer,The Vanir Project,the-vanir-project,The Vanir Project,EXACT_NAME_OR_ALIAS,The Vanir Project,RETAIN,HIGH,NO,EXACT_PHYSICAL_EDITION | GAME_WORK | GAME_WORK_OR_PS4_RELEASE,4,PRICECHARTING_EXACT_PAL_PAGE | REGIONATLAS_LEGACY_PRICECHARTING_CREDIT | STEAM_STORE | WIKIPEDIA_PS4_LIST,B_EXACT_PHYSICAL | B_LEGACY_EXACT_PHYSICAL | B_OTHER_PLATFORM | B_PS4_RELEASE,https://www.pricecharting.com/game/pal-playstation-4/nightmare-boy | https://en.wikipedia.org/wiki/List_of_PlayStation_4_games_(M%E2%80%93Z) | https://store.steampowered.com/app/597860,"La ficha enlazada de la edición física PAL atribuye el desarrollo a esta compañía. | El crédito actual procede de la importación histórica de la ficha física enlazada; se contrasta con la consulta en vivo. | La lista específica de PS4 atribuye el desarrollo a esta compañía. | La ficha comercial de Steam confirma la desarrolladora de la obra, no necesariamente el port de PS4.",No propagar a ports o compilaciones sin comprobar sus créditos propios.,CUSA_STRONG_TITLE_REVIEW,CUSA09449_00,CUSA09449_00
ps4-nightmare-boy,Nightmare Boy,PAL España,standard,nightmare boy,nightmare boy,GAME_OR_UNKNOWN,PHYSICAL_PUBLISHER_OR_DISTRIBUTOR,publisher,BadLand Games,badland-games,Badland Games,EXACT_NAME_OR_ALIAS,Badland Games,RETAIN,HIGH,NO,EXACT_PHYSICAL_EDITION | PAL_RELEASE,3,PRICECHARTING_EXACT_PAL_PAGE | REGIONATLAS_LEGACY_PRICECHARTING_CREDIT | WIKIPEDIA_PS4_LIST_PAL,B_EXACT_PHYSICAL | B_LEGACY_EXACT_PHYSICAL | B_PAL_RELEASE,https://www.pricecharting.com/game/pal-playstation-4/nightmare-boy | https://en.wikipedia.org/wiki/List_of_PlayStation_4_games_(M%E2%80%93Z),La ficha exacta de la edición física PAL etiqueta a esta compañía como Publisher; puede representar publicación o distribución física. | El crédito actual procede de la importación histórica de la ficha física enlazada; se contrasta con la consulta en vivo. | La columna PAL de la lista de PS4 atribuye la publicación a esta compañía.,Confirmar si la etiqueta Publisher representa publicación o distribución en la caja PAL.,CUSA_STRONG_TITLE_REVIEW,CUSA09449_00,CUSA09449_00
ps4-no-man%27s-sky-beyond,No Man's Sky: Beyond,PAL España,standard,no man s sky beyond,no man s sky beyond,GAME_OR_UNKNOWN,PHYSICAL_PUBLISHER_OR_DISTRIBUTOR,publisher,Hello Games Ltd.,hello-games,Hello Games,EXACT_NAME_OR_ALIAS,Hello Games,RETAIN,HIGH,NO,EXACT_PHYSICAL_EDITION,2,PRICECHARTING_EXACT_PAL_PAGE | REGIONATLAS_LEGACY_PRICECHARTING_CREDIT,B_EXACT_PHYSICAL | B_LEGACY_EXACT_PHYSICAL,https://www.pricecharting.com/game/pal-playstation-4/no-man%27s-sky-beyond,La ficha exacta de la edición física PAL etiqueta a esta compañía como Publisher; puede representar publicación o distribución física. | El crédito actual procede de la importación histórica de la ficha física enlazada; se contrasta con la consulta en vivo.,Confirmar si la etiqueta Publisher representa publicación o distribución en la caja PAL.,CUSA_TITLE_CONFLICT,CUSA03952_00,CUSA03952_00
ps4-on-the-road-truck-simulator,On the Road: Truck Simulator,PAL España,standard,on the road truck simulator,on the road truck simulator,GAME_OR_UNKNOWN,PHYSICAL_PUBLISHER_OR_DISTRIBUTOR,publisher,Aerosoft GmbH,aerosoft,Aerosoft,EXACT_NAME_OR_ALIAS,Aerosoft,RETAIN,HIGH,NO,EXACT_PHYSICAL_EDITION,2,PRICECHARTING_EXACT_PAL_PAGE | REGIONATLAS_LEGACY_PRICECHARTING_CREDIT,B_EXACT_PHYSICAL | B_LEGACY_EXACT_PHYSICAL,https://www.pricecharting.com/game/pal-playstation-4/on-the-road-truck-simulator,La ficha exacta de la edición física PAL etiqueta a esta compañía como Publisher; puede representar publicación o distribución física. | El crédito actual procede de la importación histórica de la ficha física enlazada; se contrasta con la consulta en vivo.,Confirmar si la etiqueta Publisher representa publicación o distribución en la caja PAL.,CUSA_TITLE_CONFLICT,CUSA20547_00,
ps4-one-punch-man-a-hero-nobody-knows,One Punch Man: A Hero Nobody Knows,PAL España,standard,one punch man a hero nobody knows,one punch man a hero nobody knows,GAME_OR_UNKNOWN,PHYSICAL_PUBLISHER_OR_DISTRIBUTOR,publisher,Bandai Namco Entertainment,bandai-namco-entertainment,Bandai Namco Entertainment | Bandai Namco,EXACT_NAME_OR_ALIAS,Bandai Namco Entertainment,RETAIN,HIGH,NO,EXACT_PHYSICAL_EDITION | PAL_RELEASE,2,REGIONATLAS_LEGACY_PRICECHARTING_CREDIT | WIKIPEDIA_PS4_LIST_PAL,B_LEGACY_EXACT_PHYSICAL | B_PAL_RELEASE,https://www.pricecharting.com/game/pal-playstation-4/one-punch-man-a-hero-nobody-knows | https://en.wikipedia.org/wiki/List_of_PlayStation_4_games_(M%E2%80%93Z),El crédito actual procede de la importación histórica de la ficha física enlazada; se contrasta con la consulta en vivo. | La columna PAL de la lista de PS4 atribuye la publicación a esta compañía.,Confirmar si la etiqueta Publisher representa publicación o distribución en la caja PAL.,MODEL_CONFLICT,CUSA16128_00,CUSA16264_00
ps4-paper-dolls,Paper Dolls,PAL España,standard,paper dolls,paper dolls,GAME_OR_UNKNOWN,PHYSICAL_PUBLISHER_OR_DISTRIBUTOR,publisher,Winking Entertainment Corporation,winking-entertainment,Winking Entertainment,EXACT_NAME_OR_ALIAS,Winking Entertainment,RETAIN,HIGH,NO,EXACT_PHYSICAL_EDITION,2,PRICECHARTING_EXACT_PAL_PAGE | REGIONATLAS_LEGACY_PRICECHARTING_CREDIT,B_EXACT_PHYSICAL | B_LEGACY_EXACT_PHYSICAL,https://www.pricecharting.com/game/pal-playstation-4/paper-dolls,La ficha exacta de la edición física PAL etiqueta a esta compañía como Publisher; puede representar publicación o distribución física. | El crédito actual procede de la importación histórica de la ficha física enlazada; se contrasta con la consulta en vivo.,Confirmar si la etiqueta Publisher representa publicación o distribución en la caja PAL.,CUSA_STRONG_TITLE_REVIEW,CUSA13441_00,
ps4-pathfinder-kingmaker-definitive-edition,Pathfinder: Kingmaker: Definitive Edition,PAL España,standard,pathfinder kingmaker definitive edition,pathfinder kingmaker,EDITION_VARIANT,PHYSICAL_PUBLISHER_OR_DISTRIBUTOR,publisher,Deep SIlver,deep-silver,Deep Silver,EXACT_NAME_OR_ALIAS,Deep Silver,RETAIN,HIGH,NO,EXACT_PHYSICAL_EDITION,2,PRICECHARTING_EXACT_PAL_PAGE | REGIONATLAS_LEGACY_PRICECHARTING_CREDIT,B_EXACT_PHYSICAL | B_LEGACY_EXACT_PHYSICAL,https://www.pricecharting.com/game/pal-playstation-4/pathfinder-kingmaker-definitive-edition,La ficha exacta de la edición física PAL etiqueta a esta compañía como Publisher; puede representar publicación o distribución física. | El crédito actual procede de la importación histórica de la ficha física enlazada; se contrasta con la consulta en vivo.,Confirmar si la etiqueta Publisher representa publicación o distribución en la caja PAL.,CUSA_TITLE_CONFLICT,CUSA15041_00,CUSA15041_00
ps4-pato-box,Pato Box,PAL España,standard,pato box,pato box,GAME_OR_UNKNOWN,DEVELOPER,developer,Bromio,bromio,Bromio,EXACT_NAME_OR_ALIAS,Bromio,RETAIN,HIGH,NO,EXACT_PHYSICAL_EDITION | GAME_WORK | GAME_WORK_OR_PS4_RELEASE,4,PRICECHARTING_EXACT_PAL_PAGE | REGIONATLAS_LEGACY_PRICECHARTING_CREDIT | STEAM_STORE | WIKIPEDIA_PS4_LIST,B_EXACT_PHYSICAL | B_LEGACY_EXACT_PHYSICAL | B_OTHER_PLATFORM | B_PS4_RELEASE,https://www.pricecharting.com/game/pal-playstation-4/pato-box | https://en.wikipedia.org/wiki/List_of_PlayStation_4_games_(M%E2%80%93Z) | https://store.steampowered.com/app/682080,"La ficha enlazada de la edición física PAL atribuye el desarrollo a esta compañía. | El crédito actual procede de la importación histórica de la ficha física enlazada; se contrasta con la consulta en vivo. | La lista específica de PS4 atribuye el desarrollo a esta compañía. | La ficha comercial de Steam confirma la desarrolladora de la obra, no necesariamente el port de PS4.",No propagar a ports o compilaciones sin comprobar sus créditos propios.,CUSA_TITLE_CONFLICT,CUSA13388_00,CUSA13388_00
ps4-pato-box,Pato Box,PAL España,standard,pato box,pato box,GAME_OR_UNKNOWN,PHYSICAL_PUBLISHER_OR_DISTRIBUTOR,publisher,Red Art Games,red-art-games,Red Art Games,EXACT_NAME_OR_ALIAS,Red Art Games,RETAIN,HIGH,NO,EXACT_PHYSICAL_EDITION,2,PRICECHARTING_EXACT_PAL_PAGE | REGIONATLAS_LEGACY_PRICECHARTING_CREDIT,B_EXACT_PHYSICAL | B_LEGACY_EXACT_PHYSICAL,https://www.pricecharting.com/game/pal-playstation-4/pato-box,La ficha exacta de la edición física PAL etiqueta a esta compañía como Publisher; puede representar publicación o distribución física. | El crédito actual procede de la importación histórica de la ficha física enlazada; se contrasta con la consulta en vivo.,Confirmar si la etiqueta Publisher representa publicación o distribución en la caja PAL.,CUSA_TITLE_CONFLICT,CUSA13388_00,CUSA13388_00
ps4-pillars-of-eternity-ii-deadfire,Pillars of Eternity II: Deadfire,PAL España,standard,pillars of eternity ii deadfire,pillars of eternity ii deadfire,GAME_OR_UNKNOWN,DEVELOPER,developer,Obsidian Entertainment,obsidian-entertainment,Obsidian Entertainment,EXACT_NAME_OR_ALIAS,,ADD_MISSING,HIGH,NO,GAME_WORK | GAME_WORK_OR_PS4_RELEASE,3,STEAM_STORE | WIKIDATA | WIKIPEDIA_PS4_LIST,B_OTHER_PLATFORM | B_PS4_RELEASE | C_DISCOVERY,https://en.wikipedia.org/wiki/List_of_PlayStation_4_games_(M%E2%80%93Z) | https://store.steampowered.com/app/560130 | https://www.wikidata.org/wiki/Q28871558,"La lista específica de PS4 atribuye el desarrollo a esta compañía. | La ficha comercial de Steam confirma la desarrolladora de la obra, no necesariamente el port de PS4. | Wikidata registra la compañía como desarrolladora.",No propagar a ports o compilaciones sin comprobar sus créditos propios.,CUSA_STRONG_TITLE_REVIEW,CUSA13480_00,
ps4-pocket-bravery,Pocket Bravery,PAL España,standard,pocket bravery,pocket bravery,GAME_OR_UNKNOWN,DEVELOPER,developer,Statera Studio,statera-studio,Statera Studio,EXACT_NAME_OR_ALIAS,Statera Studio,RETAIN,HIGH,NO,EXACT_PHYSICAL_EDITION | GAME_WORK | PS4_RELEASE,4,LAUNCHBOX_GAMES_DB | REGIONATLAS_LEGACY_PRICECHARTING_CREDIT | STEAM_STORE | WIKIDATA,B_LEGACY_EXACT_PHYSICAL | B_OTHER_PLATFORM | C_DISCOVERY,https://www.pricecharting.com/game/pal-playstation-4/pocket-bravery | https://store.steampowered.com/app/1555150 | https://www.wikidata.org/wiki/Q123109173 | https://gamesdb.launchbox-app.com/games/details/476635,"El crédito actual procede de la importación histórica de la ficha física enlazada; se contrasta con la consulta en vivo. | La ficha comercial de Steam confirma la desarrolladora de la obra, no necesariamente el port de PS4. | Wikidata registra la compañía como desarrolladora. | LaunchBox registra esta desarrolladora para su ficha de PS4.",No propagar a ports o compilaciones sin comprobar sus créditos propios.,CUSA_TITLE_CONFLICT,CUSA41698_00,
ps4-projection-first-light,Projection: First Light,PAL España,standard,projection first light,projection first light,GAME_OR_UNKNOWN,PHYSICAL_PUBLISHER_OR_DISTRIBUTOR,publisher,Red Art Games,red-art-games,Red Art Games,EXACT_NAME_OR_ALIAS,Red Art Games,RETAIN,HIGH,NO,EXACT_PHYSICAL_EDITION,2,PRICECHARTING_EXACT_PAL_PAGE | REGIONATLAS_LEGACY_PRICECHARTING_CREDIT,B_EXACT_PHYSICAL | B_LEGACY_EXACT_PHYSICAL,https://www.pricecharting.com/game/pal-playstation-4/projection-first-light,La ficha exacta de la edición física PAL etiqueta a esta compañía como Publisher; puede representar publicación o distribución física. | El crédito actual procede de la importación histórica de la ficha física enlazada; se contrasta con la consulta en vivo.,Confirmar si la etiqueta Publisher representa publicación o distribución en la caja PAL.,CUSA_TITLE_CONFLICT,CUSA24252_00,
ps4-real-farm,Real Farm,PAL España,standard,real farm,real farm,GAME_OR_UNKNOWN,DEVELOPER,developer,Triangle Studios,triangle-studios,Triangle Studios,EXACT_NAME_OR_ALIAS,"Soedesco, Triangle Studios",REPLACE_OR_ADD_REVIEW,HIGH,NO,EXACT_PHYSICAL_EDITION | GAME_WORK_OR_PS4_RELEASE | PS4_RELEASE,4,LAUNCHBOX_GAMES_DB | PRICECHARTING_EXACT_PAL_PAGE | REGIONATLAS_LEGACY_PRICECHARTING_CREDIT | WIKIPEDIA_PS4_LIST,B_EXACT_PHYSICAL | B_LEGACY_EXACT_PHYSICAL | B_PS4_RELEASE | C_DISCOVERY,https://www.pricecharting.com/game/pal-playstation-4/real-farm | https://en.wikipedia.org/wiki/List_of_PlayStation_4_games_(M%E2%80%93Z) | https://gamesdb.launchbox-app.com/games/details/473847,La ficha enlazada de la edición física PAL atribuye el desarrollo a esta compañía. | El crédito actual procede de la importación histórica de la ficha física enlazada; se contrasta con la consulta en vivo. | La lista específica de PS4 atribuye el desarrollo a esta compañía. | LaunchBox registra esta desarrolladora para su ficha de PS4.,No propagar a ports o compilaciones sin comprobar sus créditos propios.,CUSA_TITLE_CONFLICT,CUSA07966_00,
ps4-real-farm,Real Farm,PAL España,standard,real farm,real farm,GAME_OR_UNKNOWN,PHYSICAL_PUBLISHER_OR_DISTRIBUTOR,publisher,Soedesco,soedesco,Soedesco,EXACT_NAME_OR_ALIAS,Soedesco,RETAIN,HIGH,NO,EXACT_PHYSICAL_EDITION | PAL_RELEASE,3,PRICECHARTING_EXACT_PAL_PAGE | REGIONATLAS_LEGACY_PRICECHARTING_CREDIT | WIKIPEDIA_PS4_LIST_PAL,B_EXACT_PHYSICAL | B_LEGACY_EXACT_PHYSICAL | B_PAL_RELEASE,https://www.pricecharting.com/game/pal-playstation-4/real-farm | https://en.wikipedia.org/wiki/List_of_PlayStation_4_games_(M%E2%80%93Z),La ficha exacta de la edición física PAL etiqueta a esta compañía como Publisher; puede representar publicación o distribución física. | El crédito actual procede de la importación histórica de la ficha física enlazada; se contrasta con la consulta en vivo. | La columna PAL de la lista de PS4 atribuye la publicación a esta compañía.,Confirmar si la etiqueta Publisher representa publicación o distribución en la caja PAL.,CUSA_TITLE_CONFLICT,CUSA07966_00,
ps4-resident-evil-2,Resident Evil 2,PAL España,standard,resident evil 2,resident evil 2,GAME_OR_UNKNOWN,DEVELOPER,developer,Capcom,capcom,Capcom | CAPCOM Co Ltd.,EXACT_NAME_OR_ALIAS,Capcom,RETAIN,HIGH,NO,EXACT_PHYSICAL_EDITION | GAME_WORK | GAME_WORK_OR_PS4_RELEASE | PS4_RELEASE,4,LAUNCHBOX_GAMES_DB | REGIONATLAS_LEGACY_PRICECHARTING_CREDIT | STEAM_STORE | WIKIPEDIA_PS4_LIST,B_LEGACY_EXACT_PHYSICAL | B_OTHER_PLATFORM | B_PS4_RELEASE | C_DISCOVERY,https://www.pricecharting.com/game/pal-playstation-4/resident-evil-2 | https://en.wikipedia.org/wiki/List_of_PlayStation_4_games_(M%E2%80%93Z) | https://store.steampowered.com/app/883710 | https://gamesdb.launchbox-app.com/games/details/152940,"El crédito actual procede de la importación histórica de la ficha física enlazada; se contrasta con la consulta en vivo. | La lista específica de PS4 atribuye el desarrollo a esta compañía. | La ficha comercial de Steam confirma la desarrolladora de la obra, no necesariamente el port de PS4. | LaunchBox registra esta desarrolladora para su ficha de PS4.",No propagar a ports o compilaciones sin comprobar sus créditos propios.,MODEL_CONFLICT,CUSA33878_00,CUSA09171_00
ps4-resident-evil-5,Resident Evil 5,PAL España,standard,resident evil 5,resident evil 5,GAME_OR_UNKNOWN,DEVELOPER,developer,Capcom,capcom,Capcom,EXACT_NAME_OR_ALIAS,Capcom,RETAIN,HIGH,NO,GAME_WORK | GAME_WORK_OR_PS4_RELEASE | PS4_RELEASE,3,LAUNCHBOX_GAMES_DB | STEAM_STORE | WIKIPEDIA_PS4_LIST,B_OTHER_PLATFORM | B_PS4_RELEASE | C_DISCOVERY,https://en.wikipedia.org/wiki/List_of_PlayStation_4_games_(M%E2%80%93Z) | https://store.steampowered.com/app/21690 | https://gamesdb.launchbox-app.com/games/details/162364,"La lista específica de PS4 atribuye el desarrollo a esta compañía. | La ficha comercial de Steam confirma la desarrolladora de la obra, no necesariamente el port de PS4. | LaunchBox registra esta desarrolladora para su ficha de PS4.",No propagar a ports o compilaciones sin comprobar sus créditos propios.,CUSA_STRONG_TITLE_REVIEW,CUSA04284_00,
ps4-riot-civil-unrest,Riot Civil Unrest,PAL España,standard,riot civil unrest,riot civil unrest,GAME_OR_UNKNOWN,PHYSICAL_PUBLISHER_OR_DISTRIBUTOR,publisher,Merge Games,merge-games,Merge Games,EXACT_NAME_OR_ALIAS,Merge Games,RETAIN,HIGH,NO,EXACT_PHYSICAL_EDITION,2,PRICECHARTING_EXACT_PAL_PAGE | REGIONATLAS_LEGACY_PRICECHARTING_CREDIT,B_EXACT_PHYSICAL | B_LEGACY_EXACT_PHYSICAL,https://www.pricecharting.com/game/pal-playstation-4/riot-civil-unrest,La ficha exacta de la edición física PAL etiqueta a esta compañía como Publisher; puede representar publicación o distribución física. | El crédito actual procede de la importación histórica de la ficha física enlazada; se contrasta con la consulta en vivo.,Confirmar si la etiqueta Publisher representa publicación o distribución en la caja PAL.,CUSA_TITLE_CONFLICT,CUSA13018_00,CUSA13018_00
ps4-root-letter-last-answer-day-one-edition,Root Letter: Last Answer [Day One Edition],PAL España,standard,root letter last answer,root letter last answer,EDITION_VARIANT,PHYSICAL_PUBLISHER_OR_DISTRIBUTOR,publisher,PQube Ltd.,pqube,PQube,EXACT_NAME_OR_ALIAS,PQube,RETAIN,HIGH,NO,EXACT_PHYSICAL_EDITION,2,PRICECHARTING_EXACT_PAL_PAGE | REGIONATLAS_LEGACY_PRICECHARTING_CREDIT,B_EXACT_PHYSICAL | B_LEGACY_EXACT_PHYSICAL,https://www.pricecharting.com/game/pal-playstation-4/root-letter-last-answer-day-one-edition,La ficha exacta de la edición física PAL etiqueta a esta compañía como Publisher; puede representar publicación o distribución física. | El crédito actual procede de la importación histórica de la ficha física enlazada; se contrasta con la consulta en vivo.,Confirmar si la etiqueta Publisher representa publicación o distribución en la caja PAL.,CUSA_TITLE_CONFLICT,CUSA15629_00,CUSA15629_00
ps4-scarlet-nexus,Scarlet Nexus,PAL España,standard,scarlet nexus,scarlet nexus,GAME_OR_UNKNOWN,PHYSICAL_PUBLISHER_OR_DISTRIBUTOR,publisher,Bandai Namco Entertainment,bandai-namco-entertainment,Bandai Namco | Bandai Namco Entertainment,EXACT_NAME_OR_ALIAS,Bandai Namco,RETAIN,HIGH,NO,EXACT_PHYSICAL_EDITION | PAL_RELEASE,2,REGIONATLAS_LEGACY_PRICECHARTING_CREDIT | WIKIPEDIA_PS4_LIST_PAL,B_LEGACY_EXACT_PHYSICAL | B_PAL_RELEASE,https://www.pricecharting.com/game/pal-playstation-4/scarlet-nexus | https://en.wikipedia.org/wiki/List_of_PlayStation_4_games_(M%E2%80%93Z),El crédito actual procede de la importación histórica de la ficha física enlazada; se contrasta con la consulta en vivo. | La columna PAL de la lista de PS4 atribuye la publicación a esta compañía.,Confirmar si la etiqueta Publisher representa publicación o distribución en la caja PAL.,MODEL_CONFLICT,CUSA17727_00,CUSA25132_00
ps4-senran-kagura-estival-versus,Senran Kagura Estival Versus,PAL España,standard,senran kagura estival versus,senran kagura estival versus,GAME_OR_UNKNOWN,DEVELOPER,developer,Tamsoft Corporation,tamsoft,Tamsoft,EXACT_NAME_OR_ALIAS,Tamsoft,RETAIN,HIGH,NO,GAME_WORK | GAME_WORK_OR_PS4_RELEASE | PS4_RELEASE,4,LAUNCHBOX_GAMES_DB | STEAM_STORE | WIKIDATA | WIKIPEDIA_PS4_LIST,B_OTHER_PLATFORM | B_PS4_RELEASE | C_DISCOVERY,https://en.wikipedia.org/wiki/List_of_PlayStation_4_games_(M%E2%80%93Z) | https://store.steampowered.com/app/502800 | https://www.wikidata.org/wiki/Q20038970 | https://gamesdb.launchbox-app.com/games/details/135986,"La lista específica de PS4 atribuye el desarrollo a esta compañía. | La ficha comercial de Steam confirma la desarrolladora de la obra, no necesariamente el port de PS4. | Wikidata registra la compañía como desarrolladora. | LaunchBox registra esta desarrolladora para su ficha de PS4.",No propagar a ports o compilaciones sin comprobar sus créditos propios.,MODEL_CONFLICT,CUSA00893_00,CUSA03464_00
ps4-senran-kagura-peach-beach-splash,Senran Kagura Peach Beach Splash,PAL España,standard,senran kagura peach beach splash,senran kagura peach beach splash,GAME_OR_UNKNOWN,DEVELOPER,developer,Tamsoft Corporation,tamsoft,Tamsoft,EXACT_NAME_OR_ALIAS,Tamsoft,RETAIN,HIGH,NO,GAME_WORK | GAME_WORK_OR_PS4_RELEASE | PS4_RELEASE,4,LAUNCHBOX_GAMES_DB | STEAM_STORE | WIKIDATA | WIKIPEDIA_PS4_LIST,B_OTHER_PLATFORM | B_PS4_RELEASE | C_DISCOVERY,https://en.wikipedia.org/wiki/List_of_PlayStation_4_games_(M%E2%80%93Z) | https://store.steampowered.com/app/696170 | https://www.wikidata.org/wiki/Q28841911 | https://gamesdb.launchbox-app.com/games/details/137792,"La lista específica de PS4 atribuye el desarrollo a esta compañía. | La ficha comercial de Steam confirma la desarrolladora de la obra, no necesariamente el port de PS4. | Wikidata registra la compañía como desarrolladora. | LaunchBox registra esta desarrolladora para su ficha de PS4.",No propagar a ports o compilaciones sin comprobar sus créditos propios.,MODEL_CONFLICT,CUSA05072_00,CUSA08343_00
ps4-shadow-warrior-3-definitive-edition,Shadow Warrior 3: Definitive Edition,PAL España,standard,shadow warrior 3 definitive edition,shadow warrior 3,EDITION_VARIANT,DEVELOPER,developer,Flying Wild Hog,flying-wild-hog,Flying Wild Hog,EXACT_NAME_OR_ALIAS,Flying Wild Hog,RETAIN,HIGH,NO,EXACT_PHYSICAL_EDITION | GAME_WORK,3,PRICECHARTING_EXACT_PAL_PAGE | REGIONATLAS_LEGACY_PRICECHARTING_CREDIT | STEAM_STORE,B_EXACT_PHYSICAL | B_LEGACY_EXACT_PHYSICAL | B_OTHER_PLATFORM,https://www.pricecharting.com/game/pal-playstation-4/shadow-warrior-3-definitive-edition | https://store.steampowered.com/app/1036890,"La ficha enlazada de la edición física PAL atribuye el desarrollo a esta compañía. | El crédito actual procede de la importación histórica de la ficha física enlazada; se contrasta con la consulta en vivo. | La ficha comercial de Steam confirma la desarrolladora de la obra, no necesariamente el port de PS4.",No propagar a ports o compilaciones sin comprobar sus créditos propios.,CUSA_TITLE_CONFLICT,CUSA26358_00,CUSA26358_00
ps4-shadow-warrior-3-definitive-edition,Shadow Warrior 3: Definitive Edition,PAL España,standard,shadow warrior 3 definitive edition,shadow warrior 3,EDITION_VARIANT,PHYSICAL_PUBLISHER_OR_DISTRIBUTOR,publisher,Devolver Digital,devolver-digital,Devolver Digital,EXACT_NAME_OR_ALIAS,Devolver Digital,RETAIN,HIGH,NO,EXACT_PHYSICAL_EDITION,2,PRICECHARTING_EXACT_PAL_PAGE | REGIONATLAS_LEGACY_PRICECHARTING_CREDIT,B_EXACT_PHYSICAL | B_LEGACY_EXACT_PHYSICAL,https://www.pricecharting.com/game/pal-playstation-4/shadow-warrior-3-definitive-edition,La ficha exacta de la edición física PAL etiqueta a esta compañía como Publisher; puede representar publicación o distribución física. | El crédito actual procede de la importación histórica de la ficha física enlazada; se contrasta con la consulta en vivo.,Confirmar si la etiqueta Publisher representa publicación o distribución en la caja PAL.,CUSA_TITLE_CONFLICT,CUSA26358_00,CUSA26358_00
ps4-shovel-knight,Shovel Knight,PAL España,standard,shovel knight,shovel knight,GAME_OR_UNKNOWN,DEVELOPER,developer,Yacht Club Games,yacht-club-games,Yacht Club Games,EXACT_NAME_OR_ALIAS,Yacht Club Games,RETAIN,HIGH,NO,EXACT_PHYSICAL_EDITION | GAME_WORK_OR_PS4_RELEASE | PS4_RELEASE,3,LAUNCHBOX_GAMES_DB | REGIONATLAS_LEGACY_PRICECHARTING_CREDIT | WIKIPEDIA_PS4_LIST,B_LEGACY_EXACT_PHYSICAL | B_PS4_RELEASE | C_DISCOVERY,https://www.pricecharting.com/game/pal-playstation-4/shovel-knight | https://en.wikipedia.org/wiki/List_of_PlayStation_4_games_(M%E2%80%93Z) | https://gamesdb.launchbox-app.com/games/details/24328,El crédito actual procede de la importación histórica de la ficha física enlazada; se contrasta con la consulta en vivo. | La lista específica de PS4 atribuye el desarrollo a esta compañía. | LaunchBox registra esta desarrolladora para su ficha de PS4.,No propagar a ports o compilaciones sin comprobar sus créditos propios.,MODEL_CONFLICT,CUSA01867_00,CUSA03012_00
ps4-sifu-vengeance-edition,Sifu: Vengeance Edition,PAL España,standard,sifu vengeance edition,sifu vengeance edition,GAME_OR_UNKNOWN,PHYSICAL_PUBLISHER_OR_DISTRIBUTOR,publisher,Microids,microids,Microids,EXACT_NAME_OR_ALIAS,Microids,RETAIN,HIGH,NO,EXACT_PHYSICAL_EDITION,2,PRICECHARTING_EXACT_PAL_PAGE | REGIONATLAS_LEGACY_PRICECHARTING_CREDIT,B_EXACT_PHYSICAL | B_LEGACY_EXACT_PHYSICAL,https://www.pricecharting.com/game/pal-playstation-4/sifu-vengeance-edition,La ficha exacta de la edición física PAL etiqueta a esta compañía como Publisher; puede representar publicación o distribución física. | El crédito actual procede de la importación histórica de la ficha física enlazada; se contrasta con la consulta en vivo.,Confirmar si la etiqueta Publisher representa publicación o distribución en la caja PAL.,CUSA_TITLE_CONFLICT,CUSA25761_00,CUSA25761_00
ps4-smurfs-missao-florrorosa-smurftastic-edition,Smurfs Missao Florrorosa Smurftastic Edition,PAL España,standard,smurfs missao florrorosa smurftastic edition,smurfs missao florrorosa smurftastic edition,GAME_OR_UNKNOWN,PHYSICAL_PUBLISHER_OR_DISTRIBUTOR,publisher,Microids,microids,Microids,EXACT_NAME_OR_ALIAS,Microids,RETAIN,HIGH,NO,EXACT_PHYSICAL_EDITION,2,PRICECHARTING_EXACT_PAL_PAGE | REGIONATLAS_LEGACY_PRICECHARTING_CREDIT,B_EXACT_PHYSICAL | B_LEGACY_EXACT_PHYSICAL,https://www.pricecharting.com/game/pal-playstation-4/smurfs-missao-florrorosa-smurftastic-edition,La ficha exacta de la edición física PAL etiqueta a esta compañía como Publisher; puede representar publicación o distribución física. | El crédito actual procede de la importación histórica de la ficha física enlazada; se contrasta con la consulta en vivo.,Confirmar si la etiqueta Publisher representa publicación o distribución en la caja PAL.,CUSA_TITLE_CONFLICT,CUSA26670_00,CUSA26670_00
ps4-south-park-the-fractured-but-whole,South Park: The Fractured But Whole,PAL España,standard,south park the fractured but whole,south park the fractured but whole,GAME_OR_UNKNOWN,DEVELOPER,developer,Ubisoft San Francisco,ubisoft-san-francisco,Ubisoft San Francisco,EXACT_NAME_OR_ALIAS,,ADD_MISSING,HIGH,NO,GAME_WORK | GAME_WORK_OR_PS4_RELEASE | PS4_RELEASE,3,LAUNCHBOX_GAMES_DB | STEAM_STORE | WIKIPEDIA_PS4_LIST,B_OTHER_PLATFORM | B_PS4_RELEASE | C_DISCOVERY,https://en.wikipedia.org/wiki/List_of_PlayStation_4_games_(M%E2%80%93Z) | https://store.steampowered.com/app/488790 | https://gamesdb.launchbox-app.com/games/details/193212,"La lista específica de PS4 atribuye el desarrollo a esta compañía. | La ficha comercial de Steam confirma la desarrolladora de la obra, no necesariamente el port de PS4. | LaunchBox registra esta desarrolladora para su ficha de PS4.",No propagar a ports o compilaciones sin comprobar sus créditos propios.,MODEL_CONFLICT,CUSA04311_00,CUSA04323_00
ps4-space-hulk-deathwing-enhanced-edition,Space Hulk Deathwing Enhanced Edition,PAL España,standard,space hulk deathwing enhanced edition,space hulk deathwing,EDITION_VARIANT,DEVELOPER,developer,Streum On Studio,streum-on-studio,Streum On Studio,EXACT_NAME_OR_ALIAS,Streum On Studio,RETAIN,HIGH,NO,EXACT_PHYSICAL_EDITION | GAME_WORK | PS4_RELEASE,4,LAUNCHBOX_GAMES_DB | PRICECHARTING_EXACT_PAL_PAGE | REGIONATLAS_LEGACY_PRICECHARTING_CREDIT | STEAM_STORE,B_EXACT_PHYSICAL | B_LEGACY_EXACT_PHYSICAL | B_OTHER_PLATFORM | C_DISCOVERY,https://www.pricecharting.com/game/pal-playstation-4/space-hulk-deathwing-enhanced-edition | https://store.steampowered.com/app/816090 | https://gamesdb.launchbox-app.com/games/details/201893,"La ficha enlazada de la edición física PAL atribuye el desarrollo a esta compañía. | El crédito actual procede de la importación histórica de la ficha física enlazada; se contrasta con la consulta en vivo. | La ficha comercial de Steam confirma la desarrolladora de la obra, no necesariamente el port de PS4. | LaunchBox registra esta desarrolladora para su ficha de PS4.",No propagar a ports o compilaciones sin comprobar sus créditos propios.,CUSA_TITLE_CONFLICT,CUSA08573_00,CUSA08573_00
ps4-spirit-lucky%27s-big-adventure,Spirit: Lucky's Big Adventure,PAL España,standard,spirit lucky s big adventure,spirit lucky s big adventure,GAME_OR_UNKNOWN,PHYSICAL_PUBLISHER_OR_DISTRIBUTOR,publisher,Outright Games LTD,outright-games,Outright Games,EXACT_NAME_OR_ALIAS,Outright Games,RETAIN,HIGH,NO,EXACT_PHYSICAL_EDITION | PAL_RELEASE,3,PRICECHARTING_EXACT_PAL_PAGE | REGIONATLAS_LEGACY_PRICECHARTING_CREDIT | WIKIPEDIA_PS4_LIST_PAL,B_EXACT_PHYSICAL | B_LEGACY_EXACT_PHYSICAL | B_PAL_RELEASE,https://www.pricecharting.com/game/pal-playstation-4/spirit-lucky%27s-big-adventure | https://en.wikipedia.org/wiki/List_of_PlayStation_4_games_(M%E2%80%93Z),La ficha exacta de la edición física PAL etiqueta a esta compañía como Publisher; puede representar publicación o distribución física. | El crédito actual procede de la importación histórica de la ficha física enlazada; se contrasta con la consulta en vivo. | La columna PAL de la lista de PS4 atribuye la publicación a esta compañía.,Confirmar si la etiqueta Publisher representa publicación o distribución en la caja PAL.,CUSA_TITLE_CONFLICT,CUSA19607_00,
ps4-stardust-galaxy-warriors,Stardust Galaxy Warriors,PAL España,standard,stardust galaxy warriors,stardust galaxy warriors,GAME_OR_UNKNOWN,PHYSICAL_PUBLISHER_OR_DISTRIBUTOR,publisher,Strictly Limited Games,strictly-limited-games,Strictly Limited Games,EXACT_NAME_OR_ALIAS,Strictly Limited Games,RETAIN,HIGH,NO,EXACT_PHYSICAL_EDITION,2,PRICECHARTING_EXACT_PAL_PAGE | REGIONATLAS_LEGACY_PRICECHARTING_CREDIT,B_EXACT_PHYSICAL | B_LEGACY_EXACT_PHYSICAL,https://www.pricecharting.com/game/pal-playstation-4/stardust-galaxy-warriors,La ficha exacta de la edición física PAL etiqueta a esta compañía como Publisher; puede representar publicación o distribución física. | El crédito actual procede de la importación histórica de la ficha física enlazada; se contrasta con la consulta en vivo.,Confirmar si la etiqueta Publisher representa publicación o distribución en la caja PAL.,CUSA_TITLE_CONFLICT,CUSA05656_00,
ps4-stay,Stay,PAL España,standard,stay,stay,GAME_OR_UNKNOWN,DEVELOPER,developer,Appnormals Team,appnormals-team,Appnormals Team,EXACT_NAME_OR_ALIAS,Appnormals Team,RETAIN,HIGH,NO,EXACT_PHYSICAL_EDITION | GAME_WORK_OR_PS4_RELEASE,3,PRICECHARTING_EXACT_PAL_PAGE | REGIONATLAS_LEGACY_PRICECHARTING_CREDIT | WIKIPEDIA_PS4_LIST,B_EXACT_PHYSICAL | B_LEGACY_EXACT_PHYSICAL | B_PS4_RELEASE,https://www.pricecharting.com/game/pal-playstation-4/stay | https://en.wikipedia.org/wiki/List_of_PlayStation_4_games_(M%E2%80%93Z),La ficha enlazada de la edición física PAL atribuye el desarrollo a esta compañía. | El crédito actual procede de la importación histórica de la ficha física enlazada; se contrasta con la consulta en vivo. | La lista específica de PS4 atribuye el desarrollo a esta compañía.,No propagar a ports o compilaciones sin comprobar sus créditos propios.,CUSA_TITLE_CONFLICT,CUSA12555_00,
ps4-stay,Stay,PAL España,standard,stay,stay,GAME_OR_UNKNOWN,PHYSICAL_PUBLISHER_OR_DISTRIBUTOR,publisher,Red Art Games,red-art-games,Red Art Games,EXACT_NAME_OR_ALIAS,Red Art Games,RETAIN,HIGH,NO,EXACT_PHYSICAL_EDITION,2,PRICECHARTING_EXACT_PAL_PAGE | REGIONATLAS_LEGACY_PRICECHARTING_CREDIT,B_EXACT_PHYSICAL | B_LEGACY_EXACT_PHYSICAL,https://www.pricecharting.com/game/pal-playstation-4/stay,La ficha exacta de la edición física PAL etiqueta a esta compañía como Publisher; puede representar publicación o distribución física. | El crédito actual procede de la importación histórica de la ficha física enlazada; se contrasta con la consulta en vivo.,Confirmar si la etiqueta Publisher representa publicación o distribución en la caja PAL.,CUSA_TITLE_CONFLICT,CUSA12555_00,
ps4-stranger-of-paradise-final-fantasy-origin,Stranger Of Paradise Final Fantasy Origin,PAL España,standard,stranger of paradise final fantasy origin,stranger of paradise final fantasy origin,GAME_OR_UNKNOWN,DEVELOPER,developer,Team NINJA,team-ninja,Team Ninja,EXACT_NAME_OR_ALIAS,Team Ninja,RETAIN,HIGH,NO,EXACT_PHYSICAL_EDITION | GAME_WORK | GAME_WORK_OR_PS4_RELEASE | PS4_RELEASE,4,LAUNCHBOX_GAMES_DB | REGIONATLAS_LEGACY_PRICECHARTING_CREDIT | WIKIDATA | WIKIPEDIA_PS4_LIST,B_LEGACY_EXACT_PHYSICAL | B_PS4_RELEASE | C_DISCOVERY,https://www.pricecharting.com/game/pal-playstation-4/stranger-of-paradise-final-fantasy-origin | https://en.wikipedia.org/wiki/List_of_PlayStation_4_games_(M%E2%80%93Z) | https://www.wikidata.org/wiki/Q107216758 | https://gamesdb.launchbox-app.com/games/details/466307,El crédito actual procede de la importación histórica de la ficha física enlazada; se contrasta con la consulta en vivo. | La lista específica de PS4 atribuye el desarrollo a esta compañía. | Wikidata registra la compañía como desarrolladora. | LaunchBox registra esta desarrolladora para su ficha de PS4.,No propagar a ports o compilaciones sin comprobar sus créditos propios.,MODEL_CONFLICT,CUSA29577_00,CUSA29579_00
ps4-sublevel-zero-redux,Sublevel Zero Redux,PAL España,standard,sublevel zero redux,sublevel zero redux,GAME_OR_UNKNOWN,DEVELOPER,developer,Sigtrap,sigtrap,Sigtrap,EXACT_NAME_OR_ALIAS,Sigtrap,RETAIN,HIGH,NO,EXACT_PHYSICAL_EDITION | GAME_WORK,3,PRICECHARTING_EXACT_PAL_PAGE | REGIONATLAS_LEGACY_PRICECHARTING_CREDIT | STEAM_STORE,B_EXACT_PHYSICAL | B_LEGACY_EXACT_PHYSICAL | B_OTHER_PLATFORM,https://www.pricecharting.com/game/pal-playstation-4/sublevel-zero-redux | https://store.steampowered.com/app/327880,"La ficha enlazada de la edición física PAL atribuye el desarrollo a esta compañía. | El crédito actual procede de la importación histórica de la ficha física enlazada; se contrasta con la consulta en vivo. | La ficha comercial de Steam confirma la desarrolladora de la obra, no necesariamente el port de PS4.",No propagar a ports o compilaciones sin comprobar sus créditos propios.,CUSA_TITLE_CONFLICT,CUSA03030_00,
ps4-sublevel-zero-redux,Sublevel Zero Redux,PAL España,standard,sublevel zero redux,sublevel zero redux,GAME_OR_UNKNOWN,PHYSICAL_PUBLISHER_OR_DISTRIBUTOR,publisher,Merge Games,merge-games,Merge Games,EXACT_NAME_OR_ALIAS,Merge Games,RETAIN,HIGH,NO,EXACT_PHYSICAL_EDITION | PAL_RELEASE,3,PRICECHARTING_EXACT_PAL_PAGE | REGIONATLAS_LEGACY_PRICECHARTING_CREDIT | WIKIPEDIA_PS4_LIST_PAL,B_EXACT_PHYSICAL | B_LEGACY_EXACT_PHYSICAL | B_PAL_RELEASE,https://www.pricecharting.com/game/pal-playstation-4/sublevel-zero-redux | https://en.wikipedia.org/wiki/List_of_PlayStation_4_games_(M%E2%80%93Z),La ficha exacta de la edición física PAL etiqueta a esta compañía como Publisher; puede representar publicación o distribución física. | El crédito actual procede de la importación histórica de la ficha física enlazada; se contrasta con la consulta en vivo. | La columna PAL de la lista de PS4 atribuye la publicación a esta compañía.,Confirmar si la etiqueta Publisher representa publicación o distribución en la caja PAL.,CUSA_TITLE_CONFLICT,CUSA03030_00,
ps4-super-pixel-racers,Super Pixel Racers,PAL España,standard,super pixel racers,super pixel racers,GAME_OR_UNKNOWN,DEVELOPER,developer,21c. Ducks,21c-ducks,21c. Ducks | 21c Ducks | 21c.Ducks Co Ltd.,EXACT_NAME_OR_ALIAS,21c. Ducks,RETAIN,HIGH,NO,EXACT_PHYSICAL_EDITION | GAME_WORK | GAME_WORK_OR_PS4_RELEASE,4,PRICECHARTING_EXACT_PAL_PAGE | REGIONATLAS_LEGACY_PRICECHARTING_CREDIT | STEAM_STORE | WIKIPEDIA_PS4_LIST,B_EXACT_PHYSICAL | B_LEGACY_EXACT_PHYSICAL | B_OTHER_PLATFORM | B_PS4_RELEASE,https://www.pricecharting.com/game/pal-playstation-4/super-pixel-racers | https://en.wikipedia.org/wiki/List_of_PlayStation_4_games_(M%E2%80%93Z) | https://store.steampowered.com/app/501020,"La ficha enlazada de la edición física PAL atribuye el desarrollo a esta compañía. | El crédito actual procede de la importación histórica de la ficha física enlazada; se contrasta con la consulta en vivo. | La lista específica de PS4 atribuye el desarrollo a esta compañía. | La ficha comercial de Steam confirma la desarrolladora de la obra, no necesariamente el port de PS4.",No propagar a ports o compilaciones sin comprobar sus créditos propios.,CUSA_TITLE_CONFLICT,CUSA11257_00,
ps4-super-pixel-racers,Super Pixel Racers,PAL España,standard,super pixel racers,super pixel racers,GAME_OR_UNKNOWN,PHYSICAL_PUBLISHER_OR_DISTRIBUTOR,publisher,H2 Interactive Co. Ltd,h2-interactive,H2 Interactive,EXACT_NAME_OR_ALIAS,H2 Interactive,RETAIN,HIGH,NO,EXACT_PHYSICAL_EDITION | PAL_RELEASE,3,PRICECHARTING_EXACT_PAL_PAGE | REGIONATLAS_LEGACY_PRICECHARTING_CREDIT | WIKIPEDIA_PS4_LIST_PAL,B_EXACT_PHYSICAL | B_LEGACY_EXACT_PHYSICAL | B_PAL_RELEASE,https://www.pricecharting.com/game/pal-playstation-4/super-pixel-racers | https://en.wikipedia.org/wiki/List_of_PlayStation_4_games_(M%E2%80%93Z),La ficha exacta de la edición física PAL etiqueta a esta compañía como Publisher; puede representar publicación o distribución física. | El crédito actual procede de la importación histórica de la ficha física enlazada; se contrasta con la consulta en vivo. | La columna PAL de la lista de PS4 atribuye la publicación a esta compañía.,Confirmar si la etiqueta Publisher representa publicación o distribución en la caja PAL.,CUSA_TITLE_CONFLICT,CUSA11257_00,
ps4-sword-art-online-alicization-lycoris,Sword Art Online: Alicization Lycoris,PAL España,standard,sword art online alicization lycoris,sword art online alicization lycoris,GAME_OR_UNKNOWN,DEVELOPER,developer,Aquria,aquria,Aquria | AQURIA Co Ltd.,EXACT_NAME_OR_ALIAS,Aquria,RETAIN,HIGH,NO,EXACT_PHYSICAL_EDITION | GAME_WORK | GAME_WORK_OR_PS4_RELEASE,3,REGIONATLAS_LEGACY_PRICECHARTING_CREDIT | STEAM_STORE | WIKIPEDIA_PS4_LIST,B_LEGACY_EXACT_PHYSICAL | B_OTHER_PLATFORM | B_PS4_RELEASE,https://www.pricecharting.com/game/pal-playstation-4/sword-art-online-alicization-lycoris | https://en.wikipedia.org/wiki/List_of_PlayStation_4_games_(M%E2%80%93Z) | https://store.steampowered.com/app/1009290,"El crédito actual procede de la importación histórica de la ficha física enlazada; se contrasta con la consulta en vivo. | La lista específica de PS4 atribuye el desarrollo a esta compañía. | La ficha comercial de Steam confirma la desarrolladora de la obra, no necesariamente el port de PS4.",No propagar a ports o compilaciones sin comprobar sus créditos propios.,MODEL_CONFLICT,CUSA17351_00,CUSA18228_00
ps4-sword-art-online-fatal-bullet,Sword Art Online Fatal Bullet,PAL España,standard,sword art online fatal bullet,sword art online fatal bullet,GAME_OR_UNKNOWN,DEVELOPER,developer,Dimps Corporation,dimps-corporation,Dimps | Dimps Corporation,EXACT_NAME_OR_ALIAS,,ADD_MISSING,HIGH,NO,GAME_WORK | GAME_WORK_OR_PS4_RELEASE | PS4_RELEASE,4,LAUNCHBOX_GAMES_DB | STEAM_STORE | WIKIDATA | WIKIPEDIA_PS4_LIST,B_OTHER_PLATFORM | B_PS4_RELEASE | C_DISCOVERY,https://en.wikipedia.org/wiki/List_of_PlayStation_4_games_(M%E2%80%93Z) | https://store.steampowered.com/app/626690 | https://www.wikidata.org/wiki/Q56274106 | https://gamesdb.launchbox-app.com/games/details/156600,"La lista específica de PS4 atribuye el desarrollo a esta compañía. | La ficha comercial de Steam confirma la desarrolladora de la obra, no necesariamente el port de PS4. | Wikidata registra la compañía como desarrolladora. | LaunchBox registra esta desarrolladora para su ficha de PS4.",No propagar a ports o compilaciones sin comprobar sus créditos propios.,MODEL_CONFLICT,CUSA08969_00,CUSA10168_00
ps4-syberia-3,Syberia 3,PAL España,standard,syberia 3,syberia 3,GAME_OR_UNKNOWN,DEVELOPER,developer,Microids,microids,Microids,EXACT_NAME_OR_ALIAS,Microids,RETAIN,HIGH,NO,EXACT_PHYSICAL_EDITION | GAME_WORK,3,PRICECHARTING_EXACT_PAL_PAGE | REGIONATLAS_LEGACY_PRICECHARTING_CREDIT | STEAM_STORE,B_EXACT_PHYSICAL | B_LEGACY_EXACT_PHYSICAL | B_OTHER_PLATFORM,https://www.pricecharting.com/game/pal-playstation-4/syberia-3 | https://store.steampowered.com/app/464340,"La ficha enlazada de la edición física PAL atribuye el desarrollo a esta compañía. | El crédito actual procede de la importación histórica de la ficha física enlazada; se contrasta con la consulta en vivo. | La ficha comercial de Steam confirma la desarrolladora de la obra, no necesariamente el port de PS4.",No propagar a ports o compilaciones sin comprobar sus créditos propios.,CUSA_TITLE_CONFLICT,CUSA05545_00,
ps4-syberia-3,Syberia 3,PAL España,standard,syberia 3,syberia 3,GAME_OR_UNKNOWN,PHYSICAL_PUBLISHER_OR_DISTRIBUTOR,publisher,PQube Ltd.,pqube,PQube,EXACT_NAME_OR_ALIAS,PQube,RETAIN,HIGH,NO,EXACT_PHYSICAL_EDITION,2,PRICECHARTING_EXACT_PAL_PAGE | REGIONATLAS_LEGACY_PRICECHARTING_CREDIT,B_EXACT_PHYSICAL | B_LEGACY_EXACT_PHYSICAL,https://www.pricecharting.com/game/pal-playstation-4/syberia-3,La ficha exacta de la edición física PAL etiqueta a esta compañía como Publisher; puede representar publicación o distribución física. | El crédito actual procede de la importación histórica de la ficha física enlazada; se contrasta con la consulta en vivo.,Confirmar si la etiqueta Publisher representa publicación o distribución en la caja PAL.,CUSA_TITLE_CONFLICT,CUSA05545_00,
ps4-synth-riders,Synth Riders,PAL España,standard,synth riders,synth riders,GAME_OR_UNKNOWN,DEVELOPER,developer,Kluge Interactive,kluge-interactive,Kluge Interactive,EXACT_NAME_OR_ALIAS,Kluge Interactive,RETAIN,HIGH,NO,EXACT_PHYSICAL_EDITION | GAME_WORK | PS4_RELEASE,4,LAUNCHBOX_GAMES_DB | PRICECHARTING_EXACT_PAL_PAGE | REGIONATLAS_LEGACY_PRICECHARTING_CREDIT | STEAM_STORE,B_EXACT_PHYSICAL | B_LEGACY_EXACT_PHYSICAL | B_OTHER_PLATFORM | C_DISCOVERY,https://www.pricecharting.com/game/pal-playstation-4/synth-riders | https://store.steampowered.com/app/885000 | https://gamesdb.launchbox-app.com/games/details/473929,"La ficha enlazada de la edición física PAL atribuye el desarrollo a esta compañía. | El crédito actual procede de la importación histórica de la ficha física enlazada; se contrasta con la consulta en vivo. | La ficha comercial de Steam confirma la desarrolladora de la obra, no necesariamente el port de PS4. | LaunchBox registra esta desarrolladora para su ficha de PS4.",No propagar a ports o compilaciones sin comprobar sus créditos propios.,CUSA_STRONG_TITLE_REVIEW,CUSA28446_00,CUSA28446_00
ps4-synth-riders,Synth Riders,PAL España,standard,synth riders,synth riders,GAME_OR_UNKNOWN,PHYSICAL_PUBLISHER_OR_DISTRIBUTOR,publisher,Perp Games,perp-games,Perp Games,EXACT_NAME_OR_ALIAS,Perp Games,RETAIN,HIGH,NO,EXACT_PHYSICAL_EDITION,2,PRICECHARTING_EXACT_PAL_PAGE | REGIONATLAS_LEGACY_PRICECHARTING_CREDIT,B_EXACT_PHYSICAL | B_LEGACY_EXACT_PHYSICAL,https://www.pricecharting.com/game/pal-playstation-4/synth-riders,La ficha exacta de la edición física PAL etiqueta a esta compañía como Publisher; puede representar publicación o distribución física. | El crédito actual procede de la importación histórica de la ficha física enlazada; se contrasta con la consulta en vivo.,Confirmar si la etiqueta Publisher representa publicación o distribución en la caja PAL.,CUSA_STRONG_TITLE_REVIEW,CUSA28446_00,CUSA28446_00
ps4-the-bard%27s-tale-iv-director%27s-cut,The Bard's Tale IV: Director's Cut,PAL España,standard,the bard s tale iv director s cut,the bard s tale iv,EDITION_VARIANT,DEVELOPER,developer,InXile Entertainment,inxile-entertainment,InXile Entertainment | inXile Entertainment,EXACT_NAME_OR_ALIAS,Inxile,REPLACE_OR_ADD_REVIEW,HIGH,NO,GAME_WORK | GAME_WORK_OR_PS4_RELEASE | PS4_RELEASE,3,LAUNCHBOX_GAMES_DB | STEAM_STORE | WIKIPEDIA_PS4_LIST,B_OTHER_PLATFORM | B_PS4_RELEASE | C_DISCOVERY,https://en.wikipedia.org/wiki/List_of_PlayStation_4_games_(A%E2%80%93L) | https://store.steampowered.com/app/1091980 | https://gamesdb.launchbox-app.com/games/details/210009,"La lista específica de PS4 atribuye el desarrollo a esta compañía. | La ficha comercial de Steam confirma la desarrolladora de la obra, no necesariamente el port de PS4. | LaunchBox registra esta desarrolladora para su ficha de PS4.",No propagar a ports o compilaciones sin comprobar sus créditos propios.,CUSA_STRONG_TITLE_REVIEW,CUSA16727_00,CUSA16727_00
ps4-the-bard%27s-tale-iv-director%27s-cut,The Bard's Tale IV: Director's Cut,PAL España,standard,the bard s tale iv director s cut,the bard s tale iv,EDITION_VARIANT,PHYSICAL_PUBLISHER_OR_DISTRIBUTOR,publisher,Deep SIlver,deep-silver,Deep Silver,EXACT_NAME_OR_ALIAS,Deep Silver,RETAIN,HIGH,NO,EXACT_PHYSICAL_EDITION | PAL_RELEASE,3,PRICECHARTING_EXACT_PAL_PAGE | REGIONATLAS_LEGACY_PRICECHARTING_CREDIT | WIKIPEDIA_PS4_LIST_PAL,B_EXACT_PHYSICAL | B_LEGACY_EXACT_PHYSICAL | B_PAL_RELEASE,https://www.pricecharting.com/game/pal-playstation-4/the-bard%27s-tale-iv-director%27s-cut | https://en.wikipedia.org/wiki/List_of_PlayStation_4_games_(A%E2%80%93L),La ficha exacta de la edición física PAL etiqueta a esta compañía como Publisher; puede representar publicación o distribución física. | El crédito actual procede de la importación histórica de la ficha física enlazada; se contrasta con la consulta en vivo. | La columna PAL de la lista de PS4 atribuye la publicación a esta compañía.,Confirmar si la etiqueta Publisher representa publicación o distribución en la caja PAL.,CUSA_STRONG_TITLE_REVIEW,CUSA16727_00,CUSA16727_00
ps4-the-evil-within,The Evil Within,PAL España,standard,the evil within,the evil within,GAME_OR_UNKNOWN,DEVELOPER,developer,Tango Gameworks,tango-gameworks,Tango Gameworks | Tango gameworks,EXACT_NAME_OR_ALIAS,Tango Gameworks,RETAIN,HIGH,NO,EXACT_PHYSICAL_EDITION | GAME_WORK | GAME_WORK_OR_PS4_RELEASE | PS4_RELEASE,6,LAUNCHBOX_GAMES_DB | PRICECHARTING_EXACT_PAL_PAGE | REGIONATLAS_LEGACY_PRICECHARTING_CREDIT | STEAM_STORE | WIKIDATA | WIKIPEDIA_PS4_LIST,B_EXACT_PHYSICAL | B_LEGACY_EXACT_PHYSICAL | B_OTHER_PLATFORM | B_PS4_RELEASE | C_DISCOVERY,https://www.pricecharting.com/game/pal-playstation-4/the-evil-within | https://en.wikipedia.org/wiki/List_of_PlayStation_4_games_(A%E2%80%93L) | https://store.steampowered.com/app/268050 | https://www.wikidata.org/wiki/Q3407139 | https://gamesdb.launchbox-app.com/games/details/20777,"La ficha enlazada de la edición física PAL atribuye el desarrollo a esta compañía. | El crédito actual procede de la importación histórica de la ficha física enlazada; se contrasta con la consulta en vivo. | La lista específica de PS4 atribuye el desarrollo a esta compañía. | La ficha comercial de Steam confirma la desarrolladora de la obra, no necesariamente el port de PS4. | Wikidata registra la compañía como desarrolladora. | LaunchBox registra esta desarrolladora para su ficha de PS4.",No propagar a ports o compilaciones sin comprobar sus créditos propios.,CUSA_TITLE_CONFLICT,CUSA06164_00,
ps4-the-evil-within,The Evil Within,PAL España,standard,the evil within,the evil within,GAME_OR_UNKNOWN,PHYSICAL_PUBLISHER_OR_DISTRIBUTOR,publisher,Bethesda Softworks,bethesda-softworks,Bethesda Softworks,EXACT_NAME_OR_ALIAS,Bethesda Softworks,RETAIN,HIGH,NO,EXACT_PHYSICAL_EDITION | PAL_RELEASE,3,PRICECHARTING_EXACT_PAL_PAGE | REGIONATLAS_LEGACY_PRICECHARTING_CREDIT | WIKIPEDIA_PS4_LIST_PAL,B_EXACT_PHYSICAL | B_LEGACY_EXACT_PHYSICAL | B_PAL_RELEASE,https://www.pricecharting.com/game/pal-playstation-4/the-evil-within | https://en.wikipedia.org/wiki/List_of_PlayStation_4_games_(A%E2%80%93L),La ficha exacta de la edición física PAL etiqueta a esta compañía como Publisher; puede representar publicación o distribución física. | El crédito actual procede de la importación histórica de la ficha física enlazada; se contrasta con la consulta en vivo. | La columna PAL de la lista de PS4 atribuye la publicación a esta compañía.,Confirmar si la etiqueta Publisher representa publicación o distribución en la caja PAL.,CUSA_TITLE_CONFLICT,CUSA06164_00,
ps4-the-king%27s-bird,The King's Bird,PAL España,standard,the king s bird,the king s bird,GAME_OR_UNKNOWN,DEVELOPER,developer,Serenity Forge,serenity-forge,Serenity Forge,EXACT_NAME_OR_ALIAS,Serenity Forge,RETAIN,HIGH,NO,EXACT_PHYSICAL_EDITION | GAME_WORK | PS4_RELEASE,4,LAUNCHBOX_GAMES_DB | PRICECHARTING_EXACT_PAL_PAGE | REGIONATLAS_LEGACY_PRICECHARTING_CREDIT | STEAM_STORE,B_EXACT_PHYSICAL | B_LEGACY_EXACT_PHYSICAL | B_OTHER_PLATFORM | C_DISCOVERY,https://www.pricecharting.com/game/pal-playstation-4/the-king%27s-bird | https://store.steampowered.com/app/812550 | https://gamesdb.launchbox-app.com/games/details/466236,"La ficha enlazada de la edición física PAL atribuye el desarrollo a esta compañía. | El crédito actual procede de la importación histórica de la ficha física enlazada; se contrasta con la consulta en vivo. | La ficha comercial de Steam confirma la desarrolladora de la obra, no necesariamente el port de PS4. | LaunchBox registra esta desarrolladora para su ficha de PS4.",No propagar a ports o compilaciones sin comprobar sus créditos propios.,CUSA_STRONG_TITLE_REVIEW,CUSA14940_00,CUSA14940_00
ps4-ty-the-tasmanian-tiger-hd,TY The Tasmanian Tiger HD,PAL España,standard,ty the tasmanian tiger hd,ty the tasmanian tiger hd,GAME_OR_UNKNOWN,DEVELOPER,developer,Krome Studios,krome-studios,Krome Studios,EXACT_NAME_OR_ALIAS,Krome Studios,RETAIN,HIGH,NO,EXACT_PHYSICAL_EDITION | GAME_WORK_OR_PS4_RELEASE,3,PRICECHARTING_EXACT_PAL_PAGE | REGIONATLAS_LEGACY_PRICECHARTING_CREDIT | WIKIPEDIA_PS4_LIST,B_EXACT_PHYSICAL | B_LEGACY_EXACT_PHYSICAL | B_PS4_RELEASE,https://www.pricecharting.com/game/pal-playstation-4/ty-the-tasmanian-tiger-hd | https://en.wikipedia.org/wiki/List_of_PlayStation_4_games_(M%E2%80%93Z),La ficha enlazada de la edición física PAL atribuye el desarrollo a esta compañía. | El crédito actual procede de la importación histórica de la ficha física enlazada; se contrasta con la consulta en vivo. | La lista específica de PS4 atribuye el desarrollo a esta compañía.,No propagar a ports o compilaciones sin comprobar sus créditos propios.,CUSA_TITLE_CONFLICT,CUSA18068_00,CUSA18068_00
ps4-ty-the-tasmanian-tiger-hd,TY The Tasmanian Tiger HD,PAL España,standard,ty the tasmanian tiger hd,ty the tasmanian tiger hd,GAME_OR_UNKNOWN,PHYSICAL_PUBLISHER_OR_DISTRIBUTOR,publisher,Krome Studios,krome-studios,Krome Studios,EXACT_NAME_OR_ALIAS,Krome Studios,RETAIN,HIGH,NO,EXACT_PHYSICAL_EDITION | PAL_RELEASE,3,PRICECHARTING_EXACT_PAL_PAGE | REGIONATLAS_LEGACY_PRICECHARTING_CREDIT | WIKIPEDIA_PS4_LIST_PAL,B_EXACT_PHYSICAL | B_LEGACY_EXACT_PHYSICAL | B_PAL_RELEASE,https://www.pricecharting.com/game/pal-playstation-4/ty-the-tasmanian-tiger-hd | https://en.wikipedia.org/wiki/List_of_PlayStation_4_games_(M%E2%80%93Z),La ficha exacta de la edición física PAL etiqueta a esta compañía como Publisher; puede representar publicación o distribución física. | El crédito actual procede de la importación histórica de la ficha física enlazada; se contrasta con la consulta en vivo. | La columna PAL de la lista de PS4 atribuye la publicación a esta compañía.,Confirmar si la etiqueta Publisher representa publicación o distribución en la caja PAL.,CUSA_TITLE_CONFLICT,CUSA18068_00,CUSA18068_00
ps4-under-night-in-birth-sysceles,Under Night In-Birth [Sys:Celes],PAL España,standard,under night in birth sys celes,under night in birth sys celes,GAME_OR_UNKNOWN,PHYSICAL_PUBLISHER_OR_DISTRIBUTOR,publisher,Clear River Games,clear-river-games,Clear River Games,EXACT_NAME_OR_ALIAS,Clear River Games,RETAIN,HIGH,NO,EXACT_PHYSICAL_EDITION,2,PRICECHARTING_EXACT_PAL_PAGE | REGIONATLAS_LEGACY_PRICECHARTING_CREDIT,B_EXACT_PHYSICAL | B_LEGACY_EXACT_PHYSICAL,https://www.pricecharting.com/game/pal-playstation-4/under-night-in-birth-sysceles,La ficha exacta de la edición física PAL etiqueta a esta compañía como Publisher; puede representar publicación o distribución física. | El crédito actual procede de la importación histórica de la ficha física enlazada; se contrasta con la consulta en vivo.,Confirmar si la etiqueta Publisher representa publicación o distribución en la caja PAL.,CUSA_STRONG_TITLE_REVIEW,CUSA44586_00,CUSA44586_00
ps4-utawarerumono-mask-of-deception,Utawarerumono: Mask of Deception,PAL España,standard,utawarerumono mask of deception,utawarerumono mask of deception,GAME_OR_UNKNOWN,DEVELOPER,developer,AquaPlus,aquaplus,Aquaplus | AQUAPLUS,EXACT_NAME_OR_ALIAS,,ADD_MISSING,HIGH,NO,GAME_WORK | GAME_WORK_OR_PS4_RELEASE | PS4_RELEASE,3,LAUNCHBOX_GAMES_DB | STEAM_STORE | WIKIPEDIA_PS4_LIST,B_OTHER_PLATFORM | B_PS4_RELEASE | C_DISCOVERY,https://en.wikipedia.org/wiki/List_of_PlayStation_4_games_(M%E2%80%93Z) | https://store.steampowered.com/app/1149550 | https://gamesdb.launchbox-app.com/games/details/419629,"La lista específica de PS4 atribuye el desarrollo a esta compañía. | La ficha comercial de Steam confirma la desarrolladora de la obra, no necesariamente el port de PS4. | LaunchBox registra esta desarrolladora para su ficha de PS4.",No propagar a ports o compilaciones sin comprobar sus créditos propios.,MODEL_CONFLICT,CUSA02313_00,CUSA06713_00
ps4-utawarerumono-mask-of-truth,Utawarerumono: Mask of Truth,PAL España,standard,utawarerumono mask of truth,utawarerumono mask of truth,GAME_OR_UNKNOWN,DEVELOPER,developer,AquaPlus,aquaplus,Aquaplus | AQUAPLUS,EXACT_NAME_OR_ALIAS,,ADD_MISSING,HIGH,NO,GAME_WORK | GAME_WORK_OR_PS4_RELEASE | PS4_RELEASE,3,LAUNCHBOX_GAMES_DB | STEAM_STORE | WIKIPEDIA_PS4_LIST,B_OTHER_PLATFORM | B_PS4_RELEASE | C_DISCOVERY,https://en.wikipedia.org/wiki/List_of_PlayStation_4_games_(M%E2%80%93Z) | https://store.steampowered.com/app/1151440 | https://gamesdb.launchbox-app.com/games/details/419635,"La lista específica de PS4 atribuye el desarrollo a esta compañía. | La ficha comercial de Steam confirma la desarrolladora de la obra, no necesariamente el port de PS4. | LaunchBox registra esta desarrolladora para su ficha de PS4.",No propagar a ports o compilaciones sin comprobar sus créditos propios.,MODEL_CONFLICT,CUSA04132_00,CUSA08839_00
ps4-valkyria-chronicles-remastered-europa-edition,Valkyria Chronicles Remastered [Europa Edition],PAL España,standard,valkyria chronicles remastered,valkyria chronicles,GAME_OR_UNKNOWN,PHYSICAL_PUBLISHER_OR_DISTRIBUTOR,publisher,Sega,sega,Sega,EXACT_NAME_OR_ALIAS,Sega,RETAIN,HIGH,NO,EXACT_PHYSICAL_EDITION | PAL_RELEASE,3,PRICECHARTING_EXACT_PAL_PAGE | REGIONATLAS_LEGACY_PRICECHARTING_CREDIT | WIKIPEDIA_PS4_LIST_PAL,B_EXACT_PHYSICAL | B_LEGACY_EXACT_PHYSICAL | B_PAL_RELEASE,https://www.pricecharting.com/game/pal-playstation-4/valkyria-chronicles-remastered-europa-edition | https://en.wikipedia.org/wiki/List_of_PlayStation_4_games_(M%E2%80%93Z),La ficha exacta de la edición física PAL etiqueta a esta compañía como Publisher; puede representar publicación o distribución física. | El crédito actual procede de la importación histórica de la ficha física enlazada; se contrasta con la consulta en vivo. | La columna PAL de la lista de PS4 atribuye la publicación a esta compañía.,Confirmar si la etiqueta Publisher representa publicación o distribución en la caja PAL.,CUSA_TITLE_CONFLICT,CUSA03951_00,CUSA03951_00
ps4-visions-of-mana,Visions Of Mana,PAL España,standard,visions of mana,visions of mana,GAME_OR_UNKNOWN,DEVELOPER,developer,Ouka Studios,ouka-studios,Ouka Studios,EXACT_NAME_OR_ALIAS,Ouka Studios,RETAIN,HIGH,NO,EXACT_PHYSICAL_EDITION | GAME_WORK_OR_PS4_RELEASE | PS4_RELEASE,3,LAUNCHBOX_GAMES_DB | REGIONATLAS_LEGACY_PRICECHARTING_CREDIT | WIKIPEDIA_PS4_LIST,B_LEGACY_EXACT_PHYSICAL | B_PS4_RELEASE | C_DISCOVERY,https://www.pricecharting.com/game/pal-playstation-4/visions-of-mana | https://en.wikipedia.org/wiki/List_of_PlayStation_4_games_(M%E2%80%93Z) | https://gamesdb.launchbox-app.com/games/details/477064,El crédito actual procede de la importación histórica de la ficha física enlazada; se contrasta con la consulta en vivo. | La lista específica de PS4 atribuye el desarrollo a esta compañía. | LaunchBox registra esta desarrolladora para su ficha de PS4.,No propagar a ports o compilaciones sin comprobar sus créditos propios.,MODEL_CONFLICT,CUSA43002_00,CUSA43005_00
ps4-warhammer-40000-mechanicus,Warhammer 40000 Mechanicus,PAL España,standard,warhammer 40000 mechanicus,warhammer 40000 mechanicus,GAME_OR_UNKNOWN,PHYSICAL_PUBLISHER_OR_DISTRIBUTOR,publisher,Kalypso Media,kalypso-media,Kalypso Media,EXACT_NAME_OR_ALIAS,Kalypso Media,RETAIN,HIGH,NO,EXACT_PHYSICAL_EDITION,2,PRICECHARTING_EXACT_PAL_PAGE | REGIONATLAS_LEGACY_PRICECHARTING_CREDIT,B_EXACT_PHYSICAL | B_LEGACY_EXACT_PHYSICAL,https://www.pricecharting.com/game/pal-playstation-4/warhammer-40000-mechanicus,La ficha exacta de la edición física PAL etiqueta a esta compañía como Publisher; puede representar publicación o distribución física. | El crédito actual procede de la importación histórica de la ficha física enlazada; se contrasta con la consulta en vivo.,Confirmar si la etiqueta Publisher representa publicación o distribución en la caja PAL.,CUSA_STRONG_TITLE_REVIEW,CUSA17615_00,CUSA17615_00
ps4-willy-morgan-and-the-curse-of-bone-town,Willy Morgan And The Curse Of Bone Town,PAL España,standard,willy morgan and the curse of bone town,willy morgan and the curse of bone town,GAME_OR_UNKNOWN,PHYSICAL_PUBLISHER_OR_DISTRIBUTOR,publisher,Funbox Media,funbox-media,Funbox Media,EXACT_NAME_OR_ALIAS,Funbox Media,RETAIN,HIGH,NO,EXACT_PHYSICAL_EDITION,2,PRICECHARTING_EXACT_PAL_PAGE | REGIONATLAS_LEGACY_PRICECHARTING_CREDIT,B_EXACT_PHYSICAL | B_LEGACY_EXACT_PHYSICAL,https://www.pricecharting.com/game/pal-playstation-4/willy-morgan-and-the-curse-of-bone-town,La ficha exacta de la edición física PAL etiqueta a esta compañía como Publisher; puede representar publicación o distribución física. | El crédito actual procede de la importación histórica de la ficha física enlazada; se contrasta con la consulta en vivo.,Confirmar si la etiqueta Publisher representa publicación o distribución en la caja PAL.,CUSA_TITLE_CONFLICT,CUSA32558_00,
ps4-windstorm,Windstorm,PAL España,standard,windstorm,windstorm,GAME_OR_UNKNOWN,PHYSICAL_PUBLISHER_OR_DISTRIBUTOR,publisher,EUROVIDEO,eurovideo,EUROVIDEO,EXACT_NAME_OR_ALIAS,EUROVIDEO,RETAIN,HIGH,NO,EXACT_PHYSICAL_EDITION,2,PRICECHARTING_EXACT_PAL_PAGE | REGIONATLAS_LEGACY_PRICECHARTING_CREDIT,B_EXACT_PHYSICAL | B_LEGACY_EXACT_PHYSICAL,https://www.pricecharting.com/game/pal-playstation-4/windstorm,La ficha exacta de la edición física PAL etiqueta a esta compañía como Publisher; puede representar publicación o distribución física. | El crédito actual procede de la importación histórica de la ficha física enlazada; se contrasta con la consulta en vivo.,Confirmar si la etiqueta Publisher representa publicación o distribución en la caja PAL.,CUSA_TITLE_CONFLICT,CUSA10394_00,CUSA10394_00
ps4-windstorm-an-unexpected-arrival,Windstorm: An Unexpected Arrival,PAL España,standard,windstorm an unexpected arrival,windstorm an unexpected arrival,GAME_OR_UNKNOWN,DEVELOPER,developer,Aesir Interactive GMBH,aesir-interactive-gmbh,Aesir Interactive GmbH | Aesir Interactive,EXACT_NAME_OR_ALIAS,Aesir Interactive GmbH,RETAIN,HIGH,NO,EXACT_PHYSICAL_EDITION | GAME_WORK,4,PRICECHARTING_EXACT_PAL_PAGE | REGIONATLAS_LEGACY_PRICECHARTING_CREDIT | STEAM_STORE | WIKIDATA,B_EXACT_PHYSICAL | B_LEGACY_EXACT_PHYSICAL | B_OTHER_PLATFORM | C_DISCOVERY,https://www.pricecharting.com/game/pal-playstation-4/windstorm-an-unexpected-arrival | https://store.steampowered.com/app/899200 | https://www.wikidata.org/wiki/Q122379010,"La ficha enlazada de la edición física PAL atribuye el desarrollo a esta compañía. | El crédito actual procede de la importación histórica de la ficha física enlazada; se contrasta con la consulta en vivo. | La ficha comercial de Steam confirma la desarrolladora de la obra, no necesariamente el port de PS4. | Wikidata registra la compañía como desarrolladora.",No propagar a ports o compilaciones sin comprobar sus créditos propios.,CUSA_TITLE_CONFLICT,CUSA13711_00,CUSA13711_00
ps4-wrc-5,WRC 5,PAL España,standard,wrc 5,wrc 5,GAME_OR_UNKNOWN,DEVELOPER,developer,Kylotonn,kylotonn,Kylotonn,EXACT_NAME_OR_ALIAS,Kylotonn,RETAIN,HIGH,NO,EXACT_PHYSICAL_EDITION | GAME_WORK_OR_PS4_RELEASE | PS4_RELEASE,4,LAUNCHBOX_GAMES_DB | PRICECHARTING_EXACT_PAL_PAGE | REGIONATLAS_LEGACY_PRICECHARTING_CREDIT | WIKIPEDIA_PS4_LIST,B_EXACT_PHYSICAL | B_LEGACY_EXACT_PHYSICAL | B_PS4_RELEASE | C_DISCOVERY,https://www.pricecharting.com/game/pal-playstation-4/wrc-5 | https://en.wikipedia.org/wiki/List_of_PlayStation_4_games_(M%E2%80%93Z) | https://gamesdb.launchbox-app.com/games/details/32389,La ficha enlazada de la edición física PAL atribuye el desarrollo a esta compañía. | El crédito actual procede de la importación histórica de la ficha física enlazada; se contrasta con la consulta en vivo. | La lista específica de PS4 atribuye el desarrollo a esta compañía. | LaunchBox registra esta desarrolladora para su ficha de PS4.,No propagar a ports o compilaciones sin comprobar sus créditos propios.,CUSA_TITLE_CONFLICT,CUSA02080_00,CUSA02080_00
ps4-wrc-9,WRC 9,PAL España,standard,wrc 9,wrc 9,GAME_OR_UNKNOWN,DEVELOPER,developer,Kylotonn,kylotonn,Kylotonn,EXACT_NAME_OR_ALIAS,Kylotonn,RETAIN,HIGH,NO,EXACT_PHYSICAL_EDITION | GAME_WORK_OR_PS4_RELEASE,2,REGIONATLAS_LEGACY_PRICECHARTING_CREDIT | WIKIPEDIA_PS4_LIST,B_LEGACY_EXACT_PHYSICAL | B_PS4_RELEASE,https://www.pricecharting.com/game/pal-playstation-4/wrc-9 | https://en.wikipedia.org/wiki/List_of_PlayStation_4_games_(M%E2%80%93Z),El crédito actual procede de la importación histórica de la ficha física enlazada; se contrasta con la consulta en vivo. | La lista específica de PS4 atribuye el desarrollo a esta compañía.,No propagar a ports o compilaciones sin comprobar sus créditos propios.,CUSA_TITLE_CONFLICT,CUSA19439_00,
ps4-yuppie-psycho-collector%27s-edition,Yuppie Psycho: Collector's Edition,PAL España,standard,yuppie psycho,yuppie psycho,EDITION_VARIANT,PHYSICAL_PUBLISHER_OR_DISTRIBUTOR,publisher,Tesura Games,tesura-games,Tesura Games,EXACT_NAME_OR_ALIAS,Tesura Games,RETAIN,HIGH,NO,EXACT_PHYSICAL_EDITION,2,PRICECHARTING_EXACT_PAL_PAGE | REGIONATLAS_LEGACY_PRICECHARTING_CREDIT,B_EXACT_PHYSICAL | B_LEGACY_EXACT_PHYSICAL,https://www.pricecharting.com/game/pal-playstation-4/yuppie-psycho-collector%27s-edition,La ficha exacta de la edición física PAL etiqueta a esta compañía como Publisher; puede representar publicación o distribución física. | El crédito actual procede de la importación histórica de la ficha física enlazada; se contrasta con la consulta en vivo.,Confirmar si la etiqueta Publisher representa publicación o distribución en la caja PAL.,CUSA_TITLE_CONFLICT,CUSA31347_00,CUSA31347_00
ps4-zone-of-the-enders-2nd-runner-mars,Zone of the Enders 2nd Runner Mars,PAL España,standard,zone of the enders 2nd runner mars,zone of the enders 2nd runner mars,GAME_OR_UNKNOWN,PHYSICAL_PUBLISHER_OR_DISTRIBUTOR,publisher,Konami,konami,Konami,EXACT_NAME_OR_ALIAS,Konami,RETAIN,HIGH,NO,EXACT_PHYSICAL_EDITION,2,PRICECHARTING_EXACT_PAL_PAGE | REGIONATLAS_LEGACY_PRICECHARTING_CREDIT,B_EXACT_PHYSICAL | B_LEGACY_EXACT_PHYSICAL,https://www.pricecharting.com/game/pal-playstation-4/zone-of-the-enders-2nd-runner-mars,La ficha exacta de la edición física PAL etiqueta a esta compañía como Publisher; puede representar publicación o distribución física. | El crédito actual procede de la importación histórica de la ficha física enlazada; se contrasta con la consulta en vivo.,Confirmar si la etiqueta Publisher representa publicación o distribución en la caja PAL.,CUSA_TITLE_CONFLICT,CUSA10576_00,CUSA10576_00
