catalog_id,title,region,edition,family_key,provisional_work_key,content_type,role,target_field,proposed_company,proposed_company_slug,source_names,company_resolution,current_company,recommended_action,confidence,safe_for_catalog_import,evidence_scope,source_count,sources,source_grades,source_urls,evidence_summary,guardrail,unresolved_reason
ps4-11-11-memories-retold,11-11: Memories Retold,PAL España,standard,11 11 memories retold,11 11 memories retold,GAME_OR_UNKNOWN,DEVELOPER,developer,DigixArt,,DigixArt | Digixart,NOT_IN_COMPANY_INDEX,Digixart Entertainment,REPLACE_OR_ADD_REVIEW,HIGH,NO,GAME_WORK | GAME_WORK_OR_PS4_RELEASE,2,STEAM_STORE | WIKIPEDIA_PS4_LIST,B_OTHER_PLATFORM | B_PS4_RELEASE,https://en.wikipedia.org/wiki/List_of_PlayStation_4_games_(A%E2%80%93L) | https://store.steampowered.com/app/735580,"La lista específica de PS4 atribuye el desarrollo a esta compañía. | La ficha comercial de Steam confirma la desarrolladora de la obra, no necesariamente el port de PS4.",No propagar a ports o compilaciones sin comprobar sus créditos propios.,HIGH_OR_BETTER_GROUP_NOT_FULLY_RESOLVED | MISSING_SLUG | NOT_IN_COMPANY_INDEX
ps4-11-11-memories-retold-collector%27s-edition,11-11: Memories Retold [Collector's Edition],PAL España,standard,11 11 memories retold,11 11 memories retold,EDITION_VARIANT,DEVELOPER,developer,DigixArt,,DigixArt | Digixart,NOT_IN_COMPANY_INDEX,,ADD_MISSING,HIGH,NO,GAME_WORK | GAME_WORK_OR_PS4_RELEASE,2,STEAM_STORE | WIKIPEDIA_PS4_LIST,B_OTHER_PLATFORM | B_PS4_RELEASE,https://en.wikipedia.org/wiki/List_of_PlayStation_4_games_(A%E2%80%93L) | https://store.steampowered.com/app/735580,"La lista específica de PS4 atribuye el desarrollo a esta compañía. | La ficha comercial de Steam confirma la desarrolladora de la obra, no necesariamente el port de PS4.",No propagar a ports o compilaciones sin comprobar sus créditos propios.,HIGH_OR_BETTER_GROUP_NOT_FULLY_RESOLVED | MISSING_SLUG | NOT_IN_COMPANY_INDEX
ps4-13-sentinels-aegis-rim,13 Sentinels: Aegis Rim,PAL España,standard,13 sentinels aegis rim,13 sentinels aegis rim,GAME_OR_UNKNOWN,DEVELOPER,developer,Vanillaware,,Vanillaware | VanillaWare,AMBIGUOUS_NAME,Vanillaware,REPLACE_OR_ADD_REVIEW,HIGH,NO,EXACT_PHYSICAL_EDITION | GAME_WORK | GAME_WORK_OR_PS4_RELEASE | PS4_RELEASE,4,LAUNCHBOX_GAMES_DB | PRICECHARTING_EXACT_PAL_PAGE | WIKIDATA | WIKIPEDIA_PS4_LIST,B_EXACT_PHYSICAL | B_PS4_RELEASE | C_DISCOVERY,https://www.pricecharting.com/game/pal-playstation-4/13-sentinels-aegis-rim | https://en.wikipedia.org/wiki/List_of_PlayStation_4_games_(A%E2%80%93L) | https://www.wikidata.org/wiki/Q20982904 | https://gamesdb.launchbox-app.com/games/details/173609,La ficha enlazada de la edición física PAL atribuye el desarrollo a esta compañía. | La lista específica de PS4 atribuye el desarrollo a esta compañía. | Wikidata registra la compañía como desarrolladora. | LaunchBox registra esta desarrolladora para su ficha de PS4.,No propagar a ports o compilaciones sin comprobar sus créditos propios.,AMBIGUOUS_NAME | HIGH_OR_BETTER_GROUP_NOT_FULLY_RESOLVED | MISSING_SLUG
ps4-2dark-limited-edition,2Dark [Limited Edition],PAL España,standard,2dark,2dark,EDITION_VARIANT,DEVELOPER,developer,Gloomywood,,Gloomywood,NOT_IN_COMPANY_INDEX,Gloomy Wood,REPLACE_OR_ADD_REVIEW,HIGH,NO,GAME_WORK | GAME_WORK_OR_PS4_RELEASE | PS4_RELEASE,3,LAUNCHBOX_GAMES_DB | STEAM_STORE | WIKIPEDIA_PS4_LIST,B_OTHER_PLATFORM | B_PS4_RELEASE | C_DISCOVERY,https://en.wikipedia.org/wiki/List_of_PlayStation_4_games_(A%E2%80%93L) | https://store.steampowered.com/app/435100 | https://gamesdb.launchbox-app.com/games/details/207743,"La lista específica de PS4 atribuye el desarrollo a esta compañía. | La ficha comercial de Steam confirma la desarrolladora de la obra, no necesariamente el port de PS4. | LaunchBox registra esta desarrolladora para su ficha de PS4.",No propagar a ports o compilaciones sin comprobar sus créditos propios.,HIGH_OR_BETTER_GROUP_NOT_FULLY_RESOLVED | MISSING_SLUG | NOT_IN_COMPANY_INDEX
ps4-9-monkeys-of-shaolin,9 Monkeys of Shaolin,PAL España,standard,9 monkeys of shaolin,9 monkeys of shaolin,GAME_OR_UNKNOWN,PHYSICAL_PUBLISHER_OR_DISTRIBUTOR,publisher,Buka Entertainment,,Buka Entertainment,NOT_IN_COMPANY_INDEX,Ravencourt / Buka Entertainment,REPLACE_OR_ADD_REVIEW,HIGH,NO,EXACT_PHYSICAL_EDITION | PAL_RELEASE,3,PRICECHARTING_EXACT_PAL_PAGE | REGIONATLAS_LEGACY_PRICECHARTING_CREDIT | WIKIPEDIA_PS4_LIST_PAL,B_EXACT_PHYSICAL | B_LEGACY_EXACT_PHYSICAL | B_PAL_RELEASE,https://www.pricecharting.com/game/pal-playstation-4/9-monkeys-of-shaolin | https://en.wikipedia.org/wiki/List_of_PlayStation_4_games_(A%E2%80%93L),La ficha exacta de la edición física PAL etiqueta a esta compañía como Publisher; puede representar publicación o distribución física. | El crédito actual procede de la importación histórica de la ficha física enlazada; se contrasta con la consulta en vivo. | La columna PAL de la lista de PS4 atribuye la publicación a esta compañía.,Confirmar si la etiqueta Publisher representa publicación o distribución en la caja PAL.,HIGH_OR_BETTER_GROUP_NOT_FULLY_RESOLVED | MISSING_SLUG | NOT_IN_COMPANY_INDEX
ps4-aces-of-the-luftwaffe-squadron-extended-edition,Aces of the Luftwaffe Squadron: Extended Edition,PAL España,standard,aces of the luftwaffe squadron extended edition,aces of the luftwaffe squadron extended edition,GAME_OR_UNKNOWN,PHYSICAL_PUBLISHER_OR_DISTRIBUTOR,publisher,THQ Nordic,,THQ Nordic,AMBIGUOUS_NAME,THQ Nordic,REPLACE_OR_ADD_REVIEW,HIGH,NO,EXACT_PHYSICAL_EDITION,2,PRICECHARTING_EXACT_PAL_PAGE | REGIONATLAS_LEGACY_PRICECHARTING_CREDIT,B_EXACT_PHYSICAL | B_LEGACY_EXACT_PHYSICAL,https://www.pricecharting.com/game/pal-playstation-4/aces-of-the-luftwaffe-squadron-extended-edition,La ficha exacta de la edición física PAL etiqueta a esta compañía como Publisher; puede representar publicación o distribución física. | El crédito actual procede de la importación histórica de la ficha física enlazada; se contrasta con la consulta en vivo.,Confirmar si la etiqueta Publisher representa publicación o distribución en la caja PAL.,AMBIGUOUS_NAME | HIGH_OR_BETTER_GROUP_NOT_FULLY_RESOLVED | MISSING_SLUG
ps4-aew-fight-forever,AEW: Fight Forever,PAL España,standard,aew fight forever,aew fight forever,GAME_OR_UNKNOWN,DEVELOPER,developer,Yuke's,,Yuke's | YUKE'S,AMBIGUOUS_NAME,,ADD_MISSING,HIGH,NO,GAME_WORK | GAME_WORK_OR_PS4_RELEASE | PS4_RELEASE,4,LAUNCHBOX_GAMES_DB | STEAM_STORE | WIKIDATA | WIKIPEDIA_PS4_LIST,B_OTHER_PLATFORM | B_PS4_RELEASE | C_DISCOVERY,https://en.wikipedia.org/wiki/List_of_PlayStation_4_games_(A%E2%80%93L) | https://store.steampowered.com/app/1913210 | https://www.wikidata.org/wiki/Q111844850 | https://gamesdb.launchbox-app.com/games/details/443948,"La lista específica de PS4 atribuye el desarrollo a esta compañía. | La ficha comercial de Steam confirma la desarrolladora de la obra, no necesariamente el port de PS4. | Wikidata registra la compañía como desarrolladora. | LaunchBox registra esta desarrolladora para su ficha de PS4.",No propagar a ports o compilaciones sin comprobar sus créditos propios.,AMBIGUOUS_NAME | HIGH_OR_BETTER_GROUP_NOT_FULLY_RESOLVED | MISSING_SLUG
ps4-agents-of-mayhem,Agents of Mayhem,PAL España,standard,agents of mayhem,agents of mayhem,GAME_OR_UNKNOWN,DEVELOPER,developer,Volition,volition,Volition,EXACT_NAME_OR_ALIAS,Volition,RETAIN,HIGH,NO,EXACT_PHYSICAL_EDITION | GAME_WORK_OR_PS4_RELEASE | PS4_RELEASE,3,LAUNCHBOX_GAMES_DB | REGIONATLAS_LEGACY_PRICECHARTING_CREDIT | WIKIPEDIA_PS4_LIST,B_LEGACY_EXACT_PHYSICAL | B_PS4_RELEASE | C_DISCOVERY,https://www.pricecharting.com/game/pal-playstation-4/agents-of-mayhem | https://en.wikipedia.org/wiki/List_of_PlayStation_4_games_(A%E2%80%93L) | https://gamesdb.launchbox-app.com/games/details/142597,El crédito actual procede de la importación histórica de la ficha física enlazada; se contrasta con la consulta en vivo. | La lista específica de PS4 atribuye el desarrollo a esta compañía. | LaunchBox registra esta desarrolladora para su ficha de PS4.,No propagar a ports o compilaciones sin comprobar sus créditos propios.,HIGH_OR_BETTER_GROUP_NOT_FULLY_RESOLVED
ps4-agents-of-mayhem-day-one-edition,Agents of Mayhem [Day One Edition],PAL España,standard,agents of mayhem,agents of mayhem,EDITION_VARIANT,DEVELOPER,developer,Deep Silver Volition,,Deep Silver Volition,NOT_IN_COMPANY_INDEX,,ADD_MISSING,HIGH,NO,GAME_WORK | MATCHED_PS4_PRODUCT,2,PLAYSTATION_STORE_EXPLICIT_CREDIT | STEAM_STORE,A_OFFICIAL_MATCHED_TITLE_CREDIT | B_OTHER_PLATFORM,https://store.playstation.com/es-es/product/EP4062-CUSA03067_00-AGENTSOFMAYHEMDS | https://store.steampowered.com/app/304530,"Developed by Deep Silver Volition | La ficha comercial de Steam confirma la desarrolladora de la obra, no necesariamente el port de PS4.",No propagar a ports o compilaciones sin comprobar sus créditos propios.,HIGH_OR_BETTER_GROUP_NOT_FULLY_RESOLVED | MISSING_SLUG | NOT_IN_COMPANY_INDEX
ps4-agents-of-mayhem-steelbook-edition,Agents of Mayhem [Steelbook Edition],PAL España,standard,agents of mayhem,agents of mayhem,EDITION_VARIANT,DEVELOPER,developer,Deep Silver Volition,,Deep Silver Volition,NOT_IN_COMPANY_INDEX,,ADD_MISSING,HIGH,NO,GAME_WORK | MATCHED_PS4_PRODUCT,2,PLAYSTATION_STORE_EXPLICIT_CREDIT | STEAM_STORE,A_OFFICIAL_MATCHED_TITLE_CREDIT | B_OTHER_PLATFORM,https://store.playstation.com/es-es/product/EP4062-CUSA03067_00-AGENTSOFMAYHEMDS | https://store.steampowered.com/app/304530,"Developed by Deep Silver Volition | La ficha comercial de Steam confirma la desarrolladora de la obra, no necesariamente el port de PS4.",No propagar a ports o compilaciones sin comprobar sus créditos propios.,HIGH_OR_BETTER_GROUP_NOT_FULLY_RESOLVED | MISSING_SLUG | NOT_IN_COMPANY_INDEX
ps4-aggelos,Aggelos,PAL España,standard,aggelos,aggelos,GAME_OR_UNKNOWN,DEVELOPER,developer,Storybird Games,,Storybird Games,NOT_IN_COMPANY_INDEX,LookAtMyGame,REPLACE_OR_ADD_REVIEW,HIGH,NO,GAME_WORK | GAME_WORK_OR_PS4_RELEASE,2,STEAM_STORE | WIKIPEDIA_PS4_LIST,B_OTHER_PLATFORM | B_PS4_RELEASE,https://en.wikipedia.org/wiki/List_of_PlayStation_4_games_(A%E2%80%93L) | https://store.steampowered.com/app/717310,"La lista específica de PS4 atribuye el desarrollo a esta compañía. | La ficha comercial de Steam confirma la desarrolladora de la obra, no necesariamente el port de PS4.",No propagar a ports o compilaciones sin comprobar sus créditos propios.,HIGH_OR_BETTER_GROUP_NOT_FULLY_RESOLVED | MISSING_SLUG | NOT_IN_COMPANY_INDEX
ps4-agony,Agony,PAL España,standard,agony,agony,GAME_OR_UNKNOWN,DEVELOPER,developer,Madmind Studios,,Madmind Studios,NOT_IN_COMPANY_INDEX,Madmind Studio,REPLACE_OR_ADD_REVIEW,HIGH,NO,MATCHED_PS4_PRODUCT,1,PLAYSTATION_STORE_EXPLICIT_CREDIT,A_OFFICIAL_MATCHED_TITLE_CREDIT,https://store.playstation.com/es-es/product/EP3617-CUSA11622_00-AGONY00000000666,Developed by Madmind Studios,No propagar a ports o compilaciones sin comprobar sus créditos propios.,HIGH_OR_BETTER_GROUP_NOT_FULLY_RESOLVED | MISSING_SLUG | NOT_IN_COMPANY_INDEX
ps4-agony,Agony,PAL España,standard,agony,agony,GAME_OR_UNKNOWN,DEVELOPER,developer,Madmind Studio,madmind-studio,Madmind Studio,EXACT_NAME_OR_ALIAS,Madmind Studio,RETAIN,HIGH,NO,EXACT_PHYSICAL_EDITION | GAME_WORK | GAME_WORK_OR_PS4_RELEASE | PS4_RELEASE,4,LAUNCHBOX_GAMES_DB | REGIONATLAS_LEGACY_PRICECHARTING_CREDIT | STEAM_STORE | WIKIPEDIA_PS4_LIST,B_LEGACY_EXACT_PHYSICAL | B_OTHER_PLATFORM | B_PS4_RELEASE | C_DISCOVERY,https://www.pricecharting.com/game/pal-playstation-4/agony | https://en.wikipedia.org/wiki/List_of_PlayStation_4_games_(A%E2%80%93L) | https://store.steampowered.com/app/487720 | https://gamesdb.launchbox-app.com/games/details/201351,"El crédito actual procede de la importación histórica de la ficha física enlazada; se contrasta con la consulta en vivo. | La lista específica de PS4 atribuye el desarrollo a esta compañía. | La ficha comercial de Steam confirma la desarrolladora de la obra, no necesariamente el port de PS4. | LaunchBox registra esta desarrolladora para su ficha de PS4.",No propagar a ports o compilaciones sin comprobar sus créditos propios.,HIGH_OR_BETTER_GROUP_NOT_FULLY_RESOLVED
ps4-ai-the-somnium-files,AI: The Somnium Files,PAL España,standard,ai the somnium files,ai the somnium files,GAME_OR_UNKNOWN,DEVELOPER,developer,Spike Chunsoft,,Spike Chunsoft | Spike Chunsoft Co Ltd. | Spike ChunSoft,AMBIGUOUS_NAME,Spike Chunsoft,REPLACE_OR_ADD_REVIEW,HIGH,NO,EXACT_PHYSICAL_EDITION | GAME_WORK | GAME_WORK_OR_PS4_RELEASE | PS4_RELEASE,5,LAUNCHBOX_GAMES_DB | PRICECHARTING_EXACT_PAL_PAGE | STEAM_STORE | WIKIDATA | WIKIPEDIA_PS4_LIST,B_EXACT_PHYSICAL | B_OTHER_PLATFORM | B_PS4_RELEASE | C_DISCOVERY,https://www.pricecharting.com/game/pal-playstation-4/ai-the-somnium-files | https://en.wikipedia.org/wiki/List_of_PlayStation_4_games_(A%E2%80%93L) | https://store.steampowered.com/app/948740 | https://www.wikidata.org/wiki/Q55602944 | https://gamesdb.launchbox-app.com/games/details/421791,"La ficha enlazada de la edición física PAL atribuye el desarrollo a esta compañía. | La lista específica de PS4 atribuye el desarrollo a esta compañía. | La ficha comercial de Steam confirma la desarrolladora de la obra, no necesariamente el port de PS4. | Wikidata registra la compañía como desarrolladora. | LaunchBox registra esta desarrolladora para su ficha de PS4.",No propagar a ports o compilaciones sin comprobar sus créditos propios.,AMBIGUOUS_NAME | HIGH_OR_BETTER_GROUP_NOT_FULLY_RESOLVED | MISSING_SLUG
ps4-ai-the-somnium-files-nirvana-initiative,AI: The Somnium Files: Nirvana Initiative,PAL España,standard,ai the somnium files nirvana initiative,ai the somnium files nirvana initiative,GAME_OR_UNKNOWN,DEVELOPER,developer,Spike Chunsoft,,Spike Chunsoft | Spike Chunsoft Co Ltd.,AMBIGUOUS_NAME,Spike Chunsoft,REPLACE_OR_ADD_REVIEW,HIGH,NO,EXACT_PHYSICAL_EDITION | GAME_WORK | GAME_WORK_OR_PS4_RELEASE,4,PRICECHARTING_EXACT_PAL_PAGE | STEAM_STORE | WIKIDATA | WIKIPEDIA_PS4_LIST,B_EXACT_PHYSICAL | B_OTHER_PLATFORM | B_PS4_RELEASE | C_DISCOVERY,https://www.pricecharting.com/game/pal-playstation-4/ai-the-somnium-files-nirvana-initiative | https://en.wikipedia.org/wiki/List_of_PlayStation_4_games_(A%E2%80%93L) | https://store.steampowered.com/app/1449200 | https://www.wikidata.org/wiki/Q107423158,"La ficha enlazada de la edición física PAL atribuye el desarrollo a esta compañía. | La lista específica de PS4 atribuye el desarrollo a esta compañía. | La ficha comercial de Steam confirma la desarrolladora de la obra, no necesariamente el port de PS4. | Wikidata registra la compañía como desarrolladora.",No propagar a ports o compilaciones sin comprobar sus créditos propios.,AMBIGUOUS_NAME | HIGH_OR_BETTER_GROUP_NOT_FULLY_RESOLVED | MISSING_SLUG
ps4-ai-the-somnium-files-nirvana-initiative,AI: The Somnium Files: Nirvana Initiative,PAL España,standard,ai the somnium files nirvana initiative,ai the somnium files nirvana initiative,GAME_OR_UNKNOWN,PHYSICAL_PUBLISHER_OR_DISTRIBUTOR,publisher,Spike Chunsoft,,Spike Chunsoft,AMBIGUOUS_NAME,Numskull Games,REPLACE_OR_ADD_REVIEW,HIGH,NO,EXACT_PHYSICAL_EDITION | PAL_RELEASE,2,PRICECHARTING_EXACT_PAL_PAGE | WIKIPEDIA_PS4_LIST_PAL,B_EXACT_PHYSICAL | B_PAL_RELEASE,https://www.pricecharting.com/game/pal-playstation-4/ai-the-somnium-files-nirvana-initiative | https://en.wikipedia.org/wiki/List_of_PlayStation_4_games_(A%E2%80%93L),La ficha exacta de la edición física PAL etiqueta a esta compañía como Publisher; puede representar publicación o distribución física. | La columna PAL de la lista de PS4 atribuye la publicación a esta compañía.,Confirmar si la etiqueta Publisher representa publicación o distribución en la caja PAL.,AMBIGUOUS_NAME | HIGH_OR_BETTER_GROUP_NOT_FULLY_RESOLVED | MISSING_SLUG
ps4-ai-the-somnium-files-nirvana-initiative-collector%27s-edition,AI: The Somnium Files Nirvana Initiative [Collector's Edition],PAL España,standard,ai the somnium files nirvana initiative,ai the somnium files nirvana initiative,EDITION_VARIANT,DEVELOPER,developer,Spike Chunsoft,,Spike Chunsoft | Spike Chunsoft Co Ltd.,AMBIGUOUS_NAME,Spike Chunsoft,REPLACE_OR_ADD_REVIEW,HIGH,NO,EXACT_PHYSICAL_EDITION | GAME_WORK | GAME_WORK_OR_PS4_RELEASE,5,PRICECHARTING_EXACT_PAL_PAGE | REGIONATLAS_LEGACY_PRICECHARTING_CREDIT | STEAM_STORE | WIKIDATA | WIKIPEDIA_PS4_LIST,B_EXACT_PHYSICAL | B_LEGACY_EXACT_PHYSICAL | B_OTHER_PLATFORM | B_PS4_RELEASE | C_DISCOVERY,https://www.pricecharting.com/game/pal-playstation-4/ai-the-somnium-files-nirvana-initiative-collector%27s-edition | https://en.wikipedia.org/wiki/List_of_PlayStation_4_games_(A%E2%80%93L) | https://store.steampowered.com/app/1449200 | https://www.wikidata.org/wiki/Q107423158,"La ficha enlazada de la edición física PAL atribuye el desarrollo a esta compañía. | El crédito actual procede de la importación histórica de la ficha física enlazada; se contrasta con la consulta en vivo. | La lista específica de PS4 atribuye el desarrollo a esta compañía. | La ficha comercial de Steam confirma la desarrolladora de la obra, no necesariamente el port de PS4. | Wikidata registra la compañía como desarrolladora.",No propagar a ports o compilaciones sin comprobar sus créditos propios.,AMBIGUOUS_NAME | HIGH_OR_BETTER_GROUP_NOT_FULLY_RESOLVED | MISSING_SLUG
ps4-ai-the-somnium-files-special-agent-edition,AI: The Somnium Files [Special Agent Edition],PAL España,standard,ai the somnium files,ai the somnium files,EDITION_VARIANT,DEVELOPER,developer,Spike Chunsoft,,Spike Chunsoft | Spike Chunsoft Co Ltd. | Spike ChunSoft,AMBIGUOUS_NAME,,ADD_MISSING,HIGH,NO,GAME_WORK | GAME_WORK_OR_PS4_RELEASE | PS4_RELEASE,4,LAUNCHBOX_GAMES_DB | STEAM_STORE | WIKIDATA | WIKIPEDIA_PS4_LIST,B_OTHER_PLATFORM | B_PS4_RELEASE | C_DISCOVERY,https://en.wikipedia.org/wiki/List_of_PlayStation_4_games_(A%E2%80%93L) | https://store.steampowered.com/app/948740 | https://www.wikidata.org/wiki/Q55602944 | https://gamesdb.launchbox-app.com/games/details/421791,"La lista específica de PS4 atribuye el desarrollo a esta compañía. | La ficha comercial de Steam confirma la desarrolladora de la obra, no necesariamente el port de PS4. | Wikidata registra la compañía como desarrolladora. | LaunchBox registra esta desarrolladora para su ficha de PS4.",No propagar a ports o compilaciones sin comprobar sus créditos propios.,AMBIGUOUS_NAME | HIGH_OR_BETTER_GROUP_NOT_FULLY_RESOLVED | MISSING_SLUG
ps4-air-conflicts-vietnam-ultimate-edition,Air Conflicts Vietnam [Ultimate Edition],PAL España,standard,air conflicts vietnam,air conflicts vietnam,EDITION_VARIANT,DEVELOPER,developer,Games Farm,games-farm,Games Farm,EXACT_NAME_OR_ALIAS,,ADD_MISSING,HIGH,NO,GAME_WORK | GAME_WORK_OR_PS4_RELEASE | MATCHED_PS4_PRODUCT | PS4_RELEASE,4,LAUNCHBOX_GAMES_DB | PLAYSTATION_STORE_EXPLICIT_CREDIT | STEAM_STORE | WIKIPEDIA_PS4_LIST,A_OFFICIAL_MATCHED_TITLE_CREDIT | B_OTHER_PLATFORM | B_PS4_RELEASE | C_DISCOVERY,https://store.playstation.com/es-es/product/EP4335-CUSA00456_00-AIRCONFLICTSVIET | https://en.wikipedia.org/wiki/List_of_PlayStation_4_games_(A%E2%80%93L) | https://store.steampowered.com/app/233210 | https://gamesdb.launchbox-app.com/games/details/34757,"Developed by Games Farm | Desarrollado por Juegos Farm | La lista específica de PS4 atribuye el desarrollo a esta compañía. | La ficha comercial de Steam confirma la desarrolladora de la obra, no necesariamente el port de PS4. | LaunchBox registra esta desarrolladora para su ficha de PS4.",No propagar a ports o compilaciones sin comprobar sus créditos propios.,HIGH_OR_BETTER_GROUP_NOT_FULLY_RESOLVED
ps4-air-conflicts-vietnam-ultimate-edition,Air Conflicts Vietnam [Ultimate Edition],PAL España,standard,air conflicts vietnam,air conflicts vietnam,EDITION_VARIANT,DEVELOPER,developer,Juegos Farm,,Juegos Farm,NOT_IN_COMPANY_INDEX,,ADD_MISSING,HIGH,NO,MATCHED_PS4_PRODUCT,1,PLAYSTATION_STORE_EXPLICIT_CREDIT,A_OFFICIAL_MATCHED_TITLE_CREDIT,https://store.playstation.com/es-es/product/EP4335-CUSA00456_00-AIRCONFLICTSVIET,Developed by Games Farm | Desarrollado por Juegos Farm,No propagar a ports o compilaciones sin comprobar sus créditos propios.,HIGH_OR_BETTER_GROUP_NOT_FULLY_RESOLVED | MISSING_SLUG | NOT_IN_COMPANY_INDEX
ps4-akiba%27s-trip-undead-&amp;-undressed,Akiba's Trip: Undead & Undressed,PAL España,standard,akiba s trip undead and undressed,akiba s trip undead and undressed,GAME_OR_UNKNOWN,PHYSICAL_PUBLISHER_OR_DISTRIBUTOR,publisher,NIS America,,NIS America,AMBIGUOUS_NAME,Acquire,REPLACE_OR_ADD_REVIEW,HIGH,NO,EXACT_PHYSICAL_EDITION | PAL_RELEASE,2,PRICECHARTING_EXACT_PAL_PAGE | WIKIPEDIA_PS4_LIST_PAL,B_EXACT_PHYSICAL | B_PAL_RELEASE,https://www.pricecharting.com/game/pal-playstation-4/akiba%27s-trip-undead-&-undressed | https://en.wikipedia.org/wiki/List_of_PlayStation_4_games_(A%E2%80%93L),La ficha exacta de la edición física PAL etiqueta a esta compañía como Publisher; puede representar publicación o distribución física. | La columna PAL de la lista de PS4 atribuye la publicación a esta compañía.,Confirmar si la etiqueta Publisher representa publicación o distribución en la caja PAL.,AMBIGUOUS_NAME | HIGH_OR_BETTER_GROUP_NOT_FULLY_RESOLVED | MISSING_SLUG
ps4-akka-arrh-special-edition,Akka Arrh: Special Edition,PAL España,standard,akka arrh,akka arrh,EDITION_VARIANT,PHYSICAL_PUBLISHER_OR_DISTRIBUTOR,publisher,Atari,,Atari,AMBIGUOUS_NAME,Atari,REPLACE_OR_ADD_REVIEW,HIGH,NO,EXACT_PHYSICAL_EDITION,2,PRICECHARTING_EXACT_PAL_PAGE | REGIONATLAS_LEGACY_PRICECHARTING_CREDIT,B_EXACT_PHYSICAL | B_LEGACY_EXACT_PHYSICAL,https://www.pricecharting.com/game/pal-playstation-4/akka-arrh-special-edition,La ficha exacta de la edición física PAL etiqueta a esta compañía como Publisher; puede representar publicación o distribución física. | El crédito actual procede de la importación histórica de la ficha física enlazada; se contrasta con la consulta en vivo.,Confirmar si la etiqueta Publisher representa publicación o distribución en la caja PAL.,AMBIGUOUS_NAME | HIGH_OR_BETTER_GROUP_NOT_FULLY_RESOLVED | MISSING_SLUG
ps4-alekhine%27s-gun,Alekhine's Gun,PAL España,standard,alekhine s gun,alekhine s gun,GAME_OR_UNKNOWN,DEVELOPER,developer,Haggard Games,,Haggard Games,NOT_IN_COMPANY_INDEX,Maximum Games,REPLACE_OR_ADD_REVIEW,HIGH,NO,GAME_WORK | GAME_WORK_OR_PS4_RELEASE,2,STEAM_STORE | WIKIPEDIA_PS4_LIST,B_OTHER_PLATFORM | B_PS4_RELEASE,https://en.wikipedia.org/wiki/List_of_PlayStation_4_games_(A%E2%80%93L) | https://store.steampowered.com/app/406720,"La lista específica de PS4 atribuye el desarrollo a esta compañía. | La ficha comercial de Steam confirma la desarrolladora de la obra, no necesariamente el port de PS4.",No propagar a ports o compilaciones sin comprobar sus créditos propios.,HIGH_OR_BETTER_GROUP_NOT_FULLY_RESOLVED | MISSING_SLUG | NOT_IN_COMPANY_INDEX
ps4-alien-isolation,Alien Isolation,PAL España,standard,alien isolation,alien isolation,GAME_OR_UNKNOWN,DEVELOPER,developer,Creative Assembly,,Creative Assembly,NOT_IN_COMPANY_INDEX,Creative Assembly,REPLACE_OR_ADD_REVIEW,HIGH,NO,GAME_WORK | GAME_WORK_OR_PS4_RELEASE | PS4_RELEASE,4,LAUNCHBOX_GAMES_DB | STEAM_STORE | WIKIDATA | WIKIPEDIA_PS4_LIST,B_OTHER_PLATFORM | B_PS4_RELEASE | C_DISCOVERY,https://en.wikipedia.org/wiki/List_of_PlayStation_4_games_(A%E2%80%93L) | https://store.steampowered.com/app/214490 | https://www.wikidata.org/wiki/Q15613717 | https://gamesdb.launchbox-app.com/games/details/21192,"La lista específica de PS4 atribuye el desarrollo a esta compañía. | La ficha comercial de Steam confirma la desarrolladora de la obra, no necesariamente el port de PS4. | Wikidata registra la compañía como desarrolladora. | LaunchBox registra esta desarrolladora para su ficha de PS4.",No propagar a ports o compilaciones sin comprobar sus créditos propios.,HIGH_OR_BETTER_GROUP_NOT_FULLY_RESOLVED | MISSING_SLUG | NOT_IN_COMPANY_INDEX
ps4-alien-isolation-evac-lifeboat-steelbook-edition,Alien: Isolation [EVAC Lifeboat Steelbook Edition],PAL España,standard,alien isolation,alien isolation,EDITION_VARIANT,DEVELOPER,developer,Creative Assembly,,Creative Assembly,NOT_IN_COMPANY_INDEX,,ADD_MISSING,HIGH,NO,GAME_WORK | GAME_WORK_OR_PS4_RELEASE | PS4_RELEASE,4,LAUNCHBOX_GAMES_DB | STEAM_STORE | WIKIDATA | WIKIPEDIA_PS4_LIST,B_OTHER_PLATFORM | B_PS4_RELEASE | C_DISCOVERY,https://en.wikipedia.org/wiki/List_of_PlayStation_4_games_(A%E2%80%93L) | https://store.steampowered.com/app/214490 | https://www.wikidata.org/wiki/Q15613717 | https://gamesdb.launchbox-app.com/games/details/21192,"La lista específica de PS4 atribuye el desarrollo a esta compañía. | La ficha comercial de Steam confirma la desarrolladora de la obra, no necesariamente el port de PS4. | Wikidata registra la compañía como desarrolladora. | LaunchBox registra esta desarrolladora para su ficha de PS4.",No propagar a ports o compilaciones sin comprobar sus créditos propios.,HIGH_OR_BETTER_GROUP_NOT_FULLY_RESOLVED | MISSING_SLUG | NOT_IN_COMPANY_INDEX
ps4-alien-isolation-nostromo-edition,Alien Isolation [Nostromo Edition],PAL España,standard,alien isolation,alien isolation,GAME_OR_UNKNOWN,DEVELOPER,developer,Creative Assembly,,Creative Assembly,NOT_IN_COMPANY_INDEX,,ADD_MISSING,HIGH,NO,EXACT_PHYSICAL_EDITION | GAME_WORK | GAME_WORK_OR_PS4_RELEASE | PS4_RELEASE,5,LAUNCHBOX_GAMES_DB | PRICECHARTING_EXACT_PAL_PAGE | STEAM_STORE | WIKIDATA | WIKIPEDIA_PS4_LIST,B_EXACT_PHYSICAL | B_OTHER_PLATFORM | B_PS4_RELEASE | C_DISCOVERY,https://www.pricecharting.com/game/pal-playstation-4/alien-isolation-nostromo-edition | https://en.wikipedia.org/wiki/List_of_PlayStation_4_games_(A%E2%80%93L) | https://store.steampowered.com/app/214490 | https://www.wikidata.org/wiki/Q15613717 | https://gamesdb.launchbox-app.com/games/details/21192,"La ficha enlazada de la edición física PAL atribuye el desarrollo a esta compañía. | La lista específica de PS4 atribuye el desarrollo a esta compañía. | La ficha comercial de Steam confirma la desarrolladora de la obra, no necesariamente el port de PS4. | Wikidata registra la compañía como desarrolladora. | LaunchBox registra esta desarrolladora para su ficha de PS4.",No propagar a ports o compilaciones sin comprobar sus créditos propios.,HIGH_OR_BETTER_GROUP_NOT_FULLY_RESOLVED | MISSING_SLUG | NOT_IN_COMPANY_INDEX
ps4-alien-isolation-ripley-edition,Alien Isolation [Ripley Edition],PAL España,standard,alien isolation,alien isolation,GAME_OR_UNKNOWN,DEVELOPER,developer,Creative Assembly,,Creative Assembly,NOT_IN_COMPANY_INDEX,,ADD_MISSING,HIGH,NO,GAME_WORK | GAME_WORK_OR_PS4_RELEASE | PS4_RELEASE,4,LAUNCHBOX_GAMES_DB | STEAM_STORE | WIKIDATA | WIKIPEDIA_PS4_LIST,B_OTHER_PLATFORM | B_PS4_RELEASE | C_DISCOVERY,https://en.wikipedia.org/wiki/List_of_PlayStation_4_games_(A%E2%80%93L) | https://store.steampowered.com/app/214490 | https://www.wikidata.org/wiki/Q15613717 | https://gamesdb.launchbox-app.com/games/details/21192,"La lista específica de PS4 atribuye el desarrollo a esta compañía. | La ficha comercial de Steam confirma la desarrolladora de la obra, no necesariamente el port de PS4. | Wikidata registra la compañía como desarrolladora. | LaunchBox registra esta desarrolladora para su ficha de PS4.",No propagar a ports o compilaciones sin comprobar sus créditos propios.,HIGH_OR_BETTER_GROUP_NOT_FULLY_RESOLVED | MISSING_SLUG | NOT_IN_COMPANY_INDEX
ps4-aliens-dark-descent,Aliens: Dark Descent,PAL España,standard,aliens dark descent,aliens dark descent,GAME_OR_UNKNOWN,DEVELOPER,developer,Tindalos Interactive,,Tindalos Interactive,NOT_IN_COMPANY_INDEX,,ADD_MISSING,HIGH,NO,GAME_WORK | GAME_WORK_OR_PS4_RELEASE,2,STEAM_STORE | WIKIPEDIA_PS4_LIST,B_OTHER_PLATFORM | B_PS4_RELEASE,https://en.wikipedia.org/wiki/List_of_PlayStation_4_games_(A%E2%80%93L) | https://store.steampowered.com/app/1150440,"La lista específica de PS4 atribuye el desarrollo a esta compañía. | La ficha comercial de Steam confirma la desarrolladora de la obra, no necesariamente el port de PS4.",No propagar a ports o compilaciones sin comprobar sus créditos propios.,HIGH_OR_BETTER_GROUP_NOT_FULLY_RESOLVED | MISSING_SLUG | NOT_IN_COMPANY_INDEX
ps4-among-the-sleep-enhanced-edition,Among The Sleep [Enhanced Edition],PAL España,standard,among the sleep,among the sleep,GAME_OR_UNKNOWN,DEVELOPER,developer,Krillbite Studio,,Krillbite Studio,NOT_IN_COMPANY_INDEX,,ADD_MISSING,HIGH,NO,GAME_WORK | GAME_WORK_OR_PS4_RELEASE | PS4_RELEASE,4,LAUNCHBOX_GAMES_DB | STEAM_STORE | WIKIDATA | WIKIPEDIA_PS4_LIST,B_OTHER_PLATFORM | B_PS4_RELEASE | C_DISCOVERY,https://en.wikipedia.org/wiki/List_of_PlayStation_4_games_(A%E2%80%93L) | https://store.steampowered.com/app/250620 | https://www.wikidata.org/wiki/Q4747564 | https://gamesdb.launchbox-app.com/games/details/33362,"La lista específica de PS4 atribuye el desarrollo a esta compañía. | La ficha comercial de Steam confirma la desarrolladora de la obra, no necesariamente el port de PS4. | Wikidata registra la compañía como desarrolladora. | LaunchBox registra esta desarrolladora para su ficha de PS4.",No propagar a ports o compilaciones sin comprobar sus créditos propios.,HIGH_OR_BETTER_GROUP_NOT_FULLY_RESOLVED | MISSING_SLUG | NOT_IN_COMPANY_INDEX
ps4-angry-alligator,Angry Alligator,PAL España,standard,angry alligator,angry alligator,GAME_OR_UNKNOWN,PHYSICAL_PUBLISHER_OR_DISTRIBUTOR,publisher,Mindscape,,Mindscape,AMBIGUOUS_NAME,Mindscape,REPLACE_OR_ADD_REVIEW,HIGH,NO,EXACT_PHYSICAL_EDITION,2,PRICECHARTING_EXACT_PAL_PAGE | REGIONATLAS_LEGACY_PRICECHARTING_CREDIT,B_EXACT_PHYSICAL | B_LEGACY_EXACT_PHYSICAL,https://www.pricecharting.com/game/pal-playstation-4/angry-alligator,La ficha exacta de la edición física PAL etiqueta a esta compañía como Publisher; puede representar publicación o distribución física. | El crédito actual procede de la importación histórica de la ficha física enlazada; se contrasta con la consulta en vivo.,Confirmar si la etiqueta Publisher representa publicación o distribución en la caja PAL.,AMBIGUOUS_NAME | HIGH_OR_BETTER_GROUP_NOT_FULLY_RESOLVED | MISSING_SLUG
ps4-ao-international-tennis,AO International Tennis,PAL España,standard,ao international tennis,ao international tennis,GAME_OR_UNKNOWN,DEVELOPER,developer,Big Ant Studios,,big ant studios | Big Ant Studios,AMBIGUOUS_NAME,big ant studios,REPLACE_OR_ADD_REVIEW,HIGH,NO,EXACT_PHYSICAL_EDITION | GAME_WORK | PS4_RELEASE,5,LAUNCHBOX_GAMES_DB | PRICECHARTING_EXACT_PAL_PAGE | REGIONATLAS_LEGACY_PRICECHARTING_CREDIT | STEAM_STORE | WIKIDATA,B_EXACT_PHYSICAL | B_LEGACY_EXACT_PHYSICAL | B_OTHER_PLATFORM | C_DISCOVERY,https://www.pricecharting.com/game/pal-playstation-4/ao-international-tennis | https://store.steampowered.com/app/758410 | https://www.wikidata.org/wiki/Q48802933 | https://gamesdb.launchbox-app.com/games/details/207393,"La ficha enlazada de la edición física PAL atribuye el desarrollo a esta compañía. | El crédito actual procede de la importación histórica de la ficha física enlazada; se contrasta con la consulta en vivo. | La ficha comercial de Steam confirma la desarrolladora de la obra, no necesariamente el port de PS4. | Wikidata registra la compañía como desarrolladora. | LaunchBox registra esta desarrolladora para su ficha de PS4.",No propagar a ports o compilaciones sin comprobar sus créditos propios.,AMBIGUOUS_NAME | HIGH_OR_BETTER_GROUP_NOT_FULLY_RESOLVED | MISSING_SLUG
ps4-ao-international-tennis,AO International Tennis,PAL España,standard,ao international tennis,ao international tennis,GAME_OR_UNKNOWN,PHYSICAL_PUBLISHER_OR_DISTRIBUTOR,publisher,big ant studios pty,,big ant studios pty,AMBIGUOUS_NAME,big ant studios pty,REPLACE_OR_ADD_REVIEW,HIGH,NO,EXACT_PHYSICAL_EDITION,2,PRICECHARTING_EXACT_PAL_PAGE | REGIONATLAS_LEGACY_PRICECHARTING_CREDIT,B_EXACT_PHYSICAL | B_LEGACY_EXACT_PHYSICAL,https://www.pricecharting.com/game/pal-playstation-4/ao-international-tennis,La ficha exacta de la edición física PAL etiqueta a esta compañía como Publisher; puede representar publicación o distribución física. | El crédito actual procede de la importación histórica de la ficha física enlazada; se contrasta con la consulta en vivo.,Confirmar si la etiqueta Publisher representa publicación o distribución en la caja PAL.,AMBIGUOUS_NAME | HIGH_OR_BETTER_GROUP_NOT_FULLY_RESOLVED | MISSING_SLUG
ps4-ao-tennis-2,AO Tennis 2,PAL España,standard,ao tennis 2,ao tennis 2,GAME_OR_UNKNOWN,DEVELOPER,developer,Big Ant Studios,,Big Ant Studios,AMBIGUOUS_NAME,Big Ant Studios,REPLACE_OR_ADD_REVIEW,HIGH,NO,EXACT_PHYSICAL_EDITION | GAME_WORK | GAME_WORK_OR_PS4_RELEASE | PS4_RELEASE,5,LAUNCHBOX_GAMES_DB | REGIONATLAS_LEGACY_PRICECHARTING_CREDIT | STEAM_STORE | WIKIDATA | WIKIPEDIA_PS4_LIST,B_LEGACY_EXACT_PHYSICAL | B_OTHER_PLATFORM | B_PS4_RELEASE | C_DISCOVERY,https://www.pricecharting.com/game/pal-playstation-4/ao-tennis-2 | https://en.wikipedia.org/wiki/List_of_PlayStation_4_games_(A%E2%80%93L) | https://store.steampowered.com/app/1072500 | https://www.wikidata.org/wiki/Q96743182 | https://gamesdb.launchbox-app.com/games/details/422028,"El crédito actual procede de la importación histórica de la ficha física enlazada; se contrasta con la consulta en vivo. | La lista específica de PS4 atribuye el desarrollo a esta compañía. | La ficha comercial de Steam confirma la desarrolladora de la obra, no necesariamente el port de PS4. | Wikidata registra la compañía como desarrolladora. | LaunchBox registra esta desarrolladora para su ficha de PS4.",No propagar a ports o compilaciones sin comprobar sus créditos propios.,AMBIGUOUS_NAME | HIGH_OR_BETTER_GROUP_NOT_FULLY_RESOLVED | MISSING_SLUG
ps4-arc-of-alchemist,Arc of Alchemist,PAL España,standard,arc of alchemist,arc of alchemist,GAME_OR_UNKNOWN,DEVELOPER,developer,Compile Heart,,Compile Heart,AMBIGUOUS_NAME,Compile Heart,REPLACE_OR_ADD_REVIEW,HIGH,NO,EXACT_PHYSICAL_EDITION | GAME_WORK_OR_PS4_RELEASE | PS4_RELEASE,4,LAUNCHBOX_GAMES_DB | PRICECHARTING_EXACT_PAL_PAGE | REGIONATLAS_LEGACY_PRICECHARTING_CREDIT | WIKIPEDIA_PS4_LIST,B_EXACT_PHYSICAL | B_LEGACY_EXACT_PHYSICAL | B_PS4_RELEASE | C_DISCOVERY,https://www.pricecharting.com/game/pal-playstation-4/arc-of-alchemist | https://en.wikipedia.org/wiki/List_of_PlayStation_4_games_(A%E2%80%93L) | https://gamesdb.launchbox-app.com/games/details/185733,La ficha enlazada de la edición física PAL atribuye el desarrollo a esta compañía. | El crédito actual procede de la importación histórica de la ficha física enlazada; se contrasta con la consulta en vivo. | La lista específica de PS4 atribuye el desarrollo a esta compañía. | LaunchBox registra esta desarrolladora para su ficha de PS4.,No propagar a ports o compilaciones sin comprobar sus créditos propios.,AMBIGUOUS_NAME | HIGH_OR_BETTER_GROUP_NOT_FULLY_RESOLVED | MISSING_SLUG
ps4-arise-a-simple-story,Arise: A Simple Story,PAL España,standard,arise a simple story,arise a simple story,GAME_OR_UNKNOWN,DEVELOPER,developer,Piccolo Studio SL,,Piccolo Studio SL,NOT_IN_COMPANY_INDEX,Piccolo Studio,REPLACE_OR_ADD_REVIEW,HIGH,NO,MATCHED_PS4_PRODUCT,1,PLAYSTATION_STORE_EXPLICIT_CREDIT,A_OFFICIAL_MATCHED_TITLE_CREDIT,https://store.playstation.com/es-es/product/EP2911-CUSA12772_00-ARISETHEGAME00EU,developed by Piccolo Studio SL,No propagar a ports o compilaciones sin comprobar sus créditos propios.,HIGH_OR_BETTER_GROUP_NOT_FULLY_RESOLVED | MISSING_SLUG | NOT_IN_COMPANY_INDEX
ps4-arise-a-simple-story,Arise: A Simple Story,PAL España,standard,arise a simple story,arise a simple story,GAME_OR_UNKNOWN,DEVELOPER,developer,Piccolo Studio,piccolo-studio,Piccolo Studio,EXACT_NAME_OR_ALIAS,Piccolo Studio,RETAIN,HIGH,NO,EXACT_PHYSICAL_EDITION | GAME_WORK | GAME_WORK_OR_PS4_RELEASE,5,PRICECHARTING_EXACT_PAL_PAGE | REGIONATLAS_LEGACY_PRICECHARTING_CREDIT | STEAM_STORE | WIKIDATA | WIKIPEDIA_PS4_LIST,B_EXACT_PHYSICAL | B_LEGACY_EXACT_PHYSICAL | B_OTHER_PLATFORM | B_PS4_RELEASE | C_DISCOVERY,https://www.pricecharting.com/game/pal-playstation-4/arise-a-simple-story | https://en.wikipedia.org/wiki/List_of_PlayStation_4_games_(A%E2%80%93L) | https://store.steampowered.com/app/866140 | https://www.wikidata.org/wiki/Q69891334,"La ficha enlazada de la edición física PAL atribuye el desarrollo a esta compañía. | El crédito actual procede de la importación histórica de la ficha física enlazada; se contrasta con la consulta en vivo. | La lista específica de PS4 atribuye el desarrollo a esta compañía. | La ficha comercial de Steam confirma la desarrolladora de la obra, no necesariamente el port de PS4. | Wikidata registra la compañía como desarrolladora.",No propagar a ports o compilaciones sin comprobar sus créditos propios.,HIGH_OR_BETTER_GROUP_NOT_FULLY_RESOLVED
ps4-arise-a-simple-story-deluxe-edition,Arise: A Simple Story [Deluxe Edition],PAL España,standard,arise a simple story,arise a simple story,EDITION_VARIANT,DEVELOPER,developer,Piccolo Studio SL,,Piccolo Studio SL,NOT_IN_COMPANY_INDEX,,ADD_MISSING,HIGH,NO,MATCHED_PS4_PRODUCT,1,PLAYSTATION_STORE_EXPLICIT_CREDIT,A_OFFICIAL_MATCHED_TITLE_CREDIT,https://store.playstation.com/es-es/product/EP2911-CUSA12772_00-ARISETHEGAME00EU,developed by Piccolo Studio SL,No propagar a ports o compilaciones sin comprobar sus créditos propios.,HIGH_OR_BETTER_GROUP_NOT_FULLY_RESOLVED | MISSING_SLUG | NOT_IN_COMPANY_INDEX
ps4-arise-a-simple-story-deluxe-edition,Arise: A Simple Story [Deluxe Edition],PAL España,standard,arise a simple story,arise a simple story,EDITION_VARIANT,DEVELOPER,developer,Piccolo Studio,piccolo-studio,Piccolo Studio,EXACT_NAME_OR_ALIAS,,ADD_MISSING,HIGH,NO,EXACT_PHYSICAL_EDITION | GAME_WORK | GAME_WORK_OR_PS4_RELEASE,4,PRICECHARTING_EXACT_PAL_PAGE | STEAM_STORE | WIKIDATA | WIKIPEDIA_PS4_LIST,B_EXACT_PHYSICAL | B_OTHER_PLATFORM | B_PS4_RELEASE | C_DISCOVERY,https://www.pricecharting.com/game/pal-playstation-4/arise-a-simple-story-deluxe-edition | https://en.wikipedia.org/wiki/List_of_PlayStation_4_games_(A%E2%80%93L) | https://store.steampowered.com/app/866140 | https://www.wikidata.org/wiki/Q69891334,"La ficha enlazada de la edición física PAL atribuye el desarrollo a esta compañía. | La lista específica de PS4 atribuye el desarrollo a esta compañía. | La ficha comercial de Steam confirma la desarrolladora de la obra, no necesariamente el port de PS4. | Wikidata registra la compañía como desarrolladora.",No propagar a ports o compilaciones sin comprobar sus créditos propios.,HIGH_OR_BETTER_GROUP_NOT_FULLY_RESOLVED
ps4-ark-survival-evolved,Ark Survival Evolved,PAL España,standard,ark survival evolved,ark survival evolved,GAME_OR_UNKNOWN,DEVELOPER,developer,Studio Wildcard,,Studio Wildcard,NOT_IN_COMPANY_INDEX,,ADD_MISSING,HIGH,NO,GAME_WORK | GAME_WORK_OR_PS4_RELEASE,3,STEAM_STORE | WIKIDATA | WIKIPEDIA_PS4_LIST,B_OTHER_PLATFORM | B_PS4_RELEASE | C_DISCOVERY,https://en.wikipedia.org/wiki/List_of_PlayStation_4_games_(A%E2%80%93L) | https://store.steampowered.com/app/346110 | https://www.wikidata.org/wiki/Q20031747,"La lista específica de PS4 atribuye el desarrollo a esta compañía. | La ficha comercial de Steam confirma la desarrolladora de la obra, no necesariamente el port de PS4. | Wikidata registra la compañía como desarrolladora.",No propagar a ports o compilaciones sin comprobar sus créditos propios.,HIGH_OR_BETTER_GROUP_NOT_FULLY_RESOLVED | MISSING_SLUG | NOT_IN_COMPANY_INDEX
ps4-ark-survival-evolved-ultimate-survivor-edition,ARK: Survival Evolved [Ultimate Survivor Edition],PAL España,standard,ark survival evolved,ark survival evolved,EDITION_VARIANT,DEVELOPER,developer,Studio Wildcard,,Studio Wildcard,NOT_IN_COMPANY_INDEX,,ADD_MISSING,HIGH,NO,GAME_WORK | GAME_WORK_OR_PS4_RELEASE,3,STEAM_STORE | WIKIDATA | WIKIPEDIA_PS4_LIST,B_OTHER_PLATFORM | B_PS4_RELEASE | C_DISCOVERY,https://en.wikipedia.org/wiki/List_of_PlayStation_4_games_(A%E2%80%93L) | https://store.steampowered.com/app/346110 | https://www.wikidata.org/wiki/Q20031747,"La lista específica de PS4 atribuye el desarrollo a esta compañía. | La ficha comercial de Steam confirma la desarrolladora de la obra, no necesariamente el port de PS4. | Wikidata registra la compañía como desarrolladora.",No propagar a ports o compilaciones sin comprobar sus créditos propios.,HIGH_OR_BETTER_GROUP_NOT_FULLY_RESOLVED | MISSING_SLUG | NOT_IN_COMPANY_INDEX
ps4-ashes-cricket,Ashes Cricket,PAL España,standard,ashes cricket,ashes cricket,GAME_OR_UNKNOWN,DEVELOPER,developer,Big Ant Studios,,Big Ant Studios,AMBIGUOUS_NAME,Big Ant Studios,REPLACE_OR_ADD_REVIEW,HIGH,NO,EXACT_PHYSICAL_EDITION | GAME_WORK | GAME_WORK_OR_PS4_RELEASE | PS4_RELEASE,6,LAUNCHBOX_GAMES_DB | PRICECHARTING_EXACT_PAL_PAGE | REGIONATLAS_LEGACY_PRICECHARTING_CREDIT | STEAM_STORE | WIKIDATA | WIKIPEDIA_PS4_LIST,B_EXACT_PHYSICAL | B_LEGACY_EXACT_PHYSICAL | B_OTHER_PLATFORM | B_PS4_RELEASE | C_DISCOVERY,https://www.pricecharting.com/game/pal-playstation-4/ashes-cricket | https://en.wikipedia.org/wiki/List_of_PlayStation_4_games_(A%E2%80%93L) | https://store.steampowered.com/app/649640 | https://www.wikidata.org/wiki/Q55381982 | https://gamesdb.launchbox-app.com/games/details/422140,"La ficha enlazada de la edición física PAL atribuye el desarrollo a esta compañía. | El crédito actual procede de la importación histórica de la ficha física enlazada; se contrasta con la consulta en vivo. | La lista específica de PS4 atribuye el desarrollo a esta compañía. | La ficha comercial de Steam confirma la desarrolladora de la obra, no necesariamente el port de PS4. | Wikidata registra la compañía como desarrolladora. | LaunchBox registra esta desarrolladora para su ficha de PS4.",No propagar a ports o compilaciones sin comprobar sus créditos propios.,AMBIGUOUS_NAME | HIGH_OR_BETTER_GROUP_NOT_FULLY_RESOLVED | MISSING_SLUG
ps4-ashes-cricket,Ashes Cricket,PAL España,standard,ashes cricket,ashes cricket,GAME_OR_UNKNOWN,PHYSICAL_PUBLISHER_OR_DISTRIBUTOR,publisher,Big Ant Studios,,Big Ant Studios,AMBIGUOUS_NAME,Big Ant Studios,REPLACE_OR_ADD_REVIEW,HIGH,NO,EXACT_PHYSICAL_EDITION | PAL_RELEASE,3,PRICECHARTING_EXACT_PAL_PAGE | REGIONATLAS_LEGACY_PRICECHARTING_CREDIT | WIKIPEDIA_PS4_LIST_PAL,B_EXACT_PHYSICAL | B_LEGACY_EXACT_PHYSICAL | B_PAL_RELEASE,https://www.pricecharting.com/game/pal-playstation-4/ashes-cricket | https://en.wikipedia.org/wiki/List_of_PlayStation_4_games_(A%E2%80%93L),La ficha exacta de la edición física PAL etiqueta a esta compañía como Publisher; puede representar publicación o distribución física. | El crédito actual procede de la importación histórica de la ficha física enlazada; se contrasta con la consulta en vivo. | La columna PAL de la lista de PS4 atribuye la publicación a esta compañía.,Confirmar si la etiqueta Publisher representa publicación o distribución en la caja PAL.,AMBIGUOUS_NAME | HIGH_OR_BETTER_GROUP_NOT_FULLY_RESOLVED | MISSING_SLUG
ps4-assasin%27s-creed-syndicate-big-ben-edition,Assasin's Creed Syndicate [Big Ben Edition],PAL España,standard,assasin s creed syndicate,assasin s creed syndicate,GAME_OR_UNKNOWN,PHYSICAL_PUBLISHER_OR_DISTRIBUTOR,publisher,Ubisoft,,Ubisoft,AMBIGUOUS_NAME,Ubisoft,REPLACE_OR_ADD_REVIEW,HIGH,NO,EXACT_PHYSICAL_EDITION,2,PRICECHARTING_EXACT_PAL_PAGE | REGIONATLAS_LEGACY_PRICECHARTING_CREDIT,B_EXACT_PHYSICAL | B_LEGACY_EXACT_PHYSICAL,https://www.pricecharting.com/game/pal-playstation-4/assasin%27s-creed-syndicate-big-ben-edition,La ficha exacta de la edición física PAL etiqueta a esta compañía como Publisher; puede representar publicación o distribución física. | El crédito actual procede de la importación histórica de la ficha física enlazada; se contrasta con la consulta en vivo.,Confirmar si la etiqueta Publisher representa publicación o distribución en la caja PAL.,AMBIGUOUS_NAME | HIGH_OR_BETTER_GROUP_NOT_FULLY_RESOLVED | MISSING_SLUG
ps4-assassin%27s-creed-iii-remastered,Assassin's Creed III Remastered,PAL España,standard,assassin s creed iii remastered,assassin s creed iii,EDITION_VARIANT,PHYSICAL_PUBLISHER_OR_DISTRIBUTOR,publisher,Ubisoft,,Ubisoft,AMBIGUOUS_NAME,Ubisoft,REPLACE_OR_ADD_REVIEW,HIGH,NO,EXACT_PHYSICAL_EDITION | PAL_RELEASE,3,PRICECHARTING_EXACT_PAL_PAGE | REGIONATLAS_LEGACY_PRICECHARTING_CREDIT | WIKIPEDIA_PS4_LIST_PAL,B_EXACT_PHYSICAL | B_LEGACY_EXACT_PHYSICAL | B_PAL_RELEASE,https://www.pricecharting.com/game/pal-playstation-4/assassin%27s-creed-iii-remastered | https://en.wikipedia.org/wiki/List_of_PlayStation_4_games_(A%E2%80%93L),La ficha exacta de la edición física PAL etiqueta a esta compañía como Publisher; puede representar publicación o distribución física. | El crédito actual procede de la importación histórica de la ficha física enlazada; se contrasta con la consulta en vivo. | La columna PAL de la lista de PS4 atribuye la publicación a esta compañía.,Confirmar si la etiqueta Publisher representa publicación o distribución en la caja PAL.,AMBIGUOUS_NAME | HIGH_OR_BETTER_GROUP_NOT_FULLY_RESOLVED | MISSING_SLUG
ps4-assassin%27s-creed-iv-black-flag-black-chest-edition,Assassin's Creed IV: Black Flag [Black Chest Edition],PAL España,standard,assassin s creed iv black flag,assassin s creed iv black flag,GAME_OR_UNKNOWN,PHYSICAL_PUBLISHER_OR_DISTRIBUTOR,publisher,Ubisoft,,Ubisoft,AMBIGUOUS_NAME,,ADD_MISSING,HIGH,NO,EXACT_PHYSICAL_EDITION | PAL_RELEASE,2,PRICECHARTING_EXACT_PAL_PAGE | WIKIPEDIA_PS4_LIST_PAL,B_EXACT_PHYSICAL | B_PAL_RELEASE,https://www.pricecharting.com/game/pal-playstation-4/assassin%27s-creed-iv-black-flag-black-chest-edition | https://en.wikipedia.org/wiki/List_of_PlayStation_4_games_(A%E2%80%93L),La ficha exacta de la edición física PAL etiqueta a esta compañía como Publisher; puede representar publicación o distribución física. | La columna PAL de la lista de PS4 atribuye la publicación a esta compañía.,Confirmar si la etiqueta Publisher representa publicación o distribución en la caja PAL.,AMBIGUOUS_NAME | HIGH_OR_BETTER_GROUP_NOT_FULLY_RESOLVED | MISSING_SLUG
ps4-assassin%27s-creed-iv-black-flag-playstation-hits,Assassin's Creed IV: Black Flag [PlayStation Hits],PAL España,standard,assassin s creed iv black flag,assassin s creed iv black flag,EDITION_VARIANT,PHYSICAL_PUBLISHER_OR_DISTRIBUTOR,publisher,Ubisoft,,Ubisoft,AMBIGUOUS_NAME,,ADD_MISSING,HIGH,NO,EXACT_PHYSICAL_EDITION | PAL_RELEASE,2,PRICECHARTING_EXACT_PAL_PAGE | WIKIPEDIA_PS4_LIST_PAL,B_EXACT_PHYSICAL | B_PAL_RELEASE,https://www.pricecharting.com/game/pal-playstation-4/assassin%27s-creed-iv-black-flag-playstation-hits | https://en.wikipedia.org/wiki/List_of_PlayStation_4_games_(A%E2%80%93L),La ficha exacta de la edición física PAL etiqueta a esta compañía como Publisher; puede representar publicación o distribución física. | La columna PAL de la lista de PS4 atribuye la publicación a esta compañía.,Confirmar si la etiqueta Publisher representa publicación o distribución en la caja PAL.,AMBIGUOUS_NAME | HIGH_OR_BETTER_GROUP_NOT_FULLY_RESOLVED | MISSING_SLUG
ps4-assassin%27s-creed-iv-black-flag-skull-edition,Assassin's Creed IV: Black Flag [Skull Edition],PAL España,standard,assassin s creed iv black flag,assassin s creed iv black flag,GAME_OR_UNKNOWN,PHYSICAL_PUBLISHER_OR_DISTRIBUTOR,publisher,Ubisoft,,Ubisoft,AMBIGUOUS_NAME,,ADD_MISSING,HIGH,NO,EXACT_PHYSICAL_EDITION | PAL_RELEASE,2,PRICECHARTING_EXACT_PAL_PAGE | WIKIPEDIA_PS4_LIST_PAL,B_EXACT_PHYSICAL | B_PAL_RELEASE,https://www.pricecharting.com/game/pal-playstation-4/assassin%27s-creed-iv-black-flag-skull-edition | https://en.wikipedia.org/wiki/List_of_PlayStation_4_games_(A%E2%80%93L),La ficha exacta de la edición física PAL etiqueta a esta compañía como Publisher; puede representar publicación o distribución física. | La columna PAL de la lista de PS4 atribuye la publicación a esta compañía.,Confirmar si la etiqueta Publisher representa publicación o distribución en la caja PAL.,AMBIGUOUS_NAME | HIGH_OR_BETTER_GROUP_NOT_FULLY_RESOLVED | MISSING_SLUG
ps4-assassin%27s-creed-mirage,Assassin's Creed: Mirage,PAL España,standard,assassin s creed mirage,assassin s creed mirage,GAME_OR_UNKNOWN,DEVELOPER,developer,Ubisoft Bordeaux,,Ubisoft Bordeaux,NOT_IN_COMPANY_INDEX,,ADD_MISSING,HIGH,NO,GAME_WORK | GAME_WORK_OR_PS4_RELEASE,2,STEAM_STORE | WIKIPEDIA_PS4_LIST,B_OTHER_PLATFORM | B_PS4_RELEASE,https://en.wikipedia.org/wiki/List_of_PlayStation_4_games_(A%E2%80%93L) | https://store.steampowered.com/app/3035570,"La lista específica de PS4 atribuye el desarrollo a esta compañía. | La ficha comercial de Steam confirma la desarrolladora de la obra, no necesariamente el port de PS4.",No propagar a ports o compilaciones sin comprobar sus créditos propios.,HIGH_OR_BETTER_GROUP_NOT_FULLY_RESOLVED | MISSING_SLUG | NOT_IN_COMPANY_INDEX
ps4-assassin%27s-creed-mirage,Assassin's Creed: Mirage,PAL España,standard,assassin s creed mirage,assassin s creed mirage,GAME_OR_UNKNOWN,PHYSICAL_PUBLISHER_OR_DISTRIBUTOR,publisher,Ubisoft,,Ubisoft,AMBIGUOUS_NAME,Ubisoft,REPLACE_OR_ADD_REVIEW,HIGH,NO,EXACT_PHYSICAL_EDITION | PAL_RELEASE,3,PRICECHARTING_EXACT_PAL_PAGE | REGIONATLAS_LEGACY_PRICECHARTING_CREDIT | WIKIPEDIA_PS4_LIST_PAL,B_EXACT_PHYSICAL | B_LEGACY_EXACT_PHYSICAL | B_PAL_RELEASE,https://www.pricecharting.com/game/pal-playstation-4/assassin%27s-creed-mirage | https://en.wikipedia.org/wiki/List_of_PlayStation_4_games_(A%E2%80%93L),La ficha exacta de la edición física PAL etiqueta a esta compañía como Publisher; puede representar publicación o distribución física. | El crédito actual procede de la importación histórica de la ficha física enlazada; se contrasta con la consulta en vivo. | La columna PAL de la lista de PS4 atribuye la publicación a esta compañía.,Confirmar si la etiqueta Publisher representa publicación o distribución en la caja PAL.,AMBIGUOUS_NAME | HIGH_OR_BETTER_GROUP_NOT_FULLY_RESOLVED | MISSING_SLUG
ps4-assassin%27s-creed-mirage-collector%27s-edition,Assassin's Creed Mirage [Collector's Edition],PAL España,standard,assassin s creed mirage,assassin s creed mirage,EDITION_VARIANT,DEVELOPER,developer,Ubisoft Bordeaux,,Ubisoft Bordeaux,NOT_IN_COMPANY_INDEX,,ADD_MISSING,HIGH,NO,GAME_WORK | GAME_WORK_OR_PS4_RELEASE,2,STEAM_STORE | WIKIPEDIA_PS4_LIST,B_OTHER_PLATFORM | B_PS4_RELEASE,https://en.wikipedia.org/wiki/List_of_PlayStation_4_games_(A%E2%80%93L) | https://store.steampowered.com/app/3035570,"La lista específica de PS4 atribuye el desarrollo a esta compañía. | La ficha comercial de Steam confirma la desarrolladora de la obra, no necesariamente el port de PS4.",No propagar a ports o compilaciones sin comprobar sus créditos propios.,HIGH_OR_BETTER_GROUP_NOT_FULLY_RESOLVED | MISSING_SLUG | NOT_IN_COMPANY_INDEX
ps4-assassin%27s-creed-mirage-deluxe-edition,Assassin's Creed: Mirage [Deluxe Edition],PAL España,standard,assassin s creed mirage,assassin s creed mirage,EDITION_VARIANT,DEVELOPER,developer,Ubisoft Bordeaux,,Ubisoft Bordeaux,NOT_IN_COMPANY_INDEX,,ADD_MISSING,HIGH,NO,GAME_WORK | GAME_WORK_OR_PS4_RELEASE,2,STEAM_STORE | WIKIPEDIA_PS4_LIST,B_OTHER_PLATFORM | B_PS4_RELEASE,https://en.wikipedia.org/wiki/List_of_PlayStation_4_games_(A%E2%80%93L) | https://store.steampowered.com/app/3035570,"La lista específica de PS4 atribuye el desarrollo a esta compañía. | La ficha comercial de Steam confirma la desarrolladora de la obra, no necesariamente el port de PS4.",No propagar a ports o compilaciones sin comprobar sus créditos propios.,HIGH_OR_BETTER_GROUP_NOT_FULLY_RESOLVED | MISSING_SLUG | NOT_IN_COMPANY_INDEX
ps4-assassin%27s-creed-mirage-deluxe-edition,Assassin's Creed: Mirage [Deluxe Edition],PAL España,standard,assassin s creed mirage,assassin s creed mirage,EDITION_VARIANT,PHYSICAL_PUBLISHER_OR_DISTRIBUTOR,publisher,Ubisoft,,Ubisoft,AMBIGUOUS_NAME,,ADD_MISSING,HIGH,NO,EXACT_PHYSICAL_EDITION | PAL_RELEASE,2,PRICECHARTING_EXACT_PAL_PAGE | WIKIPEDIA_PS4_LIST_PAL,B_EXACT_PHYSICAL | B_PAL_RELEASE,https://www.pricecharting.com/game/pal-playstation-4/assassin%27s-creed-mirage-deluxe-edition | https://en.wikipedia.org/wiki/List_of_PlayStation_4_games_(A%E2%80%93L),La ficha exacta de la edición física PAL etiqueta a esta compañía como Publisher; puede representar publicación o distribución física. | La columna PAL de la lista de PS4 atribuye la publicación a esta compañía.,Confirmar si la etiqueta Publisher representa publicación o distribución en la caja PAL.,AMBIGUOUS_NAME | HIGH_OR_BETTER_GROUP_NOT_FULLY_RESOLVED | MISSING_SLUG
ps4-assassin%27s-creed-mirage-launch-edition,Assassin's Creed: Mirage [Launch Edition],PAL España,standard,assassin s creed mirage,assassin s creed mirage,EDITION_VARIANT,DEVELOPER,developer,Ubisoft Bordeaux,,Ubisoft Bordeaux,NOT_IN_COMPANY_INDEX,,ADD_MISSING,HIGH,NO,GAME_WORK | GAME_WORK_OR_PS4_RELEASE,2,STEAM_STORE | WIKIPEDIA_PS4_LIST,B_OTHER_PLATFORM | B_PS4_RELEASE,https://en.wikipedia.org/wiki/List_of_PlayStation_4_games_(A%E2%80%93L) | https://store.steampowered.com/app/3035570,"La lista específica de PS4 atribuye el desarrollo a esta compañía. | La ficha comercial de Steam confirma la desarrolladora de la obra, no necesariamente el port de PS4.",No propagar a ports o compilaciones sin comprobar sus créditos propios.,HIGH_OR_BETTER_GROUP_NOT_FULLY_RESOLVED | MISSING_SLUG | NOT_IN_COMPANY_INDEX
ps4-assassin%27s-creed-odyssey-athenian-edition,Assassin's Creed: Odyssey [Athenian Edition],PAL España,standard,assassin s creed odyssey,assassin s creed odyssey,GAME_OR_UNKNOWN,PHYSICAL_PUBLISHER_OR_DISTRIBUTOR,publisher,Ubisoft,,Ubisoft,AMBIGUOUS_NAME,Ubisoft,REPLACE_OR_ADD_REVIEW,HIGH,NO,EXACT_PHYSICAL_EDITION | PAL_RELEASE,3,PRICECHARTING_EXACT_PAL_PAGE | REGIONATLAS_LEGACY_PRICECHARTING_CREDIT | WIKIPEDIA_PS4_LIST_PAL,B_EXACT_PHYSICAL | B_LEGACY_EXACT_PHYSICAL | B_PAL_RELEASE,https://www.pricecharting.com/game/pal-playstation-4/assassin%27s-creed-odyssey-athenian-edition | https://en.wikipedia.org/wiki/List_of_PlayStation_4_games_(A%E2%80%93L),La ficha exacta de la edición física PAL etiqueta a esta compañía como Publisher; puede representar publicación o distribución física. | El crédito actual procede de la importación histórica de la ficha física enlazada; se contrasta con la consulta en vivo. | La columna PAL de la lista de PS4 atribuye la publicación a esta compañía.,Confirmar si la etiqueta Publisher representa publicación o distribución en la caja PAL.,AMBIGUOUS_NAME | HIGH_OR_BETTER_GROUP_NOT_FULLY_RESOLVED | MISSING_SLUG
ps4-assassin%27s-creed-odyssey-gold-edition,Assassin's Creed Odyssey [Gold Edition],PAL España,standard,assassin s creed odyssey,assassin s creed odyssey,GAME_OR_UNKNOWN,PHYSICAL_PUBLISHER_OR_DISTRIBUTOR,publisher,Ubisoft,,Ubisoft,AMBIGUOUS_NAME,,ADD_MISSING,HIGH,NO,EXACT_PHYSICAL_EDITION | PAL_RELEASE,2,PRICECHARTING_EXACT_PAL_PAGE | WIKIPEDIA_PS4_LIST_PAL,B_EXACT_PHYSICAL | B_PAL_RELEASE,https://www.pricecharting.com/game/pal-playstation-4/assassin%27s-creed-odyssey-gold-edition | https://en.wikipedia.org/wiki/List_of_PlayStation_4_games_(A%E2%80%93L),La ficha exacta de la edición física PAL etiqueta a esta compañía como Publisher; puede representar publicación o distribución física. | La columna PAL de la lista de PS4 atribuye la publicación a esta compañía.,Confirmar si la etiqueta Publisher representa publicación o distribución en la caja PAL.,AMBIGUOUS_NAME | HIGH_OR_BETTER_GROUP_NOT_FULLY_RESOLVED | MISSING_SLUG
ps4-assassin%27s-creed-odyssey-limited-edition,Assassin's Creed Odyssey [Limited Edition],PAL España,standard,assassin s creed odyssey,assassin s creed odyssey,EDITION_VARIANT,PHYSICAL_PUBLISHER_OR_DISTRIBUTOR,publisher,Ubisoft,,Ubisoft,AMBIGUOUS_NAME,,ADD_MISSING,HIGH,NO,EXACT_PHYSICAL_EDITION | PAL_RELEASE,2,PRICECHARTING_EXACT_PAL_PAGE | WIKIPEDIA_PS4_LIST_PAL,B_EXACT_PHYSICAL | B_PAL_RELEASE,https://www.pricecharting.com/game/pal-playstation-4/assassin%27s-creed-odyssey-limited-edition | https://en.wikipedia.org/wiki/List_of_PlayStation_4_games_(A%E2%80%93L),La ficha exacta de la edición física PAL etiqueta a esta compañía como Publisher; puede representar publicación o distribución física. | La columna PAL de la lista de PS4 atribuye la publicación a esta compañía.,Confirmar si la etiqueta Publisher representa publicación o distribución en la caja PAL.,AMBIGUOUS_NAME | HIGH_OR_BETTER_GROUP_NOT_FULLY_RESOLVED | MISSING_SLUG
ps4-assassin%27s-creed-odyssey-omega-edition,Assassin's Creed Odyssey [Omega Edition],PAL España,standard,assassin s creed odyssey,assassin s creed odyssey,GAME_OR_UNKNOWN,PHYSICAL_PUBLISHER_OR_DISTRIBUTOR,publisher,Ubisoft,,Ubisoft,AMBIGUOUS_NAME,,ADD_MISSING,HIGH,NO,EXACT_PHYSICAL_EDITION | PAL_RELEASE,2,PRICECHARTING_EXACT_PAL_PAGE | WIKIPEDIA_PS4_LIST_PAL,B_EXACT_PHYSICAL | B_PAL_RELEASE,https://www.pricecharting.com/game/pal-playstation-4/assassin%27s-creed-odyssey-omega-edition | https://en.wikipedia.org/wiki/List_of_PlayStation_4_games_(A%E2%80%93L),La ficha exacta de la edición física PAL etiqueta a esta compañía como Publisher; puede representar publicación o distribución física. | La columna PAL de la lista de PS4 atribuye la publicación a esta compañía.,Confirmar si la etiqueta Publisher representa publicación o distribución en la caja PAL.,AMBIGUOUS_NAME | HIGH_OR_BETTER_GROUP_NOT_FULLY_RESOLVED | MISSING_SLUG
ps4-assassin%27s-creed-odyssey-spartan-edition,Assassin's Creed Odyssey [Spartan Edition],PAL España,standard,assassin s creed odyssey,assassin s creed odyssey,GAME_OR_UNKNOWN,PHYSICAL_PUBLISHER_OR_DISTRIBUTOR,publisher,Ubisoft,,Ubisoft,AMBIGUOUS_NAME,,ADD_MISSING,HIGH,NO,EXACT_PHYSICAL_EDITION | PAL_RELEASE,2,PRICECHARTING_EXACT_PAL_PAGE | WIKIPEDIA_PS4_LIST_PAL,B_EXACT_PHYSICAL | B_PAL_RELEASE,https://www.pricecharting.com/game/pal-playstation-4/assassin%27s-creed-odyssey-spartan-edition | https://en.wikipedia.org/wiki/List_of_PlayStation_4_games_(A%E2%80%93L),La ficha exacta de la edición física PAL etiqueta a esta compañía como Publisher; puede representar publicación o distribución física. | La columna PAL de la lista de PS4 atribuye la publicación a esta compañía.,Confirmar si la etiqueta Publisher representa publicación o distribución en la caja PAL.,AMBIGUOUS_NAME | HIGH_OR_BETTER_GROUP_NOT_FULLY_RESOLVED | MISSING_SLUG
ps4-assassin%27s-creed-origins-gold-edition,Assassin's Creed: Origins [Gold Edition],PAL España,standard,assassin s creed origins,assassin s creed origins,GAME_OR_UNKNOWN,DEVELOPER,developer,Ubisoft,,Ubisoft,AMBIGUOUS_NAME,Ubisoft,REPLACE_OR_ADD_REVIEW,HIGH,NO,EXACT_PHYSICAL_EDITION | GAME_WORK_OR_PS4_RELEASE,3,PRICECHARTING_EXACT_PAL_PAGE | REGIONATLAS_LEGACY_PRICECHARTING_CREDIT | WIKIPEDIA_PS4_LIST,B_EXACT_PHYSICAL | B_LEGACY_EXACT_PHYSICAL | B_PS4_RELEASE,https://www.pricecharting.com/game/pal-playstation-4/assassin%27s-creed-origins-gold-edition | https://en.wikipedia.org/wiki/List_of_PlayStation_4_games_(A%E2%80%93L),La ficha enlazada de la edición física PAL atribuye el desarrollo a esta compañía. | El crédito actual procede de la importación histórica de la ficha física enlazada; se contrasta con la consulta en vivo. | La lista específica de PS4 atribuye el desarrollo a esta compañía.,No propagar a ports o compilaciones sin comprobar sus créditos propios.,AMBIGUOUS_NAME | HIGH_OR_BETTER_GROUP_NOT_FULLY_RESOLVED | MISSING_SLUG
ps4-assassin%27s-creed-origins-gold-edition,Assassin's Creed: Origins [Gold Edition],PAL España,standard,assassin s creed origins,assassin s creed origins,GAME_OR_UNKNOWN,PHYSICAL_PUBLISHER_OR_DISTRIBUTOR,publisher,Ubisoft,,Ubisoft,AMBIGUOUS_NAME,Ubisoft,REPLACE_OR_ADD_REVIEW,HIGH,NO,EXACT_PHYSICAL_EDITION | PAL_RELEASE,3,PRICECHARTING_EXACT_PAL_PAGE | REGIONATLAS_LEGACY_PRICECHARTING_CREDIT | WIKIPEDIA_PS4_LIST_PAL,B_EXACT_PHYSICAL | B_LEGACY_EXACT_PHYSICAL | B_PAL_RELEASE,https://www.pricecharting.com/game/pal-playstation-4/assassin%27s-creed-origins-gold-edition | https://en.wikipedia.org/wiki/List_of_PlayStation_4_games_(A%E2%80%93L),La ficha exacta de la edición física PAL etiqueta a esta compañía como Publisher; puede representar publicación o distribución física. | El crédito actual procede de la importación histórica de la ficha física enlazada; se contrasta con la consulta en vivo. | La columna PAL de la lista de PS4 atribuye la publicación a esta compañía.,Confirmar si la etiqueta Publisher representa publicación o distribución en la caja PAL.,AMBIGUOUS_NAME | HIGH_OR_BETTER_GROUP_NOT_FULLY_RESOLVED | MISSING_SLUG
ps4-assassin%27s-creed-rogue-remastered,Assassin's Creed Rogue Remastered,PAL España,standard,assassin s creed rogue remastered,assassin s creed rogue,EDITION_VARIANT,PHYSICAL_PUBLISHER_OR_DISTRIBUTOR,publisher,Ubisoft,,Ubisoft,AMBIGUOUS_NAME,Ubisoft,REPLACE_OR_ADD_REVIEW,HIGH,NO,EXACT_PHYSICAL_EDITION | PAL_RELEASE,3,PRICECHARTING_EXACT_PAL_PAGE | REGIONATLAS_LEGACY_PRICECHARTING_CREDIT | WIKIPEDIA_PS4_LIST_PAL,B_EXACT_PHYSICAL | B_LEGACY_EXACT_PHYSICAL | B_PAL_RELEASE,https://www.pricecharting.com/game/pal-playstation-4/assassin%27s-creed-rogue-remastered | https://en.wikipedia.org/wiki/List_of_PlayStation_4_games_(A%E2%80%93L),La ficha exacta de la edición física PAL etiqueta a esta compañía como Publisher; puede representar publicación o distribución física. | El crédito actual procede de la importación histórica de la ficha física enlazada; se contrasta con la consulta en vivo. | La columna PAL de la lista de PS4 atribuye la publicación a esta compañía.,Confirmar si la etiqueta Publisher representa publicación o distribución en la caja PAL.,AMBIGUOUS_NAME | HIGH_OR_BETTER_GROUP_NOT_FULLY_RESOLVED | MISSING_SLUG
ps4-assassin%27s-creed-syndicate-limited-steelbook-edition,Assassin's Creed Syndicate [Limited Steelbook Edition],PAL España,standard,assassin s creed syndicate,assassin s creed syndicate,EDITION_VARIANT,PHYSICAL_PUBLISHER_OR_DISTRIBUTOR,publisher,Ubisoft,,Ubisoft,AMBIGUOUS_NAME,,ADD_MISSING,HIGH,NO,EXACT_PHYSICAL_EDITION | PAL_RELEASE,2,PRICECHARTING_EXACT_PAL_PAGE | WIKIPEDIA_PS4_LIST_PAL,B_EXACT_PHYSICAL | B_PAL_RELEASE,https://www.pricecharting.com/game/pal-playstation-4/assassin%27s-creed-syndicate-limited-steelbook-edition | https://en.wikipedia.org/wiki/List_of_PlayStation_4_games_(A%E2%80%93L),La ficha exacta de la edición física PAL etiqueta a esta compañía como Publisher; puede representar publicación o distribución física. | La columna PAL de la lista de PS4 atribuye la publicación a esta compañía.,Confirmar si la etiqueta Publisher representa publicación o distribución en la caja PAL.,AMBIGUOUS_NAME | HIGH_OR_BETTER_GROUP_NOT_FULLY_RESOLVED | MISSING_SLUG
ps4-assassin%27s-creed-syndicate-special-edition,Assassin's Creed Syndicate [Special Edition],PAL España,standard,assassin s creed syndicate,assassin s creed syndicate,EDITION_VARIANT,PHYSICAL_PUBLISHER_OR_DISTRIBUTOR,publisher,Ubisoft,,Ubisoft,AMBIGUOUS_NAME,,ADD_MISSING,HIGH,NO,EXACT_PHYSICAL_EDITION | PAL_RELEASE,2,PRICECHARTING_EXACT_PAL_PAGE | WIKIPEDIA_PS4_LIST_PAL,B_EXACT_PHYSICAL | B_PAL_RELEASE,https://www.pricecharting.com/game/pal-playstation-4/assassin%27s-creed-syndicate-special-edition | https://en.wikipedia.org/wiki/List_of_PlayStation_4_games_(A%E2%80%93L),La ficha exacta de la edición física PAL etiqueta a esta compañía como Publisher; puede representar publicación o distribución física. | La columna PAL de la lista de PS4 atribuye la publicación a esta compañía.,Confirmar si la etiqueta Publisher representa publicación o distribución en la caja PAL.,AMBIGUOUS_NAME | HIGH_OR_BETTER_GROUP_NOT_FULLY_RESOLVED | MISSING_SLUG
ps4-assassin%27s-creed-syndicate-steelbook-edition,Assassin's Creed Syndicate [Steelbook Edition],PAL España,standard,assassin s creed syndicate,assassin s creed syndicate,EDITION_VARIANT,PHYSICAL_PUBLISHER_OR_DISTRIBUTOR,publisher,Ubisoft,,Ubisoft,AMBIGUOUS_NAME,,ADD_MISSING,HIGH,NO,EXACT_PHYSICAL_EDITION | PAL_RELEASE,2,PRICECHARTING_EXACT_PAL_PAGE | WIKIPEDIA_PS4_LIST_PAL,B_EXACT_PHYSICAL | B_PAL_RELEASE,https://www.pricecharting.com/game/pal-playstation-4/assassin%27s-creed-syndicate-steelbook-edition | https://en.wikipedia.org/wiki/List_of_PlayStation_4_games_(A%E2%80%93L),La ficha exacta de la edición física PAL etiqueta a esta compañía como Publisher; puede representar publicación o distribución física. | La columna PAL de la lista de PS4 atribuye la publicación a esta compañía.,Confirmar si la etiqueta Publisher representa publicación o distribución en la caja PAL.,AMBIGUOUS_NAME | HIGH_OR_BETTER_GROUP_NOT_FULLY_RESOLVED | MISSING_SLUG
ps4-assassin%27s-creed-unity-bastille-edition,Assassin's Creed Unity [Bastille Edition],PAL España,standard,assassin s creed unity,assassin s creed unity,GAME_OR_UNKNOWN,DEVELOPER,developer,Ubisoft,,Ubisoft,AMBIGUOUS_NAME,,ADD_MISSING,HIGH,NO,EXACT_PHYSICAL_EDITION | GAME_WORK,2,PRICECHARTING_EXACT_PAL_PAGE | STEAM_STORE,B_EXACT_PHYSICAL | B_OTHER_PLATFORM,https://www.pricecharting.com/game/pal-playstation-4/assassin%27s-creed-unity-bastille-edition | https://store.steampowered.com/app/289650,"La ficha enlazada de la edición física PAL atribuye el desarrollo a esta compañía. | La ficha comercial de Steam confirma la desarrolladora de la obra, no necesariamente el port de PS4.",No propagar a ports o compilaciones sin comprobar sus créditos propios.,AMBIGUOUS_NAME | HIGH_OR_BETTER_GROUP_NOT_FULLY_RESOLVED | MISSING_SLUG
ps4-assassin%27s-creed-unity-bastille-edition,Assassin's Creed Unity [Bastille Edition],PAL España,standard,assassin s creed unity,assassin s creed unity,GAME_OR_UNKNOWN,PHYSICAL_PUBLISHER_OR_DISTRIBUTOR,publisher,Ubisoft,,Ubisoft,AMBIGUOUS_NAME,,ADD_MISSING,HIGH,NO,EXACT_PHYSICAL_EDITION | PAL_RELEASE,2,PRICECHARTING_EXACT_PAL_PAGE | WIKIPEDIA_PS4_LIST_PAL,B_EXACT_PHYSICAL | B_PAL_RELEASE,https://www.pricecharting.com/game/pal-playstation-4/assassin%27s-creed-unity-bastille-edition | https://en.wikipedia.org/wiki/List_of_PlayStation_4_games_(A%E2%80%93L),La ficha exacta de la edición física PAL etiqueta a esta compañía como Publisher; puede representar publicación o distribución física. | La columna PAL de la lista de PS4 atribuye la publicación a esta compañía.,Confirmar si la etiqueta Publisher representa publicación o distribución en la caja PAL.,AMBIGUOUS_NAME | HIGH_OR_BETTER_GROUP_NOT_FULLY_RESOLVED | MISSING_SLUG
ps4-assassin%27s-creed-unity-guillotine-collector%27s-case,Assassin's Creed: Unity [Guillotine Collector's Case],PAL España,standard,assassin s creed unity,assassin s creed unity guillotine collector s case,EDITION_VARIANT,PHYSICAL_PUBLISHER_OR_DISTRIBUTOR,publisher,Ubisoft,,Ubisoft,AMBIGUOUS_NAME,,ADD_MISSING,HIGH,NO,EXACT_PHYSICAL_EDITION | PAL_RELEASE,2,PRICECHARTING_EXACT_PAL_PAGE | WIKIPEDIA_PS4_LIST_PAL,B_EXACT_PHYSICAL | B_PAL_RELEASE,https://www.pricecharting.com/game/pal-playstation-4/assassin%27s-creed-unity-guillotine-collector%27s-case | https://en.wikipedia.org/wiki/List_of_PlayStation_4_games_(A%E2%80%93L),La ficha exacta de la edición física PAL etiqueta a esta compañía como Publisher; puede representar publicación o distribución física. | La columna PAL de la lista de PS4 atribuye la publicación a esta compañía.,Confirmar si la etiqueta Publisher representa publicación o distribución en la caja PAL.,AMBIGUOUS_NAME | HIGH_OR_BETTER_GROUP_NOT_FULLY_RESOLVED | MISSING_SLUG
ps4-assassin%27s-creed-unity-special-edition,Assassin's Creed: Unity [Special Edition],PAL España,standard,assassin s creed unity,assassin s creed unity,EDITION_VARIANT,DEVELOPER,developer,Ubisoft,,Ubisoft,AMBIGUOUS_NAME,Ubisoft,REPLACE_OR_ADD_REVIEW,HIGH,NO,EXACT_PHYSICAL_EDITION | GAME_WORK,3,PRICECHARTING_EXACT_PAL_PAGE | REGIONATLAS_LEGACY_PRICECHARTING_CREDIT | STEAM_STORE,B_EXACT_PHYSICAL | B_LEGACY_EXACT_PHYSICAL | B_OTHER_PLATFORM,https://www.pricecharting.com/game/pal-playstation-4/assassin%27s-creed-unity-special-edition | https://store.steampowered.com/app/289650,"La ficha enlazada de la edición física PAL atribuye el desarrollo a esta compañía. | El crédito actual procede de la importación histórica de la ficha física enlazada; se contrasta con la consulta en vivo. | La ficha comercial de Steam confirma la desarrolladora de la obra, no necesariamente el port de PS4.",No propagar a ports o compilaciones sin comprobar sus créditos propios.,AMBIGUOUS_NAME | HIGH_OR_BETTER_GROUP_NOT_FULLY_RESOLVED | MISSING_SLUG
ps4-assassin%27s-creed-unity-special-edition,Assassin's Creed: Unity [Special Edition],PAL España,standard,assassin s creed unity,assassin s creed unity,EDITION_VARIANT,PHYSICAL_PUBLISHER_OR_DISTRIBUTOR,publisher,Ubisoft,,Ubisoft,AMBIGUOUS_NAME,Ubisoft,REPLACE_OR_ADD_REVIEW,HIGH,NO,EXACT_PHYSICAL_EDITION | PAL_RELEASE,3,PRICECHARTING_EXACT_PAL_PAGE | REGIONATLAS_LEGACY_PRICECHARTING_CREDIT | WIKIPEDIA_PS4_LIST_PAL,B_EXACT_PHYSICAL | B_LEGACY_EXACT_PHYSICAL | B_PAL_RELEASE,https://www.pricecharting.com/game/pal-playstation-4/assassin%27s-creed-unity-special-edition | https://en.wikipedia.org/wiki/List_of_PlayStation_4_games_(A%E2%80%93L),La ficha exacta de la edición física PAL etiqueta a esta compañía como Publisher; puede representar publicación o distribución física. | El crédito actual procede de la importación histórica de la ficha física enlazada; se contrasta con la consulta en vivo. | La columna PAL de la lista de PS4 atribuye la publicación a esta compañía.,Confirmar si la etiqueta Publisher representa publicación o distribución en la caja PAL.,AMBIGUOUS_NAME | HIGH_OR_BETTER_GROUP_NOT_FULLY_RESOLVED | MISSING_SLUG
ps4-assassin%27s-creed-valhalla,Assassin's Creed Valhalla,PAL España,standard,assassin s creed valhalla,assassin s creed valhalla,GAME_OR_UNKNOWN,PHYSICAL_PUBLISHER_OR_DISTRIBUTOR,publisher,Ubisoft,,Ubisoft,AMBIGUOUS_NAME,Ubisoft,REPLACE_OR_ADD_REVIEW,HIGH,NO,EXACT_PHYSICAL_EDITION | PAL_RELEASE,3,PRICECHARTING_EXACT_PAL_PAGE | REGIONATLAS_LEGACY_PRICECHARTING_CREDIT | WIKIPEDIA_PS4_LIST_PAL,B_EXACT_PHYSICAL | B_LEGACY_EXACT_PHYSICAL | B_PAL_RELEASE,https://www.pricecharting.com/game/pal-playstation-4/assassin%27s-creed-valhalla | https://en.wikipedia.org/wiki/List_of_PlayStation_4_games_(A%E2%80%93L),La ficha exacta de la edición física PAL etiqueta a esta compañía como Publisher; puede representar publicación o distribución física. | El crédito actual procede de la importación histórica de la ficha física enlazada; se contrasta con la consulta en vivo. | La columna PAL de la lista de PS4 atribuye la publicación a esta compañía.,Confirmar si la etiqueta Publisher representa publicación o distribución en la caja PAL.,AMBIGUOUS_NAME | HIGH_OR_BETTER_GROUP_NOT_FULLY_RESOLVED | MISSING_SLUG
ps4-assassin%27s-creed-valhalla-gold-edition,Assassin's Creed Valhalla [Gold Edition],PAL España,standard,assassin s creed valhalla,assassin s creed valhalla,GAME_OR_UNKNOWN,PHYSICAL_PUBLISHER_OR_DISTRIBUTOR,publisher,Ubisoft,,Ubisoft,AMBIGUOUS_NAME,,ADD_MISSING,HIGH,NO,EXACT_PHYSICAL_EDITION | PAL_RELEASE,2,PRICECHARTING_EXACT_PAL_PAGE | WIKIPEDIA_PS4_LIST_PAL,B_EXACT_PHYSICAL | B_PAL_RELEASE,https://www.pricecharting.com/game/pal-playstation-4/assassin%27s-creed-valhalla-gold-edition | https://en.wikipedia.org/wiki/List_of_PlayStation_4_games_(A%E2%80%93L),La ficha exacta de la edición física PAL etiqueta a esta compañía como Publisher; puede representar publicación o distribución física. | La columna PAL de la lista de PS4 atribuye la publicación a esta compañía.,Confirmar si la etiqueta Publisher representa publicación o distribución en la caja PAL.,AMBIGUOUS_NAME | HIGH_OR_BETTER_GROUP_NOT_FULLY_RESOLVED | MISSING_SLUG
ps4-assassin%27s-creed-valhalla-ultimate-edition,Assassin's Creed Valhalla [Ultimate Edition],PAL España,standard,assassin s creed valhalla,assassin s creed valhalla,EDITION_VARIANT,PHYSICAL_PUBLISHER_OR_DISTRIBUTOR,publisher,Ubisoft,,Ubisoft,AMBIGUOUS_NAME,,ADD_MISSING,HIGH,NO,EXACT_PHYSICAL_EDITION | PAL_RELEASE,2,PRICECHARTING_EXACT_PAL_PAGE | WIKIPEDIA_PS4_LIST_PAL,B_EXACT_PHYSICAL | B_PAL_RELEASE,https://www.pricecharting.com/game/pal-playstation-4/assassin%27s-creed-valhalla-ultimate-edition | https://en.wikipedia.org/wiki/List_of_PlayStation_4_games_(A%E2%80%93L),La ficha exacta de la edición física PAL etiqueta a esta compañía como Publisher; puede representar publicación o distribución física. | La columna PAL de la lista de PS4 atribuye la publicación a esta compañía.,Confirmar si la etiqueta Publisher representa publicación o distribución en la caja PAL.,AMBIGUOUS_NAME | HIGH_OR_BETTER_GROUP_NOT_FULLY_RESOLVED | MISSING_SLUG
ps4-assassins-creed-valhalla-dawn-of-ragnarok,Assassins Creed Valhalla: Dawn of Ragnarok,PAL España,standard,assassins creed valhalla dawn of ragnarok,assassins creed valhalla dawn of ragnarok,GAME_OR_UNKNOWN,PHYSICAL_PUBLISHER_OR_DISTRIBUTOR,publisher,Ubisoft,,Ubisoft,AMBIGUOUS_NAME,Ubisoft,REPLACE_OR_ADD_REVIEW,HIGH,NO,EXACT_PHYSICAL_EDITION,2,PRICECHARTING_EXACT_PAL_PAGE | REGIONATLAS_LEGACY_PRICECHARTING_CREDIT,B_EXACT_PHYSICAL | B_LEGACY_EXACT_PHYSICAL,https://www.pricecharting.com/game/pal-playstation-4/assassins-creed-valhalla-dawn-of-ragnarok,La ficha exacta de la edición física PAL etiqueta a esta compañía como Publisher; puede representar publicación o distribución física. | El crédito actual procede de la importación histórica de la ficha física enlazada; se contrasta con la consulta en vivo.,Confirmar si la etiqueta Publisher representa publicación o distribución en la caja PAL.,AMBIGUOUS_NAME | HIGH_OR_BETTER_GROUP_NOT_FULLY_RESOLVED | MISSING_SLUG
ps4-assault-suit-leynos,Assault Suit Leynos,PAL España,standard,assault suit leynos,assault suit leynos,GAME_OR_UNKNOWN,DEVELOPER,developer,Dracue Software,,Dracue Software,NOT_IN_COMPANY_INDEX,,ADD_MISSING,HIGH,NO,GAME_WORK | GAME_WORK_OR_PS4_RELEASE,2,STEAM_STORE | WIKIPEDIA_PS4_LIST,B_OTHER_PLATFORM | B_PS4_RELEASE,https://en.wikipedia.org/wiki/List_of_PlayStation_4_games_(A%E2%80%93L) | https://store.steampowered.com/app/441350,"La lista específica de PS4 atribuye el desarrollo a esta compañía. | La ficha comercial de Steam confirma la desarrolladora de la obra, no necesariamente el port de PS4.",No propagar a ports o compilaciones sin comprobar sus créditos propios.,HIGH_OR_BETTER_GROUP_NOT_FULLY_RESOLVED | MISSING_SLUG | NOT_IN_COMPANY_INDEX
ps4-assetto-corsa,Assetto Corsa,PAL España,standard,assetto corsa,assetto corsa,GAME_OR_UNKNOWN,DEVELOPER,developer,Kunos Simulazioni,,Kunos Simulazioni,NOT_IN_COMPANY_INDEX,,ADD_MISSING,HIGH,NO,GAME_WORK | GAME_WORK_OR_PS4_RELEASE | PS4_RELEASE,4,LAUNCHBOX_GAMES_DB | STEAM_STORE | WIKIDATA | WIKIPEDIA_PS4_LIST,B_OTHER_PLATFORM | B_PS4_RELEASE | C_DISCOVERY,https://en.wikipedia.org/wiki/List_of_PlayStation_4_games_(A%E2%80%93L) | https://store.steampowered.com/app/244210 | https://www.wikidata.org/wiki/Q10896671 | https://gamesdb.launchbox-app.com/games/details/201065,"La lista específica de PS4 atribuye el desarrollo a esta compañía. | La ficha comercial de Steam confirma la desarrolladora de la obra, no necesariamente el port de PS4. | Wikidata registra la compañía como desarrolladora. | LaunchBox registra esta desarrolladora para su ficha de PS4.",No propagar a ports o compilaciones sin comprobar sus créditos propios.,HIGH_OR_BETTER_GROUP_NOT_FULLY_RESOLVED | MISSING_SLUG | NOT_IN_COMPANY_INDEX
ps4-assetto-corsa-competizione,Assetto Corsa Competizione,PAL España,standard,assetto corsa competizione,assetto corsa competizione,GAME_OR_UNKNOWN,DEVELOPER,developer,Kunos Simulazioni,,Kunos Simulazioni,NOT_IN_COMPANY_INDEX,,ADD_MISSING,HIGH,NO,GAME_WORK | GAME_WORK_OR_PS4_RELEASE | PS4_RELEASE,4,LAUNCHBOX_GAMES_DB | STEAM_STORE | WIKIDATA | WIKIPEDIA_PS4_LIST,B_OTHER_PLATFORM | B_PS4_RELEASE | C_DISCOVERY,https://en.wikipedia.org/wiki/List_of_PlayStation_4_games_(A%E2%80%93L) | https://store.steampowered.com/app/805550 | https://www.wikidata.org/wiki/Q50296420 | https://gamesdb.launchbox-app.com/games/details/202858,"La lista específica de PS4 atribuye el desarrollo a esta compañía. | La ficha comercial de Steam confirma la desarrolladora de la obra, no necesariamente el port de PS4. | Wikidata registra la compañía como desarrolladora. | LaunchBox registra esta desarrolladora para su ficha de PS4.",No propagar a ports o compilaciones sin comprobar sus créditos propios.,HIGH_OR_BETTER_GROUP_NOT_FULLY_RESOLVED | MISSING_SLUG | NOT_IN_COMPANY_INDEX
ps4-assetto-corsa-ultimate-edition,Assetto Corsa [Ultimate Edition],PAL España,standard,assetto corsa,assetto corsa,EDITION_VARIANT,DEVELOPER,developer,KUNOS Simulazioni SRL,,KUNOS Simulazioni SRL,NOT_IN_COMPANY_INDEX,,ADD_MISSING,HIGH,NO,MATCHED_PS4_PRODUCT,1,PLAYSTATION_STORE_EXPLICIT_CREDIT,A_OFFICIAL_MATCHED_TITLE_CREDIT,https://store.playstation.com/es-es/product/EP4040-CUSA11487_00-ASSETTOCORSASPEC,Desarrollado por KUNOS Simulazioni SRL Todos los derechos reservados,No propagar a ports o compilaciones sin comprobar sus créditos propios.,HIGH_OR_BETTER_GROUP_NOT_FULLY_RESOLVED | MISSING_SLUG | NOT_IN_COMPANY_INDEX
ps4-assetto-corsa-ultimate-edition,Assetto Corsa [Ultimate Edition],PAL España,standard,assetto corsa,assetto corsa,EDITION_VARIANT,DEVELOPER,developer,Kunos Simulazioni,,Kunos Simulazioni,NOT_IN_COMPANY_INDEX,,ADD_MISSING,HIGH,NO,EXACT_PHYSICAL_EDITION | GAME_WORK | GAME_WORK_OR_PS4_RELEASE | PS4_RELEASE,5,LAUNCHBOX_GAMES_DB | PRICECHARTING_EXACT_PAL_PAGE | STEAM_STORE | WIKIDATA | WIKIPEDIA_PS4_LIST,B_EXACT_PHYSICAL | B_OTHER_PLATFORM | B_PS4_RELEASE | C_DISCOVERY,https://www.pricecharting.com/game/pal-playstation-4/assetto-corsa-ultimate-edition | https://en.wikipedia.org/wiki/List_of_PlayStation_4_games_(A%E2%80%93L) | https://store.steampowered.com/app/244210 | https://www.wikidata.org/wiki/Q10896671 | https://gamesdb.launchbox-app.com/games/details/201065,"La ficha enlazada de la edición física PAL atribuye el desarrollo a esta compañía. | La lista específica de PS4 atribuye el desarrollo a esta compañía. | La ficha comercial de Steam confirma la desarrolladora de la obra, no necesariamente el port de PS4. | Wikidata registra la compañía como desarrolladora. | LaunchBox registra esta desarrolladora para su ficha de PS4.",No propagar a ports o compilaciones sin comprobar sus créditos propios.,HIGH_OR_BETTER_GROUP_NOT_FULLY_RESOLVED | MISSING_SLUG | NOT_IN_COMPANY_INDEX
ps4-asterix-&amp;-obelix-slap-them-all-collector%27s-edition,Asterix & Obelix: Slap Them All [Collector's Edition],PAL España,standard,asterix and obelix slap them all,asterix and obelix slap them all,EDITION_VARIANT,DEVELOPER,developer,Mr. Nutz Studio,,Mr Nutz Studio | Mr. Nutz Studio,NOT_IN_COMPANY_INDEX,,ADD_MISSING,HIGH,NO,GAME_WORK | GAME_WORK_OR_PS4_RELEASE | MATCHED_PS4_PRODUCT | PS4_RELEASE,5,LAUNCHBOX_GAMES_DB | PLAYSTATION_STORE_EXPLICIT_CREDIT | STEAM_STORE | WIKIDATA | WIKIPEDIA_PS4_LIST,A_OFFICIAL_MATCHED_TITLE_CREDIT | B_OTHER_PLATFORM | B_PS4_RELEASE | C_DISCOVERY,https://store.playstation.com/es-es/product/EP4295-CUSA23755_00-ASTERIXBTA0000EU | https://en.wikipedia.org/wiki/List_of_PlayStation_4_games_(A%E2%80%93L) | https://store.steampowered.com/app/1492310 | https://www.wikidata.org/wiki/Q106171676 | https://gamesdb.launchbox-app.com/games/details/208540,"Developed by Mr Nutz Studio | La lista específica de PS4 atribuye el desarrollo a esta compañía. | La ficha comercial de Steam confirma la desarrolladora de la obra, no necesariamente el port de PS4. | Wikidata registra la compañía como desarrolladora. | LaunchBox registra esta desarrolladora para su ficha de PS4.",No propagar a ports o compilaciones sin comprobar sus créditos propios.,HIGH_OR_BETTER_GROUP_NOT_FULLY_RESOLVED | MISSING_SLUG | NOT_IN_COMPANY_INDEX
ps4-asterix-&amp;-obelix-slap-them-all-limited-edition,Asterix & Obelix Slap Them All [Limited Edition],PAL España,standard,asterix and obelix slap them all,asterix and obelix slap them all,EDITION_VARIANT,DEVELOPER,developer,Mr. Nutz Studio,,Mr Nutz Studio | Mr. Nutz Studio,NOT_IN_COMPANY_INDEX,,ADD_MISSING,HIGH,NO,GAME_WORK | GAME_WORK_OR_PS4_RELEASE | MATCHED_PS4_PRODUCT | PS4_RELEASE,5,LAUNCHBOX_GAMES_DB | PLAYSTATION_STORE_EXPLICIT_CREDIT | STEAM_STORE | WIKIDATA | WIKIPEDIA_PS4_LIST,A_OFFICIAL_MATCHED_TITLE_CREDIT | B_OTHER_PLATFORM | B_PS4_RELEASE | C_DISCOVERY,https://store.playstation.com/es-es/product/EP4295-CUSA23755_00-ASTERIXBTA0000EU | https://en.wikipedia.org/wiki/List_of_PlayStation_4_games_(A%E2%80%93L) | https://store.steampowered.com/app/1492310 | https://www.wikidata.org/wiki/Q106171676 | https://gamesdb.launchbox-app.com/games/details/208540,"Developed by Mr Nutz Studio | La lista específica de PS4 atribuye el desarrollo a esta compañía. | La ficha comercial de Steam confirma la desarrolladora de la obra, no necesariamente el port de PS4. | Wikidata registra la compañía como desarrolladora. | LaunchBox registra esta desarrolladora para su ficha de PS4.",No propagar a ports o compilaciones sin comprobar sus créditos propios.,HIGH_OR_BETTER_GROUP_NOT_FULLY_RESOLVED | MISSING_SLUG | NOT_IN_COMPANY_INDEX
ps4-asterix-&amp;-obelix-slap-them-all-ultra-collector%27s-edition,Asterix & Obelix Slap Them All [Ultra Collector's Edition],PAL España,standard,asterix and obelix slap them all,asterix and obelix slap them all,EDITION_VARIANT,DEVELOPER,developer,Mr. Nutz Studio,,Mr Nutz Studio | Mr. Nutz Studio,NOT_IN_COMPANY_INDEX,,ADD_MISSING,HIGH,NO,GAME_WORK | GAME_WORK_OR_PS4_RELEASE | MATCHED_PS4_PRODUCT | PS4_RELEASE,5,LAUNCHBOX_GAMES_DB | PLAYSTATION_STORE_EXPLICIT_CREDIT | STEAM_STORE | WIKIDATA | WIKIPEDIA_PS4_LIST,A_OFFICIAL_MATCHED_TITLE_CREDIT | B_OTHER_PLATFORM | B_PS4_RELEASE | C_DISCOVERY,https://store.playstation.com/es-es/product/EP4295-CUSA23755_00-ASTERIXBTA0000EU | https://en.wikipedia.org/wiki/List_of_PlayStation_4_games_(A%E2%80%93L) | https://store.steampowered.com/app/1492310 | https://www.wikidata.org/wiki/Q106171676 | https://gamesdb.launchbox-app.com/games/details/208540,"Developed by Mr Nutz Studio | La lista específica de PS4 atribuye el desarrollo a esta compañía. | La ficha comercial de Steam confirma la desarrolladora de la obra, no necesariamente el port de PS4. | Wikidata registra la compañía como desarrolladora. | LaunchBox registra esta desarrolladora para su ficha de PS4.",No propagar a ports o compilaciones sin comprobar sus créditos propios.,HIGH_OR_BETTER_GROUP_NOT_FULLY_RESOLVED | MISSING_SLUG | NOT_IN_COMPANY_INDEX
ps4-atelier-firis-the-alchemist-and-the-mysterious-journey,Atelier Firis: The Alchemist and the Mysterious Journey,PAL España,standard,atelier firis the alchemist and the mysterious journey,atelier firis the alchemist and the mysterious journey,GAME_OR_UNKNOWN,DEVELOPER,developer,Gust,,Gust,AMBIGUOUS_NAME,Gust,REPLACE_OR_ADD_REVIEW,HIGH,NO,EXACT_PHYSICAL_EDITION | GAME_WORK_OR_PS4_RELEASE | PS4_RELEASE,4,LAUNCHBOX_GAMES_DB | PRICECHARTING_EXACT_PAL_PAGE | REGIONATLAS_LEGACY_PRICECHARTING_CREDIT | WIKIPEDIA_PS4_LIST,B_EXACT_PHYSICAL | B_LEGACY_EXACT_PHYSICAL | B_PS4_RELEASE | C_DISCOVERY,https://www.pricecharting.com/game/pal-playstation-4/atelier-firis-the-alchemist-and-the-mysterious-journey | https://en.wikipedia.org/wiki/List_of_PlayStation_4_games_(A%E2%80%93L) | https://gamesdb.launchbox-app.com/games/details/170866,La ficha enlazada de la edición física PAL atribuye el desarrollo a esta compañía. | El crédito actual procede de la importación histórica de la ficha física enlazada; se contrasta con la consulta en vivo. | La lista específica de PS4 atribuye el desarrollo a esta compañía. | LaunchBox registra esta desarrolladora para su ficha de PS4.,No propagar a ports o compilaciones sin comprobar sus créditos propios.,AMBIGUOUS_NAME | HIGH_OR_BETTER_GROUP_NOT_FULLY_RESOLVED | MISSING_SLUG
ps4-atelier-firis-the-alchemist-and-the-mysterious-journey,Atelier Firis: The Alchemist and the Mysterious Journey,PAL España,standard,atelier firis the alchemist and the mysterious journey,atelier firis the alchemist and the mysterious journey,GAME_OR_UNKNOWN,PHYSICAL_PUBLISHER_OR_DISTRIBUTOR,publisher,Koei Tecmo Europe Ltd.,,Koei Tecmo Europe Ltd.,AMBIGUOUS_NAME,Koei Tecmo Europe Ltd.,REPLACE_OR_ADD_REVIEW,HIGH,NO,EXACT_PHYSICAL_EDITION,2,PRICECHARTING_EXACT_PAL_PAGE | REGIONATLAS_LEGACY_PRICECHARTING_CREDIT,B_EXACT_PHYSICAL | B_LEGACY_EXACT_PHYSICAL,https://www.pricecharting.com/game/pal-playstation-4/atelier-firis-the-alchemist-and-the-mysterious-journey,La ficha exacta de la edición física PAL etiqueta a esta compañía como Publisher; puede representar publicación o distribución física. | El crédito actual procede de la importación histórica de la ficha física enlazada; se contrasta con la consulta en vivo.,Confirmar si la etiqueta Publisher representa publicación o distribución en la caja PAL.,AMBIGUOUS_NAME | HIGH_OR_BETTER_GROUP_NOT_FULLY_RESOLVED | MISSING_SLUG
ps4-atelier-lulua-the-scion-of-arland,Atelier Lulua: The Scion of Arland,PAL España,standard,atelier lulua the scion of arland,atelier lulua the scion of arland,GAME_OR_UNKNOWN,DEVELOPER,developer,Gust,,Gust | Gust Co. Ltd.,AMBIGUOUS_NAME,Gust,REPLACE_OR_ADD_REVIEW,HIGH,NO,EXACT_PHYSICAL_EDITION | GAME_WORK | GAME_WORK_OR_PS4_RELEASE,3,REGIONATLAS_LEGACY_PRICECHARTING_CREDIT | WIKIDATA | WIKIPEDIA_PS4_LIST,B_LEGACY_EXACT_PHYSICAL | B_PS4_RELEASE | C_DISCOVERY,https://www.pricecharting.com/game/pal-playstation-4/atelier-lulua-the-scion-of-arland | https://en.wikipedia.org/wiki/List_of_PlayStation_4_games_(A%E2%80%93L) | https://www.wikidata.org/wiki/Q63179773,El crédito actual procede de la importación histórica de la ficha física enlazada; se contrasta con la consulta en vivo. | La lista específica de PS4 atribuye el desarrollo a esta compañía. | Wikidata registra la compañía como desarrolladora.,No propagar a ports o compilaciones sin comprobar sus créditos propios.,AMBIGUOUS_NAME | HIGH_OR_BETTER_GROUP_NOT_FULLY_RESOLVED | MISSING_SLUG
ps4-atelier-ryza-2-lost-legends-&amp;-the-secret-fairy,Atelier Ryza 2: Lost Legends & The Secret Fairy,PAL España,standard,atelier ryza 2 lost legends and the secret fairy,atelier ryza 2 lost legends and the secret fairy,GAME_OR_UNKNOWN,DEVELOPER,developer,Gust,,Gust | Gust Co. Ltd.,AMBIGUOUS_NAME,Gust,REPLACE_OR_ADD_REVIEW,HIGH,NO,EXACT_PHYSICAL_EDITION | GAME_WORK | GAME_WORK_OR_PS4_RELEASE,3,PRICECHARTING_EXACT_PAL_PAGE | WIKIDATA | WIKIPEDIA_PS4_LIST,B_EXACT_PHYSICAL | B_PS4_RELEASE | C_DISCOVERY,https://www.pricecharting.com/game/pal-playstation-4/atelier-ryza-2-lost-legends-&-the-secret-fairy | https://en.wikipedia.org/wiki/List_of_PlayStation_4_games_(A%E2%80%93L) | https://www.wikidata.org/wiki/Q103816433,La ficha enlazada de la edición física PAL atribuye el desarrollo a esta compañía. | La lista específica de PS4 atribuye el desarrollo a esta compañía. | Wikidata registra la compañía como desarrolladora.,No propagar a ports o compilaciones sin comprobar sus créditos propios.,AMBIGUOUS_NAME | HIGH_OR_BETTER_GROUP_NOT_FULLY_RESOLVED | MISSING_SLUG
ps4-atelier-ryza-3-alchemist-of-the-end-&amp;-the-secret-key-special-collection-box,Atelier Ryza 3: Alchemist Of The End & The Secret Key [Special Collection Box],PAL España,standard,atelier ryza 3 alchemist of the end and the secret key,atelier ryza 3 alchemist of the end and the secret key special collection box,EDITION_VARIANT,DEVELOPER,developer,Gust,,Gust | Gust Co. Ltd.,AMBIGUOUS_NAME,,ADD_MISSING,HIGH,NO,EXACT_PHYSICAL_EDITION | GAME_WORK | GAME_WORK_OR_PS4_RELEASE,3,PRICECHARTING_EXACT_PAL_PAGE | WIKIDATA | WIKIPEDIA_PS4_LIST,B_EXACT_PHYSICAL | B_PS4_RELEASE | C_DISCOVERY,https://www.pricecharting.com/game/pal-playstation-4/atelier-ryza-3-alchemist-of-the-end-&-the-secret-key-special-collection-box | https://en.wikipedia.org/wiki/List_of_PlayStation_4_games_(A%E2%80%93L) | https://www.wikidata.org/wiki/Q113957024,La ficha enlazada de la edición física PAL atribuye el desarrollo a esta compañía. | La lista específica de PS4 atribuye el desarrollo a esta compañía. | Wikidata registra la compañía como desarrolladora.,No propagar a ports o compilaciones sin comprobar sus créditos propios.,AMBIGUOUS_NAME | HIGH_OR_BETTER_GROUP_NOT_FULLY_RESOLVED | MISSING_SLUG
ps4-atelier-ryza-ever-darkness-and-the-secret-hideout,Atelier Ryza: Ever Darkness and the Secret Hideout,PAL España,standard,atelier ryza ever darkness and the secret hideout,atelier ryza ever darkness and the secret hideout,GAME_OR_UNKNOWN,DEVELOPER,developer,Gust,,Gust | Gust Co. Ltd.,AMBIGUOUS_NAME,Gust,REPLACE_OR_ADD_REVIEW,HIGH,NO,EXACT_PHYSICAL_EDITION | GAME_WORK | GAME_WORK_OR_PS4_RELEASE,4,PRICECHARTING_EXACT_PAL_PAGE | REGIONATLAS_LEGACY_PRICECHARTING_CREDIT | WIKIDATA | WIKIPEDIA_PS4_LIST,B_EXACT_PHYSICAL | B_LEGACY_EXACT_PHYSICAL | B_PS4_RELEASE | C_DISCOVERY,https://www.pricecharting.com/game/pal-playstation-4/atelier-ryza-ever-darkness-and-the-secret-hideout | https://en.wikipedia.org/wiki/List_of_PlayStation_4_games_(A%E2%80%93L) | https://www.wikidata.org/wiki/Q86730384,La ficha enlazada de la edición física PAL atribuye el desarrollo a esta compañía. | El crédito actual procede de la importación histórica de la ficha física enlazada; se contrasta con la consulta en vivo. | La lista específica de PS4 atribuye el desarrollo a esta compañía. | Wikidata registra la compañía como desarrolladora.,No propagar a ports o compilaciones sin comprobar sus créditos propios.,AMBIGUOUS_NAME | HIGH_OR_BETTER_GROUP_NOT_FULLY_RESOLVED | MISSING_SLUG
ps4-atelier-sophie-2-the-alchemist-of-the-mysterious-dream,Atelier Sophie 2: The Alchemist Of The Mysterious Dream,PAL España,standard,atelier sophie 2 the alchemist of the mysterious dream,atelier sophie 2 the alchemist of the mysterious dream,GAME_OR_UNKNOWN,DEVELOPER,developer,Gust,,Gust | Gust Co. Ltd.,AMBIGUOUS_NAME,Gust,REPLACE_OR_ADD_REVIEW,HIGH,NO,EXACT_PHYSICAL_EDITION | GAME_WORK | GAME_WORK_OR_PS4_RELEASE,4,PRICECHARTING_EXACT_PAL_PAGE | REGIONATLAS_LEGACY_PRICECHARTING_CREDIT | WIKIDATA | WIKIPEDIA_PS4_LIST,B_EXACT_PHYSICAL | B_LEGACY_EXACT_PHYSICAL | B_PS4_RELEASE | C_DISCOVERY,https://www.pricecharting.com/game/pal-playstation-4/atelier-sophie-2-the-alchemist-of-the-mysterious-dream | https://en.wikipedia.org/wiki/List_of_PlayStation_4_games_(A%E2%80%93L) | https://www.wikidata.org/wiki/Q108773417,La ficha enlazada de la edición física PAL atribuye el desarrollo a esta compañía. | El crédito actual procede de la importación histórica de la ficha física enlazada; se contrasta con la consulta en vivo. | La lista específica de PS4 atribuye el desarrollo a esta compañía. | Wikidata registra la compañía como desarrolladora.,No propagar a ports o compilaciones sin comprobar sus créditos propios.,AMBIGUOUS_NAME | HIGH_OR_BETTER_GROUP_NOT_FULLY_RESOLVED | MISSING_SLUG
ps4-atomic-heart,Atomic Heart,PAL España,standard,atomic heart,atomic heart,GAME_OR_UNKNOWN,DEVELOPER,developer,Mundfish,,Mundfish,NOT_IN_COMPANY_INDEX,,ADD_MISSING,HIGH,NO,GAME_WORK | GAME_WORK_OR_PS4_RELEASE,2,STEAM_STORE | WIKIPEDIA_PS4_LIST,B_OTHER_PLATFORM | B_PS4_RELEASE,https://en.wikipedia.org/wiki/List_of_PlayStation_4_games_(A%E2%80%93L) | https://store.steampowered.com/app/668580,"La lista específica de PS4 atribuye el desarrollo a esta compañía. | La ficha comercial de Steam confirma la desarrolladora de la obra, no necesariamente el port de PS4.",No propagar a ports o compilaciones sin comprobar sus créditos propios.,HIGH_OR_BETTER_GROUP_NOT_FULLY_RESOLVED | MISSING_SLUG | NOT_IN_COMPANY_INDEX
ps4-attack-on-titan-2,Attack on Titan 2,PAL España,standard,attack on titan 2,attack on titan 2,GAME_OR_UNKNOWN,PHYSICAL_PUBLISHER_OR_DISTRIBUTOR,publisher,KOEI TECMO GAMES Co Ltd.,,KOEI TECMO GAMES Co Ltd.,AMBIGUOUS_NAME,"KOEI TECMO GAMES CO., LTD.",REPLACE_OR_ADD_REVIEW,HIGH,NO,EXACT_PHYSICAL_EDITION,2,PRICECHARTING_EXACT_PAL_PAGE | REGIONATLAS_LEGACY_PRICECHARTING_CREDIT,B_EXACT_PHYSICAL | B_LEGACY_EXACT_PHYSICAL,https://www.pricecharting.com/game/pal-playstation-4/attack-on-titan-2,La ficha exacta de la edición física PAL etiqueta a esta compañía como Publisher; puede representar publicación o distribución física. | El crédito actual procede de la importación histórica de la ficha física enlazada; se contrasta con la consulta en vivo.,Confirmar si la etiqueta Publisher representa publicación o distribución en la caja PAL.,AMBIGUOUS_NAME | HIGH_OR_BETTER_GROUP_NOT_FULLY_RESOLVED | MISSING_SLUG
ps4-attack-on-titan-wings-of-freedom,Attack on Titan Wings of Freedom,PAL España,standard,attack on titan wings of freedom,attack on titan wings of freedom,GAME_OR_UNKNOWN,PHYSICAL_PUBLISHER_OR_DISTRIBUTOR,publisher,KOEI TECMO GAMES Co Ltd.,,KOEI TECMO GAMES Co Ltd.,AMBIGUOUS_NAME,"KOEI TECMO GAMES CO., LTD.",REPLACE_OR_ADD_REVIEW,HIGH,NO,EXACT_PHYSICAL_EDITION,2,PRICECHARTING_EXACT_PAL_PAGE | REGIONATLAS_LEGACY_PRICECHARTING_CREDIT,B_EXACT_PHYSICAL | B_LEGACY_EXACT_PHYSICAL,https://www.pricecharting.com/game/pal-playstation-4/attack-on-titan-wings-of-freedom,La ficha exacta de la edición física PAL etiqueta a esta compañía como Publisher; puede representar publicación o distribución física. | El crédito actual procede de la importación histórica de la ficha física enlazada; se contrasta con la consulta en vivo.,Confirmar si la etiqueta Publisher representa publicación o distribución en la caja PAL.,AMBIGUOUS_NAME | HIGH_OR_BETTER_GROUP_NOT_FULLY_RESOLVED | MISSING_SLUG
ps4-attack-on-titan-wings-of-freedom-treasure-box,Attack on Titan: Wings of Freedom [Treasure Box],PAL España,standard,attack on titan wings of freedom,attack on titan wings of freedom treasure box,GAME_OR_UNKNOWN,PHYSICAL_PUBLISHER_OR_DISTRIBUTOR,publisher,KOEI TECMO GAMES Co Ltd,,KOEI TECMO GAMES Co Ltd,AMBIGUOUS_NAME,"KOEI TECMO GAMES CO., LTD",REPLACE_OR_ADD_REVIEW,HIGH,NO,EXACT_PHYSICAL_EDITION,2,PRICECHARTING_EXACT_PAL_PAGE | REGIONATLAS_LEGACY_PRICECHARTING_CREDIT,B_EXACT_PHYSICAL | B_LEGACY_EXACT_PHYSICAL,https://www.pricecharting.com/game/pal-playstation-4/attack-on-titan-wings-of-freedom-treasure-box,La ficha exacta de la edición física PAL etiqueta a esta compañía como Publisher; puede representar publicación o distribución física. | El crédito actual procede de la importación histórica de la ficha física enlazada; se contrasta con la consulta en vivo.,Confirmar si la etiqueta Publisher representa publicación o distribución en la caja PAL.,AMBIGUOUS_NAME | HIGH_OR_BETTER_GROUP_NOT_FULLY_RESOLVED | MISSING_SLUG
ps4-aven-colony,Aven Colony,PAL España,standard,aven colony,aven colony,GAME_OR_UNKNOWN,DEVELOPER,developer,Mothership Entertainment LLC,,Mothership Entertainment LLC | Mothership Entertainment,NOT_IN_COMPANY_INDEX,,ADD_MISSING,HIGH,NO,GAME_WORK | GAME_WORK_OR_PS4_RELEASE | MATCHED_PS4_PRODUCT | PS4_RELEASE,5,LAUNCHBOX_GAMES_DB | PLAYSTATION_STORE_EXPLICIT_CREDIT | STEAM_STORE | WIKIDATA | WIKIPEDIA_PS4_LIST,A_OFFICIAL_MATCHED_TITLE_CREDIT | B_OTHER_PLATFORM | B_PS4_RELEASE | C_DISCOVERY,https://store.playstation.com/es-es/product/EP4064-CUSA08055_00-AVENCOLONY000000 | https://en.wikipedia.org/wiki/List_of_PlayStation_4_games_(A%E2%80%93L) | https://store.steampowered.com/app/484900 | https://www.wikidata.org/wiki/Q28312331 | https://gamesdb.launchbox-app.com/games/details/422370,"Developed by Mothership Entertainment LLC 2017 | La lista específica de PS4 atribuye el desarrollo a esta compañía. | La ficha comercial de Steam confirma la desarrolladora de la obra, no necesariamente el port de PS4. | Wikidata registra la compañía como desarrolladora. | LaunchBox registra esta desarrolladora para su ficha de PS4.",No propagar a ports o compilaciones sin comprobar sus créditos propios.,HIGH_OR_BETTER_GROUP_NOT_FULLY_RESOLVED | MISSING_SLUG | NOT_IN_COMPANY_INDEX
ps4-avicii-invector,Avicii Invector,PAL España,standard,avicii invector,avicii invector,GAME_OR_UNKNOWN,DEVELOPER,developer,Hello There AB,,Hello There AB,NOT_IN_COMPANY_INDEX,Hello There Games,REPLACE_OR_ADD_REVIEW,HIGH,NO,MATCHED_PS4_PRODUCT,1,PLAYSTATION_STORE_EXPLICIT_CREDIT,A_OFFICIAL_MATCHED_TITLE_CREDIT,https://store.playstation.com/es-es/product/EP4382-CUSA18263_00-AVICIIINVECTOR00,Desarrollado por Hello There AB | Desarrollado por Hello There Games AB,No propagar a ports o compilaciones sin comprobar sus créditos propios.,HIGH_OR_BETTER_GROUP_NOT_FULLY_RESOLVED | MISSING_SLUG | NOT_IN_COMPANY_INDEX
ps4-avicii-invector,Avicii Invector,PAL España,standard,avicii invector,avicii invector,GAME_OR_UNKNOWN,DEVELOPER,developer,Hello There Games AB,,Hello There Games AB,NOT_IN_COMPANY_INDEX,Hello There Games,REPLACE_OR_ADD_REVIEW,HIGH,NO,MATCHED_PS4_PRODUCT,1,PLAYSTATION_STORE_EXPLICIT_CREDIT,A_OFFICIAL_MATCHED_TITLE_CREDIT,https://store.playstation.com/es-es/product/EP4382-CUSA18263_00-AVICIIINVECTOR00,Desarrollado por Hello There AB | Desarrollado por Hello There Games AB,No propagar a ports o compilaciones sin comprobar sus créditos propios.,HIGH_OR_BETTER_GROUP_NOT_FULLY_RESOLVED | MISSING_SLUG | NOT_IN_COMPANY_INDEX
ps4-avicii-invector,Avicii Invector,PAL España,standard,avicii invector,avicii invector,GAME_OR_UNKNOWN,DEVELOPER,developer,Hello There Games,hello-there-games,Hello There Games,EXACT_NAME_OR_ALIAS,Hello There Games,RETAIN,HIGH,NO,GAME_WORK | GAME_WORK_OR_PS4_RELEASE,3,STEAM_STORE | WIKIDATA | WIKIPEDIA_PS4_LIST,B_OTHER_PLATFORM | B_PS4_RELEASE | C_DISCOVERY,https://en.wikipedia.org/wiki/List_of_PlayStation_4_games_(A%E2%80%93L) | https://store.steampowered.com/app/986800 | https://www.wikidata.org/wiki/Q85739061,"La lista específica de PS4 atribuye el desarrollo a esta compañía. | La ficha comercial de Steam confirma la desarrolladora de la obra, no necesariamente el port de PS4. | Wikidata registra la compañía como desarrolladora.",No propagar a ports o compilaciones sin comprobar sus créditos propios.,HIGH_OR_BETTER_GROUP_NOT_FULLY_RESOLVED
ps4-axiom-verge,Axiom Verge,PAL España,standard,axiom verge,axiom verge,GAME_OR_UNKNOWN,DEVELOPER,developer,Thomas Happ Games,,Thomas Happ Games | Thomas Happ Games LLC,NOT_IN_COMPANY_INDEX,,ADD_MISSING,HIGH,NO,GAME_WORK | GAME_WORK_OR_PS4_RELEASE | PS4_RELEASE,4,LAUNCHBOX_GAMES_DB | STEAM_STORE | WIKIDATA | WIKIPEDIA_PS4_LIST,B_OTHER_PLATFORM | B_PS4_RELEASE | C_DISCOVERY,https://en.wikipedia.org/wiki/List_of_PlayStation_4_games_(A%E2%80%93L) | https://store.steampowered.com/app/332200 | https://www.wikidata.org/wiki/Q4830546 | https://gamesdb.launchbox-app.com/games/details/27457,"La lista específica de PS4 atribuye el desarrollo a esta compañía. | La ficha comercial de Steam confirma la desarrolladora de la obra, no necesariamente el port de PS4. | Wikidata registra la compañía como desarrolladora. | LaunchBox registra esta desarrolladora para su ficha de PS4.",No propagar a ports o compilaciones sin comprobar sus créditos propios.,HIGH_OR_BETTER_GROUP_NOT_FULLY_RESOLVED | MISSING_SLUG | NOT_IN_COMPANY_INDEX
ps4-axiom-verge-multiverse-edition,Axiom Verge [Multiverse Edition],PAL España,standard,axiom verge,axiom verge,GAME_OR_UNKNOWN,DEVELOPER,developer,Thomas Happ Games,,Thomas Happ Games LLC | Thomas Happ Games,NOT_IN_COMPANY_INDEX,,ADD_MISSING,HIGH,NO,EXACT_PHYSICAL_EDITION | GAME_WORK | GAME_WORK_OR_PS4_RELEASE | PS4_RELEASE,5,LAUNCHBOX_GAMES_DB | PRICECHARTING_EXACT_PAL_PAGE | STEAM_STORE | WIKIDATA | WIKIPEDIA_PS4_LIST,B_EXACT_PHYSICAL | B_OTHER_PLATFORM | B_PS4_RELEASE | C_DISCOVERY,https://www.pricecharting.com/game/pal-playstation-4/axiom-verge-multiverse-edition | https://en.wikipedia.org/wiki/List_of_PlayStation_4_games_(A%E2%80%93L) | https://store.steampowered.com/app/332200 | https://www.wikidata.org/wiki/Q4830546 | https://gamesdb.launchbox-app.com/games/details/27457,"La ficha enlazada de la edición física PAL atribuye el desarrollo a esta compañía. | La lista específica de PS4 atribuye el desarrollo a esta compañía. | La ficha comercial de Steam confirma la desarrolladora de la obra, no necesariamente el port de PS4. | Wikidata registra la compañía como desarrolladora. | LaunchBox registra esta desarrolladora para su ficha de PS4.",No propagar a ports o compilaciones sin comprobar sus créditos propios.,HIGH_OR_BETTER_GROUP_NOT_FULLY_RESOLVED | MISSING_SLUG | NOT_IN_COMPANY_INDEX
ps4-azur-lane-crosswave,Azur Lane: Crosswave,PAL España,standard,azur lane crosswave,azur lane crosswave,GAME_OR_UNKNOWN,DEVELOPER,developer,COMPILE HEART Co Ltd.,,COMPILE HEART Co Ltd. | COMPILE HEART,AMBIGUOUS_NAME,"COMPILE HEART Co., Ltd.,",REPLACE_OR_ADD_REVIEW,HIGH,NO,EXACT_PHYSICAL_EDITION | GAME_WORK,3,PRICECHARTING_EXACT_PAL_PAGE | REGIONATLAS_LEGACY_PRICECHARTING_CREDIT | STEAM_STORE,B_EXACT_PHYSICAL | B_LEGACY_EXACT_PHYSICAL | B_OTHER_PLATFORM,https://www.pricecharting.com/game/pal-playstation-4/azur-lane-crosswave | https://store.steampowered.com/app/1150080,"La ficha enlazada de la edición física PAL atribuye el desarrollo a esta compañía. | El crédito actual procede de la importación histórica de la ficha física enlazada; se contrasta con la consulta en vivo. | La ficha comercial de Steam confirma la desarrolladora de la obra, no necesariamente el port de PS4.",No propagar a ports o compilaciones sin comprobar sus créditos propios.,AMBIGUOUS_NAME | HIGH_OR_BETTER_GROUP_NOT_FULLY_RESOLVED | MISSING_SLUG
ps4-azur-lane-crosswave,Azur Lane: Crosswave,PAL España,standard,azur lane crosswave,azur lane crosswave,GAME_OR_UNKNOWN,DEVELOPER,developer,Felistella,felistella,Felistella | FELISTELLA,EXACT_NAME_OR_ALIAS,"COMPILE HEART Co., Ltd.,",REPLACE_OR_ADD_REVIEW,HIGH,NO,GAME_WORK | GAME_WORK_OR_PS4_RELEASE,2,STEAM_STORE | WIKIPEDIA_PS4_LIST,B_OTHER_PLATFORM | B_PS4_RELEASE,https://en.wikipedia.org/wiki/List_of_PlayStation_4_games_(A%E2%80%93L) | https://store.steampowered.com/app/1150080,"La lista específica de PS4 atribuye el desarrollo a esta compañía. | La ficha comercial de Steam confirma la desarrolladora de la obra, no necesariamente el port de PS4.",No propagar a ports o compilaciones sin comprobar sus créditos propios.,HIGH_OR_BETTER_GROUP_NOT_FULLY_RESOLVED
ps4-azur-lane-crosswave,Azur Lane: Crosswave,PAL España,standard,azur lane crosswave,azur lane crosswave,GAME_OR_UNKNOWN,PHYSICAL_PUBLISHER_OR_DISTRIBUTOR,publisher,Idea Factory International,,Idea Factory International,AMBIGUOUS_NAME,"Idea Factory International, Reef Entertainment",REPLACE_OR_ADD_REVIEW,HIGH,NO,EXACT_PHYSICAL_EDITION | PAL_RELEASE,3,PRICECHARTING_EXACT_PAL_PAGE | REGIONATLAS_LEGACY_PRICECHARTING_CREDIT | WIKIPEDIA_PS4_LIST_PAL,B_EXACT_PHYSICAL | B_LEGACY_EXACT_PHYSICAL | B_PAL_RELEASE,https://www.pricecharting.com/game/pal-playstation-4/azur-lane-crosswave | https://en.wikipedia.org/wiki/List_of_PlayStation_4_games_(A%E2%80%93L),La ficha exacta de la edición física PAL etiqueta a esta compañía como Publisher; puede representar publicación o distribución física. | El crédito actual procede de la importación histórica de la ficha física enlazada; se contrasta con la consulta en vivo. | La columna PAL de la lista de PS4 atribuye la publicación a esta compañía.,Confirmar si la etiqueta Publisher representa publicación o distribución en la caja PAL.,AMBIGUOUS_NAME | HIGH_OR_BETTER_GROUP_NOT_FULLY_RESOLVED | MISSING_SLUG
ps4-azur-lane-crosswave,Azur Lane: Crosswave,PAL España,standard,azur lane crosswave,azur lane crosswave,GAME_OR_UNKNOWN,PHYSICAL_PUBLISHER_OR_DISTRIBUTOR,publisher,Reef Entertainment,reef-entertainment,Reef Entertainment,EXACT_NAME_OR_ALIAS,"Idea Factory International, Reef Entertainment",REPLACE_OR_ADD_REVIEW,HIGH,NO,EXACT_PHYSICAL_EDITION,2,PRICECHARTING_EXACT_PAL_PAGE | REGIONATLAS_LEGACY_PRICECHARTING_CREDIT,B_EXACT_PHYSICAL | B_LEGACY_EXACT_PHYSICAL,https://www.pricecharting.com/game/pal-playstation-4/azur-lane-crosswave,La ficha exacta de la edición física PAL etiqueta a esta compañía como Publisher; puede representar publicación o distribución física. | El crédito actual procede de la importación histórica de la ficha física enlazada; se contrasta con la consulta en vivo.,Confirmar si la etiqueta Publisher representa publicación o distribución en la caja PAL.,HIGH_OR_BETTER_GROUP_NOT_FULLY_RESOLVED
ps4-azur-lane-crosswave-commander%27s-calendar-edition,Azur Lane: Crosswave [Commander's Calendar Edition],PAL España,standard,azur lane crosswave,azur lane crosswave,GAME_OR_UNKNOWN,DEVELOPER,developer,COMPILE HEART Co Ltd.,,COMPILE HEART Co Ltd. | COMPILE HEART,AMBIGUOUS_NAME,,ADD_MISSING,HIGH,NO,EXACT_PHYSICAL_EDITION | GAME_WORK,2,PRICECHARTING_EXACT_PAL_PAGE | STEAM_STORE,B_EXACT_PHYSICAL | B_OTHER_PLATFORM,https://www.pricecharting.com/game/pal-playstation-4/azur-lane-crosswave-commander%27s-calendar-edition | https://store.steampowered.com/app/1150080,"La ficha enlazada de la edición física PAL atribuye el desarrollo a esta compañía. | La ficha comercial de Steam confirma la desarrolladora de la obra, no necesariamente el port de PS4.",No propagar a ports o compilaciones sin comprobar sus créditos propios.,AMBIGUOUS_NAME | HIGH_OR_BETTER_GROUP_NOT_FULLY_RESOLVED | MISSING_SLUG
ps4-azur-lane-crosswave-commander%27s-calendar-edition,Azur Lane: Crosswave [Commander's Calendar Edition],PAL España,standard,azur lane crosswave,azur lane crosswave,GAME_OR_UNKNOWN,DEVELOPER,developer,Felistella,felistella,Felistella | FELISTELLA,EXACT_NAME_OR_ALIAS,,ADD_MISSING,HIGH,NO,GAME_WORK | GAME_WORK_OR_PS4_RELEASE,2,STEAM_STORE | WIKIPEDIA_PS4_LIST,B_OTHER_PLATFORM | B_PS4_RELEASE,https://en.wikipedia.org/wiki/List_of_PlayStation_4_games_(A%E2%80%93L) | https://store.steampowered.com/app/1150080,"La lista específica de PS4 atribuye el desarrollo a esta compañía. | La ficha comercial de Steam confirma la desarrolladora de la obra, no necesariamente el port de PS4.",No propagar a ports o compilaciones sin comprobar sus créditos propios.,HIGH_OR_BETTER_GROUP_NOT_FULLY_RESOLVED
ps4-azur-lane-crosswave-commander%27s-calendar-edition,Azur Lane: Crosswave [Commander's Calendar Edition],PAL España,standard,azur lane crosswave,azur lane crosswave,GAME_OR_UNKNOWN,PHYSICAL_PUBLISHER_OR_DISTRIBUTOR,publisher,Idea Factory International,,Idea Factory International,AMBIGUOUS_NAME,,ADD_MISSING,HIGH,NO,EXACT_PHYSICAL_EDITION | PAL_RELEASE,2,PRICECHARTING_EXACT_PAL_PAGE | WIKIPEDIA_PS4_LIST_PAL,B_EXACT_PHYSICAL | B_PAL_RELEASE,https://www.pricecharting.com/game/pal-playstation-4/azur-lane-crosswave-commander%27s-calendar-edition | https://en.wikipedia.org/wiki/List_of_PlayStation_4_games_(A%E2%80%93L),La ficha exacta de la edición física PAL etiqueta a esta compañía como Publisher; puede representar publicación o distribución física. | La columna PAL de la lista de PS4 atribuye la publicación a esta compañía.,Confirmar si la etiqueta Publisher representa publicación o distribución en la caja PAL.,AMBIGUOUS_NAME | HIGH_OR_BETTER_GROUP_NOT_FULLY_RESOLVED | MISSING_SLUG
ps4-baja-edge-of-control-hd,Baja Edge of Control HD,PAL España,standard,baja edge of control hd,baja edge of control hd,GAME_OR_UNKNOWN,PHYSICAL_PUBLISHER_OR_DISTRIBUTOR,publisher,THQ Nordic,,THQ Nordic,AMBIGUOUS_NAME,THQ Nordic,REPLACE_OR_ADD_REVIEW,HIGH,NO,EXACT_PHYSICAL_EDITION | PAL_RELEASE,3,PRICECHARTING_EXACT_PAL_PAGE | REGIONATLAS_LEGACY_PRICECHARTING_CREDIT | WIKIPEDIA_PS4_LIST_PAL,B_EXACT_PHYSICAL | B_LEGACY_EXACT_PHYSICAL | B_PAL_RELEASE,https://www.pricecharting.com/game/pal-playstation-4/baja-edge-of-control-hd | https://en.wikipedia.org/wiki/List_of_PlayStation_4_games_(A%E2%80%93L),La ficha exacta de la edición física PAL etiqueta a esta compañía como Publisher; puede representar publicación o distribución física. | El crédito actual procede de la importación histórica de la ficha física enlazada; se contrasta con la consulta en vivo. | La columna PAL de la lista de PS4 atribuye la publicación a esta compañía.,Confirmar si la etiqueta Publisher representa publicación o distribución en la caja PAL.,AMBIGUOUS_NAME | HIGH_OR_BETTER_GROUP_NOT_FULLY_RESOLVED | MISSING_SLUG
ps4-balan-wonderworld,Balan Wonderworld,PAL España,standard,balan wonderworld,balan wonderworld,GAME_OR_UNKNOWN,PHYSICAL_PUBLISHER_OR_DISTRIBUTOR,publisher,Square Enix,,Square Enix,AMBIGUOUS_NAME,Square Enix,REPLACE_OR_ADD_REVIEW,HIGH,NO,EXACT_PHYSICAL_EDITION | PAL_RELEASE,3,PRICECHARTING_EXACT_PAL_PAGE | REGIONATLAS_LEGACY_PRICECHARTING_CREDIT | WIKIPEDIA_PS4_LIST_PAL,B_EXACT_PHYSICAL | B_LEGACY_EXACT_PHYSICAL | B_PAL_RELEASE,https://www.pricecharting.com/game/pal-playstation-4/balan-wonderworld | https://en.wikipedia.org/wiki/List_of_PlayStation_4_games_(A%E2%80%93L),La ficha exacta de la edición física PAL etiqueta a esta compañía como Publisher; puede representar publicación o distribución física. | El crédito actual procede de la importación histórica de la ficha física enlazada; se contrasta con la consulta en vivo. | La columna PAL de la lista de PS4 atribuye la publicación a esta compañía.,Confirmar si la etiqueta Publisher representa publicación o distribución en la caja PAL.,AMBIGUOUS_NAME | HIGH_OR_BETTER_GROUP_NOT_FULLY_RESOLVED | MISSING_SLUG
ps4-baldo-the-guardian-owls,Baldo: The Guardian Owls,PAL España,standard,baldo the guardian owls,baldo the guardian owls,GAME_OR_UNKNOWN,PHYSICAL_PUBLISHER_OR_DISTRIBUTOR,publisher,Pix’n Love Games,,Pix’n Love Games,AMBIGUOUS_NAME,Pix’n Love Games,REPLACE_OR_ADD_REVIEW,HIGH,NO,EXACT_PHYSICAL_EDITION,2,PRICECHARTING_EXACT_PAL_PAGE | REGIONATLAS_LEGACY_PRICECHARTING_CREDIT,B_EXACT_PHYSICAL | B_LEGACY_EXACT_PHYSICAL,https://www.pricecharting.com/game/pal-playstation-4/baldo-the-guardian-owls,La ficha exacta de la edición física PAL etiqueta a esta compañía como Publisher; puede representar publicación o distribución física. | El crédito actual procede de la importación histórica de la ficha física enlazada; se contrasta con la consulta en vivo.,Confirmar si la etiqueta Publisher representa publicación o distribución en la caja PAL.,AMBIGUOUS_NAME | HIGH_OR_BETTER_GROUP_NOT_FULLY_RESOLVED | MISSING_SLUG
ps4-bats-bloodsucker-anti-terror-squad,BATS: Bloodsucker Anti-Terror Squad,PAL España,standard,bats bloodsucker anti terror squad,bats bloodsucker anti terror squad,GAME_OR_UNKNOWN,PHYSICAL_PUBLISHER_OR_DISTRIBUTOR,publisher,The MIX Games,,The MIX Games,NOT_IN_COMPANY_INDEX,"The MIX Games, One Eyed Robot, Red Art Games",REPLACE_OR_ADD_REVIEW,HIGH,NO,EXACT_PHYSICAL_EDITION,2,PRICECHARTING_EXACT_PAL_PAGE | REGIONATLAS_LEGACY_PRICECHARTING_CREDIT,B_EXACT_PHYSICAL | B_LEGACY_EXACT_PHYSICAL,https://www.pricecharting.com/game/pal-playstation-4/bats-bloodsucker-anti-terror-squad,La ficha exacta de la edición física PAL etiqueta a esta compañía como Publisher; puede representar publicación o distribución física. | El crédito actual procede de la importación histórica de la ficha física enlazada; se contrasta con la consulta en vivo.,Confirmar si la etiqueta Publisher representa publicación o distribución en la caja PAL.,HIGH_OR_BETTER_GROUP_NOT_FULLY_RESOLVED | MISSING_SLUG | NOT_IN_COMPANY_INDEX
ps4-bats-bloodsucker-anti-terror-squad,BATS: Bloodsucker Anti-Terror Squad,PAL España,standard,bats bloodsucker anti terror squad,bats bloodsucker anti terror squad,GAME_OR_UNKNOWN,PHYSICAL_PUBLISHER_OR_DISTRIBUTOR,publisher,One Eyed Robot,,One Eyed Robot,NOT_IN_COMPANY_INDEX,"The MIX Games, One Eyed Robot, Red Art Games",REPLACE_OR_ADD_REVIEW,HIGH,NO,EXACT_PHYSICAL_EDITION,2,PRICECHARTING_EXACT_PAL_PAGE | REGIONATLAS_LEGACY_PRICECHARTING_CREDIT,B_EXACT_PHYSICAL | B_LEGACY_EXACT_PHYSICAL,https://www.pricecharting.com/game/pal-playstation-4/bats-bloodsucker-anti-terror-squad,La ficha exacta de la edición física PAL etiqueta a esta compañía como Publisher; puede representar publicación o distribución física. | El crédito actual procede de la importación histórica de la ficha física enlazada; se contrasta con la consulta en vivo.,Confirmar si la etiqueta Publisher representa publicación o distribución en la caja PAL.,HIGH_OR_BETTER_GROUP_NOT_FULLY_RESOLVED | MISSING_SLUG | NOT_IN_COMPANY_INDEX
ps4-bats-bloodsucker-anti-terror-squad,BATS: Bloodsucker Anti-Terror Squad,PAL España,standard,bats bloodsucker anti terror squad,bats bloodsucker anti terror squad,GAME_OR_UNKNOWN,PHYSICAL_PUBLISHER_OR_DISTRIBUTOR,publisher,Red Art Games,red-art-games,Red Art Games,EXACT_NAME_OR_ALIAS,"The MIX Games, One Eyed Robot, Red Art Games",REPLACE_OR_ADD_REVIEW,HIGH,NO,EXACT_PHYSICAL_EDITION,2,PRICECHARTING_EXACT_PAL_PAGE | REGIONATLAS_LEGACY_PRICECHARTING_CREDIT,B_EXACT_PHYSICAL | B_LEGACY_EXACT_PHYSICAL,https://www.pricecharting.com/game/pal-playstation-4/bats-bloodsucker-anti-terror-squad,La ficha exacta de la edición física PAL etiqueta a esta compañía como Publisher; puede representar publicación o distribución física. | El crédito actual procede de la importación histórica de la ficha física enlazada; se contrasta con la consulta en vivo.,Confirmar si la etiqueta Publisher representa publicación o distribución en la caja PAL.,HIGH_OR_BETTER_GROUP_NOT_FULLY_RESOLVED
ps4-bee-simulator,Bee Simulator,PAL España,standard,bee simulator,bee simulator,GAME_OR_UNKNOWN,DEVELOPER,developer,Varsav Game Studios,,Varsav Game Studios | VARSAV Game Studios,NOT_IN_COMPANY_INDEX,,ADD_MISSING,HIGH,NO,GAME_WORK | GAME_WORK_OR_PS4_RELEASE | PS4_RELEASE,3,LAUNCHBOX_GAMES_DB | STEAM_STORE | WIKIPEDIA_PS4_LIST,B_OTHER_PLATFORM | B_PS4_RELEASE | C_DISCOVERY,https://en.wikipedia.org/wiki/List_of_PlayStation_4_games_(A%E2%80%93L) | https://store.steampowered.com/app/914750 | https://gamesdb.launchbox-app.com/games/details/441355,"La lista específica de PS4 atribuye el desarrollo a esta compañía. | La ficha comercial de Steam confirma la desarrolladora de la obra, no necesariamente el port de PS4. | LaunchBox registra esta desarrolladora para su ficha de PS4.",No propagar a ports o compilaciones sin comprobar sus créditos propios.,HIGH_OR_BETTER_GROUP_NOT_FULLY_RESOLVED | MISSING_SLUG | NOT_IN_COMPANY_INDEX
ps4-bendy-and-the-ink-machine,Bendy and the Ink Machine,PAL España,standard,bendy and the ink machine,bendy and the ink machine,GAME_OR_UNKNOWN,DEVELOPER,developer,Joey Drew Studios,,Joey Drew Studios,NOT_IN_COMPANY_INDEX,Joey Prew Studios,REPLACE_OR_ADD_REVIEW,HIGH,NO,GAME_WORK | GAME_WORK_OR_PS4_RELEASE,2,STEAM_STORE | WIKIPEDIA_PS4_LIST,B_OTHER_PLATFORM | B_PS4_RELEASE,https://en.wikipedia.org/wiki/List_of_PlayStation_4_games_(A%E2%80%93L) | https://store.steampowered.com/app/622650,"La lista específica de PS4 atribuye el desarrollo a esta compañía. | La ficha comercial de Steam confirma la desarrolladora de la obra, no necesariamente el port de PS4.",No propagar a ports o compilaciones sin comprobar sus créditos propios.,HIGH_OR_BETTER_GROUP_NOT_FULLY_RESOLVED | MISSING_SLUG | NOT_IN_COMPANY_INDEX
ps4-berserk-and-the-band-of-the-hawk,Berserk and The Band of the Hawk,PAL España,standard,berserk and the band of the hawk,berserk and the band of the hawk,GAME_OR_UNKNOWN,DEVELOPER,developer,KOEI TECMO GAMES CO,,KOEI TECMO GAMES CO | KOEI TECMO GAMES Co Ltd.,AMBIGUOUS_NAME,Omega Force,REPLACE_OR_ADD_REVIEW,HIGH,NO,GAME_WORK | MATCHED_PS4_PRODUCT,2,PLAYSTATION_STORE_EXPLICIT_CREDIT | STEAM_STORE,A_OFFICIAL_MATCHED_TITLE_CREDIT | B_OTHER_PLATFORM,https://store.playstation.com/es-es/product/EP4108-CUSA07406_00-SLAYERGAME000000 | https://store.steampowered.com/app/502280,"Developed by KOEI TECMO GAMES CO | La ficha comercial de Steam confirma la desarrolladora de la obra, no necesariamente el port de PS4.",No propagar a ports o compilaciones sin comprobar sus créditos propios.,AMBIGUOUS_NAME | HIGH_OR_BETTER_GROUP_NOT_FULLY_RESOLVED | MISSING_SLUG
ps4-berserk-and-the-band-of-the-hawk,Berserk and The Band of the Hawk,PAL España,standard,berserk and the band of the hawk,berserk and the band of the hawk,GAME_OR_UNKNOWN,DEVELOPER,developer,Omega Force,omega-force,Omega Force,EXACT_NAME_OR_ALIAS,Omega Force,RETAIN,HIGH,NO,EXACT_PHYSICAL_EDITION | GAME_WORK | GAME_WORK_OR_PS4_RELEASE | PS4_RELEASE,4,LAUNCHBOX_GAMES_DB | REGIONATLAS_LEGACY_PRICECHARTING_CREDIT | WIKIDATA | WIKIPEDIA_PS4_LIST,B_LEGACY_EXACT_PHYSICAL | B_PS4_RELEASE | C_DISCOVERY,https://www.pricecharting.com/game/pal-playstation-4/berserk-and-the-band-of-the-hawk | https://en.wikipedia.org/wiki/List_of_PlayStation_4_games_(A%E2%80%93L) | https://www.wikidata.org/wiki/Q25221870 | https://gamesdb.launchbox-app.com/games/details/141428,El crédito actual procede de la importación histórica de la ficha física enlazada; se contrasta con la consulta en vivo. | La lista específica de PS4 atribuye el desarrollo a esta compañía. | Wikidata registra la compañía como desarrolladora. | LaunchBox registra esta desarrolladora para su ficha de PS4.,No propagar a ports o compilaciones sin comprobar sus créditos propios.,HIGH_OR_BETTER_GROUP_NOT_FULLY_RESOLVED
ps4-big-bash-boom,Big Bash Boom,PAL España,standard,big bash boom,big bash boom,GAME_OR_UNKNOWN,DEVELOPER,developer,Big Ant Studios,,Big Ant Studios,AMBIGUOUS_NAME,,ADD_MISSING,HIGH,NO,GAME_WORK | GAME_WORK_OR_PS4_RELEASE,3,STEAM_STORE | WIKIDATA | WIKIPEDIA_PS4_LIST,B_OTHER_PLATFORM | B_PS4_RELEASE | C_DISCOVERY,https://en.wikipedia.org/wiki/List_of_PlayStation_4_games_(A%E2%80%93L) | https://store.steampowered.com/app/979720 | https://www.wikidata.org/wiki/Q104040975,"La lista específica de PS4 atribuye el desarrollo a esta compañía. | La ficha comercial de Steam confirma la desarrolladora de la obra, no necesariamente el port de PS4. | Wikidata registra la compañía como desarrolladora.",No propagar a ports o compilaciones sin comprobar sus créditos propios.,AMBIGUOUS_NAME | HIGH_OR_BETTER_GROUP_NOT_FULLY_RESOLVED | MISSING_SLUG
ps4-big-bash-boom-steelbook-edition,Big Bash Boom [Steelbook Edition],PAL España,standard,big bash boom,big bash boom,EDITION_VARIANT,DEVELOPER,developer,Big Ant Studios,,Big Ant Studios,AMBIGUOUS_NAME,,ADD_MISSING,HIGH,NO,GAME_WORK | GAME_WORK_OR_PS4_RELEASE,3,STEAM_STORE | WIKIDATA | WIKIPEDIA_PS4_LIST,B_OTHER_PLATFORM | B_PS4_RELEASE | C_DISCOVERY,https://en.wikipedia.org/wiki/List_of_PlayStation_4_games_(A%E2%80%93L) | https://store.steampowered.com/app/979720 | https://www.wikidata.org/wiki/Q104040975,"La lista específica de PS4 atribuye el desarrollo a esta compañía. | La ficha comercial de Steam confirma la desarrolladora de la obra, no necesariamente el port de PS4. | Wikidata registra la compañía como desarrolladora.",No propagar a ports o compilaciones sin comprobar sus créditos propios.,AMBIGUOUS_NAME | HIGH_OR_BETTER_GROUP_NOT_FULLY_RESOLVED | MISSING_SLUG
ps4-big-pharma-special-edition,Big Pharma [Special Edition],PAL España,standard,big pharma,big pharma,EDITION_VARIANT,PHYSICAL_PUBLISHER_OR_DISTRIBUTOR,publisher,Meridiem Games,meridiem-games,Meridiem Games,EXACT_NAME_OR_ALIAS,"Meridiem Games, Positech Games",REPLACE_OR_ADD_REVIEW,HIGH,NO,EXACT_PHYSICAL_EDITION,2,PRICECHARTING_EXACT_PAL_PAGE | REGIONATLAS_LEGACY_PRICECHARTING_CREDIT,B_EXACT_PHYSICAL | B_LEGACY_EXACT_PHYSICAL,https://www.pricecharting.com/game/pal-playstation-4/big-pharma-special-edition,La ficha exacta de la edición física PAL etiqueta a esta compañía como Publisher; puede representar publicación o distribución física. | El crédito actual procede de la importación histórica de la ficha física enlazada; se contrasta con la consulta en vivo.,Confirmar si la etiqueta Publisher representa publicación o distribución en la caja PAL.,HIGH_OR_BETTER_GROUP_NOT_FULLY_RESOLVED
ps4-big-pharma-special-edition,Big Pharma [Special Edition],PAL España,standard,big pharma,big pharma,EDITION_VARIANT,PHYSICAL_PUBLISHER_OR_DISTRIBUTOR,publisher,Positech Games,,Positech Games,NOT_IN_COMPANY_INDEX,"Meridiem Games, Positech Games",REPLACE_OR_ADD_REVIEW,HIGH,NO,EXACT_PHYSICAL_EDITION,2,PRICECHARTING_EXACT_PAL_PAGE | REGIONATLAS_LEGACY_PRICECHARTING_CREDIT,B_EXACT_PHYSICAL | B_LEGACY_EXACT_PHYSICAL,https://www.pricecharting.com/game/pal-playstation-4/big-pharma-special-edition,La ficha exacta de la edición física PAL etiqueta a esta compañía como Publisher; puede representar publicación o distribución física. | El crédito actual procede de la importación histórica de la ficha física enlazada; se contrasta con la consulta en vivo.,Confirmar si la etiqueta Publisher representa publicación o distribución en la caja PAL.,HIGH_OR_BETTER_GROUP_NOT_FULLY_RESOLVED | MISSING_SLUG | NOT_IN_COMPANY_INDEX
ps4-biomutant,Biomutant,PAL España,standard,biomutant,biomutant,GAME_OR_UNKNOWN,DEVELOPER,developer,Experiment 101,experiment-101,Experiment 101,EXACT_NAME_OR_ALIAS,Experiment 101,RETAIN,HIGH,NO,EXACT_PHYSICAL_EDITION | GAME_WORK | GAME_WORK_OR_PS4_RELEASE | PS4_RELEASE,5,LAUNCHBOX_GAMES_DB | PRICECHARTING_EXACT_PAL_PAGE | STEAM_STORE | WIKIDATA | WIKIPEDIA_PS4_LIST,B_EXACT_PHYSICAL | B_OTHER_PLATFORM | B_PS4_RELEASE | C_DISCOVERY,https://www.pricecharting.com/game/pal-playstation-4/biomutant | https://en.wikipedia.org/wiki/List_of_PlayStation_4_games_(A%E2%80%93L) | https://store.steampowered.com/app/597820 | https://www.wikidata.org/wiki/Q37877467 | https://gamesdb.launchbox-app.com/games/details/209331,"La ficha enlazada de la edición física PAL atribuye el desarrollo a esta compañía. | La lista específica de PS4 atribuye el desarrollo a esta compañía. | La ficha comercial de Steam confirma la desarrolladora de la obra, no necesariamente el port de PS4. | Wikidata registra la compañía como desarrolladora. | LaunchBox registra esta desarrolladora para su ficha de PS4.",No propagar a ports o compilaciones sin comprobar sus créditos propios.,HIGH_OR_BETTER_GROUP_NOT_FULLY_RESOLVED
ps4-biomutant,Biomutant,PAL España,standard,biomutant,biomutant,GAME_OR_UNKNOWN,PHYSICAL_PUBLISHER_OR_DISTRIBUTOR,publisher,THQ Nordic,,THQ Nordic,AMBIGUOUS_NAME,THQ Nordic,REPLACE_OR_ADD_REVIEW,HIGH,NO,EXACT_PHYSICAL_EDITION | PAL_RELEASE,2,PRICECHARTING_EXACT_PAL_PAGE | WIKIPEDIA_PS4_LIST_PAL,B_EXACT_PHYSICAL | B_PAL_RELEASE,https://www.pricecharting.com/game/pal-playstation-4/biomutant | https://en.wikipedia.org/wiki/List_of_PlayStation_4_games_(A%E2%80%93L),La ficha exacta de la edición física PAL etiqueta a esta compañía como Publisher; puede representar publicación o distribución física. | La columna PAL de la lista de PS4 atribuye la publicación a esta compañía.,Confirmar si la etiqueta Publisher representa publicación o distribución en la caja PAL.,AMBIGUOUS_NAME | HIGH_OR_BETTER_GROUP_NOT_FULLY_RESOLVED | MISSING_SLUG
ps4-biomutant-atomic-edition,Biomutant [Atomic Edition],PAL España,standard,biomutant,biomutant,GAME_OR_UNKNOWN,DEVELOPER,developer,Experiment 101 AB,,Experiment 101 AB,NOT_IN_COMPANY_INDEX,,ADD_MISSING,HIGH,NO,MATCHED_PS4_PRODUCT,1,PLAYSTATION_STORE_EXPLICIT_CREDIT,A_OFFICIAL_MATCHED_TITLE_CREDIT,https://store.playstation.com/es-es/product/EP4389-CUSA09848_00-BIOMUTANTEU00001,Developed by Experiment 101 AB,No propagar a ports o compilaciones sin comprobar sus créditos propios.,HIGH_OR_BETTER_GROUP_NOT_FULLY_RESOLVED | MISSING_SLUG | NOT_IN_COMPANY_INDEX
ps4-biomutant-atomic-edition,Biomutant [Atomic Edition],PAL España,standard,biomutant,biomutant,GAME_OR_UNKNOWN,DEVELOPER,developer,Experiment 101,experiment-101,Experiment 101,EXACT_NAME_OR_ALIAS,,ADD_MISSING,HIGH,NO,GAME_WORK | GAME_WORK_OR_PS4_RELEASE | PS4_RELEASE,4,LAUNCHBOX_GAMES_DB | STEAM_STORE | WIKIDATA | WIKIPEDIA_PS4_LIST,B_OTHER_PLATFORM | B_PS4_RELEASE | C_DISCOVERY,https://en.wikipedia.org/wiki/List_of_PlayStation_4_games_(A%E2%80%93L) | https://store.steampowered.com/app/597820 | https://www.wikidata.org/wiki/Q37877467 | https://gamesdb.launchbox-app.com/games/details/209331,"La lista específica de PS4 atribuye el desarrollo a esta compañía. | La ficha comercial de Steam confirma la desarrolladora de la obra, no necesariamente el port de PS4. | Wikidata registra la compañía como desarrolladora. | LaunchBox registra esta desarrolladora para su ficha de PS4.",No propagar a ports o compilaciones sin comprobar sus créditos propios.,HIGH_OR_BETTER_GROUP_NOT_FULLY_RESOLVED
ps4-biomutant-collector%27s-edition,Biomutant [Collector's Edition],PAL España,standard,biomutant,biomutant,EDITION_VARIANT,DEVELOPER,developer,Experiment 101 AB,,Experiment 101 AB,NOT_IN_COMPANY_INDEX,,ADD_MISSING,HIGH,NO,MATCHED_PS4_PRODUCT,1,PLAYSTATION_STORE_EXPLICIT_CREDIT,A_OFFICIAL_MATCHED_TITLE_CREDIT,https://store.playstation.com/es-es/product/EP4389-CUSA09848_00-BIOMUTANTEU00001,Developed by Experiment 101 AB,No propagar a ports o compilaciones sin comprobar sus créditos propios.,HIGH_OR_BETTER_GROUP_NOT_FULLY_RESOLVED | MISSING_SLUG | NOT_IN_COMPANY_INDEX
ps4-biomutant-collector%27s-edition,Biomutant [Collector's Edition],PAL España,standard,biomutant,biomutant,EDITION_VARIANT,DEVELOPER,developer,Experiment 101,experiment-101,Experiment 101,EXACT_NAME_OR_ALIAS,,ADD_MISSING,HIGH,NO,GAME_WORK | GAME_WORK_OR_PS4_RELEASE | PS4_RELEASE,4,LAUNCHBOX_GAMES_DB | STEAM_STORE | WIKIDATA | WIKIPEDIA_PS4_LIST,B_OTHER_PLATFORM | B_PS4_RELEASE | C_DISCOVERY,https://en.wikipedia.org/wiki/List_of_PlayStation_4_games_(A%E2%80%93L) | https://store.steampowered.com/app/597820 | https://www.wikidata.org/wiki/Q37877467 | https://gamesdb.launchbox-app.com/games/details/209331,"La lista específica de PS4 atribuye el desarrollo a esta compañía. | La ficha comercial de Steam confirma la desarrolladora de la obra, no necesariamente el port de PS4. | Wikidata registra la compañía como desarrolladora. | LaunchBox registra esta desarrolladora para su ficha de PS4.",No propagar a ports o compilaciones sin comprobar sus créditos propios.,HIGH_OR_BETTER_GROUP_NOT_FULLY_RESOLVED
ps4-birthdays-the-beginning,Birthdays the Beginning,PAL España,standard,birthdays the beginning,birthdays the beginning,GAME_OR_UNKNOWN,PHYSICAL_PUBLISHER_OR_DISTRIBUTOR,publisher,NIS America,,NIS America,AMBIGUOUS_NAME,NIS America,REPLACE_OR_ADD_REVIEW,HIGH,NO,EXACT_PHYSICAL_EDITION | PAL_RELEASE,3,PRICECHARTING_EXACT_PAL_PAGE | REGIONATLAS_LEGACY_PRICECHARTING_CREDIT | WIKIPEDIA_PS4_LIST_PAL,B_EXACT_PHYSICAL | B_LEGACY_EXACT_PHYSICAL | B_PAL_RELEASE,https://www.pricecharting.com/game/pal-playstation-4/birthdays-the-beginning | https://en.wikipedia.org/wiki/List_of_PlayStation_4_games_(A%E2%80%93L),La ficha exacta de la edición física PAL etiqueta a esta compañía como Publisher; puede representar publicación o distribución física. | El crédito actual procede de la importación histórica de la ficha física enlazada; se contrasta con la consulta en vivo. | La columna PAL de la lista de PS4 atribuye la publicación a esta compañía.,Confirmar si la etiqueta Publisher representa publicación o distribución en la caja PAL.,AMBIGUOUS_NAME | HIGH_OR_BETTER_GROUP_NOT_FULLY_RESOLVED | MISSING_SLUG
ps4-blacksad-under-the-skin,Blacksad: Under the Skin,PAL España,standard,blacksad under the skin,blacksad under the skin,GAME_OR_UNKNOWN,DEVELOPER,developer,Pendulo Studios,pendulo-studios,Pendulo Studios | Péndulo Studios,EXACT_NAME_OR_ALIAS,Pendulo Studios,RETAIN,HIGH,NO,EXACT_PHYSICAL_EDITION | GAME_WORK | GAME_WORK_OR_PS4_RELEASE | PS4_RELEASE,5,LAUNCHBOX_GAMES_DB | REGIONATLAS_LEGACY_PRICECHARTING_CREDIT | STEAM_STORE | WIKIDATA | WIKIPEDIA_PS4_LIST,B_LEGACY_EXACT_PHYSICAL | B_OTHER_PLATFORM | B_PS4_RELEASE | C_DISCOVERY,https://www.pricecharting.com/game/pal-playstation-4/blacksad-under-the-skin | https://en.wikipedia.org/wiki/List_of_PlayStation_4_games_(A%E2%80%93L) | https://store.steampowered.com/app/1003890 | https://www.wikidata.org/wiki/Q65127636 | https://gamesdb.launchbox-app.com/games/details/207452,"El crédito actual procede de la importación histórica de la ficha física enlazada; se contrasta con la consulta en vivo. | La lista específica de PS4 atribuye el desarrollo a esta compañía. | La ficha comercial de Steam confirma la desarrolladora de la obra, no necesariamente el port de PS4. | Wikidata registra la compañía como desarrolladora. | LaunchBox registra esta desarrolladora para su ficha de PS4.",No propagar a ports o compilaciones sin comprobar sus créditos propios.,HIGH_OR_BETTER_GROUP_NOT_FULLY_RESOLVED
ps4-blacksad-under-the-skin-collector%27s-edition,Blacksad: Under The Skin [Collector's Edition],PAL España,standard,blacksad under the skin,blacksad under the skin,EDITION_VARIANT,DEVELOPER,developer,Pendulo,,Pendulo,NOT_IN_COMPANY_INDEX,,ADD_MISSING,HIGH,NO,MATCHED_PS4_PRODUCT,1,PLAYSTATION_STORE_EXPLICIT_CREDIT,A_OFFICIAL_MATCHED_TITLE_CREDIT,https://store.playstation.com/es-es/product/EP4295-CUSA13013_00-BLACKSADUTSEU001,Developed by Pendulo and YS Interactive,No propagar a ports o compilaciones sin comprobar sus créditos propios.,HIGH_OR_BETTER_GROUP_NOT_FULLY_RESOLVED | MISSING_SLUG | NOT_IN_COMPANY_INDEX
ps4-blacksad-under-the-skin-collector%27s-edition,Blacksad: Under The Skin [Collector's Edition],PAL España,standard,blacksad under the skin,blacksad under the skin,EDITION_VARIANT,DEVELOPER,developer,YS Interactive,,YS Interactive | Ys Interactive,NOT_IN_COMPANY_INDEX,,ADD_MISSING,HIGH,NO,GAME_WORK | GAME_WORK_OR_PS4_RELEASE | MATCHED_PS4_PRODUCT,3,PLAYSTATION_STORE_EXPLICIT_CREDIT | STEAM_STORE | WIKIPEDIA_PS4_LIST,A_OFFICIAL_MATCHED_TITLE_CREDIT | B_OTHER_PLATFORM | B_PS4_RELEASE,https://store.playstation.com/es-es/product/EP4295-CUSA13013_00-BLACKSADUTSEU001 | https://en.wikipedia.org/wiki/List_of_PlayStation_4_games_(A%E2%80%93L) | https://store.steampowered.com/app/1003890,"Developed by Pendulo and YS Interactive | La lista específica de PS4 atribuye el desarrollo a esta compañía. | La ficha comercial de Steam confirma la desarrolladora de la obra, no necesariamente el port de PS4.",No propagar a ports o compilaciones sin comprobar sus créditos propios.,HIGH_OR_BETTER_GROUP_NOT_FULLY_RESOLVED | MISSING_SLUG | NOT_IN_COMPANY_INDEX
ps4-blacksad-under-the-skin-collector%27s-edition,Blacksad: Under The Skin [Collector's Edition],PAL España,standard,blacksad under the skin,blacksad under the skin,EDITION_VARIANT,DEVELOPER,developer,Pendulo Studios,pendulo-studios,Pendulo Studios | Péndulo Studios,EXACT_NAME_OR_ALIAS,,ADD_MISSING,HIGH,NO,GAME_WORK | GAME_WORK_OR_PS4_RELEASE | PS4_RELEASE,4,LAUNCHBOX_GAMES_DB | STEAM_STORE | WIKIDATA | WIKIPEDIA_PS4_LIST,B_OTHER_PLATFORM | B_PS4_RELEASE | C_DISCOVERY,https://en.wikipedia.org/wiki/List_of_PlayStation_4_games_(A%E2%80%93L) | https://store.steampowered.com/app/1003890 | https://www.wikidata.org/wiki/Q65127636 | https://gamesdb.launchbox-app.com/games/details/207452,"La lista específica de PS4 atribuye el desarrollo a esta compañía. | La ficha comercial de Steam confirma la desarrolladora de la obra, no necesariamente el port de PS4. | Wikidata registra la compañía como desarrolladora. | LaunchBox registra esta desarrolladora para su ficha de PS4.",No propagar a ports o compilaciones sin comprobar sus créditos propios.,HIGH_OR_BETTER_GROUP_NOT_FULLY_RESOLVED
ps4-blacksad-under-the-skin-limited-edition,Blacksad: Under the Skin [Limited Edition],PAL España,standard,blacksad under the skin,blacksad under the skin,EDITION_VARIANT,DEVELOPER,developer,Pendulo,,Pendulo,NOT_IN_COMPANY_INDEX,,ADD_MISSING,HIGH,NO,MATCHED_PS4_PRODUCT,1,PLAYSTATION_STORE_EXPLICIT_CREDIT,A_OFFICIAL_MATCHED_TITLE_CREDIT,https://store.playstation.com/es-es/product/EP4295-CUSA13013_00-BLACKSADUTSEU001,Developed by Pendulo and YS Interactive,No propagar a ports o compilaciones sin comprobar sus créditos propios.,HIGH_OR_BETTER_GROUP_NOT_FULLY_RESOLVED | MISSING_SLUG | NOT_IN_COMPANY_INDEX
ps4-blacksad-under-the-skin-limited-edition,Blacksad: Under the Skin [Limited Edition],PAL España,standard,blacksad under the skin,blacksad under the skin,EDITION_VARIANT,DEVELOPER,developer,YS Interactive,,YS Interactive | Ys Interactive,NOT_IN_COMPANY_INDEX,,ADD_MISSING,HIGH,NO,GAME_WORK | GAME_WORK_OR_PS4_RELEASE | MATCHED_PS4_PRODUCT,3,PLAYSTATION_STORE_EXPLICIT_CREDIT | STEAM_STORE | WIKIPEDIA_PS4_LIST,A_OFFICIAL_MATCHED_TITLE_CREDIT | B_OTHER_PLATFORM | B_PS4_RELEASE,https://store.playstation.com/es-es/product/EP4295-CUSA13013_00-BLACKSADUTSEU001 | https://en.wikipedia.org/wiki/List_of_PlayStation_4_games_(A%E2%80%93L) | https://store.steampowered.com/app/1003890,"Developed by Pendulo and YS Interactive | La lista específica de PS4 atribuye el desarrollo a esta compañía. | La ficha comercial de Steam confirma la desarrolladora de la obra, no necesariamente el port de PS4.",No propagar a ports o compilaciones sin comprobar sus créditos propios.,HIGH_OR_BETTER_GROUP_NOT_FULLY_RESOLVED | MISSING_SLUG | NOT_IN_COMPANY_INDEX
ps4-blacksad-under-the-skin-limited-edition,Blacksad: Under the Skin [Limited Edition],PAL España,standard,blacksad under the skin,blacksad under the skin,EDITION_VARIANT,DEVELOPER,developer,Pendulo Studios,pendulo-studios,Pendulo Studios | Péndulo Studios,EXACT_NAME_OR_ALIAS,,ADD_MISSING,HIGH,NO,EXACT_PHYSICAL_EDITION | GAME_WORK | GAME_WORK_OR_PS4_RELEASE | PS4_RELEASE,5,LAUNCHBOX_GAMES_DB | PRICECHARTING_EXACT_PAL_PAGE | STEAM_STORE | WIKIDATA | WIKIPEDIA_PS4_LIST,B_EXACT_PHYSICAL | B_OTHER_PLATFORM | B_PS4_RELEASE | C_DISCOVERY,https://www.pricecharting.com/game/pal-playstation-4/blacksad-under-the-skin-limited-edition | https://en.wikipedia.org/wiki/List_of_PlayStation_4_games_(A%E2%80%93L) | https://store.steampowered.com/app/1003890 | https://www.wikidata.org/wiki/Q65127636 | https://gamesdb.launchbox-app.com/games/details/207452,"La ficha enlazada de la edición física PAL atribuye el desarrollo a esta compañía. | La lista específica de PS4 atribuye el desarrollo a esta compañía. | La ficha comercial de Steam confirma la desarrolladora de la obra, no necesariamente el port de PS4. | Wikidata registra la compañía como desarrolladora. | LaunchBox registra esta desarrolladora para su ficha de PS4.",No propagar a ports o compilaciones sin comprobar sus créditos propios.,HIGH_OR_BETTER_GROUP_NOT_FULLY_RESOLVED
ps4-blade-assault,Blade Assault,PAL España,standard,blade assault,blade assault,GAME_OR_UNKNOWN,DEVELOPER,developer,TeamSuneat,,TeamSuneat,NOT_IN_COMPANY_INDEX,Team Suneat,REPLACE_OR_ADD_REVIEW,HIGH,NO,GAME_WORK | GAME_WORK_OR_PS4_RELEASE,2,STEAM_STORE | WIKIPEDIA_PS4_LIST,B_OTHER_PLATFORM | B_PS4_RELEASE,https://en.wikipedia.org/wiki/List_of_PlayStation_4_games_(A%E2%80%93L) | https://store.steampowered.com/app/1367300,"La lista específica de PS4 atribuye el desarrollo a esta compañía. | La ficha comercial de Steam confirma la desarrolladora de la obra, no necesariamente el port de PS4.",No propagar a ports o compilaciones sin comprobar sus créditos propios.,HIGH_OR_BETTER_GROUP_NOT_FULLY_RESOLVED | MISSING_SLUG | NOT_IN_COMPANY_INDEX
ps4-bladestorm-nightmare,Bladestorm Nightmare,PAL España,standard,bladestorm nightmare,bladestorm nightmare,GAME_OR_UNKNOWN,DEVELOPER,developer,Koei Tecmo Games Co. Ltd.,,Koei Tecmo Games Co. Ltd. | KOEI TECMO GAMES Co Ltd. | Koei Tecmo Games,AMBIGUOUS_NAME,Koei Tecmo Games Co. Ltd.,REPLACE_OR_ADD_REVIEW,HIGH,NO,EXACT_PHYSICAL_EDITION | GAME_WORK,4,PRICECHARTING_EXACT_PAL_PAGE | REGIONATLAS_LEGACY_PRICECHARTING_CREDIT | STEAM_STORE | WIKIDATA,B_EXACT_PHYSICAL | B_LEGACY_EXACT_PHYSICAL | B_OTHER_PLATFORM | C_DISCOVERY,https://www.pricecharting.com/game/pal-playstation-4/bladestorm-nightmare | https://store.steampowered.com/app/350310 | https://www.wikidata.org/wiki/Q90132621,"La ficha enlazada de la edición física PAL atribuye el desarrollo a esta compañía. | El crédito actual procede de la importación histórica de la ficha física enlazada; se contrasta con la consulta en vivo. | La ficha comercial de Steam confirma la desarrolladora de la obra, no necesariamente el port de PS4. | Wikidata registra la compañía como desarrolladora.",No propagar a ports o compilaciones sin comprobar sus créditos propios.,AMBIGUOUS_NAME | HIGH_OR_BETTER_GROUP_NOT_FULLY_RESOLVED | MISSING_SLUG
ps4-bladestorm-nightmare,Bladestorm Nightmare,PAL España,standard,bladestorm nightmare,bladestorm nightmare,GAME_OR_UNKNOWN,PHYSICAL_PUBLISHER_OR_DISTRIBUTOR,publisher,Koei Tecmo Europe Ltd.,,Koei Tecmo Europe Ltd.,AMBIGUOUS_NAME,Koei Tecmo Europe Ltd.,REPLACE_OR_ADD_REVIEW,HIGH,NO,EXACT_PHYSICAL_EDITION,2,PRICECHARTING_EXACT_PAL_PAGE | REGIONATLAS_LEGACY_PRICECHARTING_CREDIT,B_EXACT_PHYSICAL | B_LEGACY_EXACT_PHYSICAL,https://www.pricecharting.com/game/pal-playstation-4/bladestorm-nightmare,La ficha exacta de la edición física PAL etiqueta a esta compañía como Publisher; puede representar publicación o distribución física. | El crédito actual procede de la importación histórica de la ficha física enlazada; se contrasta con la consulta en vivo.,Confirmar si la etiqueta Publisher representa publicación o distribución en la caja PAL.,AMBIGUOUS_NAME | HIGH_OR_BETTER_GROUP_NOT_FULLY_RESOLVED | MISSING_SLUG
ps4-bloodborne-collector%27s-edition,Bloodborne [Collector's Edition],PAL España,standard,bloodborne,bloodborne,EDITION_VARIANT,DEVELOPER,developer,FromSoftware,,FromSoftware Inc | FromSoftware,AMBIGUOUS_NAME,,ADD_MISSING,HIGH,NO,GAME_WORK | GAME_WORK_OR_PS4_RELEASE | MATCHED_PS4_PRODUCT | PS4_RELEASE,4,LAUNCHBOX_GAMES_DB | PLAYSTATION_STORE_EXPLICIT_CREDIT | WIKIDATA | WIKIPEDIA_PS4_LIST,A_OFFICIAL_MATCHED_TITLE_CREDIT | B_PS4_RELEASE | C_DISCOVERY,https://store.playstation.com/es-es/product/EP9000-CUSA00207_00-BLOODBORNE0000EU | https://en.wikipedia.org/wiki/List_of_PlayStation_4_games_(A%E2%80%93L) | https://www.wikidata.org/wiki/Q17154554 | https://gamesdb.launchbox-app.com/games/details/20960,"Developed by FromSoftware, Inc “Bloodborne” is a trademark of Sony Computer Entertainment Europe | La lista específica de PS4 atribuye el desarrollo a esta compañía. | Wikidata registra la compañía como desarrolladora. | LaunchBox registra esta desarrolladora para su ficha de PS4.",No propagar a ports o compilaciones sin comprobar sus créditos propios.,AMBIGUOUS_NAME | HIGH_OR_BETTER_GROUP_NOT_FULLY_RESOLVED | MISSING_SLUG
ps4-bloodborne-nightmare-edition,Bloodborne [Nightmare Edition],PAL España,standard,bloodborne,bloodborne,GAME_OR_UNKNOWN,DEVELOPER,developer,FromSoftware,,FromSoftware Inc | FromSoftware,AMBIGUOUS_NAME,,ADD_MISSING,HIGH,NO,GAME_WORK | GAME_WORK_OR_PS4_RELEASE | MATCHED_PS4_PRODUCT | PS4_RELEASE,4,LAUNCHBOX_GAMES_DB | PLAYSTATION_STORE_EXPLICIT_CREDIT | WIKIDATA | WIKIPEDIA_PS4_LIST,A_OFFICIAL_MATCHED_TITLE_CREDIT | B_PS4_RELEASE | C_DISCOVERY,https://store.playstation.com/es-es/product/EP9000-CUSA00207_00-BLOODBORNE0000EU | https://en.wikipedia.org/wiki/List_of_PlayStation_4_games_(A%E2%80%93L) | https://www.wikidata.org/wiki/Q17154554 | https://gamesdb.launchbox-app.com/games/details/20960,"Developed by FromSoftware, Inc “Bloodborne” is a trademark of Sony Computer Entertainment Europe | La lista específica de PS4 atribuye el desarrollo a esta compañía. | Wikidata registra la compañía como desarrolladora. | LaunchBox registra esta desarrolladora para su ficha de PS4.",No propagar a ports o compilaciones sin comprobar sus créditos propios.,AMBIGUOUS_NAME | HIGH_OR_BETTER_GROUP_NOT_FULLY_RESOLVED | MISSING_SLUG
ps4-bloodborne-only-on-playstation,Bloodborne [Only On PlayStation],PAL España,standard,bloodborne,bloodborne only on playstation,GAME_OR_UNKNOWN,DEVELOPER,developer,FromSoftware,,FromSoftware Inc | FromSoftware,AMBIGUOUS_NAME,,ADD_MISSING,HIGH,NO,GAME_WORK | GAME_WORK_OR_PS4_RELEASE | MATCHED_PS4_PRODUCT | PS4_RELEASE,4,LAUNCHBOX_GAMES_DB | PLAYSTATION_STORE_EXPLICIT_CREDIT | WIKIDATA | WIKIPEDIA_PS4_LIST,A_OFFICIAL_MATCHED_TITLE_CREDIT | B_PS4_RELEASE | C_DISCOVERY,https://store.playstation.com/es-es/product/EP9000-CUSA00207_00-BLOODBORNE0000EU | https://en.wikipedia.org/wiki/List_of_PlayStation_4_games_(A%E2%80%93L) | https://www.wikidata.org/wiki/Q17154554 | https://gamesdb.launchbox-app.com/games/details/20960,"Developed by FromSoftware, Inc “Bloodborne” is a trademark of Sony Computer Entertainment Europe | La lista específica de PS4 atribuye el desarrollo a esta compañía. | Wikidata registra la compañía como desarrolladora. | LaunchBox registra esta desarrolladora para su ficha de PS4.",No propagar a ports o compilaciones sin comprobar sus créditos propios.,AMBIGUOUS_NAME | HIGH_OR_BETTER_GROUP_NOT_FULLY_RESOLVED | MISSING_SLUG
ps4-bloodborne-playstation-hits,Bloodborne [Playstation Hits],PAL España,standard,bloodborne,bloodborne,EDITION_VARIANT,DEVELOPER,developer,FromSoftware,,FromSoftware Inc | FromSoftware,AMBIGUOUS_NAME,,ADD_MISSING,HIGH,NO,GAME_WORK | GAME_WORK_OR_PS4_RELEASE | MATCHED_PS4_PRODUCT | PS4_RELEASE,4,LAUNCHBOX_GAMES_DB | PLAYSTATION_STORE_EXPLICIT_CREDIT | WIKIDATA | WIKIPEDIA_PS4_LIST,A_OFFICIAL_MATCHED_TITLE_CREDIT | B_PS4_RELEASE | C_DISCOVERY,https://store.playstation.com/es-es/product/EP9000-CUSA00207_00-BLOODBORNE0000EU | https://en.wikipedia.org/wiki/List_of_PlayStation_4_games_(A%E2%80%93L) | https://www.wikidata.org/wiki/Q17154554 | https://gamesdb.launchbox-app.com/games/details/20960,"Developed by FromSoftware, Inc “Bloodborne” is a trademark of Sony Computer Entertainment Europe | La lista específica de PS4 atribuye el desarrollo a esta compañía. | Wikidata registra la compañía como desarrolladora. | LaunchBox registra esta desarrolladora para su ficha de PS4.",No propagar a ports o compilaciones sin comprobar sus créditos propios.,AMBIGUOUS_NAME | HIGH_OR_BETTER_GROUP_NOT_FULLY_RESOLVED | MISSING_SLUG
ps4-bloodborne-steelbook-edition,Bloodborne [Steelbook Edition],PAL España,standard,bloodborne,bloodborne,EDITION_VARIANT,DEVELOPER,developer,FromSoftware,,FromSoftware Inc | FromSoftware,AMBIGUOUS_NAME,,ADD_MISSING,HIGH,NO,GAME_WORK | GAME_WORK_OR_PS4_RELEASE | MATCHED_PS4_PRODUCT | PS4_RELEASE,4,LAUNCHBOX_GAMES_DB | PLAYSTATION_STORE_EXPLICIT_CREDIT | WIKIDATA | WIKIPEDIA_PS4_LIST,A_OFFICIAL_MATCHED_TITLE_CREDIT | B_PS4_RELEASE | C_DISCOVERY,https://store.playstation.com/es-es/product/EP9000-CUSA00207_00-BLOODBORNE0000EU | https://en.wikipedia.org/wiki/List_of_PlayStation_4_games_(A%E2%80%93L) | https://www.wikidata.org/wiki/Q17154554 | https://gamesdb.launchbox-app.com/games/details/20960,"Developed by FromSoftware, Inc “Bloodborne” is a trademark of Sony Computer Entertainment Europe | La lista específica de PS4 atribuye el desarrollo a esta compañía. | Wikidata registra la compañía como desarrolladora. | LaunchBox registra esta desarrolladora para su ficha de PS4.",No propagar a ports o compilaciones sin comprobar sus créditos propios.,AMBIGUOUS_NAME | HIGH_OR_BETTER_GROUP_NOT_FULLY_RESOLVED | MISSING_SLUG
ps4-blue-reflection,Blue Reflection,PAL España,standard,blue reflection,blue reflection,GAME_OR_UNKNOWN,DEVELOPER,developer,Gust Co. Ltd.,,GUST | Gust Co. Ltd. | Gust,AMBIGUOUS_NAME,,ADD_MISSING,HIGH,NO,GAME_WORK | GAME_WORK_OR_PS4_RELEASE | MATCHED_PS4_PRODUCT | PS4_RELEASE,4,LAUNCHBOX_GAMES_DB | PLAYSTATION_STORE_EXPLICIT_CREDIT | WIKIDATA | WIKIPEDIA_PS4_LIST,A_OFFICIAL_MATCHED_TITLE_CREDIT | B_PS4_RELEASE | C_DISCOVERY,https://store.playstation.com/es-es/product/EP4108-CUSA09047_00-BLUEREFLECTION00 | https://en.wikipedia.org/wiki/List_of_PlayStation_4_games_(A%E2%80%93L) | https://www.wikidata.org/wiki/Q28603919 | https://gamesdb.launchbox-app.com/games/details/137831,Developed by GUST | La lista específica de PS4 atribuye el desarrollo a esta compañía. | Wikidata registra la compañía como desarrolladora. | LaunchBox registra esta desarrolladora para su ficha de PS4.,No propagar a ports o compilaciones sin comprobar sus créditos propios.,AMBIGUOUS_NAME | HIGH_OR_BETTER_GROUP_NOT_FULLY_RESOLVED | MISSING_SLUG
ps4-blue-reflection-second-light,Blue Reflection: Second Light,PAL España,standard,blue reflection second light,blue reflection second light,GAME_OR_UNKNOWN,DEVELOPER,developer,Gust,,Gust | Gust Co. Ltd.,AMBIGUOUS_NAME,Gust,REPLACE_OR_ADD_REVIEW,HIGH,NO,EXACT_PHYSICAL_EDITION | GAME_WORK_OR_PS4_RELEASE | PS4_RELEASE,4,LAUNCHBOX_GAMES_DB | PRICECHARTING_EXACT_PAL_PAGE | REGIONATLAS_LEGACY_PRICECHARTING_CREDIT | WIKIPEDIA_PS4_LIST,B_EXACT_PHYSICAL | B_LEGACY_EXACT_PHYSICAL | B_PS4_RELEASE | C_DISCOVERY,https://www.pricecharting.com/game/pal-playstation-4/blue-reflection-second-light | https://en.wikipedia.org/wiki/List_of_PlayStation_4_games_(A%E2%80%93L) | https://gamesdb.launchbox-app.com/games/details/208897,La ficha enlazada de la edición física PAL atribuye el desarrollo a esta compañía. | El crédito actual procede de la importación histórica de la ficha física enlazada; se contrasta con la consulta en vivo. | La lista específica de PS4 atribuye el desarrollo a esta compañía. | LaunchBox registra esta desarrolladora para su ficha de PS4.,No propagar a ports o compilaciones sin comprobar sus créditos propios.,AMBIGUOUS_NAME | HIGH_OR_BETTER_GROUP_NOT_FULLY_RESOLVED | MISSING_SLUG
ps4-blue-reflection-second-light,Blue Reflection: Second Light,PAL España,standard,blue reflection second light,blue reflection second light,GAME_OR_UNKNOWN,PHYSICAL_PUBLISHER_OR_DISTRIBUTOR,publisher,Koei Tecmo Europe,,Koei Tecmo Europe,AMBIGUOUS_NAME,Koei Tecmo Europe,REPLACE_OR_ADD_REVIEW,HIGH,NO,EXACT_PHYSICAL_EDITION,2,PRICECHARTING_EXACT_PAL_PAGE | REGIONATLAS_LEGACY_PRICECHARTING_CREDIT,B_EXACT_PHYSICAL | B_LEGACY_EXACT_PHYSICAL,https://www.pricecharting.com/game/pal-playstation-4/blue-reflection-second-light,La ficha exacta de la edición física PAL etiqueta a esta compañía como Publisher; puede representar publicación o distribución física. | El crédito actual procede de la importación histórica de la ficha física enlazada; se contrasta con la consulta en vivo.,Confirmar si la etiqueta Publisher representa publicación o distribución en la caja PAL.,AMBIGUOUS_NAME | HIGH_OR_BETTER_GROUP_NOT_FULLY_RESOLVED | MISSING_SLUG
ps4-boerderij-leven,Boerderij Leven,PAL España,standard,boerderij leven,boerderij leven,GAME_OR_UNKNOWN,PHYSICAL_PUBLISHER_OR_DISTRIBUTOR,publisher,Mindscape,,Mindscape,AMBIGUOUS_NAME,Mindscape,REPLACE_OR_ADD_REVIEW,HIGH,NO,EXACT_PHYSICAL_EDITION,2,PRICECHARTING_EXACT_PAL_PAGE | REGIONATLAS_LEGACY_PRICECHARTING_CREDIT,B_EXACT_PHYSICAL | B_LEGACY_EXACT_PHYSICAL,https://www.pricecharting.com/game/pal-playstation-4/boerderij-leven,La ficha exacta de la edición física PAL etiqueta a esta compañía como Publisher; puede representar publicación o distribución física. | El crédito actual procede de la importación histórica de la ficha física enlazada; se contrasta con la consulta en vivo.,Confirmar si la etiqueta Publisher representa publicación o distribución en la caja PAL.,AMBIGUOUS_NAME | HIGH_OR_BETTER_GROUP_NOT_FULLY_RESOLVED | MISSING_SLUG
ps4-bounty-battle,Bounty Battle,PAL España,standard,bounty battle,bounty battle,GAME_OR_UNKNOWN,DEVELOPER,developer,Dark Screen Games,,Dark Screen Games,NOT_IN_COMPANY_INDEX,,ADD_MISSING,HIGH,NO,GAME_WORK | GAME_WORK_OR_PS4_RELEASE | PS4_RELEASE,3,LAUNCHBOX_GAMES_DB | STEAM_STORE | WIKIPEDIA_PS4_LIST,B_OTHER_PLATFORM | B_PS4_RELEASE | C_DISCOVERY,https://en.wikipedia.org/wiki/List_of_PlayStation_4_games_(A%E2%80%93L) | https://store.steampowered.com/app/860900 | https://gamesdb.launchbox-app.com/games/details/475509,"La lista específica de PS4 atribuye el desarrollo a esta compañía. | La ficha comercial de Steam confirma la desarrolladora de la obra, no necesariamente el port de PS4. | LaunchBox registra esta desarrolladora para su ficha de PS4.",No propagar a ports o compilaciones sin comprobar sus créditos propios.,HIGH_OR_BETTER_GROUP_NOT_FULLY_RESOLVED | MISSING_SLUG | NOT_IN_COMPANY_INDEX
ps4-burnout-paradise-remastered,BurnOut Paradise Remastered,PAL España,standard,burnout paradise remastered,burnout paradise,EDITION_VARIANT,DEVELOPER,developer,Criterion Games,criterion-games,Criterion Games,EXACT_NAME_OR_ALIAS,Criterion Games,RETAIN,HIGH,NO,EXACT_PHYSICAL_EDITION | GAME_WORK,3,REGIONATLAS_LEGACY_PRICECHARTING_CREDIT | STEAM_STORE | WIKIDATA,B_LEGACY_EXACT_PHYSICAL | B_OTHER_PLATFORM | C_DISCOVERY,https://www.pricecharting.com/game/pal-playstation-4/burnout-paradise-remastered | https://store.steampowered.com/app/1238080 | https://www.wikidata.org/wiki/Q61993628,"El crédito actual procede de la importación histórica de la ficha física enlazada; se contrasta con la consulta en vivo. | La ficha comercial de Steam confirma la desarrolladora de la obra, no necesariamente el port de PS4. | Wikidata registra la compañía como desarrolladora.",No propagar a ports o compilaciones sin comprobar sus créditos propios.,HIGH_OR_BETTER_GROUP_NOT_FULLY_RESOLVED
ps4-burnout-paradise-remastered,BurnOut Paradise Remastered,PAL España,standard,burnout paradise remastered,burnout paradise,EDITION_VARIANT,DEVELOPER,developer,Stellar Entertainment,,Stellar Entertainment,NOT_IN_COMPANY_INDEX,Criterion Games,REPLACE_OR_ADD_REVIEW,HIGH,NO,GAME_WORK | GAME_WORK_OR_PS4_RELEASE,3,STEAM_STORE | WIKIDATA | WIKIPEDIA_PS4_LIST,B_OTHER_PLATFORM | B_PS4_RELEASE | C_DISCOVERY,https://en.wikipedia.org/wiki/List_of_PlayStation_4_games_(A%E2%80%93L) | https://store.steampowered.com/app/1238080 | https://www.wikidata.org/wiki/Q61993628,"La lista específica de PS4 atribuye el desarrollo a esta compañía. | La ficha comercial de Steam confirma la desarrolladora de la obra, no necesariamente el port de PS4. | Wikidata registra la compañía como desarrolladora.",No propagar a ports o compilaciones sin comprobar sus créditos propios.,HIGH_OR_BETTER_GROUP_NOT_FULLY_RESOLVED | MISSING_SLUG | NOT_IN_COMPANY_INDEX
ps4-car-mechanic-simulator,Car Mechanic Simulator,PAL España,standard,car mechanic simulator,car mechanic simulator,GAME_OR_UNKNOWN,DEVELOPER,developer,Red Dot Games,,Red Dot Games,NOT_IN_COMPANY_INDEX,Modus,REPLACE_OR_ADD_REVIEW,HIGH,NO,MATCHED_PS4_PRODUCT | PS4_RELEASE,2,LAUNCHBOX_GAMES_DB | PLAYSTATION_STORE_EXPLICIT_CREDIT,A_OFFICIAL_MATCHED_TITLE_CREDIT | C_DISCOVERY,https://store.playstation.com/es-es/product/EP1549-CUSA14568_00-00CARMECHSIM2018 | https://gamesdb.launchbox-app.com/games/details/211275,Developed by Red Dot Games | LaunchBox registra esta desarrolladora para su ficha de PS4.,No propagar a ports o compilaciones sin comprobar sus créditos propios.,HIGH_OR_BETTER_GROUP_NOT_FULLY_RESOLVED | MISSING_SLUG | NOT_IN_COMPANY_INDEX
ps4-carnival-games,Carnival Games,PAL España,standard,carnival games,carnival games,GAME_OR_UNKNOWN,DEVELOPER,developer,Mass Media Games Inc Take-Two Interactive Software,,Mass Media Games Inc Take-Two Interactive Software,NOT_IN_COMPANY_INDEX,,ADD_MISSING,HIGH,NO,MATCHED_PS4_PRODUCT,1,PLAYSTATION_STORE_EXPLICIT_CREDIT,A_OFFICIAL_MATCHED_TITLE_CREDIT,https://store.playstation.com/es-es/product/EP1001-CUSA13873_00-BARKERBASEGAME00,"Developed by Mass Media Games, Inc Take-Two Interactive Software, 2K, Cat Daddy Games, Carnival Games , and their respective logos are trademarks and/or",No propagar a ports o compilaciones sin comprobar sus créditos propios.,HIGH_OR_BETTER_GROUP_NOT_FULLY_RESOLVED | MISSING_SLUG | NOT_IN_COMPANY_INDEX
ps4-carnival-games,Carnival Games,PAL España,standard,carnival games,carnival games,GAME_OR_UNKNOWN,DEVELOPER,developer,2k,2k,2K,EXACT_NAME_OR_ALIAS,,ADD_MISSING,HIGH,NO,MATCHED_PS4_PRODUCT,1,PLAYSTATION_STORE_EXPLICIT_CREDIT,A_OFFICIAL_MATCHED_TITLE_CREDIT,https://store.playstation.com/es-es/product/EP1001-CUSA13873_00-BARKERBASEGAME00,"Developed by Mass Media Games, Inc Take-Two Interactive Software, 2K, Cat Daddy Games, Carnival Games , and their respective logos are trademarks and/or",No propagar a ports o compilaciones sin comprobar sus créditos propios.,HIGH_OR_BETTER_GROUP_NOT_FULLY_RESOLVED
ps4-carnival-games,Carnival Games,PAL España,standard,carnival games,carnival games,GAME_OR_UNKNOWN,DEVELOPER,developer,Cat Daddy Games,cat-daddy-games,Cat Daddy Games,EXACT_NAME_OR_ALIAS,,ADD_MISSING,HIGH,NO,GAME_WORK | MATCHED_PS4_PRODUCT,2,PLAYSTATION_STORE_EXPLICIT_CREDIT | WIKIDATA,A_OFFICIAL_MATCHED_TITLE_CREDIT | C_DISCOVERY,https://store.playstation.com/es-es/product/EP1001-CUSA13873_00-BARKERBASEGAME00 | https://www.wikidata.org/wiki/Q108905849,"Developed by Mass Media Games, Inc Take-Two Interactive Software, 2K, Cat Daddy Games, Carnival Games , and their respective logos are trademarks and/or | Wikidata registra la compañía como desarrolladora.",No propagar a ports o compilaciones sin comprobar sus créditos propios.,HIGH_OR_BETTER_GROUP_NOT_FULLY_RESOLVED
ps4-carnival-games,Carnival Games,PAL España,standard,carnival games,carnival games,GAME_OR_UNKNOWN,DEVELOPER,developer,Carnival Games,,Carnival Games,NOT_IN_COMPANY_INDEX,,ADD_MISSING,HIGH,NO,MATCHED_PS4_PRODUCT,1,PLAYSTATION_STORE_EXPLICIT_CREDIT,A_OFFICIAL_MATCHED_TITLE_CREDIT,https://store.playstation.com/es-es/product/EP1001-CUSA13873_00-BARKERBASEGAME00,"Developed by Mass Media Games, Inc Take-Two Interactive Software, 2K, Cat Daddy Games, Carnival Games , and their respective logos are trademarks and/or",No propagar a ports o compilaciones sin comprobar sus créditos propios.,HIGH_OR_BETTER_GROUP_NOT_FULLY_RESOLVED | MISSING_SLUG | NOT_IN_COMPANY_INDEX
ps4-cathedral,Cathedral,PAL España,standard,cathedral,cathedral,GAME_OR_UNKNOWN,PHYSICAL_PUBLISHER_OR_DISTRIBUTOR,publisher,Eden Pixels,,Eden Pixels,NOT_IN_COMPANY_INDEX,"Eden Pixels, Red Art Games",REPLACE_OR_ADD_REVIEW,HIGH,NO,EXACT_PHYSICAL_EDITION,2,PRICECHARTING_EXACT_PAL_PAGE | REGIONATLAS_LEGACY_PRICECHARTING_CREDIT,B_EXACT_PHYSICAL | B_LEGACY_EXACT_PHYSICAL,https://www.pricecharting.com/game/pal-playstation-4/cathedral,La ficha exacta de la edición física PAL etiqueta a esta compañía como Publisher; puede representar publicación o distribución física. | El crédito actual procede de la importación histórica de la ficha física enlazada; se contrasta con la consulta en vivo.,Confirmar si la etiqueta Publisher representa publicación o distribución en la caja PAL.,HIGH_OR_BETTER_GROUP_NOT_FULLY_RESOLVED | MISSING_SLUG | NOT_IN_COMPANY_INDEX
ps4-cathedral,Cathedral,PAL España,standard,cathedral,cathedral,GAME_OR_UNKNOWN,PHYSICAL_PUBLISHER_OR_DISTRIBUTOR,publisher,Red Art Games,red-art-games,Red Art Games,EXACT_NAME_OR_ALIAS,"Eden Pixels, Red Art Games",REPLACE_OR_ADD_REVIEW,HIGH,NO,EXACT_PHYSICAL_EDITION,2,PRICECHARTING_EXACT_PAL_PAGE | REGIONATLAS_LEGACY_PRICECHARTING_CREDIT,B_EXACT_PHYSICAL | B_LEGACY_EXACT_PHYSICAL,https://www.pricecharting.com/game/pal-playstation-4/cathedral,La ficha exacta de la edición física PAL etiqueta a esta compañía como Publisher; puede representar publicación o distribución física. | El crédito actual procede de la importación histórica de la ficha física enlazada; se contrasta con la consulta en vivo.,Confirmar si la etiqueta Publisher representa publicación o distribución en la caja PAL.,HIGH_OR_BETTER_GROUP_NOT_FULLY_RESOLVED
ps4-chants-of-sennaar,Chants Of Sennaar,PAL España,standard,chants of sennaar,chants of sennaar,GAME_OR_UNKNOWN,PHYSICAL_PUBLISHER_OR_DISTRIBUTOR,publisher,Pix 'n' Love,,Pix 'n' Love,AMBIGUOUS_NAME,Pix 'n' Love,REPLACE_OR_ADD_REVIEW,HIGH,NO,EXACT_PHYSICAL_EDITION,2,PRICECHARTING_EXACT_PAL_PAGE | REGIONATLAS_LEGACY_PRICECHARTING_CREDIT,B_EXACT_PHYSICAL | B_LEGACY_EXACT_PHYSICAL,https://www.pricecharting.com/game/pal-playstation-4/chants-of-sennaar,La ficha exacta de la edición física PAL etiqueta a esta compañía como Publisher; puede representar publicación o distribución física. | El crédito actual procede de la importación histórica de la ficha física enlazada; se contrasta con la consulta en vivo.,Confirmar si la etiqueta Publisher representa publicación o distribución en la caja PAL.,AMBIGUOUS_NAME | HIGH_OR_BETTER_GROUP_NOT_FULLY_RESOLVED | MISSING_SLUG
ps4-chicken-police-paint-it-red,Chicken Police: Paint It Red,PAL España,standard,chicken police paint it red,chicken police paint it red,GAME_OR_UNKNOWN,DEVELOPER,developer,The Wild Gentlemen,,The Wild Gentlemen,NOT_IN_COMPANY_INDEX,HandyGames,REPLACE_OR_ADD_REVIEW,HIGH,NO,GAME_WORK | GAME_WORK_OR_PS4_RELEASE,2,STEAM_STORE | WIKIPEDIA_PS4_LIST,B_OTHER_PLATFORM | B_PS4_RELEASE,https://en.wikipedia.org/wiki/List_of_PlayStation_4_games_(A%E2%80%93L) | https://store.steampowered.com/app/1084640,"La lista específica de PS4 atribuye el desarrollo a esta compañía. | La ficha comercial de Steam confirma la desarrolladora de la obra, no necesariamente el port de PS4.",No propagar a ports o compilaciones sin comprobar sus créditos propios.,HIGH_OR_BETTER_GROUP_NOT_FULLY_RESOLVED | MISSING_SLUG | NOT_IN_COMPANY_INDEX
ps4-chicken-police-paint-it-red,Chicken Police: Paint It Red,PAL España,standard,chicken police paint it red,chicken police paint it red,GAME_OR_UNKNOWN,PHYSICAL_PUBLISHER_OR_DISTRIBUTOR,publisher,THQ Nordic,,THQ Nordic,AMBIGUOUS_NAME,THQ Nordic,REPLACE_OR_ADD_REVIEW,HIGH,NO,EXACT_PHYSICAL_EDITION,2,PRICECHARTING_EXACT_PAL_PAGE | REGIONATLAS_LEGACY_PRICECHARTING_CREDIT,B_EXACT_PHYSICAL | B_LEGACY_EXACT_PHYSICAL,https://www.pricecharting.com/game/pal-playstation-4/chicken-police-paint-it-red,La ficha exacta de la edición física PAL etiqueta a esta compañía como Publisher; puede representar publicación o distribución física. | El crédito actual procede de la importación histórica de la ficha física enlazada; se contrasta con la consulta en vivo.,Confirmar si la etiqueta Publisher representa publicación o distribución en la caja PAL.,AMBIGUOUS_NAME | HIGH_OR_BETTER_GROUP_NOT_FULLY_RESOLVED | MISSING_SLUG
ps4-child-of-light-deluxe-edition,Child Of Light [Deluxe Edition],PAL España,standard,child of light,child of light,EDITION_VARIANT,PHYSICAL_PUBLISHER_OR_DISTRIBUTOR,publisher,Ubisoft,,Ubisoft,AMBIGUOUS_NAME,Ubisoft,REPLACE_OR_ADD_REVIEW,HIGH,NO,EXACT_PHYSICAL_EDITION | PAL_RELEASE,3,PRICECHARTING_EXACT_PAL_PAGE | REGIONATLAS_LEGACY_PRICECHARTING_CREDIT | WIKIPEDIA_PS4_LIST_PAL,B_EXACT_PHYSICAL | B_LEGACY_EXACT_PHYSICAL | B_PAL_RELEASE,https://www.pricecharting.com/game/pal-playstation-4/child-of-light-deluxe-edition | https://en.wikipedia.org/wiki/List_of_PlayStation_4_games_(A%E2%80%93L),La ficha exacta de la edición física PAL etiqueta a esta compañía como Publisher; puede representar publicación o distribución física. | El crédito actual procede de la importación histórica de la ficha física enlazada; se contrasta con la consulta en vivo. | La columna PAL de la lista de PS4 atribuye la publicación a esta compañía.,Confirmar si la etiqueta Publisher representa publicación o distribución en la caja PAL.,AMBIGUOUS_NAME | HIGH_OR_BETTER_GROUP_NOT_FULLY_RESOLVED | MISSING_SLUG
ps4-chronos-before-the-ashes,Chronos: Before the Ashes,PAL España,standard,chronos before the ashes,chronos before the ashes,GAME_OR_UNKNOWN,PHYSICAL_PUBLISHER_OR_DISTRIBUTOR,publisher,THQ Nordic,,THQ Nordic,AMBIGUOUS_NAME,THQ Nordic,REPLACE_OR_ADD_REVIEW,HIGH,NO,EXACT_PHYSICAL_EDITION | PAL_RELEASE,3,PRICECHARTING_EXACT_PAL_PAGE | REGIONATLAS_LEGACY_PRICECHARTING_CREDIT | WIKIPEDIA_PS4_LIST_PAL,B_EXACT_PHYSICAL | B_LEGACY_EXACT_PHYSICAL | B_PAL_RELEASE,https://www.pricecharting.com/game/pal-playstation-4/chronos-before-the-ashes | https://en.wikipedia.org/wiki/List_of_PlayStation_4_games_(A%E2%80%93L),La ficha exacta de la edición física PAL etiqueta a esta compañía como Publisher; puede representar publicación o distribución física. | El crédito actual procede de la importación histórica de la ficha física enlazada; se contrasta con la consulta en vivo. | La columna PAL de la lista de PS4 atribuye la publicación a esta compañía.,Confirmar si la etiqueta Publisher representa publicación o distribución en la caja PAL.,AMBIGUOUS_NAME | HIGH_OR_BETTER_GROUP_NOT_FULLY_RESOLVED | MISSING_SLUG
ps4-cladun-returns-this-is-sengoku,Cladun Returns This is Sengoku,PAL España,standard,cladun returns this is sengoku,cladun returns this is sengoku,GAME_OR_UNKNOWN,DEVELOPER,developer,Nippon Ichi Software Inc.,,Nippon Ichi Software Inc. | Nippon Ichi Software,AMBIGUOUS_NAME,Nippon Ichi Software Inc.,REPLACE_OR_ADD_REVIEW,HIGH,NO,EXACT_PHYSICAL_EDITION | GAME_WORK | GAME_WORK_OR_PS4_RELEASE | PS4_RELEASE,6,LAUNCHBOX_GAMES_DB | PRICECHARTING_EXACT_PAL_PAGE | REGIONATLAS_LEGACY_PRICECHARTING_CREDIT | STEAM_STORE | WIKIDATA | WIKIPEDIA_PS4_LIST,B_EXACT_PHYSICAL | B_LEGACY_EXACT_PHYSICAL | B_OTHER_PLATFORM | B_PS4_RELEASE | C_DISCOVERY,https://www.pricecharting.com/game/pal-playstation-4/cladun-returns-this-is-sengoku | https://en.wikipedia.org/wiki/List_of_PlayStation_4_games_(A%E2%80%93L) | https://store.steampowered.com/app/506260 | https://www.wikidata.org/wiki/Q32922783 | https://gamesdb.launchbox-app.com/games/details/142659,"La ficha enlazada de la edición física PAL atribuye el desarrollo a esta compañía. | El crédito actual procede de la importación histórica de la ficha física enlazada; se contrasta con la consulta en vivo. | La lista específica de PS4 atribuye el desarrollo a esta compañía. | La ficha comercial de Steam confirma la desarrolladora de la obra, no necesariamente el port de PS4. | Wikidata registra la compañía como desarrolladora. | LaunchBox registra esta desarrolladora para su ficha de PS4.",No propagar a ports o compilaciones sin comprobar sus créditos propios.,AMBIGUOUS_NAME | HIGH_OR_BETTER_GROUP_NOT_FULLY_RESOLVED | MISSING_SLUG
ps4-cladun-returns-this-is-sengoku,Cladun Returns This is Sengoku,PAL España,standard,cladun returns this is sengoku,cladun returns this is sengoku,GAME_OR_UNKNOWN,PHYSICAL_PUBLISHER_OR_DISTRIBUTOR,publisher,NIS America Inc.,,NIS America Inc. | NIS America,AMBIGUOUS_NAME,NIS America Inc.,REPLACE_OR_ADD_REVIEW,HIGH,NO,EXACT_PHYSICAL_EDITION | PAL_RELEASE,3,PRICECHARTING_EXACT_PAL_PAGE | REGIONATLAS_LEGACY_PRICECHARTING_CREDIT | WIKIPEDIA_PS4_LIST_PAL,B_EXACT_PHYSICAL | B_LEGACY_EXACT_PHYSICAL | B_PAL_RELEASE,https://www.pricecharting.com/game/pal-playstation-4/cladun-returns-this-is-sengoku | https://en.wikipedia.org/wiki/List_of_PlayStation_4_games_(A%E2%80%93L),La ficha exacta de la edición física PAL etiqueta a esta compañía como Publisher; puede representar publicación o distribución física. | El crédito actual procede de la importación histórica de la ficha física enlazada; se contrasta con la consulta en vivo. | La columna PAL de la lista de PS4 atribuye la publicación a esta compañía.,Confirmar si la etiqueta Publisher representa publicación o distribución en la caja PAL.,AMBIGUOUS_NAME | HIGH_OR_BETTER_GROUP_NOT_FULLY_RESOLVED | MISSING_SLUG
ps4-close-to-the-sun,Close to the Sun,PAL España,standard,close to the sun,close to the sun,GAME_OR_UNKNOWN,DEVELOPER,developer,Storm in a Teacup SRL,,Storm in a Teacup SRL,NOT_IN_COMPANY_INDEX,Storm in a Teacup,REPLACE_OR_ADD_REVIEW,HIGH,NO,MATCHED_PS4_PRODUCT,1,PLAYSTATION_STORE_EXPLICIT_CREDIT,A_OFFICIAL_MATCHED_TITLE_CREDIT,https://store.playstation.com/es-es/product/EP4382-CUSA15504_00-CLOSETOTHESUN000,Desarrollado por Storm in a Teacup SRL Editado por Wired Productions Ltd,No propagar a ports o compilaciones sin comprobar sus créditos propios.,HIGH_OR_BETTER_GROUP_NOT_FULLY_RESOLVED | MISSING_SLUG | NOT_IN_COMPANY_INDEX
ps4-close-to-the-sun,Close to the Sun,PAL España,standard,close to the sun,close to the sun,GAME_OR_UNKNOWN,DEVELOPER,developer,Storm in a Teacup,storm-in-a-teacup,Storm in a Teacup | Storm In A Teacup,EXACT_NAME_OR_ALIAS,Storm in a Teacup,RETAIN,HIGH,NO,EXACT_PHYSICAL_EDITION | GAME_WORK | GAME_WORK_OR_PS4_RELEASE | PS4_RELEASE,4,LAUNCHBOX_GAMES_DB | REGIONATLAS_LEGACY_PRICECHARTING_CREDIT | STEAM_STORE | WIKIPEDIA_PS4_LIST,B_LEGACY_EXACT_PHYSICAL | B_OTHER_PLATFORM | B_PS4_RELEASE | C_DISCOVERY,https://www.pricecharting.com/game/pal-playstation-4/close-to-the-sun | https://en.wikipedia.org/wiki/List_of_PlayStation_4_games_(A%E2%80%93L) | https://store.steampowered.com/app/968870 | https://gamesdb.launchbox-app.com/games/details/472992,"El crédito actual procede de la importación histórica de la ficha física enlazada; se contrasta con la consulta en vivo. | La lista específica de PS4 atribuye el desarrollo a esta compañía. | La ficha comercial de Steam confirma la desarrolladora de la obra, no necesariamente el port de PS4. | LaunchBox registra esta desarrolladora para su ficha de PS4.",No propagar a ports o compilaciones sin comprobar sus créditos propios.,HIGH_OR_BETTER_GROUP_NOT_FULLY_RESOLVED
ps4-close-to-the-sun-collector%27s-edition,Close to the Sun [Collector's Edition],PAL España,standard,close to the sun,close to the sun,EDITION_VARIANT,DEVELOPER,developer,Storm in a Teacup SRL,,Storm in a Teacup SRL,NOT_IN_COMPANY_INDEX,,ADD_MISSING,HIGH,NO,MATCHED_PS4_PRODUCT,1,PLAYSTATION_STORE_EXPLICIT_CREDIT,A_OFFICIAL_MATCHED_TITLE_CREDIT,https://store.playstation.com/es-es/product/EP4382-CUSA15504_00-CLOSETOTHESUN000,Desarrollado por Storm in a Teacup SRL Editado por Wired Productions Ltd,No propagar a ports o compilaciones sin comprobar sus créditos propios.,HIGH_OR_BETTER_GROUP_NOT_FULLY_RESOLVED | MISSING_SLUG | NOT_IN_COMPANY_INDEX
ps4-close-to-the-sun-collector%27s-edition,Close to the Sun [Collector's Edition],PAL España,standard,close to the sun,close to the sun,EDITION_VARIANT,DEVELOPER,developer,Storm in a Teacup,storm-in-a-teacup,Storm in a Teacup | Storm In A Teacup,EXACT_NAME_OR_ALIAS,,ADD_MISSING,HIGH,NO,GAME_WORK | GAME_WORK_OR_PS4_RELEASE | PS4_RELEASE,3,LAUNCHBOX_GAMES_DB | STEAM_STORE | WIKIPEDIA_PS4_LIST,B_OTHER_PLATFORM | B_PS4_RELEASE | C_DISCOVERY,https://en.wikipedia.org/wiki/List_of_PlayStation_4_games_(A%E2%80%93L) | https://store.steampowered.com/app/968870 | https://gamesdb.launchbox-app.com/games/details/472992,"La lista específica de PS4 atribuye el desarrollo a esta compañía. | La ficha comercial de Steam confirma la desarrolladora de la obra, no necesariamente el port de PS4. | LaunchBox registra esta desarrolladora para su ficha de PS4.",No propagar a ports o compilaciones sin comprobar sus créditos propios.,HIGH_OR_BETTER_GROUP_NOT_FULLY_RESOLVED
ps4-colt-canyon,Colt Canyon,PAL España,standard,colt canyon,colt canyon,GAME_OR_UNKNOWN,DEVELOPER,developer,Retrific,,Retrific,NOT_IN_COMPANY_INDEX,,ADD_MISSING,HIGH,NO,GAME_WORK | GAME_WORK_OR_PS4_RELEASE,3,STEAM_STORE | WIKIDATA | WIKIPEDIA_PS4_LIST,B_OTHER_PLATFORM | B_PS4_RELEASE | C_DISCOVERY,https://en.wikipedia.org/wiki/List_of_PlayStation_4_games_(A%E2%80%93L) | https://store.steampowered.com/app/940710 | https://www.wikidata.org/wiki/Q107649680,"La lista específica de PS4 atribuye el desarrollo a esta compañía. | La ficha comercial de Steam confirma la desarrolladora de la obra, no necesariamente el port de PS4. | Wikidata registra la compañía como desarrolladora.",No propagar a ports o compilaciones sin comprobar sus créditos propios.,HIGH_OR_BETTER_GROUP_NOT_FULLY_RESOLVED | MISSING_SLUG | NOT_IN_COMPANY_INDEX
ps4-conception-plus-maidens-of-the-twelve-stars,Conception Plus: Maidens of the Twelve Stars,PAL España,standard,conception plus maidens of the twelve stars,conception plus maidens of the twelve stars,GAME_OR_UNKNOWN,DEVELOPER,developer,Spike Chunsoft,,Spike Chunsoft | Spike Chunsoft Co Ltd. | Spike ChunSoft,AMBIGUOUS_NAME,,ADD_MISSING,HIGH,NO,GAME_WORK | GAME_WORK_OR_PS4_RELEASE | PS4_RELEASE,3,LAUNCHBOX_GAMES_DB | STEAM_STORE | WIKIPEDIA_PS4_LIST,B_OTHER_PLATFORM | B_PS4_RELEASE | C_DISCOVERY,https://en.wikipedia.org/wiki/List_of_PlayStation_4_games_(A%E2%80%93L) | https://store.steampowered.com/app/906510 | https://gamesdb.launchbox-app.com/games/details/473010,"La lista específica de PS4 atribuye el desarrollo a esta compañía. | La ficha comercial de Steam confirma la desarrolladora de la obra, no necesariamente el port de PS4. | LaunchBox registra esta desarrolladora para su ficha de PS4.",No propagar a ports o compilaciones sin comprobar sus créditos propios.,AMBIGUOUS_NAME | HIGH_OR_BETTER_GROUP_NOT_FULLY_RESOLVED | MISSING_SLUG
ps4-contraptions,Contraptions,PAL España,standard,contraptions,contraptions,GAME_OR_UNKNOWN,PHYSICAL_PUBLISHER_OR_DISTRIBUTOR,publisher,Markt Technik,,Markt Technik,AMBIGUOUS_NAME,Markt Technik,REPLACE_OR_ADD_REVIEW,HIGH,NO,EXACT_PHYSICAL_EDITION,2,PRICECHARTING_EXACT_PAL_PAGE | REGIONATLAS_LEGACY_PRICECHARTING_CREDIT,B_EXACT_PHYSICAL | B_LEGACY_EXACT_PHYSICAL,https://www.pricecharting.com/game/pal-playstation-4/contraptions,La ficha exacta de la edición física PAL etiqueta a esta compañía como Publisher; puede representar publicación o distribución física. | El crédito actual procede de la importación histórica de la ficha física enlazada; se contrasta con la consulta en vivo.,Confirmar si la etiqueta Publisher representa publicación o distribución en la caja PAL.,AMBIGUOUS_NAME | HIGH_OR_BETTER_GROUP_NOT_FULLY_RESOLVED | MISSING_SLUG
ps4-core-keeper,Core Keeper,PAL España,standard,core keeper,core keeper,GAME_OR_UNKNOWN,DEVELOPER,developer,Pugstorm,,Pugstorm,NOT_IN_COMPANY_INDEX,,ADD_MISSING,HIGH,NO,GAME_WORK | GAME_WORK_OR_PS4_RELEASE | MATCHED_PS4_PRODUCT | PS4_RELEASE,4,LAUNCHBOX_GAMES_DB | PLAYSTATION_STORE_EXPLICIT_CREDIT | STEAM_STORE | WIKIPEDIA_PS4_LIST,A_OFFICIAL_MATCHED_TITLE_CREDIT | B_OTHER_PLATFORM | B_PS4_RELEASE | C_DISCOVERY,https://store.playstation.com/es-es/product/EP2520-CUSA45871_00-0208640006777278 | https://en.wikipedia.org/wiki/List_of_PlayStation_4_games_(A%E2%80%93L) | https://store.steampowered.com/app/1621690 | https://gamesdb.launchbox-app.com/games/details/475571,"Developed by Pugstorm | La lista específica de PS4 atribuye el desarrollo a esta compañía. | La ficha comercial de Steam confirma la desarrolladora de la obra, no necesariamente el port de PS4. | LaunchBox registra esta desarrolladora para su ficha de PS4.",No propagar a ports o compilaciones sin comprobar sus créditos propios.,HIGH_OR_BETTER_GROUP_NOT_FULLY_RESOLVED | MISSING_SLUG | NOT_IN_COMPANY_INDEX
ps4-crash-bandicoot-4-it%27s-about-time,Crash Bandicoot 4: It's About Time,PAL España,standard,crash bandicoot 4 it s about time,crash bandicoot 4 it s about time,GAME_OR_UNKNOWN,DEVELOPER,developer,Toys for Bob,,Toys for Bob,AMBIGUOUS_NAME,Toys for Bob,REPLACE_OR_ADD_REVIEW,HIGH,NO,EXACT_PHYSICAL_EDITION | GAME_WORK | GAME_WORK_OR_PS4_RELEASE | PS4_RELEASE,5,LAUNCHBOX_GAMES_DB | PRICECHARTING_EXACT_PAL_PAGE | STEAM_STORE | WIKIDATA | WIKIPEDIA_PS4_LIST,B_EXACT_PHYSICAL | B_OTHER_PLATFORM | B_PS4_RELEASE | C_DISCOVERY,https://www.pricecharting.com/game/pal-playstation-4/crash-bandicoot-4-it%27s-about-time | https://en.wikipedia.org/wiki/List_of_PlayStation_4_games_(A%E2%80%93L) | https://store.steampowered.com/app/1378990 | https://www.wikidata.org/wiki/Q96574138 | https://gamesdb.launchbox-app.com/games/details/190017,"La ficha enlazada de la edición física PAL atribuye el desarrollo a esta compañía. | La lista específica de PS4 atribuye el desarrollo a esta compañía. | La ficha comercial de Steam confirma la desarrolladora de la obra, no necesariamente el port de PS4. | Wikidata registra la compañía como desarrolladora. | LaunchBox registra esta desarrolladora para su ficha de PS4.",No propagar a ports o compilaciones sin comprobar sus créditos propios.,AMBIGUOUS_NAME | HIGH_OR_BETTER_GROUP_NOT_FULLY_RESOLVED | MISSING_SLUG
ps4-crash-bandicoot-4-it%27s-about-time,Crash Bandicoot 4: It's About Time,PAL España,standard,crash bandicoot 4 it s about time,crash bandicoot 4 it s about time,GAME_OR_UNKNOWN,DEVELOPER,developer,Beenox,beenox,Beenox,EXACT_NAME_OR_ALIAS,Toys for Bob,REPLACE_OR_ADD_REVIEW,HIGH,NO,EXACT_PHYSICAL_EDITION | GAME_WORK,2,PRICECHARTING_EXACT_PAL_PAGE | STEAM_STORE,B_EXACT_PHYSICAL | B_OTHER_PLATFORM,https://www.pricecharting.com/game/pal-playstation-4/crash-bandicoot-4-it%27s-about-time | https://store.steampowered.com/app/1378990,"La ficha enlazada de la edición física PAL atribuye el desarrollo a esta compañía. | La ficha comercial de Steam confirma la desarrolladora de la obra, no necesariamente el port de PS4.",No propagar a ports o compilaciones sin comprobar sus créditos propios.,HIGH_OR_BETTER_GROUP_NOT_FULLY_RESOLVED
ps4-crash-bandicoot-4-it%27s-about-time,Crash Bandicoot 4: It's About Time,PAL España,standard,crash bandicoot 4 it s about time,crash bandicoot 4 it s about time,GAME_OR_UNKNOWN,PHYSICAL_PUBLISHER_OR_DISTRIBUTOR,publisher,Activision Blizzard International,,Activision Blizzard International,NOT_IN_COMPANY_INDEX,Activision,REPLACE_OR_ADD_REVIEW,HIGH,NO,EXACT_PHYSICAL_EDITION,1,PRICECHARTING_EXACT_PAL_PAGE,B_EXACT_PHYSICAL,https://www.pricecharting.com/game/pal-playstation-4/crash-bandicoot-4-it%27s-about-time,La ficha exacta de la edición física PAL etiqueta a esta compañía como Publisher; puede representar publicación o distribución física.,Confirmar si la etiqueta Publisher representa publicación o distribución en la caja PAL.,HIGH_OR_BETTER_GROUP_NOT_FULLY_RESOLVED | MISSING_SLUG | NOT_IN_COMPANY_INDEX
ps4-crazy-chicken-kart-2,Crazy Chicken Kart 2,PAL España,standard,crazy chicken kart 2,crazy chicken kart 2,GAME_OR_UNKNOWN,PHYSICAL_PUBLISHER_OR_DISTRIBUTOR,publisher,Markt+Technik,,Markt+Technik,AMBIGUOUS_NAME,Markt+Technik,REPLACE_OR_ADD_REVIEW,HIGH,NO,EXACT_PHYSICAL_EDITION,2,PRICECHARTING_EXACT_PAL_PAGE | REGIONATLAS_LEGACY_PRICECHARTING_CREDIT,B_EXACT_PHYSICAL | B_LEGACY_EXACT_PHYSICAL,https://www.pricecharting.com/game/pal-playstation-4/crazy-chicken-kart-2,La ficha exacta de la edición física PAL etiqueta a esta compañía como Publisher; puede representar publicación o distribución física. | El crédito actual procede de la importación histórica de la ficha física enlazada; se contrasta con la consulta en vivo.,Confirmar si la etiqueta Publisher representa publicación o distribución en la caja PAL.,AMBIGUOUS_NAME | HIGH_OR_BETTER_GROUP_NOT_FULLY_RESOLVED | MISSING_SLUG
ps4-cris-tales,Cris Tales,PAL España,standard,cris tales,cris tales,GAME_OR_UNKNOWN,DEVELOPER,developer,Dreams Uncorporated,dreams-uncorporated,Dreams Uncorporated,EXACT_NAME_OR_ALIAS,Dreams Uncorporated,RETAIN,HIGH,NO,EXACT_PHYSICAL_EDITION | GAME_WORK | GAME_WORK_OR_PS4_RELEASE | PS4_RELEASE,6,LAUNCHBOX_GAMES_DB | PRICECHARTING_EXACT_PAL_PAGE | REGIONATLAS_LEGACY_PRICECHARTING_CREDIT | STEAM_STORE | WIKIDATA | WIKIPEDIA_PS4_LIST,B_EXACT_PHYSICAL | B_LEGACY_EXACT_PHYSICAL | B_OTHER_PLATFORM | B_PS4_RELEASE | C_DISCOVERY,https://www.pricecharting.com/game/pal-playstation-4/cris-tales | https://en.wikipedia.org/wiki/List_of_PlayStation_4_games_(A%E2%80%93L) | https://store.steampowered.com/app/1079830 | https://www.wikidata.org/wiki/Q104413475 | https://gamesdb.launchbox-app.com/games/details/207908,"La ficha enlazada de la edición física PAL atribuye el desarrollo a esta compañía. | El crédito actual procede de la importación histórica de la ficha física enlazada; se contrasta con la consulta en vivo. | La lista específica de PS4 atribuye el desarrollo a esta compañía. | La ficha comercial de Steam confirma la desarrolladora de la obra, no necesariamente el port de PS4. | Wikidata registra la compañía como desarrolladora. | LaunchBox registra esta desarrolladora para su ficha de PS4.",No propagar a ports o compilaciones sin comprobar sus créditos propios.,HIGH_OR_BETTER_GROUP_NOT_FULLY_RESOLVED
ps4-cris-tales,Cris Tales,PAL España,standard,cris tales,cris tales,GAME_OR_UNKNOWN,DEVELOPER,developer,SYCK,,SYCK,NOT_IN_COMPANY_INDEX,Dreams Uncorporated,REPLACE_OR_ADD_REVIEW,HIGH,NO,GAME_WORK | GAME_WORK_OR_PS4_RELEASE,2,STEAM_STORE | WIKIPEDIA_PS4_LIST,B_OTHER_PLATFORM | B_PS4_RELEASE,https://en.wikipedia.org/wiki/List_of_PlayStation_4_games_(A%E2%80%93L) | https://store.steampowered.com/app/1079830,"La lista específica de PS4 atribuye el desarrollo a esta compañía. | La ficha comercial de Steam confirma la desarrolladora de la obra, no necesariamente el port de PS4.",No propagar a ports o compilaciones sin comprobar sus créditos propios.,HIGH_OR_BETTER_GROUP_NOT_FULLY_RESOLVED | MISSING_SLUG | NOT_IN_COMPANY_INDEX
ps4-crisis-core-final-fantasy-vii-reunion,Crisis Core: Final Fantasy VII Reunion,PAL España,standard,crisis core final fantasy vii reunion,crisis core final fantasy vii reunion,GAME_OR_UNKNOWN,DEVELOPER,developer,TOSE,,TOSE | TOSE Co Ltd.,AMBIGUOUS_NAME,TOSE,REPLACE_OR_ADD_REVIEW,HIGH,NO,EXACT_PHYSICAL_EDITION | GAME_WORK,3,PRICECHARTING_EXACT_PAL_PAGE | REGIONATLAS_LEGACY_PRICECHARTING_CREDIT | STEAM_STORE,B_EXACT_PHYSICAL | B_LEGACY_EXACT_PHYSICAL | B_OTHER_PLATFORM,https://www.pricecharting.com/game/pal-playstation-4/crisis-core-final-fantasy-vii-reunion | https://store.steampowered.com/app/1608070,"La ficha enlazada de la edición física PAL atribuye el desarrollo a esta compañía. | El crédito actual procede de la importación histórica de la ficha física enlazada; se contrasta con la consulta en vivo. | La ficha comercial de Steam confirma la desarrolladora de la obra, no necesariamente el port de PS4.",No propagar a ports o compilaciones sin comprobar sus créditos propios.,AMBIGUOUS_NAME | HIGH_OR_BETTER_GROUP_NOT_FULLY_RESOLVED | MISSING_SLUG
ps4-crisis-core-final-fantasy-vii-reunion,Crisis Core: Final Fantasy VII Reunion,PAL España,standard,crisis core final fantasy vii reunion,crisis core final fantasy vii reunion,GAME_OR_UNKNOWN,DEVELOPER,developer,Square Enix,,Square Enix,AMBIGUOUS_NAME,TOSE,REPLACE_OR_ADD_REVIEW,HIGH,NO,GAME_WORK | GAME_WORK_OR_PS4_RELEASE,3,STEAM_STORE | WIKIDATA | WIKIPEDIA_PS4_LIST,B_OTHER_PLATFORM | B_PS4_RELEASE | C_DISCOVERY,https://en.wikipedia.org/wiki/List_of_PlayStation_4_games_(A%E2%80%93L) | https://store.steampowered.com/app/1608070 | https://www.wikidata.org/wiki/Q112620598,"La lista específica de PS4 atribuye el desarrollo a esta compañía. | La ficha comercial de Steam confirma la desarrolladora de la obra, no necesariamente el port de PS4. | Wikidata registra la compañía como desarrolladora.",No propagar a ports o compilaciones sin comprobar sus créditos propios.,AMBIGUOUS_NAME | HIGH_OR_BETTER_GROUP_NOT_FULLY_RESOLVED | MISSING_SLUG
ps4-crisis-core-final-fantasy-vii-reunion,Crisis Core: Final Fantasy VII Reunion,PAL España,standard,crisis core final fantasy vii reunion,crisis core final fantasy vii reunion,GAME_OR_UNKNOWN,PHYSICAL_PUBLISHER_OR_DISTRIBUTOR,publisher,Square Enix,,Square Enix,AMBIGUOUS_NAME,Square Enix,REPLACE_OR_ADD_REVIEW,HIGH,NO,EXACT_PHYSICAL_EDITION | PAL_RELEASE,3,PRICECHARTING_EXACT_PAL_PAGE | REGIONATLAS_LEGACY_PRICECHARTING_CREDIT | WIKIPEDIA_PS4_LIST_PAL,B_EXACT_PHYSICAL | B_LEGACY_EXACT_PHYSICAL | B_PAL_RELEASE,https://www.pricecharting.com/game/pal-playstation-4/crisis-core-final-fantasy-vii-reunion | https://en.wikipedia.org/wiki/List_of_PlayStation_4_games_(A%E2%80%93L),La ficha exacta de la edición física PAL etiqueta a esta compañía como Publisher; puede representar publicación o distribución física. | El crédito actual procede de la importación histórica de la ficha física enlazada; se contrasta con la consulta en vivo. | La columna PAL de la lista de PS4 atribuye la publicación a esta compañía.,Confirmar si la etiqueta Publisher representa publicación o distribución en la caja PAL.,AMBIGUOUS_NAME | HIGH_OR_BETTER_GROUP_NOT_FULLY_RESOLVED | MISSING_SLUG
ps4-crystar,Crystar,PAL España,standard,crystar,crystar,GAME_OR_UNKNOWN,PHYSICAL_PUBLISHER_OR_DISTRIBUTOR,publisher,Spike Chunsoft Co Ltd.,,Spike Chunsoft Co Ltd. | Spike Chunsoft,AMBIGUOUS_NAME,"Spike Chunsoft Co., Ltd., Numskull Games Ltd.",REPLACE_OR_ADD_REVIEW,HIGH,NO,EXACT_PHYSICAL_EDITION | PAL_RELEASE,3,PRICECHARTING_EXACT_PAL_PAGE | REGIONATLAS_LEGACY_PRICECHARTING_CREDIT | WIKIPEDIA_PS4_LIST_PAL,B_EXACT_PHYSICAL | B_LEGACY_EXACT_PHYSICAL | B_PAL_RELEASE,https://www.pricecharting.com/game/pal-playstation-4/crystar | https://en.wikipedia.org/wiki/List_of_PlayStation_4_games_(A%E2%80%93L),La ficha exacta de la edición física PAL etiqueta a esta compañía como Publisher; puede representar publicación o distribución física. | El crédito actual procede de la importación histórica de la ficha física enlazada; se contrasta con la consulta en vivo. | La columna PAL de la lista de PS4 atribuye la publicación a esta compañía.,Confirmar si la etiqueta Publisher representa publicación o distribución en la caja PAL.,AMBIGUOUS_NAME | HIGH_OR_BETTER_GROUP_NOT_FULLY_RESOLVED | MISSING_SLUG
ps4-crystar,Crystar,PAL España,standard,crystar,crystar,GAME_OR_UNKNOWN,PHYSICAL_PUBLISHER_OR_DISTRIBUTOR,publisher,Numskull Games Ltd.,numskull-games,Numskull Games Ltd.,EXACT_NAME_OR_ALIAS,"Spike Chunsoft Co., Ltd., Numskull Games Ltd.",REPLACE_OR_ADD_REVIEW,HIGH,NO,EXACT_PHYSICAL_EDITION,2,PRICECHARTING_EXACT_PAL_PAGE | REGIONATLAS_LEGACY_PRICECHARTING_CREDIT,B_EXACT_PHYSICAL | B_LEGACY_EXACT_PHYSICAL,https://www.pricecharting.com/game/pal-playstation-4/crystar,La ficha exacta de la edición física PAL etiqueta a esta compañía como Publisher; puede representar publicación o distribución física. | El crédito actual procede de la importación histórica de la ficha física enlazada; se contrasta con la consulta en vivo.,Confirmar si la etiqueta Publisher representa publicación o distribución en la caja PAL.,HIGH_OR_BETTER_GROUP_NOT_FULLY_RESOLVED
ps4-cyberdimension-neptunia-4-goddesses-online,Cyberdimension Neptunia: 4 Goddesses Online,PAL España,standard,cyberdimension neptunia 4 goddesses online,cyberdimension neptunia 4 goddesses online,GAME_OR_UNKNOWN,DEVELOPER,developer,"Idea Factory Co., Ltd.",idea-factory,Idea Factory | IDEA FACTORY,EXACT_NAME_OR_ALIAS,Tamsoft,REPLACE_OR_ADD_REVIEW,HIGH,NO,EXACT_PHYSICAL_EDITION | GAME_WORK | PS4_RELEASE,3,LAUNCHBOX_GAMES_DB | PRICECHARTING_EXACT_PAL_PAGE | STEAM_STORE,B_EXACT_PHYSICAL | B_OTHER_PLATFORM | C_DISCOVERY,https://www.pricecharting.com/game/pal-playstation-4/cyberdimension-neptunia-4-goddesses-online | https://store.steampowered.com/app/632350 | https://gamesdb.launchbox-app.com/games/details/136070,"La ficha enlazada de la edición física PAL atribuye el desarrollo a esta compañía. | La ficha comercial de Steam confirma la desarrolladora de la obra, no necesariamente el port de PS4. | LaunchBox registra esta desarrolladora para su ficha de PS4.",No propagar a ports o compilaciones sin comprobar sus créditos propios.,HIGH_OR_BETTER_GROUP_NOT_FULLY_RESOLVED
ps4-cyberdimension-neptunia-4-goddesses-online,Cyberdimension Neptunia: 4 Goddesses Online,PAL España,standard,cyberdimension neptunia 4 goddesses online,cyberdimension neptunia 4 goddesses online,GAME_OR_UNKNOWN,DEVELOPER,developer,Compile Heart,,Compile Heart | COMPILE HEART,AMBIGUOUS_NAME,Tamsoft,REPLACE_OR_ADD_REVIEW,HIGH,NO,EXACT_PHYSICAL_EDITION | GAME_WORK | GAME_WORK_OR_PS4_RELEASE,3,PRICECHARTING_EXACT_PAL_PAGE | STEAM_STORE | WIKIPEDIA_PS4_LIST,B_EXACT_PHYSICAL | B_OTHER_PLATFORM | B_PS4_RELEASE,https://www.pricecharting.com/game/pal-playstation-4/cyberdimension-neptunia-4-goddesses-online | https://en.wikipedia.org/wiki/List_of_PlayStation_4_games_(A%E2%80%93L) | https://store.steampowered.com/app/632350,"La ficha enlazada de la edición física PAL atribuye el desarrollo a esta compañía. | La lista específica de PS4 atribuye el desarrollo a esta compañía. | La ficha comercial de Steam confirma la desarrolladora de la obra, no necesariamente el port de PS4.",No propagar a ports o compilaciones sin comprobar sus créditos propios.,AMBIGUOUS_NAME | HIGH_OR_BETTER_GROUP_NOT_FULLY_RESOLVED | MISSING_SLUG
ps4-cyberdimension-neptunia-4-goddesses-online,Cyberdimension Neptunia: 4 Goddesses Online,PAL España,standard,cyberdimension neptunia 4 goddesses online,cyberdimension neptunia 4 goddesses online,GAME_OR_UNKNOWN,DEVELOPER,developer,Tamsoft Corporation,tamsoft,Tamsoft | TAMSOFT,EXACT_NAME_OR_ALIAS,Tamsoft,RETAIN,HIGH,NO,GAME_WORK | GAME_WORK_OR_PS4_RELEASE,3,STEAM_STORE | WIKIDATA | WIKIPEDIA_PS4_LIST,B_OTHER_PLATFORM | B_PS4_RELEASE | C_DISCOVERY,https://en.wikipedia.org/wiki/List_of_PlayStation_4_games_(A%E2%80%93L) | https://store.steampowered.com/app/632350 | https://www.wikidata.org/wiki/Q28686224,"La lista específica de PS4 atribuye el desarrollo a esta compañía. | La ficha comercial de Steam confirma la desarrolladora de la obra, no necesariamente el port de PS4. | Wikidata registra la compañía como desarrolladora.",No propagar a ports o compilaciones sin comprobar sus créditos propios.,HIGH_OR_BETTER_GROUP_NOT_FULLY_RESOLVED
ps4-cyberdimension-neptunia-4-goddesses-online-limited-edition,Cyberdimension Neptunia: 4 Goddesses Online [Limited Edition],PAL España,standard,cyberdimension neptunia 4 goddesses online,cyberdimension neptunia 4 goddesses online,EDITION_VARIANT,DEVELOPER,developer,Compile Heart,,Compile Heart | COMPILE HEART,AMBIGUOUS_NAME,,ADD_MISSING,HIGH,NO,GAME_WORK | GAME_WORK_OR_PS4_RELEASE,2,STEAM_STORE | WIKIPEDIA_PS4_LIST,B_OTHER_PLATFORM | B_PS4_RELEASE,https://en.wikipedia.org/wiki/List_of_PlayStation_4_games_(A%E2%80%93L) | https://store.steampowered.com/app/632350,"La lista específica de PS4 atribuye el desarrollo a esta compañía. | La ficha comercial de Steam confirma la desarrolladora de la obra, no necesariamente el port de PS4.",No propagar a ports o compilaciones sin comprobar sus créditos propios.,AMBIGUOUS_NAME | HIGH_OR_BETTER_GROUP_NOT_FULLY_RESOLVED | MISSING_SLUG
ps4-cyberdimension-neptunia-4-goddesses-online-limited-edition,Cyberdimension Neptunia: 4 Goddesses Online [Limited Edition],PAL España,standard,cyberdimension neptunia 4 goddesses online,cyberdimension neptunia 4 goddesses online,EDITION_VARIANT,DEVELOPER,developer,Tamsoft Corporation,tamsoft,Tamsoft | TAMSOFT,EXACT_NAME_OR_ALIAS,,ADD_MISSING,HIGH,NO,GAME_WORK | GAME_WORK_OR_PS4_RELEASE,3,STEAM_STORE | WIKIDATA | WIKIPEDIA_PS4_LIST,B_OTHER_PLATFORM | B_PS4_RELEASE | C_DISCOVERY,https://en.wikipedia.org/wiki/List_of_PlayStation_4_games_(A%E2%80%93L) | https://store.steampowered.com/app/632350 | https://www.wikidata.org/wiki/Q28686224,"La lista específica de PS4 atribuye el desarrollo a esta compañía. | La ficha comercial de Steam confirma la desarrolladora de la obra, no necesariamente el port de PS4. | Wikidata registra la compañía como desarrolladora.",No propagar a ports o compilaciones sin comprobar sus créditos propios.,HIGH_OR_BETTER_GROUP_NOT_FULLY_RESOLVED
ps4-danganronpa-another-episode-ultra-despair-girls,Danganronpa Another Episode Ultra Despair Girls,PAL España,standard,danganronpa another episode ultra despair girls,danganronpa another episode ultra despair girls,GAME_OR_UNKNOWN,DEVELOPER,developer,Spike Chunsoft,,Spike Chunsoft | Spike Chunsoft Co Ltd. | Spike ChunSoft,AMBIGUOUS_NAME,Spike Chunsoft,REPLACE_OR_ADD_REVIEW,HIGH,NO,EXACT_PHYSICAL_EDITION | GAME_WORK | GAME_WORK_OR_PS4_RELEASE | PS4_RELEASE,5,LAUNCHBOX_GAMES_DB | PRICECHARTING_EXACT_PAL_PAGE | STEAM_STORE | WIKIDATA | WIKIPEDIA_PS4_LIST,B_EXACT_PHYSICAL | B_OTHER_PLATFORM | B_PS4_RELEASE | C_DISCOVERY,https://www.pricecharting.com/game/pal-playstation-4/danganronpa-another-episode-ultra-despair-girls | https://en.wikipedia.org/wiki/List_of_PlayStation_4_games_(A%E2%80%93L) | https://store.steampowered.com/app/555950 | https://www.wikidata.org/wiki/Q15933494 | https://gamesdb.launchbox-app.com/games/details/152924,"La ficha enlazada de la edición física PAL atribuye el desarrollo a esta compañía. | La lista específica de PS4 atribuye el desarrollo a esta compañía. | La ficha comercial de Steam confirma la desarrolladora de la obra, no necesariamente el port de PS4. | Wikidata registra la compañía como desarrolladora. | LaunchBox registra esta desarrolladora para su ficha de PS4.",No propagar a ports o compilaciones sin comprobar sus créditos propios.,AMBIGUOUS_NAME | HIGH_OR_BETTER_GROUP_NOT_FULLY_RESOLVED | MISSING_SLUG
ps4-danganronpa-another-episode-ultra-despair-girls,Danganronpa Another Episode Ultra Despair Girls,PAL España,standard,danganronpa another episode ultra despair girls,danganronpa another episode ultra despair girls,GAME_OR_UNKNOWN,PHYSICAL_PUBLISHER_OR_DISTRIBUTOR,publisher,NIS America,,NIS America,AMBIGUOUS_NAME,Spike Chunsoft,REPLACE_OR_ADD_REVIEW,HIGH,NO,EXACT_PHYSICAL_EDITION | PAL_RELEASE,2,PRICECHARTING_EXACT_PAL_PAGE | WIKIPEDIA_PS4_LIST_PAL,B_EXACT_PHYSICAL | B_PAL_RELEASE,https://www.pricecharting.com/game/pal-playstation-4/danganronpa-another-episode-ultra-despair-girls | https://en.wikipedia.org/wiki/List_of_PlayStation_4_games_(A%E2%80%93L),La ficha exacta de la edición física PAL etiqueta a esta compañía como Publisher; puede representar publicación o distribución física. | La columna PAL de la lista de PS4 atribuye la publicación a esta compañía.,Confirmar si la etiqueta Publisher representa publicación o distribución en la caja PAL.,AMBIGUOUS_NAME | HIGH_OR_BETTER_GROUP_NOT_FULLY_RESOLVED | MISSING_SLUG
ps4-danganronpa-v3-killing-harmony,Danganronpa V3 Killing Harmony,PAL España,standard,danganronpa v3 killing harmony,danganronpa v3 killing harmony,GAME_OR_UNKNOWN,DEVELOPER,developer,Spike Chunsoft,,Spike Chunsoft | Spike Chunsoft Co Ltd. | Spike ChunSoft,AMBIGUOUS_NAME,Spike Chunsoft,REPLACE_OR_ADD_REVIEW,HIGH,NO,GAME_WORK | GAME_WORK_OR_PS4_RELEASE | PS4_RELEASE,4,LAUNCHBOX_GAMES_DB | STEAM_STORE | WIKIDATA | WIKIPEDIA_PS4_LIST,B_OTHER_PLATFORM | B_PS4_RELEASE | C_DISCOVERY,https://en.wikipedia.org/wiki/List_of_PlayStation_4_games_(A%E2%80%93L) | https://store.steampowered.com/app/567640 | https://www.wikidata.org/wiki/Q20972506 | https://gamesdb.launchbox-app.com/games/details/192008,"La lista específica de PS4 atribuye el desarrollo a esta compañía. | La ficha comercial de Steam confirma la desarrolladora de la obra, no necesariamente el port de PS4. | Wikidata registra la compañía como desarrolladora. | LaunchBox registra esta desarrolladora para su ficha de PS4.",No propagar a ports o compilaciones sin comprobar sus créditos propios.,AMBIGUOUS_NAME | HIGH_OR_BETTER_GROUP_NOT_FULLY_RESOLVED | MISSING_SLUG
ps4-danganronpa-v3-killing-harmony-limited-edition,Danganronpa V3 Killing Harmony [Limited Edition],PAL España,standard,danganronpa v3 killing harmony,danganronpa v3 killing harmony,EDITION_VARIANT,DEVELOPER,developer,Spike Chunsoft,,Spike Chunsoft | Spike Chunsoft Co Ltd. | Spike ChunSoft,AMBIGUOUS_NAME,,ADD_MISSING,HIGH,NO,GAME_WORK | GAME_WORK_OR_PS4_RELEASE | PS4_RELEASE,4,LAUNCHBOX_GAMES_DB | STEAM_STORE | WIKIDATA | WIKIPEDIA_PS4_LIST,B_OTHER_PLATFORM | B_PS4_RELEASE | C_DISCOVERY,https://en.wikipedia.org/wiki/List_of_PlayStation_4_games_(A%E2%80%93L) | https://store.steampowered.com/app/567640 | https://www.wikidata.org/wiki/Q20972506 | https://gamesdb.launchbox-app.com/games/details/192008,"La lista específica de PS4 atribuye el desarrollo a esta compañía. | La ficha comercial de Steam confirma la desarrolladora de la obra, no necesariamente el port de PS4. | Wikidata registra la compañía como desarrolladora. | LaunchBox registra esta desarrolladora para su ficha de PS4.",No propagar a ports o compilaciones sin comprobar sus créditos propios.,AMBIGUOUS_NAME | HIGH_OR_BETTER_GROUP_NOT_FULLY_RESOLVED | MISSING_SLUG
ps4-dark-rose-valkyrie,Dark Rose Valkyrie,PAL España,standard,dark rose valkyrie,dark rose valkyrie,GAME_OR_UNKNOWN,DEVELOPER,developer,Compile Heart,,Compile Heart,AMBIGUOUS_NAME,,ADD_MISSING,HIGH,NO,GAME_WORK | GAME_WORK_OR_PS4_RELEASE | PS4_RELEASE,3,LAUNCHBOX_GAMES_DB | STEAM_STORE | WIKIPEDIA_PS4_LIST,B_OTHER_PLATFORM | B_PS4_RELEASE | C_DISCOVERY,https://en.wikipedia.org/wiki/List_of_PlayStation_4_games_(A%E2%80%93L) | https://store.steampowered.com/app/726950 | https://gamesdb.launchbox-app.com/games/details/152928,"La lista específica de PS4 atribuye el desarrollo a esta compañía. | La ficha comercial de Steam confirma la desarrolladora de la obra, no necesariamente el port de PS4. | LaunchBox registra esta desarrolladora para su ficha de PS4.",No propagar a ports o compilaciones sin comprobar sus créditos propios.,AMBIGUOUS_NAME | HIGH_OR_BETTER_GROUP_NOT_FULLY_RESOLVED | MISSING_SLUG
ps4-dark-rose-valkyrie-limited-edition,Dark Rose Valkyrie [Limited Edition],PAL España,standard,dark rose valkyrie,dark rose valkyrie,EDITION_VARIANT,DEVELOPER,developer,Compile Heart,,Compile Heart,AMBIGUOUS_NAME,,ADD_MISSING,HIGH,NO,GAME_WORK | GAME_WORK_OR_PS4_RELEASE | PS4_RELEASE,3,LAUNCHBOX_GAMES_DB | STEAM_STORE | WIKIPEDIA_PS4_LIST,B_OTHER_PLATFORM | B_PS4_RELEASE | C_DISCOVERY,https://en.wikipedia.org/wiki/List_of_PlayStation_4_games_(A%E2%80%93L) | https://store.steampowered.com/app/726950 | https://gamesdb.launchbox-app.com/games/details/152928,"La lista específica de PS4 atribuye el desarrollo a esta compañía. | La ficha comercial de Steam confirma la desarrolladora de la obra, no necesariamente el port de PS4. | LaunchBox registra esta desarrolladora para su ficha de PS4.",No propagar a ports o compilaciones sin comprobar sus créditos propios.,AMBIGUOUS_NAME | HIGH_OR_BETTER_GROUP_NOT_FULLY_RESOLVED | MISSING_SLUG
ps4-dark-souls-ii,Dark Souls II,PAL España,standard,dark souls ii,dark souls ii,GAME_OR_UNKNOWN,DEVELOPER,developer,FromSoftware,,FromSoftware | FromSoftware Inc.,AMBIGUOUS_NAME,,ADD_MISSING,HIGH,NO,GAME_WORK | GAME_WORK_OR_PS4_RELEASE,3,STEAM_STORE | WIKIDATA | WIKIPEDIA_PS4_LIST,B_OTHER_PLATFORM | B_PS4_RELEASE | C_DISCOVERY,https://en.wikipedia.org/wiki/List_of_PlayStation_4_games_(A%E2%80%93L) | https://store.steampowered.com/app/236430 | https://www.wikidata.org/wiki/Q3702740,"La lista específica de PS4 atribuye el desarrollo a esta compañía. | La ficha comercial de Steam confirma la desarrolladora de la obra, no necesariamente el port de PS4. | Wikidata registra la compañía como desarrolladora.",No propagar a ports o compilaciones sin comprobar sus créditos propios.,AMBIGUOUS_NAME | HIGH_OR_BETTER_GROUP_NOT_FULLY_RESOLVED | MISSING_SLUG
ps4-dark-souls-ii-scholar-of-the-first-sin,Dark Souls II Scholar of the First Sin,PAL España,standard,dark souls ii scholar of the first sin,dark souls ii scholar of the first sin,GAME_OR_UNKNOWN,DEVELOPER,developer,FromSoftware,,FromSoftware | FromSoftware Inc.,AMBIGUOUS_NAME,FromSoftware,REPLACE_OR_ADD_REVIEW,HIGH,NO,EXACT_PHYSICAL_EDITION | GAME_WORK | PS4_RELEASE,5,LAUNCHBOX_GAMES_DB | PRICECHARTING_EXACT_PAL_PAGE | REGIONATLAS_LEGACY_PRICECHARTING_CREDIT | STEAM_STORE | WIKIDATA,B_EXACT_PHYSICAL | B_LEGACY_EXACT_PHYSICAL | B_OTHER_PLATFORM | C_DISCOVERY,https://www.pricecharting.com/game/pal-playstation-4/dark-souls-ii-scholar-of-the-first-sin | https://store.steampowered.com/app/335300 | https://www.wikidata.org/wiki/Q22344575 | https://gamesdb.launchbox-app.com/games/details/24142,"La ficha enlazada de la edición física PAL atribuye el desarrollo a esta compañía. | El crédito actual procede de la importación histórica de la ficha física enlazada; se contrasta con la consulta en vivo. | La ficha comercial de Steam confirma la desarrolladora de la obra, no necesariamente el port de PS4. | Wikidata registra la compañía como desarrolladora. | LaunchBox registra esta desarrolladora para su ficha de PS4.",No propagar a ports o compilaciones sin comprobar sus créditos propios.,AMBIGUOUS_NAME | HIGH_OR_BETTER_GROUP_NOT_FULLY_RESOLVED | MISSING_SLUG
ps4-dark-souls-iii,Dark Souls III,PAL España,standard,dark souls iii,dark souls iii,GAME_OR_UNKNOWN,DEVELOPER,developer,FromSoftware,,FromSoftware | FromSoftware Inc.,AMBIGUOUS_NAME,FromSoftware,REPLACE_OR_ADD_REVIEW,HIGH,NO,EXACT_PHYSICAL_EDITION | GAME_WORK | GAME_WORK_OR_PS4_RELEASE | PS4_RELEASE,6,LAUNCHBOX_GAMES_DB | PRICECHARTING_EXACT_PAL_PAGE | REGIONATLAS_LEGACY_PRICECHARTING_CREDIT | STEAM_STORE | WIKIDATA | WIKIPEDIA_PS4_LIST,B_EXACT_PHYSICAL | B_LEGACY_EXACT_PHYSICAL | B_OTHER_PLATFORM | B_PS4_RELEASE | C_DISCOVERY,https://www.pricecharting.com/game/pal-playstation-4/dark-souls-iii | https://en.wikipedia.org/wiki/List_of_PlayStation_4_games_(A%E2%80%93L) | https://store.steampowered.com/app/374320 | https://www.wikidata.org/wiki/Q20112508 | https://gamesdb.launchbox-app.com/games/details/33364,"La ficha enlazada de la edición física PAL atribuye el desarrollo a esta compañía. | El crédito actual procede de la importación histórica de la ficha física enlazada; se contrasta con la consulta en vivo. | La lista específica de PS4 atribuye el desarrollo a esta compañía. | La ficha comercial de Steam confirma la desarrolladora de la obra, no necesariamente el port de PS4. | Wikidata registra la compañía como desarrolladora. | LaunchBox registra esta desarrolladora para su ficha de PS4.",No propagar a ports o compilaciones sin comprobar sus créditos propios.,AMBIGUOUS_NAME | HIGH_OR_BETTER_GROUP_NOT_FULLY_RESOLVED | MISSING_SLUG
ps4-dark-souls-iii-apocalypse-edition,Dark Souls III [Apocalypse Edition],PAL España,standard,dark souls iii,dark souls iii,GAME_OR_UNKNOWN,DEVELOPER,developer,FromSoftware,,FromSoftware | FromSoftware Inc.,AMBIGUOUS_NAME,,ADD_MISSING,HIGH,NO,GAME_WORK | GAME_WORK_OR_PS4_RELEASE | PS4_RELEASE,4,LAUNCHBOX_GAMES_DB | STEAM_STORE | WIKIDATA | WIKIPEDIA_PS4_LIST,B_OTHER_PLATFORM | B_PS4_RELEASE | C_DISCOVERY,https://en.wikipedia.org/wiki/List_of_PlayStation_4_games_(A%E2%80%93L) | https://store.steampowered.com/app/374320 | https://www.wikidata.org/wiki/Q20112508 | https://gamesdb.launchbox-app.com/games/details/33364,"La lista específica de PS4 atribuye el desarrollo a esta compañía. | La ficha comercial de Steam confirma la desarrolladora de la obra, no necesariamente el port de PS4. | Wikidata registra la compañía como desarrolladora. | LaunchBox registra esta desarrolladora para su ficha de PS4.",No propagar a ports o compilaciones sin comprobar sus créditos propios.,AMBIGUOUS_NAME | HIGH_OR_BETTER_GROUP_NOT_FULLY_RESOLVED | MISSING_SLUG
ps4-dark-souls-iii-collector%27s-edition,Dark Souls III [Collector's Edition],PAL España,standard,dark souls iii,dark souls iii,EDITION_VARIANT,DEVELOPER,developer,FromSoftware,,FromSoftware Inc | FromSoftware | FromSoftware Inc.,AMBIGUOUS_NAME,,ADD_MISSING,HIGH,NO,EXACT_PHYSICAL_EDITION | GAME_WORK | GAME_WORK_OR_PS4_RELEASE | PS4_RELEASE,5,LAUNCHBOX_GAMES_DB | PRICECHARTING_EXACT_PAL_PAGE | STEAM_STORE | WIKIDATA | WIKIPEDIA_PS4_LIST,B_EXACT_PHYSICAL | B_OTHER_PLATFORM | B_PS4_RELEASE | C_DISCOVERY,https://www.pricecharting.com/game/pal-playstation-4/dark-souls-iii-collector%27s-edition | https://en.wikipedia.org/wiki/List_of_PlayStation_4_games_(A%E2%80%93L) | https://store.steampowered.com/app/374320 | https://www.wikidata.org/wiki/Q20112508 | https://gamesdb.launchbox-app.com/games/details/33364,"La ficha enlazada de la edición física PAL atribuye el desarrollo a esta compañía. | La lista específica de PS4 atribuye el desarrollo a esta compañía. | La ficha comercial de Steam confirma la desarrolladora de la obra, no necesariamente el port de PS4. | Wikidata registra la compañía como desarrolladora. | LaunchBox registra esta desarrolladora para su ficha de PS4.",No propagar a ports o compilaciones sin comprobar sus créditos propios.,AMBIGUOUS_NAME | HIGH_OR_BETTER_GROUP_NOT_FULLY_RESOLVED | MISSING_SLUG
ps4-dark-souls-iii-prestige-edition,Dark Souls III [Prestige Edition],PAL España,standard,dark souls iii,dark souls iii,GAME_OR_UNKNOWN,DEVELOPER,developer,FromSoftware,,FromSoftware | FromSoftware Inc.,AMBIGUOUS_NAME,,ADD_MISSING,HIGH,NO,GAME_WORK | GAME_WORK_OR_PS4_RELEASE | PS4_RELEASE,4,LAUNCHBOX_GAMES_DB | STEAM_STORE | WIKIDATA | WIKIPEDIA_PS4_LIST,B_OTHER_PLATFORM | B_PS4_RELEASE | C_DISCOVERY,https://en.wikipedia.org/wiki/List_of_PlayStation_4_games_(A%E2%80%93L) | https://store.steampowered.com/app/374320 | https://www.wikidata.org/wiki/Q20112508 | https://gamesdb.launchbox-app.com/games/details/33364,"La lista específica de PS4 atribuye el desarrollo a esta compañía. | La ficha comercial de Steam confirma la desarrolladora de la obra, no necesariamente el port de PS4. | Wikidata registra la compañía como desarrolladora. | LaunchBox registra esta desarrolladora para su ficha de PS4.",No propagar a ports o compilaciones sin comprobar sus créditos propios.,AMBIGUOUS_NAME | HIGH_OR_BETTER_GROUP_NOT_FULLY_RESOLVED | MISSING_SLUG
ps4-dark-souls-iii-the-fire-fades-edition,Dark Souls III [The Fire Fades Edition],PAL España,standard,dark souls iii,dark souls iii,GAME_OR_UNKNOWN,DEVELOPER,developer,FromSoftware,,FromSoftware | FromSoftware Inc.,AMBIGUOUS_NAME,,ADD_MISSING,HIGH,NO,EXACT_PHYSICAL_EDITION | GAME_WORK | GAME_WORK_OR_PS4_RELEASE | PS4_RELEASE,5,LAUNCHBOX_GAMES_DB | PRICECHARTING_EXACT_PAL_PAGE | STEAM_STORE | WIKIDATA | WIKIPEDIA_PS4_LIST,B_EXACT_PHYSICAL | B_OTHER_PLATFORM | B_PS4_RELEASE | C_DISCOVERY,https://www.pricecharting.com/game/pal-playstation-4/dark-souls-iii-the-fire-fades-edition | https://en.wikipedia.org/wiki/List_of_PlayStation_4_games_(A%E2%80%93L) | https://store.steampowered.com/app/374320 | https://www.wikidata.org/wiki/Q20112508 | https://gamesdb.launchbox-app.com/games/details/443056,"La ficha enlazada de la edición física PAL atribuye el desarrollo a esta compañía. | La lista específica de PS4 atribuye el desarrollo a esta compañía. | La ficha comercial de Steam confirma la desarrolladora de la obra, no necesariamente el port de PS4. | Wikidata registra la compañía como desarrolladora. | LaunchBox registra esta desarrolladora para su ficha de PS4.",No propagar a ports o compilaciones sin comprobar sus créditos propios.,AMBIGUOUS_NAME | HIGH_OR_BETTER_GROUP_NOT_FULLY_RESOLVED | MISSING_SLUG
ps4-dark-souls-remastered,Dark Souls Remastered,PAL España,standard,dark souls remastered,dark souls,EDITION_VARIANT,DEVELOPER,developer,FromSoftware,,FromSoftware | FromSoftware Inc.,AMBIGUOUS_NAME,FromSoftware,REPLACE_OR_ADD_REVIEW,HIGH,NO,EXACT_PHYSICAL_EDITION | GAME_WORK | GAME_WORK_OR_PS4_RELEASE | PS4_RELEASE,5,LAUNCHBOX_GAMES_DB | PRICECHARTING_EXACT_PAL_PAGE | REGIONATLAS_LEGACY_PRICECHARTING_CREDIT | STEAM_STORE | WIKIPEDIA_PS4_LIST,B_EXACT_PHYSICAL | B_LEGACY_EXACT_PHYSICAL | B_OTHER_PLATFORM | B_PS4_RELEASE | C_DISCOVERY,https://www.pricecharting.com/game/pal-playstation-4/dark-souls-remastered | https://en.wikipedia.org/wiki/List_of_PlayStation_4_games_(A%E2%80%93L) | https://store.steampowered.com/app/570940 | https://gamesdb.launchbox-app.com/games/details/151111,"La ficha enlazada de la edición física PAL atribuye el desarrollo a esta compañía. | El crédito actual procede de la importación histórica de la ficha física enlazada; se contrasta con la consulta en vivo. | La lista específica de PS4 atribuye el desarrollo a esta compañía. | La ficha comercial de Steam confirma la desarrolladora de la obra, no necesariamente el port de PS4. | LaunchBox registra esta desarrolladora para su ficha de PS4.",No propagar a ports o compilaciones sin comprobar sus créditos propios.,AMBIGUOUS_NAME | HIGH_OR_BETTER_GROUP_NOT_FULLY_RESOLVED | MISSING_SLUG
ps4-darksiders-genesis,Darksiders Genesis,PAL España,standard,darksiders genesis,darksiders genesis,GAME_OR_UNKNOWN,PHYSICAL_PUBLISHER_OR_DISTRIBUTOR,publisher,THQ Nordic,,THQ Nordic,AMBIGUOUS_NAME,THQ Nordic,REPLACE_OR_ADD_REVIEW,HIGH,NO,EXACT_PHYSICAL_EDITION | PAL_RELEASE,3,PRICECHARTING_EXACT_PAL_PAGE | REGIONATLAS_LEGACY_PRICECHARTING_CREDIT | WIKIPEDIA_PS4_LIST_PAL,B_EXACT_PHYSICAL | B_LEGACY_EXACT_PHYSICAL | B_PAL_RELEASE,https://www.pricecharting.com/game/pal-playstation-4/darksiders-genesis | https://en.wikipedia.org/wiki/List_of_PlayStation_4_games_(A%E2%80%93L),La ficha exacta de la edición física PAL etiqueta a esta compañía como Publisher; puede representar publicación o distribución física. | El crédito actual procede de la importación histórica de la ficha física enlazada; se contrasta con la consulta en vivo. | La columna PAL de la lista de PS4 atribuye la publicación a esta compañía.,Confirmar si la etiqueta Publisher representa publicación o distribución en la caja PAL.,AMBIGUOUS_NAME | HIGH_OR_BETTER_GROUP_NOT_FULLY_RESOLVED | MISSING_SLUG
ps4-darksiders-genesis-collector%27s-edition,Darksiders Genesis [Collector's Edition],PAL España,standard,darksiders genesis,darksiders genesis,EDITION_VARIANT,PHYSICAL_PUBLISHER_OR_DISTRIBUTOR,publisher,THQ Nordic,,THQ Nordic,AMBIGUOUS_NAME,,ADD_MISSING,HIGH,NO,EXACT_PHYSICAL_EDITION | PAL_RELEASE,2,PRICECHARTING_EXACT_PAL_PAGE | WIKIPEDIA_PS4_LIST_PAL,B_EXACT_PHYSICAL | B_PAL_RELEASE,https://www.pricecharting.com/game/pal-playstation-4/darksiders-genesis-collector%27s-edition | https://en.wikipedia.org/wiki/List_of_PlayStation_4_games_(A%E2%80%93L),La ficha exacta de la edición física PAL etiqueta a esta compañía como Publisher; puede representar publicación o distribución física. | La columna PAL de la lista de PS4 atribuye la publicación a esta compañía.,Confirmar si la etiqueta Publisher representa publicación o distribución en la caja PAL.,AMBIGUOUS_NAME | HIGH_OR_BETTER_GROUP_NOT_FULLY_RESOLVED | MISSING_SLUG
ps4-darksiders-ii-deathinitive-edition,Darksiders II: Deathinitive Edition,PAL España,standard,darksiders ii deathinitive edition,darksiders ii deathinitive edition,GAME_OR_UNKNOWN,PHYSICAL_PUBLISHER_OR_DISTRIBUTOR,publisher,THQ Nordic,,THQ Nordic,AMBIGUOUS_NAME,THQ Nordic,REPLACE_OR_ADD_REVIEW,HIGH,NO,EXACT_PHYSICAL_EDITION,2,PRICECHARTING_EXACT_PAL_PAGE | REGIONATLAS_LEGACY_PRICECHARTING_CREDIT,B_EXACT_PHYSICAL | B_LEGACY_EXACT_PHYSICAL,https://www.pricecharting.com/game/pal-playstation-4/darksiders-ii-deathinitive-edition,La ficha exacta de la edición física PAL etiqueta a esta compañía como Publisher; puede representar publicación o distribución física. | El crédito actual procede de la importación histórica de la ficha física enlazada; se contrasta con la consulta en vivo.,Confirmar si la etiqueta Publisher representa publicación o distribución en la caja PAL.,AMBIGUOUS_NAME | HIGH_OR_BETTER_GROUP_NOT_FULLY_RESOLVED | MISSING_SLUG
ps4-darksiders-iii,Darksiders III,PAL España,standard,darksiders iii,darksiders iii,GAME_OR_UNKNOWN,PHYSICAL_PUBLISHER_OR_DISTRIBUTOR,publisher,THQ Nordic,,THQ Nordic,AMBIGUOUS_NAME,THQ Nordic,REPLACE_OR_ADD_REVIEW,HIGH,NO,EXACT_PHYSICAL_EDITION | PAL_RELEASE,3,PRICECHARTING_EXACT_PAL_PAGE | REGIONATLAS_LEGACY_PRICECHARTING_CREDIT | WIKIPEDIA_PS4_LIST_PAL,B_EXACT_PHYSICAL | B_LEGACY_EXACT_PHYSICAL | B_PAL_RELEASE,https://www.pricecharting.com/game/pal-playstation-4/darksiders-iii | https://en.wikipedia.org/wiki/List_of_PlayStation_4_games_(A%E2%80%93L),La ficha exacta de la edición física PAL etiqueta a esta compañía como Publisher; puede representar publicación o distribución física. | El crédito actual procede de la importación histórica de la ficha física enlazada; se contrasta con la consulta en vivo. | La columna PAL de la lista de PS4 atribuye la publicación a esta compañía.,Confirmar si la etiqueta Publisher representa publicación o distribución en la caja PAL.,AMBIGUOUS_NAME | HIGH_OR_BETTER_GROUP_NOT_FULLY_RESOLVED | MISSING_SLUG
ps4-date-a-live-rio-reincarnation,Date A Live: Rio Reincarnation,PAL España,standard,date a live rio reincarnation,date a live rio reincarnation,GAME_OR_UNKNOWN,DEVELOPER,developer,"Idea Factory Co., Ltd.",idea-factory,IDEA FACTORY | Idea Factory,EXACT_NAME_OR_ALIAS,Compile Heart,REPLACE_OR_ADD_REVIEW,HIGH,NO,GAME_WORK | MATCHED_PS4_PRODUCT,2,PLAYSTATION_STORE_EXPLICIT_CREDIT | STEAM_STORE,A_OFFICIAL_MATCHED_TITLE_CREDIT | B_OTHER_PLATFORM,https://store.playstation.com/es-es/product/EP4060-CUSA15766_00-DATEALIVERIOREIN | https://store.steampowered.com/app/1047440,"Developed by IDEA FACTORY | La ficha comercial de Steam confirma la desarrolladora de la obra, no necesariamente el port de PS4.",No propagar a ports o compilaciones sin comprobar sus créditos propios.,HIGH_OR_BETTER_GROUP_NOT_FULLY_RESOLVED
ps4-date-a-live-rio-reincarnation,Date A Live: Rio Reincarnation,PAL España,standard,date a live rio reincarnation,date a live rio reincarnation,GAME_OR_UNKNOWN,DEVELOPER,developer,Compile Heart,,Compile Heart,AMBIGUOUS_NAME,Compile Heart,REPLACE_OR_ADD_REVIEW,HIGH,NO,EXACT_PHYSICAL_EDITION | GAME_WORK,2,REGIONATLAS_LEGACY_PRICECHARTING_CREDIT | STEAM_STORE,B_LEGACY_EXACT_PHYSICAL | B_OTHER_PLATFORM,https://www.pricecharting.com/game/pal-playstation-4/date-a-live-rio-reincarnation | https://store.steampowered.com/app/1047440,"El crédito actual procede de la importación histórica de la ficha física enlazada; se contrasta con la consulta en vivo. | La ficha comercial de Steam confirma la desarrolladora de la obra, no necesariamente el port de PS4.",No propagar a ports o compilaciones sin comprobar sus créditos propios.,AMBIGUOUS_NAME | HIGH_OR_BETTER_GROUP_NOT_FULLY_RESOLVED | MISSING_SLUG
ps4-dayz,DayZ,PAL España,standard,dayz,dayz,GAME_OR_UNKNOWN,DEVELOPER,developer,Bohemia Interactive,,Bohemia Interactive,NOT_IN_COMPANY_INDEX,,ADD_MISSING,HIGH,NO,GAME_WORK | GAME_WORK_OR_PS4_RELEASE,2,STEAM_STORE | WIKIPEDIA_PS4_LIST,B_OTHER_PLATFORM | B_PS4_RELEASE,https://en.wikipedia.org/wiki/List_of_PlayStation_4_games_(A%E2%80%93L) | https://store.steampowered.com/app/221100,"La lista específica de PS4 atribuye el desarrollo a esta compañía. | La ficha comercial de Steam confirma la desarrolladora de la obra, no necesariamente el port de PS4.",No propagar a ports o compilaciones sin comprobar sus créditos propios.,HIGH_OR_BETTER_GROUP_NOT_FULLY_RESOLVED | MISSING_SLUG | NOT_IN_COMPANY_INDEX
ps4-dcl-the-game,DCL: The Game,PAL España,standard,dcl the game,dcl the game,GAME_OR_UNKNOWN,DEVELOPER,developer,DCL Drone Champions A,,DCL Drone Champions A,NOT_IN_COMPANY_INDEX,,ADD_MISSING,HIGH,NO,MATCHED_PS4_PRODUCT,1,PLAYSTATION_STORE_EXPLICIT_CREDIT,A_OFFICIAL_MATCHED_TITLE_CREDIT,https://store.playstation.com/es-es/product/EP4389-CUSA17440_00-DCLGAMEEU0000000,Developed by DCL Drone Champions A,No propagar a ports o compilaciones sin comprobar sus créditos propios.,HIGH_OR_BETTER_GROUP_NOT_FULLY_RESOLVED | MISSING_SLUG | NOT_IN_COMPANY_INDEX
ps4-de-blob,De Blob,PAL España,standard,de blob,de blob,GAME_OR_UNKNOWN,PHYSICAL_PUBLISHER_OR_DISTRIBUTOR,publisher,THQ Nordic,,THQ Nordic,AMBIGUOUS_NAME,THQ Nordic,REPLACE_OR_ADD_REVIEW,HIGH,NO,EXACT_PHYSICAL_EDITION | PAL_RELEASE,3,PRICECHARTING_EXACT_PAL_PAGE | REGIONATLAS_LEGACY_PRICECHARTING_CREDIT | WIKIPEDIA_PS4_LIST_PAL,B_EXACT_PHYSICAL | B_LEGACY_EXACT_PHYSICAL | B_PAL_RELEASE,https://www.pricecharting.com/game/pal-playstation-4/de-blob | https://en.wikipedia.org/wiki/List_of_PlayStation_4_games_(A%E2%80%93L),La ficha exacta de la edición física PAL etiqueta a esta compañía como Publisher; puede representar publicación o distribución física. | El crédito actual procede de la importación histórica de la ficha física enlazada; se contrasta con la consulta en vivo. | La columna PAL de la lista de PS4 atribuye la publicación a esta compañía.,Confirmar si la etiqueta Publisher representa publicación o distribución en la caja PAL.,AMBIGUOUS_NAME | HIGH_OR_BETTER_GROUP_NOT_FULLY_RESOLVED | MISSING_SLUG
ps4-de-blob-2,De Blob 2,PAL España,standard,de blob 2,de blob 2,GAME_OR_UNKNOWN,DEVELOPER,developer,BlitWorks,blitworks,Blitworks | BLITWORKS | BlitWorks,EXACT_NAME_OR_ALIAS,BLITWORKS,RETAIN,HIGH,NO,EXACT_PHYSICAL_EDITION | GAME_WORK | GAME_WORK_OR_PS4_RELEASE | MATCHED_PS4_PRODUCT,5,PLAYSTATION_STORE_EXPLICIT_CREDIT | PRICECHARTING_EXACT_PAL_PAGE | REGIONATLAS_LEGACY_PRICECHARTING_CREDIT | STEAM_STORE | WIKIPEDIA_PS4_LIST,A_OFFICIAL_MATCHED_TITLE_CREDIT | B_EXACT_PHYSICAL | B_LEGACY_EXACT_PHYSICAL | B_OTHER_PLATFORM | B_PS4_RELEASE,https://store.playstation.com/es-es/product/EP4389-CUSA10299_00-DEBLOB2EU0000001 | https://www.pricecharting.com/game/pal-playstation-4/de-blob-2 | https://en.wikipedia.org/wiki/List_of_PlayStation_4_games_(A%E2%80%93L) | https://store.steampowered.com/app/563190,"Developed by Blitworks | Developed by Blue Tongue | La ficha enlazada de la edición física PAL atribuye el desarrollo a esta compañía. | El crédito actual procede de la importación histórica de la ficha física enlazada; se contrasta con la consulta en vivo. | La lista específica de PS4 atribuye el desarrollo a esta compañía. | La ficha comercial de Steam confirma la desarrolladora de la obra, no necesariamente el port de PS4.",No propagar a ports o compilaciones sin comprobar sus créditos propios.,HIGH_OR_BETTER_GROUP_NOT_FULLY_RESOLVED
ps4-de-blob-2,De Blob 2,PAL España,standard,de blob 2,de blob 2,GAME_OR_UNKNOWN,DEVELOPER,developer,Blue Tongue,,Blue Tongue,NOT_IN_COMPANY_INDEX,BLITWORKS,REPLACE_OR_ADD_REVIEW,HIGH,NO,MATCHED_PS4_PRODUCT,1,PLAYSTATION_STORE_EXPLICIT_CREDIT,A_OFFICIAL_MATCHED_TITLE_CREDIT,https://store.playstation.com/es-es/product/EP4389-CUSA10299_00-DEBLOB2EU0000001,Developed by Blitworks | Developed by Blue Tongue,No propagar a ports o compilaciones sin comprobar sus créditos propios.,HIGH_OR_BETTER_GROUP_NOT_FULLY_RESOLVED | MISSING_SLUG | NOT_IN_COMPANY_INDEX
ps4-de-blob-2,De Blob 2,PAL España,standard,de blob 2,de blob 2,GAME_OR_UNKNOWN,PHYSICAL_PUBLISHER_OR_DISTRIBUTOR,publisher,THQ Nordic,,THQ Nordic,AMBIGUOUS_NAME,THQ Nordic,REPLACE_OR_ADD_REVIEW,HIGH,NO,EXACT_PHYSICAL_EDITION | PAL_RELEASE,3,PRICECHARTING_EXACT_PAL_PAGE | REGIONATLAS_LEGACY_PRICECHARTING_CREDIT | WIKIPEDIA_PS4_LIST_PAL,B_EXACT_PHYSICAL | B_LEGACY_EXACT_PHYSICAL | B_PAL_RELEASE,https://www.pricecharting.com/game/pal-playstation-4/de-blob-2 | https://en.wikipedia.org/wiki/List_of_PlayStation_4_games_(A%E2%80%93L),La ficha exacta de la edición física PAL etiqueta a esta compañía como Publisher; puede representar publicación o distribución física. | El crédito actual procede de la importación histórica de la ficha física enlazada; se contrasta con la consulta en vivo. | La columna PAL de la lista de PS4 atribuye la publicación a esta compañía.,Confirmar si la etiqueta Publisher representa publicación o distribución en la caja PAL.,AMBIGUOUS_NAME | HIGH_OR_BETTER_GROUP_NOT_FULLY_RESOLVED | MISSING_SLUG
ps4-dead-island-definitive-edition,Dead Island Definitive Edition,PAL España,standard,dead island definitive edition,dead island,EDITION_VARIANT,DEVELOPER,developer,Techland,techland,Techland,EXACT_NAME_OR_ALIAS,Techland,RETAIN,HIGH,NO,EXACT_PHYSICAL_EDITION | GAME_WORK | GAME_WORK_OR_PS4_RELEASE,4,PRICECHARTING_EXACT_PAL_PAGE | REGIONATLAS_LEGACY_PRICECHARTING_CREDIT | STEAM_STORE | WIKIPEDIA_PS4_LIST,B_EXACT_PHYSICAL | B_LEGACY_EXACT_PHYSICAL | B_OTHER_PLATFORM | B_PS4_RELEASE,https://www.pricecharting.com/game/pal-playstation-4/dead-island-definitive-edition | https://en.wikipedia.org/wiki/List_of_PlayStation_4_games_(A%E2%80%93L) | https://store.steampowered.com/app/383150,"La ficha enlazada de la edición física PAL atribuye el desarrollo a esta compañía. | El crédito actual procede de la importación histórica de la ficha física enlazada; se contrasta con la consulta en vivo. | La lista específica de PS4 atribuye el desarrollo a esta compañía. | La ficha comercial de Steam confirma la desarrolladora de la obra, no necesariamente el port de PS4.",No propagar a ports o compilaciones sin comprobar sus créditos propios.,HIGH_OR_BETTER_GROUP_NOT_FULLY_RESOLVED
ps4-dead-island-riptide-definitive-edition,Dead Island: Riptide: Definitive Edition,PAL España,standard,dead island riptide definitive edition,dead island riptide,EDITION_VARIANT,DEVELOPER,developer,Techland,techland,Techland,EXACT_NAME_OR_ALIAS,Techland,RETAIN,HIGH,NO,EXACT_PHYSICAL_EDITION | GAME_WORK | PS4_RELEASE,4,LAUNCHBOX_GAMES_DB | PRICECHARTING_EXACT_PAL_PAGE | REGIONATLAS_LEGACY_PRICECHARTING_CREDIT | STEAM_STORE,B_EXACT_PHYSICAL | B_LEGACY_EXACT_PHYSICAL | B_OTHER_PLATFORM | C_DISCOVERY,https://www.pricecharting.com/game/pal-playstation-4/dead-island-riptide-definitive-edition | https://store.steampowered.com/app/383180 | https://gamesdb.launchbox-app.com/games/details/208699,"La ficha enlazada de la edición física PAL atribuye el desarrollo a esta compañía. | El crédito actual procede de la importación histórica de la ficha física enlazada; se contrasta con la consulta en vivo. | La ficha comercial de Steam confirma la desarrolladora de la obra, no necesariamente el port de PS4. | LaunchBox registra esta desarrolladora para su ficha de PS4.",No propagar a ports o compilaciones sin comprobar sus créditos propios.,HIGH_OR_BETTER_GROUP_NOT_FULLY_RESOLVED
ps4-dead-or-alive-6,Dead or Alive 6,PAL España,standard,dead or alive 6,dead or alive 6,GAME_OR_UNKNOWN,PHYSICAL_PUBLISHER_OR_DISTRIBUTOR,publisher,Koei Tecmo Games,,Koei Tecmo Games,AMBIGUOUS_NAME,Koei Tecmo Games,REPLACE_OR_ADD_REVIEW,HIGH,NO,EXACT_PHYSICAL_EDITION,2,PRICECHARTING_EXACT_PAL_PAGE | REGIONATLAS_LEGACY_PRICECHARTING_CREDIT,B_EXACT_PHYSICAL | B_LEGACY_EXACT_PHYSICAL,https://www.pricecharting.com/game/pal-playstation-4/dead-or-alive-6,La ficha exacta de la edición física PAL etiqueta a esta compañía como Publisher; puede representar publicación o distribución física. | El crédito actual procede de la importación histórica de la ficha física enlazada; se contrasta con la consulta en vivo.,Confirmar si la etiqueta Publisher representa publicación o distribución en la caja PAL.,AMBIGUOUS_NAME | HIGH_OR_BETTER_GROUP_NOT_FULLY_RESOLVED | MISSING_SLUG
ps4-dead-or-school,Dead or School,PAL España,standard,dead or school,dead or school,GAME_OR_UNKNOWN,PHYSICAL_PUBLISHER_OR_DISTRIBUTOR,publisher,Marvelous Europe,,Marvelous Europe,AMBIGUOUS_NAME,Marvelous Europe,REPLACE_OR_ADD_REVIEW,HIGH,NO,EXACT_PHYSICAL_EDITION | PAL_RELEASE,3,PRICECHARTING_EXACT_PAL_PAGE | REGIONATLAS_LEGACY_PRICECHARTING_CREDIT | WIKIPEDIA_PS4_LIST_PAL,B_EXACT_PHYSICAL | B_LEGACY_EXACT_PHYSICAL | B_PAL_RELEASE,https://www.pricecharting.com/game/pal-playstation-4/dead-or-school | https://en.wikipedia.org/wiki/List_of_PlayStation_4_games_(A%E2%80%93L),La ficha exacta de la edición física PAL etiqueta a esta compañía como Publisher; puede representar publicación o distribución física. | El crédito actual procede de la importación histórica de la ficha física enlazada; se contrasta con la consulta en vivo. | La columna PAL de la lista de PS4 atribuye la publicación a esta compañía.,Confirmar si la etiqueta Publisher representa publicación o distribución en la caja PAL.,AMBIGUOUS_NAME | HIGH_OR_BETTER_GROUP_NOT_FULLY_RESOLVED | MISSING_SLUG
ps4-death-end-re;quest-2-day-one-edition,Death End Re;Quest 2 [Day One Edition],PAL España,standard,death end re quest 2,death end re quest 2,EDITION_VARIANT,DEVELOPER,developer,Compile Heart,,Compile Heart,AMBIGUOUS_NAME,Compile Heart,REPLACE_OR_ADD_REVIEW,HIGH,NO,EXACT_PHYSICAL_EDITION | GAME_WORK | GAME_WORK_OR_PS4_RELEASE,4,PRICECHARTING_EXACT_PAL_PAGE | REGIONATLAS_LEGACY_PRICECHARTING_CREDIT | STEAM_STORE | WIKIPEDIA_PS4_LIST,B_EXACT_PHYSICAL | B_LEGACY_EXACT_PHYSICAL | B_OTHER_PLATFORM | B_PS4_RELEASE,https://www.pricecharting.com/game/pal-playstation-4/death-end-re;quest-2-day-one-edition | https://en.wikipedia.org/wiki/List_of_PlayStation_4_games_(A%E2%80%93L) | https://store.steampowered.com/app/1266220,"La ficha enlazada de la edición física PAL atribuye el desarrollo a esta compañía. | El crédito actual procede de la importación histórica de la ficha física enlazada; se contrasta con la consulta en vivo. | La lista específica de PS4 atribuye el desarrollo a esta compañía. | La ficha comercial de Steam confirma la desarrolladora de la obra, no necesariamente el port de PS4.",No propagar a ports o compilaciones sin comprobar sus créditos propios.,AMBIGUOUS_NAME | HIGH_OR_BETTER_GROUP_NOT_FULLY_RESOLVED | MISSING_SLUG
ps4-death-end-re;quest-2-day-one-edition,Death End Re;Quest 2 [Day One Edition],PAL España,standard,death end re quest 2,death end re quest 2,EDITION_VARIANT,DEVELOPER,developer,"Idea Factory Co., Ltd.",idea-factory,Idea Factory,EXACT_NAME_OR_ALIAS,Compile Heart,REPLACE_OR_ADD_REVIEW,HIGH,NO,GAME_WORK | GAME_WORK_OR_PS4_RELEASE,2,STEAM_STORE | WIKIPEDIA_PS4_LIST,B_OTHER_PLATFORM | B_PS4_RELEASE,https://en.wikipedia.org/wiki/List_of_PlayStation_4_games_(A%E2%80%93L) | https://store.steampowered.com/app/1266220,"La lista específica de PS4 atribuye el desarrollo a esta compañía. | La ficha comercial de Steam confirma la desarrolladora de la obra, no necesariamente el port de PS4.",No propagar a ports o compilaciones sin comprobar sus créditos propios.,HIGH_OR_BETTER_GROUP_NOT_FULLY_RESOLVED
ps4-death-end-re;quest-2-day-one-edition,Death End Re;Quest 2 [Day One Edition],PAL España,standard,death end re quest 2,death end re quest 2,EDITION_VARIANT,PHYSICAL_PUBLISHER_OR_DISTRIBUTOR,publisher,Idea Factory International,,Idea Factory International,AMBIGUOUS_NAME,Idea Factory International,REPLACE_OR_ADD_REVIEW,HIGH,NO,EXACT_PHYSICAL_EDITION,2,PRICECHARTING_EXACT_PAL_PAGE | REGIONATLAS_LEGACY_PRICECHARTING_CREDIT,B_EXACT_PHYSICAL | B_LEGACY_EXACT_PHYSICAL,https://www.pricecharting.com/game/pal-playstation-4/death-end-re;quest-2-day-one-edition,La ficha exacta de la edición física PAL etiqueta a esta compañía como Publisher; puede representar publicación o distribución física. | El crédito actual procede de la importación histórica de la ficha física enlazada; se contrasta con la consulta en vivo.,Confirmar si la etiqueta Publisher representa publicación o distribución en la caja PAL.,AMBIGUOUS_NAME | HIGH_OR_BETTER_GROUP_NOT_FULLY_RESOLVED | MISSING_SLUG
ps4-death-end-request-2,Death End Re:Quest 2,PAL España,standard,death end re quest 2,death end re quest 2,GAME_OR_UNKNOWN,DEVELOPER,developer,"Idea Factory Co., Ltd.",idea-factory,Idea Factory,EXACT_NAME_OR_ALIAS,,ADD_MISSING,HIGH,NO,GAME_WORK | GAME_WORK_OR_PS4_RELEASE,2,STEAM_STORE | WIKIPEDIA_PS4_LIST,B_OTHER_PLATFORM | B_PS4_RELEASE,https://en.wikipedia.org/wiki/List_of_PlayStation_4_games_(A%E2%80%93L) | https://store.steampowered.com/app/1266220,"La lista específica de PS4 atribuye el desarrollo a esta compañía. | La ficha comercial de Steam confirma la desarrolladora de la obra, no necesariamente el port de PS4.",No propagar a ports o compilaciones sin comprobar sus créditos propios.,HIGH_OR_BETTER_GROUP_NOT_FULLY_RESOLVED
ps4-death-end-request-2,Death End Re:Quest 2,PAL España,standard,death end re quest 2,death end re quest 2,GAME_OR_UNKNOWN,DEVELOPER,developer,Compile Heart,,Compile Heart,AMBIGUOUS_NAME,,ADD_MISSING,HIGH,NO,GAME_WORK | GAME_WORK_OR_PS4_RELEASE,2,STEAM_STORE | WIKIPEDIA_PS4_LIST,B_OTHER_PLATFORM | B_PS4_RELEASE,https://en.wikipedia.org/wiki/List_of_PlayStation_4_games_(A%E2%80%93L) | https://store.steampowered.com/app/1266220,"La lista específica de PS4 atribuye el desarrollo a esta compañía. | La ficha comercial de Steam confirma la desarrolladora de la obra, no necesariamente el port de PS4.",No propagar a ports o compilaciones sin comprobar sus créditos propios.,AMBIGUOUS_NAME | HIGH_OR_BETTER_GROUP_NOT_FULLY_RESOLVED | MISSING_SLUG
ps4-deception-iv-the-nightmare-princess,Deception IV The Nightmare Princess,PAL España,standard,deception iv the nightmare princess,deception iv the nightmare princess,GAME_OR_UNKNOWN,PHYSICAL_PUBLISHER_OR_DISTRIBUTOR,publisher,Koei Tecmo Europe Ltd.,,Koei Tecmo Europe Ltd.,AMBIGUOUS_NAME,Koei Tecmo Europe Ltd.,REPLACE_OR_ADD_REVIEW,HIGH,NO,EXACT_PHYSICAL_EDITION,2,PRICECHARTING_EXACT_PAL_PAGE | REGIONATLAS_LEGACY_PRICECHARTING_CREDIT,B_EXACT_PHYSICAL | B_LEGACY_EXACT_PHYSICAL,https://www.pricecharting.com/game/pal-playstation-4/deception-iv-the-nightmare-princess,La ficha exacta de la edición física PAL etiqueta a esta compañía como Publisher; puede representar publicación o distribución física. | El crédito actual procede de la importación histórica de la ficha física enlazada; se contrasta con la consulta en vivo.,Confirmar si la etiqueta Publisher representa publicación o distribución en la caja PAL.,AMBIGUOUS_NAME | HIGH_OR_BETTER_GROUP_NOT_FULLY_RESOLVED | MISSING_SLUG
ps4-desolatium-limited-edition,Desolatium [Limited Edition],PAL España,standard,desolatium,desolatium,EDITION_VARIANT,DEVELOPER,developer,SUPERLUMEN,,Superlumen | SUPERLUMEN,NOT_IN_COMPANY_INDEX,,ADD_MISSING,HIGH,NO,EXACT_PHYSICAL_EDITION | GAME_WORK | PS4_RELEASE,3,LAUNCHBOX_GAMES_DB | PRICECHARTING_EXACT_PAL_PAGE | STEAM_STORE,B_EXACT_PHYSICAL | B_OTHER_PLATFORM | C_DISCOVERY,https://www.pricecharting.com/game/pal-playstation-4/desolatium-limited-edition | https://store.steampowered.com/app/1474900 | https://gamesdb.launchbox-app.com/games/details/475609,"La ficha enlazada de la edición física PAL atribuye el desarrollo a esta compañía. | La ficha comercial de Steam confirma la desarrolladora de la obra, no necesariamente el port de PS4. | LaunchBox registra esta desarrolladora para su ficha de PS4.",No propagar a ports o compilaciones sin comprobar sus créditos propios.,HIGH_OR_BETTER_GROUP_NOT_FULLY_RESOLVED | MISSING_SLUG | NOT_IN_COMPANY_INDEX
ps4-desperados-iii,Desperados III,PAL España,standard,desperados iii,desperados iii,GAME_OR_UNKNOWN,DEVELOPER,developer,Mimimi Productions,mimimi-productions,Mimimi Productions,EXACT_NAME_OR_ALIAS,Mimimi Productions,RETAIN,HIGH,NO,EXACT_PHYSICAL_EDITION | GAME_WORK_OR_PS4_RELEASE,3,PRICECHARTING_EXACT_PAL_PAGE | REGIONATLAS_LEGACY_PRICECHARTING_CREDIT | WIKIPEDIA_PS4_LIST,B_EXACT_PHYSICAL | B_LEGACY_EXACT_PHYSICAL | B_PS4_RELEASE,https://www.pricecharting.com/game/pal-playstation-4/desperados-iii | https://en.wikipedia.org/wiki/List_of_PlayStation_4_games_(A%E2%80%93L),La ficha enlazada de la edición física PAL atribuye el desarrollo a esta compañía. | El crédito actual procede de la importación histórica de la ficha física enlazada; se contrasta con la consulta en vivo. | La lista específica de PS4 atribuye el desarrollo a esta compañía.,No propagar a ports o compilaciones sin comprobar sus créditos propios.,HIGH_OR_BETTER_GROUP_NOT_FULLY_RESOLVED
ps4-desperados-iii,Desperados III,PAL España,standard,desperados iii,desperados iii,GAME_OR_UNKNOWN,PHYSICAL_PUBLISHER_OR_DISTRIBUTOR,publisher,THQ Nordic,,THQ Nordic,AMBIGUOUS_NAME,THQ Nordic,REPLACE_OR_ADD_REVIEW,HIGH,NO,EXACT_PHYSICAL_EDITION | PAL_RELEASE,3,PRICECHARTING_EXACT_PAL_PAGE | REGIONATLAS_LEGACY_PRICECHARTING_CREDIT | WIKIPEDIA_PS4_LIST_PAL,B_EXACT_PHYSICAL | B_LEGACY_EXACT_PHYSICAL | B_PAL_RELEASE,https://www.pricecharting.com/game/pal-playstation-4/desperados-iii | https://en.wikipedia.org/wiki/List_of_PlayStation_4_games_(A%E2%80%93L),La ficha exacta de la edición física PAL etiqueta a esta compañía como Publisher; puede representar publicación o distribución física. | El crédito actual procede de la importación histórica de la ficha física enlazada; se contrasta con la consulta en vivo. | La columna PAL de la lista de PS4 atribuye la publicación a esta compañía.,Confirmar si la etiqueta Publisher representa publicación o distribución en la caja PAL.,AMBIGUOUS_NAME | HIGH_OR_BETTER_GROUP_NOT_FULLY_RESOLVED | MISSING_SLUG
ps4-desperados-iii-collector%27s-edition,Desperados III [Collector's Edition],PAL España,standard,desperados iii,desperados iii,EDITION_VARIANT,DEVELOPER,developer,Mimimi Games,,Mimimi Games GmbH | Mimimi Games,NOT_IN_COMPANY_INDEX,,ADD_MISSING,HIGH,NO,GAME_WORK | MATCHED_PS4_PRODUCT | PS4_RELEASE,3,LAUNCHBOX_GAMES_DB | PLAYSTATION_STORE_EXPLICIT_CREDIT | STEAM_STORE,A_OFFICIAL_MATCHED_TITLE_CREDIT | B_OTHER_PLATFORM | C_DISCOVERY,https://store.playstation.com/es-es/product/EP4389-CUSA11112_00-THQNORDEUDESP000 | https://store.steampowered.com/app/610370 | https://gamesdb.launchbox-app.com/games/details/441516,"Developed by Mimimi Games GmbH | La ficha comercial de Steam confirma la desarrolladora de la obra, no necesariamente el port de PS4. | LaunchBox registra esta desarrolladora para su ficha de PS4.",No propagar a ports o compilaciones sin comprobar sus créditos propios.,HIGH_OR_BETTER_GROUP_NOT_FULLY_RESOLVED | MISSING_SLUG | NOT_IN_COMPANY_INDEX
ps4-destiny-connect-tick-tock-travelers,Destiny Connect Tick Tock Travelers,PAL España,standard,destiny connect tick tock travelers,destiny connect tick tock travelers,GAME_OR_UNKNOWN,PHYSICAL_PUBLISHER_OR_DISTRIBUTOR,publisher,NIS America,,NIS America,AMBIGUOUS_NAME,NIS America,REPLACE_OR_ADD_REVIEW,HIGH,NO,EXACT_PHYSICAL_EDITION,2,PRICECHARTING_EXACT_PAL_PAGE | REGIONATLAS_LEGACY_PRICECHARTING_CREDIT,B_EXACT_PHYSICAL | B_LEGACY_EXACT_PHYSICAL,https://www.pricecharting.com/game/pal-playstation-4/destiny-connect-tick-tock-travelers,La ficha exacta de la edición física PAL etiqueta a esta compañía como Publisher; puede representar publicación o distribución física. | El crédito actual procede de la importación histórica de la ficha física enlazada; se contrasta con la consulta en vivo.,Confirmar si la etiqueta Publisher representa publicación o distribución en la caja PAL.,AMBIGUOUS_NAME | HIGH_OR_BETTER_GROUP_NOT_FULLY_RESOLVED | MISSING_SLUG
ps4-destiny-connect-tick-tock-travelers-limited-edition,Destiny Connect: Tick-Tock Travelers [Limited Edition],PAL España,standard,destiny connect tick tock travelers,destiny connect tick tock travelers,EDITION_VARIANT,DEVELOPER,developer,Nippon Ichi Software,,Nippon Ichi Software,AMBIGUOUS_NAME,Nippon Ichi Software,REPLACE_OR_ADD_REVIEW,HIGH,NO,EXACT_PHYSICAL_EDITION | GAME_WORK_OR_PS4_RELEASE | PS4_RELEASE,3,LAUNCHBOX_GAMES_DB | REGIONATLAS_LEGACY_PRICECHARTING_CREDIT | WIKIPEDIA_PS4_LIST,B_LEGACY_EXACT_PHYSICAL | B_PS4_RELEASE | C_DISCOVERY,https://www.pricecharting.com/game/pal-playstation-4/destiny-connect-tick-tock-travelers-limited-edition | https://en.wikipedia.org/wiki/List_of_PlayStation_4_games_(A%E2%80%93L) | https://gamesdb.launchbox-app.com/games/details/177135,El crédito actual procede de la importación histórica de la ficha física enlazada; se contrasta con la consulta en vivo. | La lista específica de PS4 atribuye el desarrollo a esta compañía. | LaunchBox registra esta desarrolladora para su ficha de PS4.,No propagar a ports o compilaciones sin comprobar sus créditos propios.,AMBIGUOUS_NAME | HIGH_OR_BETTER_GROUP_NOT_FULLY_RESOLVED | MISSING_SLUG
ps4-destroy-all-humans,Destroy All Humans,PAL España,standard,destroy all humans,destroy all humans,GAME_OR_UNKNOWN,DEVELOPER,developer,Pandemic,,Pandemic,NOT_IN_COMPANY_INDEX,Pandemic Studios,REPLACE_OR_ADD_REVIEW,HIGH,NO,MATCHED_PS4_PRODUCT,1,PLAYSTATION_STORE_EXPLICIT_CREDIT,A_OFFICIAL_MATCHED_TITLE_CREDIT,https://store.playstation.com/es-es/product/EP4389-CUSA06353_00-SLES531960000001,Developed by Pandemic,No propagar a ports o compilaciones sin comprobar sus créditos propios.,HIGH_OR_BETTER_GROUP_NOT_FULLY_RESOLVED | MISSING_SLUG | NOT_IN_COMPANY_INDEX
ps4-destroy-all-humans,Destroy All Humans,PAL España,standard,destroy all humans,destroy all humans,GAME_OR_UNKNOWN,DEVELOPER,developer,Black Forest Games,black-forest-games,Black Forest Games,EXACT_NAME_OR_ALIAS,Pandemic Studios,REPLACE_OR_ADD_REVIEW,HIGH,NO,EXACT_PHYSICAL_EDITION | GAME_WORK | GAME_WORK_OR_PS4_RELEASE,3,PRICECHARTING_EXACT_PAL_PAGE | STEAM_STORE | WIKIPEDIA_PS4_LIST,B_EXACT_PHYSICAL | B_OTHER_PLATFORM | B_PS4_RELEASE,https://www.pricecharting.com/game/pal-playstation-4/destroy-all-humans | https://en.wikipedia.org/wiki/List_of_PlayStation_4_games_(A%E2%80%93L) | https://store.steampowered.com/app/803330,"La ficha enlazada de la edición física PAL atribuye el desarrollo a esta compañía. | La lista específica de PS4 atribuye el desarrollo a esta compañía. | La ficha comercial de Steam confirma la desarrolladora de la obra, no necesariamente el port de PS4.",No propagar a ports o compilaciones sin comprobar sus créditos propios.,HIGH_OR_BETTER_GROUP_NOT_FULLY_RESOLVED
ps4-destroy-all-humans,Destroy All Humans,PAL España,standard,destroy all humans,destroy all humans,GAME_OR_UNKNOWN,PHYSICAL_PUBLISHER_OR_DISTRIBUTOR,publisher,THQ Nordic,,THQ Nordic,AMBIGUOUS_NAME,THQ,REPLACE_OR_ADD_REVIEW,HIGH,NO,EXACT_PHYSICAL_EDITION | PAL_RELEASE,2,PRICECHARTING_EXACT_PAL_PAGE | WIKIPEDIA_PS4_LIST_PAL,B_EXACT_PHYSICAL | B_PAL_RELEASE,https://www.pricecharting.com/game/pal-playstation-4/destroy-all-humans | https://en.wikipedia.org/wiki/List_of_PlayStation_4_games_(A%E2%80%93L),La ficha exacta de la edición física PAL etiqueta a esta compañía como Publisher; puede representar publicación o distribución física. | La columna PAL de la lista de PS4 atribuye la publicación a esta compañía.,Confirmar si la etiqueta Publisher representa publicación o distribución en la caja PAL.,AMBIGUOUS_NAME | HIGH_OR_BETTER_GROUP_NOT_FULLY_RESOLVED | MISSING_SLUG
ps4-destroy-all-humans-crypto-137-edition,Destroy All Humans [Crypto-137 Edition],PAL España,standard,destroy all humans,destroy all humans,GAME_OR_UNKNOWN,DEVELOPER,developer,Pandemic,,Pandemic,NOT_IN_COMPANY_INDEX,,ADD_MISSING,HIGH,NO,MATCHED_PS4_PRODUCT,1,PLAYSTATION_STORE_EXPLICIT_CREDIT,A_OFFICIAL_MATCHED_TITLE_CREDIT,https://store.playstation.com/es-es/product/EP4389-CUSA06353_00-SLES531960000001,Developed by Pandemic,No propagar a ports o compilaciones sin comprobar sus créditos propios.,HIGH_OR_BETTER_GROUP_NOT_FULLY_RESOLVED | MISSING_SLUG | NOT_IN_COMPANY_INDEX
ps4-destroy-all-humans-crypto-137-edition,Destroy All Humans [Crypto-137 Edition],PAL España,standard,destroy all humans,destroy all humans,GAME_OR_UNKNOWN,DEVELOPER,developer,Black Forest Games,black-forest-games,Black Forest Games,EXACT_NAME_OR_ALIAS,,ADD_MISSING,HIGH,NO,GAME_WORK | GAME_WORK_OR_PS4_RELEASE,2,STEAM_STORE | WIKIPEDIA_PS4_LIST,B_OTHER_PLATFORM | B_PS4_RELEASE,https://en.wikipedia.org/wiki/List_of_PlayStation_4_games_(A%E2%80%93L) | https://store.steampowered.com/app/803330,"La lista específica de PS4 atribuye el desarrollo a esta compañía. | La ficha comercial de Steam confirma la desarrolladora de la obra, no necesariamente el port de PS4.",No propagar a ports o compilaciones sin comprobar sus créditos propios.,HIGH_OR_BETTER_GROUP_NOT_FULLY_RESOLVED
ps4-destroy-all-humans-dna-collector%27s-edition,Destroy All Humans [DNA Collector's Edition],PAL España,standard,destroy all humans,destroy all humans,EDITION_VARIANT,DEVELOPER,developer,Pandemic,,Pandemic,NOT_IN_COMPANY_INDEX,,ADD_MISSING,HIGH,NO,MATCHED_PS4_PRODUCT,1,PLAYSTATION_STORE_EXPLICIT_CREDIT,A_OFFICIAL_MATCHED_TITLE_CREDIT,https://store.playstation.com/es-es/product/EP4389-CUSA06353_00-SLES531960000001,Developed by Pandemic,No propagar a ports o compilaciones sin comprobar sus créditos propios.,HIGH_OR_BETTER_GROUP_NOT_FULLY_RESOLVED | MISSING_SLUG | NOT_IN_COMPANY_INDEX
ps4-destroy-all-humans-dna-collector%27s-edition,Destroy All Humans [DNA Collector's Edition],PAL España,standard,destroy all humans,destroy all humans,EDITION_VARIANT,DEVELOPER,developer,Black Forest Games,black-forest-games,Black Forest Games,EXACT_NAME_OR_ALIAS,,ADD_MISSING,HIGH,NO,GAME_WORK | GAME_WORK_OR_PS4_RELEASE,2,STEAM_STORE | WIKIPEDIA_PS4_LIST,B_OTHER_PLATFORM | B_PS4_RELEASE,https://en.wikipedia.org/wiki/List_of_PlayStation_4_games_(A%E2%80%93L) | https://store.steampowered.com/app/803330,"La lista específica de PS4 atribuye el desarrollo a esta compañía. | La ficha comercial de Steam confirma la desarrolladora de la obra, no necesariamente el port de PS4.",No propagar a ports o compilaciones sin comprobar sus créditos propios.,HIGH_OR_BETTER_GROUP_NOT_FULLY_RESOLVED
ps4-deus-ex-mankind-divided-day-one-edition,Deus Ex: Mankind Divided [Day One Edition],PAL España,standard,deus ex mankind divided,deus ex mankind divided,EDITION_VARIANT,PHYSICAL_PUBLISHER_OR_DISTRIBUTOR,publisher,Square Enix,,Square Enix,AMBIGUOUS_NAME,Square Enix,REPLACE_OR_ADD_REVIEW,HIGH,NO,EXACT_PHYSICAL_EDITION | PAL_RELEASE,3,PRICECHARTING_EXACT_PAL_PAGE | REGIONATLAS_LEGACY_PRICECHARTING_CREDIT | WIKIPEDIA_PS4_LIST_PAL,B_EXACT_PHYSICAL | B_LEGACY_EXACT_PHYSICAL | B_PAL_RELEASE,https://www.pricecharting.com/game/pal-playstation-4/deus-ex-mankind-divided-day-one-edition | https://en.wikipedia.org/wiki/List_of_PlayStation_4_games_(A%E2%80%93L),La ficha exacta de la edición física PAL etiqueta a esta compañía como Publisher; puede representar publicación o distribución física. | El crédito actual procede de la importación histórica de la ficha física enlazada; se contrasta con la consulta en vivo. | La columna PAL de la lista de PS4 atribuye la publicación a esta compañía.,Confirmar si la etiqueta Publisher representa publicación o distribución en la caja PAL.,AMBIGUOUS_NAME | HIGH_OR_BETTER_GROUP_NOT_FULLY_RESOLVED | MISSING_SLUG
ps4-disaster-report-4-summer-memories,Disaster Report 4: Summer Memories,PAL España,standard,disaster report 4 summer memories,disaster report 4 summer memories,GAME_OR_UNKNOWN,PHYSICAL_PUBLISHER_OR_DISTRIBUTOR,publisher,NIS America,,NIS America,AMBIGUOUS_NAME,NIS America,REPLACE_OR_ADD_REVIEW,HIGH,NO,EXACT_PHYSICAL_EDITION,2,PRICECHARTING_EXACT_PAL_PAGE | REGIONATLAS_LEGACY_PRICECHARTING_CREDIT,B_EXACT_PHYSICAL | B_LEGACY_EXACT_PHYSICAL,https://www.pricecharting.com/game/pal-playstation-4/disaster-report-4-summer-memories,La ficha exacta de la edición física PAL etiqueta a esta compañía como Publisher; puede representar publicación o distribución física. | El crédito actual procede de la importación histórica de la ficha física enlazada; se contrasta con la consulta en vivo.,Confirmar si la etiqueta Publisher representa publicación o distribución en la caja PAL.,AMBIGUOUS_NAME | HIGH_OR_BETTER_GROUP_NOT_FULLY_RESOLVED | MISSING_SLUG
ps4-disgaea-1-complete,Disgaea 1 Complete,PAL España,standard,disgaea 1 complete,disgaea 1,EDITION_VARIANT,DEVELOPER,developer,Nippon Ichi Software,,Nippon Ichi Software,AMBIGUOUS_NAME,Nippon Ichi Software,REPLACE_OR_ADD_REVIEW,HIGH,NO,EXACT_PHYSICAL_EDITION | GAME_WORK_OR_PS4_RELEASE | PS4_RELEASE,4,LAUNCHBOX_GAMES_DB | PRICECHARTING_EXACT_PAL_PAGE | REGIONATLAS_LEGACY_PRICECHARTING_CREDIT | WIKIPEDIA_PS4_LIST,B_EXACT_PHYSICAL | B_LEGACY_EXACT_PHYSICAL | B_PS4_RELEASE | C_DISCOVERY,https://www.pricecharting.com/game/pal-playstation-4/disgaea-1-complete | https://en.wikipedia.org/wiki/List_of_PlayStation_4_games_(A%E2%80%93L) | https://gamesdb.launchbox-app.com/games/details/156164,La ficha enlazada de la edición física PAL atribuye el desarrollo a esta compañía. | El crédito actual procede de la importación histórica de la ficha física enlazada; se contrasta con la consulta en vivo. | La lista específica de PS4 atribuye el desarrollo a esta compañía. | LaunchBox registra esta desarrolladora para su ficha de PS4.,No propagar a ports o compilaciones sin comprobar sus créditos propios.,AMBIGUOUS_NAME | HIGH_OR_BETTER_GROUP_NOT_FULLY_RESOLVED | MISSING_SLUG
ps4-disgaea-1-complete,Disgaea 1 Complete,PAL España,standard,disgaea 1 complete,disgaea 1,EDITION_VARIANT,PHYSICAL_PUBLISHER_OR_DISTRIBUTOR,publisher,NIS America,,NIS America,AMBIGUOUS_NAME,NIS America,REPLACE_OR_ADD_REVIEW,HIGH,NO,EXACT_PHYSICAL_EDITION,2,PRICECHARTING_EXACT_PAL_PAGE | REGIONATLAS_LEGACY_PRICECHARTING_CREDIT,B_EXACT_PHYSICAL | B_LEGACY_EXACT_PHYSICAL,https://www.pricecharting.com/game/pal-playstation-4/disgaea-1-complete,La ficha exacta de la edición física PAL etiqueta a esta compañía como Publisher; puede representar publicación o distribución física. | El crédito actual procede de la importación histórica de la ficha física enlazada; se contrasta con la consulta en vivo.,Confirmar si la etiqueta Publisher representa publicación o distribución en la caja PAL.,AMBIGUOUS_NAME | HIGH_OR_BETTER_GROUP_NOT_FULLY_RESOLVED | MISSING_SLUG
ps4-disgaea-4-complete&#43;,Disgaea 4 Complete+,PAL España,standard,disgaea 4 complete,disgaea 4 complete,GAME_OR_UNKNOWN,DEVELOPER,developer,Nippon Ichi Software,,Nippon Ichi Software | Nippon Ichi Software Inc.,AMBIGUOUS_NAME,,ADD_MISSING,HIGH,NO,EXACT_PHYSICAL_EDITION | GAME_WORK | GAME_WORK_OR_PS4_RELEASE | PS4_RELEASE,4,LAUNCHBOX_GAMES_DB | PRICECHARTING_EXACT_PAL_PAGE | STEAM_STORE | WIKIPEDIA_PS4_LIST,B_EXACT_PHYSICAL | B_OTHER_PLATFORM | B_PS4_RELEASE | C_DISCOVERY,https://www.pricecharting.com/game/pal-playstation-4/disgaea-4-complete+ | https://en.wikipedia.org/wiki/List_of_PlayStation_4_games_(A%E2%80%93L) | https://store.steampowered.com/app/1233880 | https://gamesdb.launchbox-app.com/games/details/177008,"La ficha enlazada de la edición física PAL atribuye el desarrollo a esta compañía. | La lista específica de PS4 atribuye el desarrollo a esta compañía. | La ficha comercial de Steam confirma la desarrolladora de la obra, no necesariamente el port de PS4. | LaunchBox registra esta desarrolladora para su ficha de PS4.",No propagar a ports o compilaciones sin comprobar sus créditos propios.,AMBIGUOUS_NAME | HIGH_OR_BETTER_GROUP_NOT_FULLY_RESOLVED | MISSING_SLUG
ps4-disgaea-5-alliance-of-vengeance,Disgaea 5 Alliance of Vengeance,PAL España,standard,disgaea 5 alliance of vengeance,disgaea 5 alliance of vengeance,GAME_OR_UNKNOWN,DEVELOPER,developer,Nippon Ichi Software Inc,,Nippon Ichi Software Inc | Nippon Ichi Software,AMBIGUOUS_NAME,,ADD_MISSING,HIGH,NO,MATCHED_PS4_PRODUCT | PS4_RELEASE,2,LAUNCHBOX_GAMES_DB | PLAYSTATION_STORE_EXPLICIT_CREDIT,A_OFFICIAL_MATCHED_TITLE_CREDIT | C_DISCOVERY,https://store.playstation.com/es-es/product/EP1063-CUSA02664_00-DISGAEA500000001 | https://gamesdb.launchbox-app.com/games/details/29431,"Developed by Nippon Ichi Software, Inc Made in Austria | LaunchBox registra esta desarrolladora para su ficha de PS4.",No propagar a ports o compilaciones sin comprobar sus créditos propios.,AMBIGUOUS_NAME | HIGH_OR_BETTER_GROUP_NOT_FULLY_RESOLVED | MISSING_SLUG
ps4-disgaea-5-alliance-of-vengeance-limited-edition,Disgaea 5: Alliance of Vengeance [Limited Edition],PAL España,standard,disgaea 5 alliance of vengeance,disgaea 5 alliance of vengeance,EDITION_VARIANT,DEVELOPER,developer,Nippon Ichi Software Inc,,Nippon Ichi Software Inc | Nippon Ichi Software,AMBIGUOUS_NAME,,ADD_MISSING,HIGH,NO,MATCHED_PS4_PRODUCT | PS4_RELEASE,2,LAUNCHBOX_GAMES_DB | PLAYSTATION_STORE_EXPLICIT_CREDIT,A_OFFICIAL_MATCHED_TITLE_CREDIT | C_DISCOVERY,https://store.playstation.com/es-es/product/EP1063-CUSA02664_00-DISGAEA500000001 | https://gamesdb.launchbox-app.com/games/details/29431,"Developed by Nippon Ichi Software, Inc Made in Austria | LaunchBox registra esta desarrolladora para su ficha de PS4.",No propagar a ports o compilaciones sin comprobar sus créditos propios.,AMBIGUOUS_NAME | HIGH_OR_BETTER_GROUP_NOT_FULLY_RESOLVED | MISSING_SLUG
ps4-disgaea-7-vows-of-the-virtueless-deluxe-edition,Disgaea 7: Vows Of The Virtueless [Deluxe Edition],PAL España,standard,disgaea 7 vows of the virtueless,disgaea 7 vows of the virtueless,EDITION_VARIANT,DEVELOPER,developer,Nippon Ichi Software,,Nippon Ichi Software | Nippon Ichi Software Inc.,AMBIGUOUS_NAME,,ADD_MISSING,HIGH,NO,GAME_WORK | GAME_WORK_OR_PS4_RELEASE | PS4_RELEASE,4,LAUNCHBOX_GAMES_DB | STEAM_STORE | WIKIDATA | WIKIPEDIA_PS4_LIST,B_OTHER_PLATFORM | B_PS4_RELEASE | C_DISCOVERY,https://en.wikipedia.org/wiki/List_of_PlayStation_4_games_(A%E2%80%93L) | https://store.steampowered.com/app/2250600 | https://www.wikidata.org/wiki/Q113989175 | https://gamesdb.launchbox-app.com/games/details/475668,"La lista específica de PS4 atribuye el desarrollo a esta compañía. | La ficha comercial de Steam confirma la desarrolladora de la obra, no necesariamente el port de PS4. | Wikidata registra la compañía como desarrolladora. | LaunchBox registra esta desarrolladora para su ficha de PS4.",No propagar a ports o compilaciones sin comprobar sus créditos propios.,AMBIGUOUS_NAME | HIGH_OR_BETTER_GROUP_NOT_FULLY_RESOLVED | MISSING_SLUG
ps4-disgaea-7-vows-of-the-virtueless-limited-edition,Disgaea 7: Vows Of The Virtueless [Limited Edition],PAL España,standard,disgaea 7 vows of the virtueless,disgaea 7 vows of the virtueless,EDITION_VARIANT,DEVELOPER,developer,Nippon Ichi Software,,Nippon Ichi Software | Nippon Ichi Software Inc.,AMBIGUOUS_NAME,,ADD_MISSING,HIGH,NO,GAME_WORK | GAME_WORK_OR_PS4_RELEASE | PS4_RELEASE,4,LAUNCHBOX_GAMES_DB | STEAM_STORE | WIKIDATA | WIKIPEDIA_PS4_LIST,B_OTHER_PLATFORM | B_PS4_RELEASE | C_DISCOVERY,https://en.wikipedia.org/wiki/List_of_PlayStation_4_games_(A%E2%80%93L) | https://store.steampowered.com/app/2250600 | https://www.wikidata.org/wiki/Q113989175 | https://gamesdb.launchbox-app.com/games/details/475668,"La lista específica de PS4 atribuye el desarrollo a esta compañía. | La ficha comercial de Steam confirma la desarrolladora de la obra, no necesariamente el port de PS4. | Wikidata registra la compañía como desarrolladora. | LaunchBox registra esta desarrolladora para su ficha de PS4.",No propagar a ports o compilaciones sin comprobar sus créditos propios.,AMBIGUOUS_NAME | HIGH_OR_BETTER_GROUP_NOT_FULLY_RESOLVED | MISSING_SLUG
ps4-disgaea-7-vows-of-the-virtueless-limited-edition,Disgaea 7: Vows Of The Virtueless [Limited Edition],PAL España,standard,disgaea 7 vows of the virtueless,disgaea 7 vows of the virtueless,EDITION_VARIANT,PHYSICAL_PUBLISHER_OR_DISTRIBUTOR,publisher,Nippon Ichi Software,,Nippon Ichi Software,AMBIGUOUS_NAME,,ADD_MISSING,HIGH,NO,EXACT_PHYSICAL_EDITION | PAL_RELEASE,2,PRICECHARTING_EXACT_PAL_PAGE | WIKIPEDIA_PS4_LIST_PAL,B_EXACT_PHYSICAL | B_PAL_RELEASE,https://www.pricecharting.com/game/pal-playstation-4/disgaea-7-vows-of-the-virtueless-limited-edition | https://en.wikipedia.org/wiki/List_of_PlayStation_4_games_(A%E2%80%93L),La ficha exacta de la edición física PAL etiqueta a esta compañía como Publisher; puede representar publicación o distribución física. | La columna PAL de la lista de PS4 atribuye la publicación a esta compañía.,Confirmar si la etiqueta Publisher representa publicación o distribución en la caja PAL.,AMBIGUOUS_NAME | HIGH_OR_BETTER_GROUP_NOT_FULLY_RESOLVED | MISSING_SLUG
ps4-disney-infinity-20,Disney Infinity 2.0,PAL España,standard,disney infinity 2 0,disney infinity 2 0,GAME_OR_UNKNOWN,PHYSICAL_PUBLISHER_OR_DISTRIBUTOR,publisher,Disney Interactive Studios,,Disney Interactive Studios,AMBIGUOUS_NAME,Disney Interactive Studios,REPLACE_OR_ADD_REVIEW,HIGH,NO,EXACT_PHYSICAL_EDITION,2,PRICECHARTING_EXACT_PAL_PAGE | REGIONATLAS_LEGACY_PRICECHARTING_CREDIT,B_EXACT_PHYSICAL | B_LEGACY_EXACT_PHYSICAL,https://www.pricecharting.com/game/pal-playstation-4/disney-infinity-20,La ficha exacta de la edición física PAL etiqueta a esta compañía como Publisher; puede representar publicación o distribución física. | El crédito actual procede de la importación histórica de la ficha física enlazada; se contrasta con la consulta en vivo.,Confirmar si la etiqueta Publisher representa publicación o distribución en la caja PAL.,AMBIGUOUS_NAME | HIGH_OR_BETTER_GROUP_NOT_FULLY_RESOLVED | MISSING_SLUG
ps4-dissidia-final-fantasy-nt-ultimate-collectors-edition,Dissidia Final Fantasy NT [Ultimate Collectors Edition],PAL España,standard,dissidia final fantasy nt,dissidia final fantasy nt,EDITION_VARIANT,PHYSICAL_PUBLISHER_OR_DISTRIBUTOR,publisher,Square Enix,,Square Enix,AMBIGUOUS_NAME,,ADD_MISSING,HIGH,NO,EXACT_PHYSICAL_EDITION | PAL_RELEASE,2,PRICECHARTING_EXACT_PAL_PAGE | WIKIPEDIA_PS4_LIST_PAL,B_EXACT_PHYSICAL | B_PAL_RELEASE,https://www.pricecharting.com/game/pal-playstation-4/dissidia-final-fantasy-nt-ultimate-collectors-edition | https://en.wikipedia.org/wiki/List_of_PlayStation_4_games_(A%E2%80%93L),La ficha exacta de la edición física PAL etiqueta a esta compañía como Publisher; puede representar publicación o distribución física. | La columna PAL de la lista de PS4 atribuye la publicación a esta compañía.,Confirmar si la etiqueta Publisher representa publicación o distribución en la caja PAL.,AMBIGUOUS_NAME | HIGH_OR_BETTER_GROUP_NOT_FULLY_RESOLVED | MISSING_SLUG
ps4-divinity-original-sin-enhanced-edition,Divinity: Original Sin [Enhanced Edition],PAL España,standard,divinity original sin,divinity original sin,GAME_OR_UNKNOWN,DEVELOPER,developer,Larian Studios,,Larian Studios,NOT_IN_COMPANY_INDEX,,ADD_MISSING,HIGH,NO,GAME_WORK | GAME_WORK_OR_PS4_RELEASE | PS4_RELEASE,4,LAUNCHBOX_GAMES_DB | STEAM_STORE | WIKIDATA | WIKIPEDIA_PS4_LIST,B_OTHER_PLATFORM | B_PS4_RELEASE | C_DISCOVERY,https://en.wikipedia.org/wiki/List_of_PlayStation_4_games_(A%E2%80%93L) | https://store.steampowered.com/app/373420 | https://www.wikidata.org/wiki/Q92204031 | https://gamesdb.launchbox-app.com/games/details/32233,"La lista específica de PS4 atribuye el desarrollo a esta compañía. | La ficha comercial de Steam confirma la desarrolladora de la obra, no necesariamente el port de PS4. | Wikidata registra la compañía como desarrolladora. | LaunchBox registra esta desarrolladora para su ficha de PS4.",No propagar a ports o compilaciones sin comprobar sus créditos propios.,HIGH_OR_BETTER_GROUP_NOT_FULLY_RESOLVED | MISSING_SLUG | NOT_IN_COMPANY_INDEX
ps4-don-bradman-cricket,Don Bradman Cricket,PAL España,standard,don bradman cricket,don bradman cricket,GAME_OR_UNKNOWN,DEVELOPER,developer,Big Ant Studios Pty Ltd,,Big Ant Studios Pty Ltd | Big Ant Studios,AMBIGUOUS_NAME,,ADD_MISSING,HIGH,NO,MATCHED_PS4_PRODUCT | PS4_RELEASE,2,LAUNCHBOX_GAMES_DB | PLAYSTATION_STORE_EXPLICIT_CREDIT,A_OFFICIAL_MATCHED_TITLE_CREDIT | C_DISCOVERY,https://store.playstation.com/es-es/product/EP4116-CUSA00786_00-DBC1400000000000 | https://gamesdb.launchbox-app.com/games/details/25648,Developed by Big Ant Studios Pty Ltd and Published by Tru Blu Entertainment Pty Ltd | LaunchBox registra esta desarrolladora para su ficha de PS4.,No propagar a ports o compilaciones sin comprobar sus créditos propios.,AMBIGUOUS_NAME | HIGH_OR_BETTER_GROUP_NOT_FULLY_RESOLVED | MISSING_SLUG
ps4-don-bradman-cricket-17,Don Bradman Cricket 17,PAL España,standard,don bradman cricket 17,don bradman cricket 17,GAME_OR_UNKNOWN,DEVELOPER,developer,Big Ant Studios,,Big Ant Studios Pty Ltd | Big Ant Studios,AMBIGUOUS_NAME,,ADD_MISSING,HIGH,NO,GAME_WORK | GAME_WORK_OR_PS4_RELEASE | MATCHED_PS4_PRODUCT,4,PLAYSTATION_STORE_EXPLICIT_CREDIT | STEAM_STORE | WIKIDATA | WIKIPEDIA_PS4_LIST,A_OFFICIAL_MATCHED_TITLE_CREDIT | B_OTHER_PLATFORM | B_PS4_RELEASE | C_DISCOVERY,https://store.playstation.com/es-es/product/EP4116-CUSA05584_00-DBC0200000000000 | https://en.wikipedia.org/wiki/List_of_PlayStation_4_games_(A%E2%80%93L) | https://store.steampowered.com/app/464850 | https://www.wikidata.org/wiki/Q26963125,"Developed by Big Ant Studios Pty Ltd and Published by Tru Blu Entertainment Pty Ltd | La lista específica de PS4 atribuye el desarrollo a esta compañía. | La ficha comercial de Steam confirma la desarrolladora de la obra, no necesariamente el port de PS4. | Wikidata registra la compañía como desarrolladora.",No propagar a ports o compilaciones sin comprobar sus créditos propios.,AMBIGUOUS_NAME | HIGH_OR_BETTER_GROUP_NOT_FULLY_RESOLVED | MISSING_SLUG
ps4-door-kickers-action-squad,Door Kickers: Action Squad,PAL España,standard,door kickers action squad,door kickers action squad,GAME_OR_UNKNOWN,DEVELOPER,developer,KillHouse Games,,KillHouse Games,NOT_IN_COMPANY_INDEX,,ADD_MISSING,HIGH,NO,GAME_WORK | GAME_WORK_OR_PS4_RELEASE | PS4_RELEASE,4,LAUNCHBOX_GAMES_DB | STEAM_STORE | WIKIDATA | WIKIPEDIA_PS4_LIST,B_OTHER_PLATFORM | B_PS4_RELEASE | C_DISCOVERY,https://en.wikipedia.org/wiki/List_of_PlayStation_4_games_(A%E2%80%93L) | https://store.steampowered.com/app/686200 | https://www.wikidata.org/wiki/Q68338972 | https://gamesdb.launchbox-app.com/games/details/473057,"La lista específica de PS4 atribuye el desarrollo a esta compañía. | La ficha comercial de Steam confirma la desarrolladora de la obra, no necesariamente el port de PS4. | Wikidata registra la compañía como desarrolladora. | LaunchBox registra esta desarrolladora para su ficha de PS4.",No propagar a ports o compilaciones sin comprobar sus créditos propios.,HIGH_OR_BETTER_GROUP_NOT_FULLY_RESOLVED | MISSING_SLUG | NOT_IN_COMPANY_INDEX
ps4-door-kickers-action-squad,Door Kickers: Action Squad,PAL España,standard,door kickers action squad,door kickers action squad,GAME_OR_UNKNOWN,DEVELOPER,developer,PixelShard,,PixelShard,NOT_IN_COMPANY_INDEX,,ADD_MISSING,HIGH,NO,GAME_WORK | GAME_WORK_OR_PS4_RELEASE,2,STEAM_STORE | WIKIPEDIA_PS4_LIST,B_OTHER_PLATFORM | B_PS4_RELEASE,https://en.wikipedia.org/wiki/List_of_PlayStation_4_games_(A%E2%80%93L) | https://store.steampowered.com/app/686200,"La lista específica de PS4 atribuye el desarrollo a esta compañía. | La ficha comercial de Steam confirma la desarrolladora de la obra, no necesariamente el port de PS4.",No propagar a ports o compilaciones sin comprobar sus créditos propios.,HIGH_OR_BETTER_GROUP_NOT_FULLY_RESOLVED | MISSING_SLUG | NOT_IN_COMPANY_INDEX
ps4-door-kickers-action-squad-crimefighter-edition,Door Kickers: Action Squad [Crimefighter Edition],PAL España,standard,door kickers action squad,door kickers action squad,GAME_OR_UNKNOWN,DEVELOPER,developer,KillHouse Games,,KillHouse Games,NOT_IN_COMPANY_INDEX,,ADD_MISSING,HIGH,NO,GAME_WORK | GAME_WORK_OR_PS4_RELEASE | PS4_RELEASE,4,LAUNCHBOX_GAMES_DB | STEAM_STORE | WIKIDATA | WIKIPEDIA_PS4_LIST,B_OTHER_PLATFORM | B_PS4_RELEASE | C_DISCOVERY,https://en.wikipedia.org/wiki/List_of_PlayStation_4_games_(A%E2%80%93L) | https://store.steampowered.com/app/686200 | https://www.wikidata.org/wiki/Q68338972 | https://gamesdb.launchbox-app.com/games/details/473057,"La lista específica de PS4 atribuye el desarrollo a esta compañía. | La ficha comercial de Steam confirma la desarrolladora de la obra, no necesariamente el port de PS4. | Wikidata registra la compañía como desarrolladora. | LaunchBox registra esta desarrolladora para su ficha de PS4.",No propagar a ports o compilaciones sin comprobar sus créditos propios.,HIGH_OR_BETTER_GROUP_NOT_FULLY_RESOLVED | MISSING_SLUG | NOT_IN_COMPANY_INDEX
ps4-door-kickers-action-squad-crimefighter-edition,Door Kickers: Action Squad [Crimefighter Edition],PAL España,standard,door kickers action squad,door kickers action squad,GAME_OR_UNKNOWN,DEVELOPER,developer,PixelShard,,PixelShard,NOT_IN_COMPANY_INDEX,,ADD_MISSING,HIGH,NO,GAME_WORK | GAME_WORK_OR_PS4_RELEASE,2,STEAM_STORE | WIKIPEDIA_PS4_LIST,B_OTHER_PLATFORM | B_PS4_RELEASE,https://en.wikipedia.org/wiki/List_of_PlayStation_4_games_(A%E2%80%93L) | https://store.steampowered.com/app/686200,"La lista específica de PS4 atribuye el desarrollo a esta compañía. | La ficha comercial de Steam confirma la desarrolladora de la obra, no necesariamente el port de PS4.",No propagar a ports o compilaciones sin comprobar sus créditos propios.,HIGH_OR_BETTER_GROUP_NOT_FULLY_RESOLVED | MISSING_SLUG | NOT_IN_COMPANY_INDEX
ps4-doraemon-story-of-seasons,Doraemon: Story Of Seasons,PAL España,standard,doraemon story of seasons,doraemon story of seasons,GAME_OR_UNKNOWN,DEVELOPER,developer,Marvelous/Brownies,,Marvelous/Brownies,NOT_IN_COMPANY_INDEX,Marvelous Interactive Inc,REPLACE_OR_ADD_REVIEW,HIGH,NO,MATCHED_PS4_PRODUCT,1,PLAYSTATION_STORE_EXPLICIT_CREDIT,A_OFFICIAL_MATCHED_TITLE_CREDIT,https://store.playstation.com/es-es/product/EP0700-CUSA18501_00-DORABOKUEU000000,Developed by Marvelous/Brownies,No propagar a ports o compilaciones sin comprobar sus créditos propios.,HIGH_OR_BETTER_GROUP_NOT_FULLY_RESOLVED | MISSING_SLUG | NOT_IN_COMPANY_INDEX
ps4-doraemon-story-of-seasons,Doraemon: Story Of Seasons,PAL España,standard,doraemon story of seasons,doraemon story of seasons,GAME_OR_UNKNOWN,DEVELOPER,developer,Brownies,,Brownies | Brownies Inc.,NOT_IN_COMPANY_INDEX,Marvelous Interactive Inc,REPLACE_OR_ADD_REVIEW,HIGH,NO,GAME_WORK | GAME_WORK_OR_PS4_RELEASE,3,STEAM_STORE | WIKIDATA | WIKIPEDIA_PS4_LIST,B_OTHER_PLATFORM | B_PS4_RELEASE | C_DISCOVERY,https://en.wikipedia.org/wiki/List_of_PlayStation_4_games_(A%E2%80%93L) | https://store.steampowered.com/app/965230 | https://www.wikidata.org/wiki/Q64485163,"La lista específica de PS4 atribuye el desarrollo a esta compañía. | La ficha comercial de Steam confirma la desarrolladora de la obra, no necesariamente el port de PS4. | Wikidata registra la compañía como desarrolladora.",No propagar a ports o compilaciones sin comprobar sus créditos propios.,HIGH_OR_BETTER_GROUP_NOT_FULLY_RESOLVED | MISSING_SLUG | NOT_IN_COMPANY_INDEX
ps4-doraemon-story-of-seasons,Doraemon: Story Of Seasons,PAL España,standard,doraemon story of seasons,doraemon story of seasons,GAME_OR_UNKNOWN,DEVELOPER,developer,Marvelous,,Marvelous | Marvelous Inc.,AMBIGUOUS_NAME,Marvelous Interactive Inc,REPLACE_OR_ADD_REVIEW,HIGH,NO,GAME_WORK | GAME_WORK_OR_PS4_RELEASE | PS4_RELEASE,3,LAUNCHBOX_GAMES_DB | STEAM_STORE | WIKIPEDIA_PS4_LIST,B_OTHER_PLATFORM | B_PS4_RELEASE | C_DISCOVERY,https://en.wikipedia.org/wiki/List_of_PlayStation_4_games_(A%E2%80%93L) | https://store.steampowered.com/app/965230 | https://gamesdb.launchbox-app.com/games/details/446989,"La lista específica de PS4 atribuye el desarrollo a esta compañía. | La ficha comercial de Steam confirma la desarrolladora de la obra, no necesariamente el port de PS4. | LaunchBox registra esta desarrolladora para su ficha de PS4.",No propagar a ports o compilaciones sin comprobar sus créditos propios.,AMBIGUOUS_NAME | HIGH_OR_BETTER_GROUP_NOT_FULLY_RESOLVED | MISSING_SLUG
ps4-dragon%27s-crown-pro,Dragon's Crown Pro,PAL España,standard,dragon s crown pro,dragon s crown,GAME_OR_UNKNOWN,DEVELOPER,developer,Vanillaware,,Vanillaware | VanillaWare,AMBIGUOUS_NAME,Vanillaware,REPLACE_OR_ADD_REVIEW,HIGH,NO,EXACT_PHYSICAL_EDITION | GAME_WORK_OR_PS4_RELEASE | PS4_RELEASE,3,LAUNCHBOX_GAMES_DB | REGIONATLAS_LEGACY_PRICECHARTING_CREDIT | WIKIPEDIA_PS4_LIST,B_LEGACY_EXACT_PHYSICAL | B_PS4_RELEASE | C_DISCOVERY,https://www.pricecharting.com/game/pal-playstation-4/dragon%27s-crown-pro | https://en.wikipedia.org/wiki/List_of_PlayStation_4_games_(A%E2%80%93L) | https://gamesdb.launchbox-app.com/games/details/150875,El crédito actual procede de la importación histórica de la ficha física enlazada; se contrasta con la consulta en vivo. | La lista específica de PS4 atribuye el desarrollo a esta compañía. | LaunchBox registra esta desarrolladora para su ficha de PS4.,No propagar a ports o compilaciones sin comprobar sus créditos propios.,AMBIGUOUS_NAME | HIGH_OR_BETTER_GROUP_NOT_FULLY_RESOLVED | MISSING_SLUG
ps4-dragon%27s-crown-pro-battle-hardened-edition,Dragon's Crown Pro [Battle Hardened Edition],PAL España,standard,dragon s crown pro,dragon s crown,GAME_OR_UNKNOWN,DEVELOPER,developer,Vanillaware,,Vanillaware | VanillaWare,AMBIGUOUS_NAME,,ADD_MISSING,HIGH,NO,EXACT_PHYSICAL_EDITION | GAME_WORK_OR_PS4_RELEASE | PS4_RELEASE,3,LAUNCHBOX_GAMES_DB | PRICECHARTING_EXACT_PAL_PAGE | WIKIPEDIA_PS4_LIST,B_EXACT_PHYSICAL | B_PS4_RELEASE | C_DISCOVERY,https://www.pricecharting.com/game/pal-playstation-4/dragon%27s-crown-pro-battle-hardened-edition | https://en.wikipedia.org/wiki/List_of_PlayStation_4_games_(A%E2%80%93L) | https://gamesdb.launchbox-app.com/games/details/150875,La ficha enlazada de la edición física PAL atribuye el desarrollo a esta compañía. | La lista específica de PS4 atribuye el desarrollo a esta compañía. | LaunchBox registra esta desarrolladora para su ficha de PS4.,No propagar a ports o compilaciones sin comprobar sus créditos propios.,AMBIGUOUS_NAME | HIGH_OR_BETTER_GROUP_NOT_FULLY_RESOLVED | MISSING_SLUG
ps4-dragon-ball-z-kakarot,Dragon Ball Z Kakarot,PAL España,standard,dragon ball z kakarot,dragon ball z kakarot,GAME_OR_UNKNOWN,DEVELOPER,developer,CyberConnect2,,CyberConnect2 | CyberConnect2 Co. Ltd. | Cyberconnect2,AMBIGUOUS_NAME,CyberConnect2,REPLACE_OR_ADD_REVIEW,HIGH,NO,GAME_WORK | GAME_WORK_OR_PS4_RELEASE | PS4_RELEASE,4,LAUNCHBOX_GAMES_DB | STEAM_STORE | WIKIDATA | WIKIPEDIA_PS4_LIST,B_OTHER_PLATFORM | B_PS4_RELEASE | C_DISCOVERY,https://en.wikipedia.org/wiki/List_of_PlayStation_4_games_(A%E2%80%93L) | https://store.steampowered.com/app/851850 | https://www.wikidata.org/wiki/Q67387574 | https://gamesdb.launchbox-app.com/games/details/190251,"La lista específica de PS4 atribuye el desarrollo a esta compañía. | La ficha comercial de Steam confirma la desarrolladora de la obra, no necesariamente el port de PS4. | Wikidata registra la compañía como desarrolladora. | LaunchBox registra esta desarrolladora para su ficha de PS4.",No propagar a ports o compilaciones sin comprobar sus créditos propios.,AMBIGUOUS_NAME | HIGH_OR_BETTER_GROUP_NOT_FULLY_RESOLVED | MISSING_SLUG
ps4-dragon-ball-z-kakarot-collector%27s-edition,Dragon Ball Z: Kakarot [Collector's Edition],PAL España,standard,dragon ball z kakarot,dragon ball z kakarot,EDITION_VARIANT,DEVELOPER,developer,CyberConnect2,,CyberConnect2 | CyberConnect2 Co. Ltd. | Cyberconnect2,AMBIGUOUS_NAME,,ADD_MISSING,HIGH,NO,GAME_WORK | GAME_WORK_OR_PS4_RELEASE | PS4_RELEASE,4,LAUNCHBOX_GAMES_DB | STEAM_STORE | WIKIDATA | WIKIPEDIA_PS4_LIST,B_OTHER_PLATFORM | B_PS4_RELEASE | C_DISCOVERY,https://en.wikipedia.org/wiki/List_of_PlayStation_4_games_(A%E2%80%93L) | https://store.steampowered.com/app/851850 | https://www.wikidata.org/wiki/Q67387574 | https://gamesdb.launchbox-app.com/games/details/190251,"La lista específica de PS4 atribuye el desarrollo a esta compañía. | La ficha comercial de Steam confirma la desarrolladora de la obra, no necesariamente el port de PS4. | Wikidata registra la compañía como desarrolladora. | LaunchBox registra esta desarrolladora para su ficha de PS4.",No propagar a ports o compilaciones sin comprobar sus créditos propios.,AMBIGUOUS_NAME | HIGH_OR_BETTER_GROUP_NOT_FULLY_RESOLVED | MISSING_SLUG
ps4-dragon-ball-z-kakarot-collector%27s-set,Dragon Ball Z: Kakarot [Collector's Set],PAL España,standard,dragon ball z kakarot,dragon ball z kakarot collector s set,EDITION_VARIANT,DEVELOPER,developer,CyberConnect2,,CyberConnect2 | CyberConnect2 Co. Ltd. | Cyberconnect2,AMBIGUOUS_NAME,,ADD_MISSING,HIGH,NO,EXACT_PHYSICAL_EDITION | GAME_WORK | GAME_WORK_OR_PS4_RELEASE | PS4_RELEASE,5,LAUNCHBOX_GAMES_DB | PRICECHARTING_EXACT_PAL_PAGE | STEAM_STORE | WIKIDATA | WIKIPEDIA_PS4_LIST,B_EXACT_PHYSICAL | B_OTHER_PLATFORM | B_PS4_RELEASE | C_DISCOVERY,https://www.pricecharting.com/game/pal-playstation-4/dragon-ball-z-kakarot-collector%27s-set | https://en.wikipedia.org/wiki/List_of_PlayStation_4_games_(A%E2%80%93L) | https://store.steampowered.com/app/851850 | https://www.wikidata.org/wiki/Q67387574 | https://gamesdb.launchbox-app.com/games/details/190251,"La ficha enlazada de la edición física PAL atribuye el desarrollo a esta compañía. | La lista específica de PS4 atribuye el desarrollo a esta compañía. | La ficha comercial de Steam confirma la desarrolladora de la obra, no necesariamente el port de PS4. | Wikidata registra la compañía como desarrolladora. | LaunchBox registra esta desarrolladora para su ficha de PS4.",No propagar a ports o compilaciones sin comprobar sus créditos propios.,AMBIGUOUS_NAME | HIGH_OR_BETTER_GROUP_NOT_FULLY_RESOLVED | MISSING_SLUG
ps4-dragon-ball-z-kakarot-legendary-edition,Dragon Ball Z: Kakarot [Legendary Edition],PAL España,standard,dragon ball z kakarot,dragon ball z kakarot,GAME_OR_UNKNOWN,DEVELOPER,developer,CyberConnect2,,CyberConnect2 | CyberConnect2 Co. Ltd. | Cyberconnect2,AMBIGUOUS_NAME,,ADD_MISSING,HIGH,NO,GAME_WORK | GAME_WORK_OR_PS4_RELEASE | PS4_RELEASE,4,LAUNCHBOX_GAMES_DB | STEAM_STORE | WIKIDATA | WIKIPEDIA_PS4_LIST,B_OTHER_PLATFORM | B_PS4_RELEASE | C_DISCOVERY,https://en.wikipedia.org/wiki/List_of_PlayStation_4_games_(A%E2%80%93L) | https://store.steampowered.com/app/851850 | https://www.wikidata.org/wiki/Q67387574 | https://gamesdb.launchbox-app.com/games/details/190251,"La lista específica de PS4 atribuye el desarrollo a esta compañía. | La ficha comercial de Steam confirma la desarrolladora de la obra, no necesariamente el port de PS4. | Wikidata registra la compañía como desarrolladora. | LaunchBox registra esta desarrolladora para su ficha de PS4.",No propagar a ports o compilaciones sin comprobar sus créditos propios.,AMBIGUOUS_NAME | HIGH_OR_BETTER_GROUP_NOT_FULLY_RESOLVED | MISSING_SLUG
ps4-dragon-quest-builders,Dragon Quest Builders,PAL España,standard,dragon quest builders,dragon quest builders,GAME_OR_UNKNOWN,DEVELOPER,developer,Square Enix,,Square Enix,AMBIGUOUS_NAME,Square Enix,REPLACE_OR_ADD_REVIEW,HIGH,NO,EXACT_PHYSICAL_EDITION | GAME_WORK | GAME_WORK_OR_PS4_RELEASE | PS4_RELEASE,5,LAUNCHBOX_GAMES_DB | REGIONATLAS_LEGACY_PRICECHARTING_CREDIT | STEAM_STORE | WIKIDATA | WIKIPEDIA_PS4_LIST,B_LEGACY_EXACT_PHYSICAL | B_OTHER_PLATFORM | B_PS4_RELEASE | C_DISCOVERY,https://www.pricecharting.com/game/pal-playstation-4/dragon-quest-builders | https://en.wikipedia.org/wiki/List_of_PlayStation_4_games_(A%E2%80%93L) | https://store.steampowered.com/app/2436570 | https://www.wikidata.org/wiki/Q20679959 | https://gamesdb.launchbox-app.com/games/details/140010,"El crédito actual procede de la importación histórica de la ficha física enlazada; se contrasta con la consulta en vivo. | La lista específica de PS4 atribuye el desarrollo a esta compañía. | La ficha comercial de Steam confirma la desarrolladora de la obra, no necesariamente el port de PS4. | Wikidata registra la compañía como desarrolladora. | LaunchBox registra esta desarrolladora para su ficha de PS4.",No propagar a ports o compilaciones sin comprobar sus créditos propios.,AMBIGUOUS_NAME | HIGH_OR_BETTER_GROUP_NOT_FULLY_RESOLVED | MISSING_SLUG
ps4-dragon-quest-builders-2,Dragon Quest Builders 2,PAL España,standard,dragon quest builders 2,dragon quest builders 2,GAME_OR_UNKNOWN,DEVELOPER,developer,Square Enix,,Square Enix,AMBIGUOUS_NAME,Square Enix,REPLACE_OR_ADD_REVIEW,HIGH,NO,EXACT_PHYSICAL_EDITION | GAME_WORK | GAME_WORK_OR_PS4_RELEASE | PS4_RELEASE,5,LAUNCHBOX_GAMES_DB | PRICECHARTING_EXACT_PAL_PAGE | REGIONATLAS_LEGACY_PRICECHARTING_CREDIT | STEAM_STORE | WIKIPEDIA_PS4_LIST,B_EXACT_PHYSICAL | B_LEGACY_EXACT_PHYSICAL | B_OTHER_PLATFORM | B_PS4_RELEASE | C_DISCOVERY,https://www.pricecharting.com/game/pal-playstation-4/dragon-quest-builders-2 | https://en.wikipedia.org/wiki/List_of_PlayStation_4_games_(A%E2%80%93L) | https://store.steampowered.com/app/1072420 | https://gamesdb.launchbox-app.com/games/details/167866,"La ficha enlazada de la edición física PAL atribuye el desarrollo a esta compañía. | El crédito actual procede de la importación histórica de la ficha física enlazada; se contrasta con la consulta en vivo. | La lista específica de PS4 atribuye el desarrollo a esta compañía. | La ficha comercial de Steam confirma la desarrolladora de la obra, no necesariamente el port de PS4. | LaunchBox registra esta desarrolladora para su ficha de PS4.",No propagar a ports o compilaciones sin comprobar sus créditos propios.,AMBIGUOUS_NAME | HIGH_OR_BETTER_GROUP_NOT_FULLY_RESOLVED | MISSING_SLUG
ps4-dragon-quest-builders-2,Dragon Quest Builders 2,PAL España,standard,dragon quest builders 2,dragon quest builders 2,GAME_OR_UNKNOWN,PHYSICAL_PUBLISHER_OR_DISTRIBUTOR,publisher,Square Enix,,Square Enix,AMBIGUOUS_NAME,Square Enix,REPLACE_OR_ADD_REVIEW,HIGH,NO,EXACT_PHYSICAL_EDITION | PAL_RELEASE,3,PRICECHARTING_EXACT_PAL_PAGE | REGIONATLAS_LEGACY_PRICECHARTING_CREDIT | WIKIPEDIA_PS4_LIST_PAL,B_EXACT_PHYSICAL | B_LEGACY_EXACT_PHYSICAL | B_PAL_RELEASE,https://www.pricecharting.com/game/pal-playstation-4/dragon-quest-builders-2 | https://en.wikipedia.org/wiki/List_of_PlayStation_4_games_(A%E2%80%93L),La ficha exacta de la edición física PAL etiqueta a esta compañía como Publisher; puede representar publicación o distribución física. | El crédito actual procede de la importación histórica de la ficha física enlazada; se contrasta con la consulta en vivo. | La columna PAL de la lista de PS4 atribuye la publicación a esta compañía.,Confirmar si la etiqueta Publisher representa publicación o distribución en la caja PAL.,AMBIGUOUS_NAME | HIGH_OR_BETTER_GROUP_NOT_FULLY_RESOLVED | MISSING_SLUG
ps4-dragon-quest-heroes,Dragon Quest Heroes,PAL España,standard,dragon quest heroes,dragon quest heroes,GAME_OR_UNKNOWN,PHYSICAL_PUBLISHER_OR_DISTRIBUTOR,publisher,Square Enix LTD.,,Square Enix LTD. | Square Enix,AMBIGUOUS_NAME,,ADD_MISSING,HIGH,NO,EXACT_PHYSICAL_EDITION | PAL_RELEASE,2,PRICECHARTING_EXACT_PAL_PAGE | WIKIPEDIA_PS4_LIST_PAL,B_EXACT_PHYSICAL | B_PAL_RELEASE,https://www.pricecharting.com/game/pal-playstation-4/dragon-quest-heroes | https://en.wikipedia.org/wiki/List_of_PlayStation_4_games_(A%E2%80%93L),La ficha exacta de la edición física PAL etiqueta a esta compañía como Publisher; puede representar publicación o distribución física. | La columna PAL de la lista de PS4 atribuye la publicación a esta compañía.,Confirmar si la etiqueta Publisher representa publicación o distribución en la caja PAL.,AMBIGUOUS_NAME | HIGH_OR_BETTER_GROUP_NOT_FULLY_RESOLVED | MISSING_SLUG
ps4-dragon-quest-heroes-collector%27s-edition,Dragon Quest Heroes [Collector's Edition],PAL España,standard,dragon quest heroes,dragon quest heroes,EDITION_VARIANT,PHYSICAL_PUBLISHER_OR_DISTRIBUTOR,publisher,Square Enix,,Square Enix,AMBIGUOUS_NAME,,ADD_MISSING,HIGH,NO,EXACT_PHYSICAL_EDITION | PAL_RELEASE,2,PRICECHARTING_EXACT_PAL_PAGE | WIKIPEDIA_PS4_LIST_PAL,B_EXACT_PHYSICAL | B_PAL_RELEASE,https://www.pricecharting.com/game/pal-playstation-4/dragon-quest-heroes-collector%27s-edition | https://en.wikipedia.org/wiki/List_of_PlayStation_4_games_(A%E2%80%93L),La ficha exacta de la edición física PAL etiqueta a esta compañía como Publisher; puede representar publicación o distribución física. | La columna PAL de la lista de PS4 atribuye la publicación a esta compañía.,Confirmar si la etiqueta Publisher representa publicación o distribución en la caja PAL.,AMBIGUOUS_NAME | HIGH_OR_BETTER_GROUP_NOT_FULLY_RESOLVED | MISSING_SLUG
ps4-dragon-quest-heroes-day-one-edition,Dragon Quest Heroes [Day One Edition],PAL España,standard,dragon quest heroes,dragon quest heroes,EDITION_VARIANT,PHYSICAL_PUBLISHER_OR_DISTRIBUTOR,publisher,Square Enix Ltd.,,Square Enix Ltd. | Square Enix,AMBIGUOUS_NAME,,ADD_MISSING,HIGH,NO,EXACT_PHYSICAL_EDITION | PAL_RELEASE,2,PRICECHARTING_EXACT_PAL_PAGE | WIKIPEDIA_PS4_LIST_PAL,B_EXACT_PHYSICAL | B_PAL_RELEASE,https://www.pricecharting.com/game/pal-playstation-4/dragon-quest-heroes-day-one-edition | https://en.wikipedia.org/wiki/List_of_PlayStation_4_games_(A%E2%80%93L),La ficha exacta de la edición física PAL etiqueta a esta compañía como Publisher; puede representar publicación o distribución física. | La columna PAL de la lista de PS4 atribuye la publicación a esta compañía.,Confirmar si la etiqueta Publisher representa publicación o distribución en la caja PAL.,AMBIGUOUS_NAME | HIGH_OR_BETTER_GROUP_NOT_FULLY_RESOLVED | MISSING_SLUG
ps4-dragon-quest-heroes-ii,Dragon Quest Heroes II,PAL España,standard,dragon quest heroes ii,dragon quest heroes ii,GAME_OR_UNKNOWN,DEVELOPER,developer,Square Enix Co Ltd.,,Square Enix Co Ltd. | Square Enix,AMBIGUOUS_NAME,,ADD_MISSING,HIGH,NO,EXACT_PHYSICAL_EDITION | GAME_WORK,2,PRICECHARTING_EXACT_PAL_PAGE | STEAM_STORE,B_EXACT_PHYSICAL | B_OTHER_PLATFORM,https://www.pricecharting.com/game/pal-playstation-4/dragon-quest-heroes-ii | https://store.steampowered.com/app/574050,"La ficha enlazada de la edición física PAL atribuye el desarrollo a esta compañía. | La ficha comercial de Steam confirma la desarrolladora de la obra, no necesariamente el port de PS4.",No propagar a ports o compilaciones sin comprobar sus créditos propios.,AMBIGUOUS_NAME | HIGH_OR_BETTER_GROUP_NOT_FULLY_RESOLVED | MISSING_SLUG
ps4-dragon-quest-heroes-ii,Dragon Quest Heroes II,PAL España,standard,dragon quest heroes ii,dragon quest heroes ii,GAME_OR_UNKNOWN,PHYSICAL_PUBLISHER_OR_DISTRIBUTOR,publisher,Square Enix Co Ltd.,,Square Enix Co Ltd. | Square Enix,AMBIGUOUS_NAME,,ADD_MISSING,HIGH,NO,EXACT_PHYSICAL_EDITION | PAL_RELEASE,2,PRICECHARTING_EXACT_PAL_PAGE | WIKIPEDIA_PS4_LIST_PAL,B_EXACT_PHYSICAL | B_PAL_RELEASE,https://www.pricecharting.com/game/pal-playstation-4/dragon-quest-heroes-ii | https://en.wikipedia.org/wiki/List_of_PlayStation_4_games_(A%E2%80%93L),La ficha exacta de la edición física PAL etiqueta a esta compañía como Publisher; puede representar publicación o distribución física. | La columna PAL de la lista de PS4 atribuye la publicación a esta compañía.,Confirmar si la etiqueta Publisher representa publicación o distribución en la caja PAL.,AMBIGUOUS_NAME | HIGH_OR_BETTER_GROUP_NOT_FULLY_RESOLVED | MISSING_SLUG
ps4-dragon-quest-heroes-ii-explorer%27s-edition,Dragon Quest Heroes II [Explorer's Edition],PAL España,standard,dragon quest heroes ii,dragon quest heroes ii,GAME_OR_UNKNOWN,DEVELOPER,developer,Square Enix Co Ltd.,,Square Enix Co Ltd. | Square Enix,AMBIGUOUS_NAME,,ADD_MISSING,HIGH,NO,EXACT_PHYSICAL_EDITION | GAME_WORK,2,PRICECHARTING_EXACT_PAL_PAGE | STEAM_STORE,B_EXACT_PHYSICAL | B_OTHER_PLATFORM,https://www.pricecharting.com/game/pal-playstation-4/dragon-quest-heroes-ii-explorer%27s-edition | https://store.steampowered.com/app/574050,"La ficha enlazada de la edición física PAL atribuye el desarrollo a esta compañía. | La ficha comercial de Steam confirma la desarrolladora de la obra, no necesariamente el port de PS4.",No propagar a ports o compilaciones sin comprobar sus créditos propios.,AMBIGUOUS_NAME | HIGH_OR_BETTER_GROUP_NOT_FULLY_RESOLVED | MISSING_SLUG
ps4-dragon-quest-heroes-ii-explorer%27s-edition,Dragon Quest Heroes II [Explorer's Edition],PAL España,standard,dragon quest heroes ii,dragon quest heroes ii,GAME_OR_UNKNOWN,DEVELOPER,developer,Koei Tecmo Games Co Ltd.,,Koei Tecmo Games Co Ltd. | KOEI TECMO GAMES Co Ltd.,AMBIGUOUS_NAME,,ADD_MISSING,HIGH,NO,EXACT_PHYSICAL_EDITION | GAME_WORK,2,PRICECHARTING_EXACT_PAL_PAGE | STEAM_STORE,B_EXACT_PHYSICAL | B_OTHER_PLATFORM,https://www.pricecharting.com/game/pal-playstation-4/dragon-quest-heroes-ii-explorer%27s-edition | https://store.steampowered.com/app/574050,"La ficha enlazada de la edición física PAL atribuye el desarrollo a esta compañía. | La ficha comercial de Steam confirma la desarrolladora de la obra, no necesariamente el port de PS4.",No propagar a ports o compilaciones sin comprobar sus créditos propios.,AMBIGUOUS_NAME | HIGH_OR_BETTER_GROUP_NOT_FULLY_RESOLVED | MISSING_SLUG
ps4-dragon-quest-heroes-ii-explorer%27s-edition,Dragon Quest Heroes II [Explorer's Edition],PAL España,standard,dragon quest heroes ii,dragon quest heroes ii,GAME_OR_UNKNOWN,PHYSICAL_PUBLISHER_OR_DISTRIBUTOR,publisher,Square Enix Ltd.,,Square Enix Ltd. | Square Enix,AMBIGUOUS_NAME,,ADD_MISSING,HIGH,NO,EXACT_PHYSICAL_EDITION | PAL_RELEASE,2,PRICECHARTING_EXACT_PAL_PAGE | WIKIPEDIA_PS4_LIST_PAL,B_EXACT_PHYSICAL | B_PAL_RELEASE,https://www.pricecharting.com/game/pal-playstation-4/dragon-quest-heroes-ii-explorer%27s-edition | https://en.wikipedia.org/wiki/List_of_PlayStation_4_games_(A%E2%80%93L),La ficha exacta de la edición física PAL etiqueta a esta compañía como Publisher; puede representar publicación o distribución física. | La columna PAL de la lista de PS4 atribuye la publicación a esta compañía.,Confirmar si la etiqueta Publisher representa publicación o distribución en la caja PAL.,AMBIGUOUS_NAME | HIGH_OR_BETTER_GROUP_NOT_FULLY_RESOLVED | MISSING_SLUG
ps4-dragon-quest-xi-s-echoes-of-an-elusive-age-definitive-edition,Dragon Quest XI S: Echoes of an Elusive Age Definitive Edition,PAL España,standard,dragon quest xi s echoes of an elusive age definitive edition,dragon quest xi s echoes of an elusive age,EDITION_VARIANT,DEVELOPER,developer,Square Enix,,Square Enix Co Ltd. | Square Enix,AMBIGUOUS_NAME,"Square Enix Co., Ltd.",REPLACE_OR_ADD_REVIEW,HIGH,NO,EXACT_PHYSICAL_EDITION | GAME_WORK | GAME_WORK_OR_PS4_RELEASE,5,PRICECHARTING_EXACT_PAL_PAGE | REGIONATLAS_LEGACY_PRICECHARTING_CREDIT | STEAM_STORE | WIKIDATA | WIKIPEDIA_PS4_LIST,B_EXACT_PHYSICAL | B_LEGACY_EXACT_PHYSICAL | B_OTHER_PLATFORM | B_PS4_RELEASE | C_DISCOVERY,https://www.pricecharting.com/game/pal-playstation-4/dragon-quest-xi-s-echoes-of-an-elusive-age-definitive-edition | https://en.wikipedia.org/wiki/List_of_PlayStation_4_games_(A%E2%80%93L) | https://store.steampowered.com/app/1295510 | https://www.wikidata.org/wiki/Q125554306,"La ficha enlazada de la edición física PAL atribuye el desarrollo a esta compañía. | El crédito actual procede de la importación histórica de la ficha física enlazada; se contrasta con la consulta en vivo. | La lista específica de PS4 atribuye el desarrollo a esta compañía. | La ficha comercial de Steam confirma la desarrolladora de la obra, no necesariamente el port de PS4. | Wikidata registra la compañía como desarrolladora.",No propagar a ports o compilaciones sin comprobar sus créditos propios.,AMBIGUOUS_NAME | HIGH_OR_BETTER_GROUP_NOT_FULLY_RESOLVED | MISSING_SLUG
ps4-dragon-quest-xi-s-echoes-of-an-elusive-age-definitive-edition,Dragon Quest XI S: Echoes of an Elusive Age Definitive Edition,PAL España,standard,dragon quest xi s echoes of an elusive age definitive edition,dragon quest xi s echoes of an elusive age,EDITION_VARIANT,PHYSICAL_PUBLISHER_OR_DISTRIBUTOR,publisher,Square Enix Ltd.,,Square Enix Ltd. | Square Enix,AMBIGUOUS_NAME,Square Enix Ltd.,REPLACE_OR_ADD_REVIEW,HIGH,NO,EXACT_PHYSICAL_EDITION | PAL_RELEASE,3,PRICECHARTING_EXACT_PAL_PAGE | REGIONATLAS_LEGACY_PRICECHARTING_CREDIT | WIKIPEDIA_PS4_LIST_PAL,B_EXACT_PHYSICAL | B_LEGACY_EXACT_PHYSICAL | B_PAL_RELEASE,https://www.pricecharting.com/game/pal-playstation-4/dragon-quest-xi-s-echoes-of-an-elusive-age-definitive-edition | https://en.wikipedia.org/wiki/List_of_PlayStation_4_games_(A%E2%80%93L),La ficha exacta de la edición física PAL etiqueta a esta compañía como Publisher; puede representar publicación o distribución física. | El crédito actual procede de la importación histórica de la ficha física enlazada; se contrasta con la consulta en vivo. | La columna PAL de la lista de PS4 atribuye la publicación a esta compañía.,Confirmar si la etiqueta Publisher representa publicación o distribución en la caja PAL.,AMBIGUOUS_NAME | HIGH_OR_BETTER_GROUP_NOT_FULLY_RESOLVED | MISSING_SLUG
ps4-dragon-star-varnir,Dragon Star Varnir,PAL España,standard,dragon star varnir,dragon star varnir,GAME_OR_UNKNOWN,DEVELOPER,developer,"Idea Factory Co., Ltd.",idea-factory,Idea Factory,EXACT_NAME_OR_ALIAS,"Idea Factory, Compile Heart",REPLACE_OR_ADD_REVIEW,HIGH,NO,EXACT_PHYSICAL_EDITION | GAME_WORK,3,PRICECHARTING_EXACT_PAL_PAGE | REGIONATLAS_LEGACY_PRICECHARTING_CREDIT | STEAM_STORE,B_EXACT_PHYSICAL | B_LEGACY_EXACT_PHYSICAL | B_OTHER_PLATFORM,https://www.pricecharting.com/game/pal-playstation-4/dragon-star-varnir | https://store.steampowered.com/app/1062040,"La ficha enlazada de la edición física PAL atribuye el desarrollo a esta compañía. | El crédito actual procede de la importación histórica de la ficha física enlazada; se contrasta con la consulta en vivo. | La ficha comercial de Steam confirma la desarrolladora de la obra, no necesariamente el port de PS4.",No propagar a ports o compilaciones sin comprobar sus créditos propios.,HIGH_OR_BETTER_GROUP_NOT_FULLY_RESOLVED
ps4-dragon-star-varnir,Dragon Star Varnir,PAL España,standard,dragon star varnir,dragon star varnir,GAME_OR_UNKNOWN,DEVELOPER,developer,Compile Heart,,Compile Heart,AMBIGUOUS_NAME,"Idea Factory, Compile Heart",REPLACE_OR_ADD_REVIEW,HIGH,NO,EXACT_PHYSICAL_EDITION | GAME_WORK | GAME_WORK_OR_PS4_RELEASE | PS4_RELEASE,5,LAUNCHBOX_GAMES_DB | PRICECHARTING_EXACT_PAL_PAGE | REGIONATLAS_LEGACY_PRICECHARTING_CREDIT | STEAM_STORE | WIKIPEDIA_PS4_LIST,B_EXACT_PHYSICAL | B_LEGACY_EXACT_PHYSICAL | B_OTHER_PLATFORM | B_PS4_RELEASE | C_DISCOVERY,https://www.pricecharting.com/game/pal-playstation-4/dragon-star-varnir | https://en.wikipedia.org/wiki/List_of_PlayStation_4_games_(A%E2%80%93L) | https://store.steampowered.com/app/1062040 | https://gamesdb.launchbox-app.com/games/details/166386,"La ficha enlazada de la edición física PAL atribuye el desarrollo a esta compañía. | El crédito actual procede de la importación histórica de la ficha física enlazada; se contrasta con la consulta en vivo. | La lista específica de PS4 atribuye el desarrollo a esta compañía. | La ficha comercial de Steam confirma la desarrolladora de la obra, no necesariamente el port de PS4. | LaunchBox registra esta desarrolladora para su ficha de PS4.",No propagar a ports o compilaciones sin comprobar sus créditos propios.,AMBIGUOUS_NAME | HIGH_OR_BETTER_GROUP_NOT_FULLY_RESOLVED | MISSING_SLUG
ps4-dragon-star-varnir-limited-edition,Dragon Star Varnir [Limited Edition],PAL España,standard,dragon star varnir,dragon star varnir,EDITION_VARIANT,DEVELOPER,developer,Compile Heart,,Compile Heart,AMBIGUOUS_NAME,,ADD_MISSING,HIGH,NO,EXACT_PHYSICAL_EDITION | GAME_WORK | GAME_WORK_OR_PS4_RELEASE | PS4_RELEASE,4,LAUNCHBOX_GAMES_DB | PRICECHARTING_EXACT_PAL_PAGE | STEAM_STORE | WIKIPEDIA_PS4_LIST,B_EXACT_PHYSICAL | B_OTHER_PLATFORM | B_PS4_RELEASE | C_DISCOVERY,https://www.pricecharting.com/game/pal-playstation-4/dragon-star-varnir-limited-edition | https://en.wikipedia.org/wiki/List_of_PlayStation_4_games_(A%E2%80%93L) | https://store.steampowered.com/app/1062040 | https://gamesdb.launchbox-app.com/games/details/166386,"La ficha enlazada de la edición física PAL atribuye el desarrollo a esta compañía. | La lista específica de PS4 atribuye el desarrollo a esta compañía. | La ficha comercial de Steam confirma la desarrolladora de la obra, no necesariamente el port de PS4. | LaunchBox registra esta desarrolladora para su ficha de PS4.",No propagar a ports o compilaciones sin comprobar sus créditos propios.,AMBIGUOUS_NAME | HIGH_OR_BETTER_GROUP_NOT_FULLY_RESOLVED | MISSING_SLUG
ps4-dreams,Dreams,PAL España,standard,dreams,dreams,GAME_OR_UNKNOWN,PHYSICAL_PUBLISHER_OR_DISTRIBUTOR,publisher,Sony Interactive Entertainment Europe,,Sony Interactive Entertainment Europe,AMBIGUOUS_NAME,Sony Interactive Entertainment Europe,REPLACE_OR_ADD_REVIEW,HIGH,NO,EXACT_PHYSICAL_EDITION,2,PRICECHARTING_EXACT_PAL_PAGE | REGIONATLAS_LEGACY_PRICECHARTING_CREDIT,B_EXACT_PHYSICAL | B_LEGACY_EXACT_PHYSICAL,https://www.pricecharting.com/game/pal-playstation-4/dreams,La ficha exacta de la edición física PAL etiqueta a esta compañía como Publisher; puede representar publicación o distribución física. | El crédito actual procede de la importación histórica de la ficha física enlazada; se contrasta con la consulta en vivo.,Confirmar si la etiqueta Publisher representa publicación o distribución en la caja PAL.,AMBIGUOUS_NAME | HIGH_OR_BETTER_GROUP_NOT_FULLY_RESOLVED | MISSING_SLUG
ps4-driveclub,DriveClub,PAL España,standard,driveclub,driveclub,GAME_OR_UNKNOWN,PHYSICAL_PUBLISHER_OR_DISTRIBUTOR,publisher,Sony Computer Entertainment Europe Ltd.,,Sony Computer Entertainment Europe Ltd.,AMBIGUOUS_NAME,Sony Computer Entertainment,REPLACE_OR_ADD_REVIEW,HIGH,NO,EXACT_PHYSICAL_EDITION,1,PRICECHARTING_EXACT_PAL_PAGE,B_EXACT_PHYSICAL,https://www.pricecharting.com/game/pal-playstation-4/driveclub,La ficha exacta de la edición física PAL etiqueta a esta compañía como Publisher; puede representar publicación o distribución física.,Confirmar si la etiqueta Publisher representa publicación o distribución en la caja PAL.,AMBIGUOUS_NAME | HIGH_OR_BETTER_GROUP_NOT_FULLY_RESOLVED | MISSING_SLUG
ps4-dynasty-warriors-9,Dynasty Warriors 9,PAL España,standard,dynasty warriors 9,dynasty warriors 9,GAME_OR_UNKNOWN,DEVELOPER,developer,KOEI TECMO GAMES CO,,KOEI TECMO GAMES CO | KOEI TECMO GAMES Co Ltd.,AMBIGUOUS_NAME,Omega Force,REPLACE_OR_ADD_REVIEW,HIGH,NO,GAME_WORK | MATCHED_PS4_PRODUCT,2,PLAYSTATION_STORE_EXPLICIT_CREDIT | STEAM_STORE,A_OFFICIAL_MATCHED_TITLE_CREDIT | B_OTHER_PLATFORM,https://store.playstation.com/es-es/product/EP4108-CUSA10421_00-EPICGAMEEU000000 | https://store.steampowered.com/app/730310,"Developed by KOEI TECMO GAMES CO | La ficha comercial de Steam confirma la desarrolladora de la obra, no necesariamente el port de PS4.",No propagar a ports o compilaciones sin comprobar sus créditos propios.,AMBIGUOUS_NAME | HIGH_OR_BETTER_GROUP_NOT_FULLY_RESOLVED | MISSING_SLUG
ps4-dynasty-warriors-9-empires,Dynasty Warriors 9 Empires,PAL España,standard,dynasty warriors 9 empires,dynasty warriors 9 empires,GAME_OR_UNKNOWN,PHYSICAL_PUBLISHER_OR_DISTRIBUTOR,publisher,Koei Tecmo Games,,Koei Tecmo Games,AMBIGUOUS_NAME,Koei Tecmo Games,REPLACE_OR_ADD_REVIEW,HIGH,NO,EXACT_PHYSICAL_EDITION,2,PRICECHARTING_EXACT_PAL_PAGE | REGIONATLAS_LEGACY_PRICECHARTING_CREDIT,B_EXACT_PHYSICAL | B_LEGACY_EXACT_PHYSICAL,https://www.pricecharting.com/game/pal-playstation-4/dynasty-warriors-9-empires,La ficha exacta de la edición física PAL etiqueta a esta compañía como Publisher; puede representar publicación o distribución física. | El crédito actual procede de la importación histórica de la ficha física enlazada; se contrasta con la consulta en vivo.,Confirmar si la etiqueta Publisher representa publicación o distribución en la caja PAL.,AMBIGUOUS_NAME | HIGH_OR_BETTER_GROUP_NOT_FULLY_RESOLVED | MISSING_SLUG
ps4-dynasty-warriors-9-playstation-hits,Dynasty Warriors 9 [Playstation Hits],PAL España,standard,dynasty warriors 9,dynasty warriors 9,EDITION_VARIANT,DEVELOPER,developer,KOEI TECMO GAMES CO,,KOEI TECMO GAMES CO | KOEI TECMO GAMES Co Ltd.,AMBIGUOUS_NAME,,ADD_MISSING,HIGH,NO,GAME_WORK | MATCHED_PS4_PRODUCT,2,PLAYSTATION_STORE_EXPLICIT_CREDIT | STEAM_STORE,A_OFFICIAL_MATCHED_TITLE_CREDIT | B_OTHER_PLATFORM,https://store.playstation.com/es-es/product/EP4108-CUSA10421_00-EPICGAMEEU000000 | https://store.steampowered.com/app/730310,"Developed by KOEI TECMO GAMES CO | La ficha comercial de Steam confirma la desarrolladora de la obra, no necesariamente el port de PS4.",No propagar a ports o compilaciones sin comprobar sus créditos propios.,AMBIGUOUS_NAME | HIGH_OR_BETTER_GROUP_NOT_FULLY_RESOLVED | MISSING_SLUG
ps4-eiyuden-chronicle-hundred-heroes,Eiyuden Chronicle: Hundred Heroes,PAL España,standard,eiyuden chronicle hundred heroes,eiyuden chronicle hundred heroes,GAME_OR_UNKNOWN,DEVELOPER,developer,Rabbit & Bear Studios,,Rabbit & Bear Studios,AMBIGUOUS_NAME,Rabbit & Bear Studios,REPLACE_OR_ADD_REVIEW,HIGH,NO,EXACT_PHYSICAL_EDITION | GAME_WORK | GAME_WORK_OR_PS4_RELEASE | PS4_RELEASE,5,LAUNCHBOX_GAMES_DB | PRICECHARTING_EXACT_PAL_PAGE | REGIONATLAS_LEGACY_PRICECHARTING_CREDIT | STEAM_STORE | WIKIPEDIA_PS4_LIST,B_EXACT_PHYSICAL | B_LEGACY_EXACT_PHYSICAL | B_OTHER_PLATFORM | B_PS4_RELEASE | C_DISCOVERY,https://www.pricecharting.com/game/pal-playstation-4/eiyuden-chronicle-hundred-heroes | https://en.wikipedia.org/wiki/List_of_PlayStation_4_games_(A%E2%80%93L) | https://store.steampowered.com/app/1658280 | https://gamesdb.launchbox-app.com/games/details/475680,"La ficha enlazada de la edición física PAL atribuye el desarrollo a esta compañía. | El crédito actual procede de la importación histórica de la ficha física enlazada; se contrasta con la consulta en vivo. | La lista específica de PS4 atribuye el desarrollo a esta compañía. | La ficha comercial de Steam confirma la desarrolladora de la obra, no necesariamente el port de PS4. | LaunchBox registra esta desarrolladora para su ficha de PS4.",No propagar a ports o compilaciones sin comprobar sus créditos propios.,AMBIGUOUS_NAME | HIGH_OR_BETTER_GROUP_NOT_FULLY_RESOLVED | MISSING_SLUG
ps4-eiyuden-chronicle-rising,Eiyuden Chronicle: Rising,PAL España,standard,eiyuden chronicle rising,eiyuden chronicle rising,GAME_OR_UNKNOWN,DEVELOPER,developer,Rabbit & Bear Studios,,Rabbit & Bear Studios,AMBIGUOUS_NAME,Rabbit & Bear Studios,REPLACE_OR_ADD_REVIEW,HIGH,NO,EXACT_PHYSICAL_EDITION | GAME_WORK_OR_PS4_RELEASE | PS4_RELEASE,4,LAUNCHBOX_GAMES_DB | PRICECHARTING_EXACT_PAL_PAGE | REGIONATLAS_LEGACY_PRICECHARTING_CREDIT | WIKIPEDIA_PS4_LIST,B_EXACT_PHYSICAL | B_LEGACY_EXACT_PHYSICAL | B_PS4_RELEASE | C_DISCOVERY,https://www.pricecharting.com/game/pal-playstation-4/eiyuden-chronicle-rising | https://en.wikipedia.org/wiki/List_of_PlayStation_4_games_(A%E2%80%93L) | https://gamesdb.launchbox-app.com/games/details/475655,La ficha enlazada de la edición física PAL atribuye el desarrollo a esta compañía. | El crédito actual procede de la importación histórica de la ficha física enlazada; se contrasta con la consulta en vivo. | La lista específica de PS4 atribuye el desarrollo a esta compañía. | LaunchBox registra esta desarrolladora para su ficha de PS4.,No propagar a ports o compilaciones sin comprobar sus créditos propios.,AMBIGUOUS_NAME | HIGH_OR_BETTER_GROUP_NOT_FULLY_RESOLVED | MISSING_SLUG
ps4-elden-ring,Elden Ring,PAL España,standard,elden ring,elden ring,GAME_OR_UNKNOWN,DEVELOPER,developer,FromSoftware,,FromSoftware | FromSoftware Inc.,AMBIGUOUS_NAME,,ADD_MISSING,HIGH,NO,GAME_WORK | GAME_WORK_OR_PS4_RELEASE | PS4_RELEASE,3,LAUNCHBOX_GAMES_DB | STEAM_STORE | WIKIPEDIA_PS4_LIST,B_OTHER_PLATFORM | B_PS4_RELEASE | C_DISCOVERY,https://en.wikipedia.org/wiki/List_of_PlayStation_4_games_(A%E2%80%93L) | https://store.steampowered.com/app/1245620 | https://gamesdb.launchbox-app.com/games/details/217065,"La lista específica de PS4 atribuye el desarrollo a esta compañía. | La ficha comercial de Steam confirma la desarrolladora de la obra, no necesariamente el port de PS4. | LaunchBox registra esta desarrolladora para su ficha de PS4.",No propagar a ports o compilaciones sin comprobar sus créditos propios.,AMBIGUOUS_NAME | HIGH_OR_BETTER_GROUP_NOT_FULLY_RESOLVED | MISSING_SLUG
ps4-elden-ring-collector%27s-edition,Elden Ring [Collector's Edition],PAL España,standard,elden ring,elden ring,EDITION_VARIANT,DEVELOPER,developer,FromSoftware,,FromSoftware | FromSoftware Inc.,AMBIGUOUS_NAME,,ADD_MISSING,HIGH,NO,GAME_WORK | GAME_WORK_OR_PS4_RELEASE | PS4_RELEASE,3,LAUNCHBOX_GAMES_DB | STEAM_STORE | WIKIPEDIA_PS4_LIST,B_OTHER_PLATFORM | B_PS4_RELEASE | C_DISCOVERY,https://en.wikipedia.org/wiki/List_of_PlayStation_4_games_(A%E2%80%93L) | https://store.steampowered.com/app/1245620 | https://gamesdb.launchbox-app.com/games/details/217065,"La lista específica de PS4 atribuye el desarrollo a esta compañía. | La ficha comercial de Steam confirma la desarrolladora de la obra, no necesariamente el port de PS4. | LaunchBox registra esta desarrolladora para su ficha de PS4.",No propagar a ports o compilaciones sin comprobar sus créditos propios.,AMBIGUOUS_NAME | HIGH_OR_BETTER_GROUP_NOT_FULLY_RESOLVED | MISSING_SLUG
ps4-elden-ring-launch-edition,Elden Ring [Launch Edition],PAL España,standard,elden ring,elden ring,EDITION_VARIANT,DEVELOPER,developer,FromSoftware,,FromSoftware | FromSoftware Inc.,AMBIGUOUS_NAME,,ADD_MISSING,HIGH,NO,EXACT_PHYSICAL_EDITION | GAME_WORK | GAME_WORK_OR_PS4_RELEASE | PS4_RELEASE,4,LAUNCHBOX_GAMES_DB | PRICECHARTING_EXACT_PAL_PAGE | STEAM_STORE | WIKIPEDIA_PS4_LIST,B_EXACT_PHYSICAL | B_OTHER_PLATFORM | B_PS4_RELEASE | C_DISCOVERY,https://www.pricecharting.com/game/pal-playstation-4/elden-ring-launch-edition | https://en.wikipedia.org/wiki/List_of_PlayStation_4_games_(A%E2%80%93L) | https://store.steampowered.com/app/1245620 | https://gamesdb.launchbox-app.com/games/details/217065,"La ficha enlazada de la edición física PAL atribuye el desarrollo a esta compañía. | La lista específica de PS4 atribuye el desarrollo a esta compañía. | La ficha comercial de Steam confirma la desarrolladora de la obra, no necesariamente el port de PS4. | LaunchBox registra esta desarrolladora para su ficha de PS4.",No propagar a ports o compilaciones sin comprobar sus créditos propios.,AMBIGUOUS_NAME | HIGH_OR_BETTER_GROUP_NOT_FULLY_RESOLVED | MISSING_SLUG
ps4-elden-ring-nightreign,Elden Ring Nightreign,PAL España,standard,elden ring nightreign,elden ring nightreign,GAME_OR_UNKNOWN,DEVELOPER,developer,FromSoftware,,FromSoftware | FromSoftware Inc.,AMBIGUOUS_NAME,From Software,REPLACE_OR_ADD_REVIEW,HIGH,NO,GAME_WORK | GAME_WORK_OR_PS4_RELEASE | PS4_RELEASE,4,LAUNCHBOX_GAMES_DB | STEAM_STORE | WIKIDATA | WIKIPEDIA_PS4_LIST,B_OTHER_PLATFORM | B_PS4_RELEASE | C_DISCOVERY,https://en.wikipedia.org/wiki/List_of_PlayStation_4_games_(A%E2%80%93L) | https://store.steampowered.com/app/2622380 | https://www.wikidata.org/wiki/Q131435228 | https://gamesdb.launchbox-app.com/games/details/466097,"La lista específica de PS4 atribuye el desarrollo a esta compañía. | La ficha comercial de Steam confirma la desarrolladora de la obra, no necesariamente el port de PS4. | Wikidata registra la compañía como desarrolladora. | LaunchBox registra esta desarrolladora para su ficha de PS4.",No propagar a ports o compilaciones sin comprobar sus créditos propios.,AMBIGUOUS_NAME | HIGH_OR_BETTER_GROUP_NOT_FULLY_RESOLVED | MISSING_SLUG
ps4-elden-ring-nightreign-seekers-edition,Elden Ring Nightreign [Seekers Edition],PAL España,standard,elden ring nightreign,elden ring nightreign,GAME_OR_UNKNOWN,DEVELOPER,developer,FromSoftware,,FromSoftware | FromSoftware Inc.,AMBIGUOUS_NAME,,ADD_MISSING,HIGH,NO,EXACT_PHYSICAL_EDITION | GAME_WORK | GAME_WORK_OR_PS4_RELEASE | PS4_RELEASE,5,LAUNCHBOX_GAMES_DB | PRICECHARTING_EXACT_PAL_PAGE | STEAM_STORE | WIKIDATA | WIKIPEDIA_PS4_LIST,B_EXACT_PHYSICAL | B_OTHER_PLATFORM | B_PS4_RELEASE | C_DISCOVERY,https://www.pricecharting.com/game/pal-playstation-4/elden-ring-nightreign-seekers-edition | https://en.wikipedia.org/wiki/List_of_PlayStation_4_games_(A%E2%80%93L) | https://store.steampowered.com/app/2622380 | https://www.wikidata.org/wiki/Q131435228 | https://gamesdb.launchbox-app.com/games/details/466097,"La ficha enlazada de la edición física PAL atribuye el desarrollo a esta compañía. | La lista específica de PS4 atribuye el desarrollo a esta compañía. | La ficha comercial de Steam confirma la desarrolladora de la obra, no necesariamente el port de PS4. | Wikidata registra la compañía como desarrolladora. | LaunchBox registra esta desarrolladora para su ficha de PS4.",No propagar a ports o compilaciones sin comprobar sus créditos propios.,AMBIGUOUS_NAME | HIGH_OR_BETTER_GROUP_NOT_FULLY_RESOLVED | MISSING_SLUG
ps4-elden-ring-premium-collector%27s-edition,Elden Ring [Premium Collector's Edition],PAL España,standard,elden ring,elden ring,EDITION_VARIANT,DEVELOPER,developer,FromSoftware,,FromSoftware | FromSoftware Inc.,AMBIGUOUS_NAME,,ADD_MISSING,HIGH,NO,GAME_WORK | GAME_WORK_OR_PS4_RELEASE | PS4_RELEASE,3,LAUNCHBOX_GAMES_DB | STEAM_STORE | WIKIPEDIA_PS4_LIST,B_OTHER_PLATFORM | B_PS4_RELEASE | C_DISCOVERY,https://en.wikipedia.org/wiki/List_of_PlayStation_4_games_(A%E2%80%93L) | https://store.steampowered.com/app/1245620 | https://gamesdb.launchbox-app.com/games/details/217065,"La lista específica de PS4 atribuye el desarrollo a esta compañía. | La ficha comercial de Steam confirma la desarrolladora de la obra, no necesariamente el port de PS4. | LaunchBox registra esta desarrolladora para su ficha de PS4.",No propagar a ports o compilaciones sin comprobar sus créditos propios.,AMBIGUOUS_NAME | HIGH_OR_BETTER_GROUP_NOT_FULLY_RESOLVED | MISSING_SLUG
ps4-elex-ii-collector%27s-edition,Elex II [Collector's Edition],PAL España,standard,elex ii,elex ii,EDITION_VARIANT,PHYSICAL_PUBLISHER_OR_DISTRIBUTOR,publisher,THQ Nordic,,THQ Nordic,AMBIGUOUS_NAME,,ADD_MISSING,HIGH,NO,EXACT_PHYSICAL_EDITION | PAL_RELEASE,2,PRICECHARTING_EXACT_PAL_PAGE | WIKIPEDIA_PS4_LIST_PAL,B_EXACT_PHYSICAL | B_PAL_RELEASE,https://www.pricecharting.com/game/pal-playstation-4/elex-ii-collector%27s-edition | https://en.wikipedia.org/wiki/List_of_PlayStation_4_games_(A%E2%80%93L),La ficha exacta de la edición física PAL etiqueta a esta compañía como Publisher; puede representar publicación o distribución física. | La columna PAL de la lista de PS4 atribuye la publicación a esta compañía.,Confirmar si la etiqueta Publisher representa publicación o distribución en la caja PAL.,AMBIGUOUS_NAME | HIGH_OR_BETTER_GROUP_NOT_FULLY_RESOLVED | MISSING_SLUG
ps4-empire-of-sin-day-one-edition,Empire of Sin [Day One Edition],PAL España,standard,empire of sin,empire of sin,EDITION_VARIANT,DEVELOPER,developer,Romero Games,,Romero Games | Romero Games Ltd.,NOT_IN_COMPANY_INDEX,,ADD_MISSING,HIGH,NO,GAME_WORK | GAME_WORK_OR_PS4_RELEASE | MATCHED_PS4_PRODUCT | PS4_RELEASE,5,LAUNCHBOX_GAMES_DB | PLAYSTATION_STORE_EXPLICIT_CREDIT | STEAM_STORE | WIKIDATA | WIKIPEDIA_PS4_LIST,A_OFFICIAL_MATCHED_TITLE_CREDIT | B_OTHER_PLATFORM | B_PS4_RELEASE | C_DISCOVERY,https://store.playstation.com/es-es/product/EP4139-CUSA17732_00-EMPIREOFSINEU001 | https://en.wikipedia.org/wiki/List_of_PlayStation_4_games_(A%E2%80%93L) | https://store.steampowered.com/app/604540 | https://www.wikidata.org/wiki/Q64945366 | https://gamesdb.launchbox-app.com/games/details/473136,"Developed by Romero Games | La lista específica de PS4 atribuye el desarrollo a esta compañía. | La ficha comercial de Steam confirma la desarrolladora de la obra, no necesariamente el port de PS4. | Wikidata registra la compañía como desarrolladora. | LaunchBox registra esta desarrolladora para su ficha de PS4.",No propagar a ports o compilaciones sin comprobar sus créditos propios.,HIGH_OR_BETTER_GROUP_NOT_FULLY_RESOLVED | MISSING_SLUG | NOT_IN_COMPANY_INDEX
ps4-endling-extinction-is-forever,Endling: Extinction is Forever,PAL España,standard,endling extinction is forever,endling extinction is forever,GAME_OR_UNKNOWN,PHYSICAL_PUBLISHER_OR_DISTRIBUTOR,publisher,THQ Nordic,,THQ Nordic,AMBIGUOUS_NAME,THQ Nordic,REPLACE_OR_ADD_REVIEW,HIGH,NO,EXACT_PHYSICAL_EDITION,2,PRICECHARTING_EXACT_PAL_PAGE | REGIONATLAS_LEGACY_PRICECHARTING_CREDIT,B_EXACT_PHYSICAL | B_LEGACY_EXACT_PHYSICAL,https://www.pricecharting.com/game/pal-playstation-4/endling-extinction-is-forever,La ficha exacta de la edición física PAL etiqueta a esta compañía como Publisher; puede representar publicación o distribución física. | El crédito actual procede de la importación histórica de la ficha física enlazada; se contrasta con la consulta en vivo.,Confirmar si la etiqueta Publisher representa publicación o distribución en la caja PAL.,AMBIGUOUS_NAME | HIGH_OR_BETTER_GROUP_NOT_FULLY_RESOLVED | MISSING_SLUG
ps4-extinction,Extinction,PAL España,standard,extinction,extinction,GAME_OR_UNKNOWN,DEVELOPER,developer,IRON GALAXY,,IRON GALAXY,NOT_IN_COMPANY_INDEX,,ADD_MISSING,HIGH,NO,MATCHED_PS4_PRODUCT,1,PLAYSTATION_STORE_EXPLICIT_CREDIT,A_OFFICIAL_MATCHED_TITLE_CREDIT,https://store.playstation.com/es-es/product/EP4908-CUSA11687_00-EXTINCTIONGAME00,Developed by IRON GALAXY,No propagar a ports o compilaciones sin comprobar sus créditos propios.,HIGH_OR_BETTER_GROUP_NOT_FULLY_RESOLVED | MISSING_SLUG | NOT_IN_COMPANY_INDEX
ps4-fairy-fencer-f-advent-dark-force,Fairy Fencer F Advent Dark Force,PAL España,standard,fairy fencer f advent dark force,fairy fencer f advent dark force,GAME_OR_UNKNOWN,DEVELOPER,developer,Compile Heart,,Compile Heart | COMPILE HEART,AMBIGUOUS_NAME,Compile Heart,REPLACE_OR_ADD_REVIEW,HIGH,NO,GAME_WORK | GAME_WORK_OR_PS4_RELEASE | PS4_RELEASE,3,LAUNCHBOX_GAMES_DB | STEAM_STORE | WIKIPEDIA_PS4_LIST,B_OTHER_PLATFORM | B_PS4_RELEASE | C_DISCOVERY,https://en.wikipedia.org/wiki/List_of_PlayStation_4_games_(A%E2%80%93L) | https://store.steampowered.com/app/524580 | https://gamesdb.launchbox-app.com/games/details/151020,"La lista específica de PS4 atribuye el desarrollo a esta compañía. | La ficha comercial de Steam confirma la desarrolladora de la obra, no necesariamente el port de PS4. | LaunchBox registra esta desarrolladora para su ficha de PS4.",No propagar a ports o compilaciones sin comprobar sus créditos propios.,AMBIGUOUS_NAME | HIGH_OR_BETTER_GROUP_NOT_FULLY_RESOLVED | MISSING_SLUG
ps4-fairy-fencer-f-advent-dark-force-collector%27s-edition,Fairy Fencer F Advent Dark Force [Collector's Edition],PAL España,standard,fairy fencer f advent dark force,fairy fencer f advent dark force,EDITION_VARIANT,DEVELOPER,developer,Compile Heart,,Compile Heart | COMPILE HEART,AMBIGUOUS_NAME,,ADD_MISSING,HIGH,NO,GAME_WORK | GAME_WORK_OR_PS4_RELEASE | PS4_RELEASE,3,LAUNCHBOX_GAMES_DB | STEAM_STORE | WIKIPEDIA_PS4_LIST,B_OTHER_PLATFORM | B_PS4_RELEASE | C_DISCOVERY,https://en.wikipedia.org/wiki/List_of_PlayStation_4_games_(A%E2%80%93L) | https://store.steampowered.com/app/524580 | https://gamesdb.launchbox-app.com/games/details/151020,"La lista específica de PS4 atribuye el desarrollo a esta compañía. | La ficha comercial de Steam confirma la desarrolladora de la obra, no necesariamente el port de PS4. | LaunchBox registra esta desarrolladora para su ficha de PS4.",No propagar a ports o compilaciones sin comprobar sus créditos propios.,AMBIGUOUS_NAME | HIGH_OR_BETTER_GROUP_NOT_FULLY_RESOLVED | MISSING_SLUG
ps4-fallen-legion-revenants-vanguard-edition,Fallen Legion Revenants [Vanguard Edition],PAL España,standard,fallen legion revenants,fallen legion revenants,GAME_OR_UNKNOWN,DEVELOPER,developer,Yummy Yummy Tummy,,Yummy Yummy Tummy | Yummy Yummy Tummy Inc.,NOT_IN_COMPANY_INDEX,,ADD_MISSING,HIGH,NO,GAME_WORK | GAME_WORK_OR_PS4_RELEASE,2,STEAM_STORE | WIKIPEDIA_PS4_LIST,B_OTHER_PLATFORM | B_PS4_RELEASE,https://en.wikipedia.org/wiki/List_of_PlayStation_4_games_(A%E2%80%93L) | https://store.steampowered.com/app/1921340,"La lista específica de PS4 atribuye el desarrollo a esta compañía. | La ficha comercial de Steam confirma la desarrolladora de la obra, no necesariamente el port de PS4.",No propagar a ports o compilaciones sin comprobar sus créditos propios.,HIGH_OR_BETTER_GROUP_NOT_FULLY_RESOLVED | MISSING_SLUG | NOT_IN_COMPANY_INDEX
ps4-fallen-legion-revenants-vanguard-edition,Fallen Legion Revenants [Vanguard Edition],PAL España,standard,fallen legion revenants,fallen legion revenants,GAME_OR_UNKNOWN,PHYSICAL_PUBLISHER_OR_DISTRIBUTOR,publisher,NIS America,,NIS America,AMBIGUOUS_NAME,NIS America,REPLACE_OR_ADD_REVIEW,HIGH,NO,EXACT_PHYSICAL_EDITION | PAL_RELEASE,3,PRICECHARTING_EXACT_PAL_PAGE | REGIONATLAS_LEGACY_PRICECHARTING_CREDIT | WIKIPEDIA_PS4_LIST_PAL,B_EXACT_PHYSICAL | B_LEGACY_EXACT_PHYSICAL | B_PAL_RELEASE,https://www.pricecharting.com/game/pal-playstation-4/fallen-legion-revenants-vanguard-edition | https://en.wikipedia.org/wiki/List_of_PlayStation_4_games_(A%E2%80%93L),La ficha exacta de la edición física PAL etiqueta a esta compañía como Publisher; puede representar publicación o distribución física. | El crédito actual procede de la importación histórica de la ficha física enlazada; se contrasta con la consulta en vivo. | La columna PAL de la lista de PS4 atribuye la publicación a esta compañía.,Confirmar si la etiqueta Publisher representa publicación o distribución en la caja PAL.,AMBIGUOUS_NAME | HIGH_OR_BETTER_GROUP_NOT_FULLY_RESOLVED | MISSING_SLUG
ps4-far-cry-3-classic-edition,Far Cry 3 [Classic Edition],PAL España,standard,far cry 3,far cry 3,GAME_OR_UNKNOWN,PHYSICAL_PUBLISHER_OR_DISTRIBUTOR,publisher,Ubisoft,,Ubisoft,AMBIGUOUS_NAME,Ubisoft,REPLACE_OR_ADD_REVIEW,HIGH,NO,EXACT_PHYSICAL_EDITION,2,PRICECHARTING_EXACT_PAL_PAGE | REGIONATLAS_LEGACY_PRICECHARTING_CREDIT,B_EXACT_PHYSICAL | B_LEGACY_EXACT_PHYSICAL,https://www.pricecharting.com/game/pal-playstation-4/far-cry-3-classic-edition,La ficha exacta de la edición física PAL etiqueta a esta compañía como Publisher; puede representar publicación o distribución física. | El crédito actual procede de la importación histórica de la ficha física enlazada; se contrasta con la consulta en vivo.,Confirmar si la etiqueta Publisher representa publicación o distribución en la caja PAL.,AMBIGUOUS_NAME | HIGH_OR_BETTER_GROUP_NOT_FULLY_RESOLVED | MISSING_SLUG
ps4-far-cry-5-deluxe-edition,Far Cry 5 [Deluxe Edition],PAL España,standard,far cry 5,far cry 5,EDITION_VARIANT,PHYSICAL_PUBLISHER_OR_DISTRIBUTOR,publisher,Ubisoft,,Ubisoft,AMBIGUOUS_NAME,,ADD_MISSING,HIGH,NO,EXACT_PHYSICAL_EDITION | PAL_RELEASE,2,PRICECHARTING_EXACT_PAL_PAGE | WIKIPEDIA_PS4_LIST_PAL,B_EXACT_PHYSICAL | B_PAL_RELEASE,https://www.pricecharting.com/game/pal-playstation-4/far-cry-5-deluxe-edition | https://en.wikipedia.org/wiki/List_of_PlayStation_4_games_(A%E2%80%93L),La ficha exacta de la edición física PAL etiqueta a esta compañía como Publisher; puede representar publicación o distribución física. | La columna PAL de la lista de PS4 atribuye la publicación a esta compañía.,Confirmar si la etiqueta Publisher representa publicación o distribución en la caja PAL.,AMBIGUOUS_NAME | HIGH_OR_BETTER_GROUP_NOT_FULLY_RESOLVED | MISSING_SLUG
ps4-far-cry-5-father-edition,Far Cry 5 [Father Edition],PAL España,standard,far cry 5,far cry 5,GAME_OR_UNKNOWN,PHYSICAL_PUBLISHER_OR_DISTRIBUTOR,publisher,Ubisoft,,Ubisoft,AMBIGUOUS_NAME,,ADD_MISSING,HIGH,NO,EXACT_PHYSICAL_EDITION | PAL_RELEASE,2,PRICECHARTING_EXACT_PAL_PAGE | WIKIPEDIA_PS4_LIST_PAL,B_EXACT_PHYSICAL | B_PAL_RELEASE,https://www.pricecharting.com/game/pal-playstation-4/far-cry-5-father-edition | https://en.wikipedia.org/wiki/List_of_PlayStation_4_games_(A%E2%80%93L),La ficha exacta de la edición física PAL etiqueta a esta compañía como Publisher; puede representar publicación o distribución física. | La columna PAL de la lista de PS4 atribuye la publicación a esta compañía.,Confirmar si la etiqueta Publisher representa publicación o distribución en la caja PAL.,AMBIGUOUS_NAME | HIGH_OR_BETTER_GROUP_NOT_FULLY_RESOLVED | MISSING_SLUG
ps4-far-cry-5-fully-loaded-edition,Far Cry 5 [Fully Loaded Edition],PAL España,standard,far cry 5,far cry 5,GAME_OR_UNKNOWN,PHYSICAL_PUBLISHER_OR_DISTRIBUTOR,publisher,Ubisoft,,Ubisoft,AMBIGUOUS_NAME,,ADD_MISSING,HIGH,NO,EXACT_PHYSICAL_EDITION | PAL_RELEASE,2,PRICECHARTING_EXACT_PAL_PAGE | WIKIPEDIA_PS4_LIST_PAL,B_EXACT_PHYSICAL | B_PAL_RELEASE,https://www.pricecharting.com/game/pal-playstation-4/far-cry-5-fully-loaded-edition | https://en.wikipedia.org/wiki/List_of_PlayStation_4_games_(A%E2%80%93L),La ficha exacta de la edición física PAL etiqueta a esta compañía como Publisher; puede representar publicación o distribución física. | La columna PAL de la lista de PS4 atribuye la publicación a esta compañía.,Confirmar si la etiqueta Publisher representa publicación o distribución en la caja PAL.,AMBIGUOUS_NAME | HIGH_OR_BETTER_GROUP_NOT_FULLY_RESOLVED | MISSING_SLUG
ps4-far-cry-6,Far Cry 6,PAL España,standard,far cry 6,far cry 6,GAME_OR_UNKNOWN,PHYSICAL_PUBLISHER_OR_DISTRIBUTOR,publisher,Ubisoft,,Ubisoft,AMBIGUOUS_NAME,Ubisoft,REPLACE_OR_ADD_REVIEW,HIGH,NO,EXACT_PHYSICAL_EDITION | PAL_RELEASE,3,PRICECHARTING_EXACT_PAL_PAGE | REGIONATLAS_LEGACY_PRICECHARTING_CREDIT | WIKIPEDIA_PS4_LIST_PAL,B_EXACT_PHYSICAL | B_LEGACY_EXACT_PHYSICAL | B_PAL_RELEASE,https://www.pricecharting.com/game/pal-playstation-4/far-cry-6 | https://en.wikipedia.org/wiki/List_of_PlayStation_4_games_(A%E2%80%93L),La ficha exacta de la edición física PAL etiqueta a esta compañía como Publisher; puede representar publicación o distribución física. | El crédito actual procede de la importación histórica de la ficha física enlazada; se contrasta con la consulta en vivo. | La columna PAL de la lista de PS4 atribuye la publicación a esta compañía.,Confirmar si la etiqueta Publisher representa publicación o distribución en la caja PAL.,AMBIGUOUS_NAME | HIGH_OR_BETTER_GROUP_NOT_FULLY_RESOLVED | MISSING_SLUG
ps4-far-cry-6-collector%27s-edition,Far Cry 6 [Collector's Edition],PAL España,standard,far cry 6,far cry 6,EDITION_VARIANT,PHYSICAL_PUBLISHER_OR_DISTRIBUTOR,publisher,Ubisoft,,Ubisoft,AMBIGUOUS_NAME,,ADD_MISSING,HIGH,NO,EXACT_PHYSICAL_EDITION | PAL_RELEASE,2,PRICECHARTING_EXACT_PAL_PAGE | WIKIPEDIA_PS4_LIST_PAL,B_EXACT_PHYSICAL | B_PAL_RELEASE,https://www.pricecharting.com/game/pal-playstation-4/far-cry-6-collector%27s-edition | https://en.wikipedia.org/wiki/List_of_PlayStation_4_games_(A%E2%80%93L),La ficha exacta de la edición física PAL etiqueta a esta compañía como Publisher; puede representar publicación o distribución física. | La columna PAL de la lista de PS4 atribuye la publicación a esta compañía.,Confirmar si la etiqueta Publisher representa publicación o distribución en la caja PAL.,AMBIGUOUS_NAME | HIGH_OR_BETTER_GROUP_NOT_FULLY_RESOLVED | MISSING_SLUG
ps4-far-cry-6-gold-edition,Far Cry 6 [Gold Edition],PAL España,standard,far cry 6,far cry 6,GAME_OR_UNKNOWN,PHYSICAL_PUBLISHER_OR_DISTRIBUTOR,publisher,Ubisoft,,Ubisoft,AMBIGUOUS_NAME,,ADD_MISSING,HIGH,NO,EXACT_PHYSICAL_EDITION | PAL_RELEASE,2,PRICECHARTING_EXACT_PAL_PAGE | WIKIPEDIA_PS4_LIST_PAL,B_EXACT_PHYSICAL | B_PAL_RELEASE,https://www.pricecharting.com/game/pal-playstation-4/far-cry-6-gold-edition | https://en.wikipedia.org/wiki/List_of_PlayStation_4_games_(A%E2%80%93L),La ficha exacta de la edición física PAL etiqueta a esta compañía como Publisher; puede representar publicación o distribución física. | La columna PAL de la lista de PS4 atribuye la publicación a esta compañía.,Confirmar si la etiqueta Publisher representa publicación o distribución en la caja PAL.,AMBIGUOUS_NAME | HIGH_OR_BETTER_GROUP_NOT_FULLY_RESOLVED | MISSING_SLUG
ps4-far-cry-6-ultimate-edition,Far Cry 6 [Ultimate Edition],PAL España,standard,far cry 6,far cry 6,EDITION_VARIANT,PHYSICAL_PUBLISHER_OR_DISTRIBUTOR,publisher,Ubisoft,,Ubisoft,AMBIGUOUS_NAME,,ADD_MISSING,HIGH,NO,EXACT_PHYSICAL_EDITION | PAL_RELEASE,2,PRICECHARTING_EXACT_PAL_PAGE | WIKIPEDIA_PS4_LIST_PAL,B_EXACT_PHYSICAL | B_PAL_RELEASE,https://www.pricecharting.com/game/pal-playstation-4/far-cry-6-ultimate-edition | https://en.wikipedia.org/wiki/List_of_PlayStation_4_games_(A%E2%80%93L),La ficha exacta de la edición física PAL etiqueta a esta compañía como Publisher; puede representar publicación o distribución física. | La columna PAL de la lista de PS4 atribuye la publicación a esta compañía.,Confirmar si la etiqueta Publisher representa publicación o distribución en la caja PAL.,AMBIGUOUS_NAME | HIGH_OR_BETTER_GROUP_NOT_FULLY_RESOLVED | MISSING_SLUG
ps4-far-cry-6-yara-edition,Far Cry 6 [Yara Edition],PAL España,standard,far cry 6,far cry 6,GAME_OR_UNKNOWN,PHYSICAL_PUBLISHER_OR_DISTRIBUTOR,publisher,Ubisoft,,Ubisoft,AMBIGUOUS_NAME,,ADD_MISSING,HIGH,NO,EXACT_PHYSICAL_EDITION | PAL_RELEASE,2,PRICECHARTING_EXACT_PAL_PAGE | WIKIPEDIA_PS4_LIST_PAL,B_EXACT_PHYSICAL | B_PAL_RELEASE,https://www.pricecharting.com/game/pal-playstation-4/far-cry-6-yara-edition | https://en.wikipedia.org/wiki/List_of_PlayStation_4_games_(A%E2%80%93L),La ficha exacta de la edición física PAL etiqueta a esta compañía como Publisher; puede representar publicación o distribución física. | La columna PAL de la lista de PS4 atribuye la publicación a esta compañía.,Confirmar si la etiqueta Publisher representa publicación o distribución en la caja PAL.,AMBIGUOUS_NAME | HIGH_OR_BETTER_GROUP_NOT_FULLY_RESOLVED | MISSING_SLUG
ps4-far-cry-new-dawn,Far Cry New Dawn,PAL España,standard,far cry new dawn,far cry new dawn,GAME_OR_UNKNOWN,PHYSICAL_PUBLISHER_OR_DISTRIBUTOR,publisher,Ubisoft Inc.,,Ubisoft Inc.,AMBIGUOUS_NAME,"Ubisoft, Inc.",REPLACE_OR_ADD_REVIEW,HIGH,NO,EXACT_PHYSICAL_EDITION,2,PRICECHARTING_EXACT_PAL_PAGE | REGIONATLAS_LEGACY_PRICECHARTING_CREDIT,B_EXACT_PHYSICAL | B_LEGACY_EXACT_PHYSICAL,https://www.pricecharting.com/game/pal-playstation-4/far-cry-new-dawn,La ficha exacta de la edición física PAL etiqueta a esta compañía como Publisher; puede representar publicación o distribución física. | El crédito actual procede de la importación histórica de la ficha física enlazada; se contrasta con la consulta en vivo.,Confirmar si la etiqueta Publisher representa publicación o distribución en la caja PAL.,AMBIGUOUS_NAME | HIGH_OR_BETTER_GROUP_NOT_FULLY_RESOLVED | MISSING_SLUG
ps4-far-cry-primal-collector%27s-edition,Far Cry Primal [Collector's Edition],PAL España,standard,far cry primal,far cry primal,EDITION_VARIANT,PHYSICAL_PUBLISHER_OR_DISTRIBUTOR,publisher,Ubisoft,,Ubisoft,AMBIGUOUS_NAME,,ADD_MISSING,HIGH,NO,EXACT_PHYSICAL_EDITION | PAL_RELEASE,2,PRICECHARTING_EXACT_PAL_PAGE | WIKIPEDIA_PS4_LIST_PAL,B_EXACT_PHYSICAL | B_PAL_RELEASE,https://www.pricecharting.com/game/pal-playstation-4/far-cry-primal-collector%27s-edition | https://en.wikipedia.org/wiki/List_of_PlayStation_4_games_(A%E2%80%93L),La ficha exacta de la edición física PAL etiqueta a esta compañía como Publisher; puede representar publicación o distribución física. | La columna PAL de la lista de PS4 atribuye la publicación a esta compañía.,Confirmar si la etiqueta Publisher representa publicación o distribución en la caja PAL.,AMBIGUOUS_NAME | HIGH_OR_BETTER_GROUP_NOT_FULLY_RESOLVED | MISSING_SLUG
ps4-far-cry-primal-special-edition,Far Cry Primal [Special Edition],PAL España,standard,far cry primal,far cry primal,EDITION_VARIANT,DEVELOPER,developer,Ubisoft,,Ubisoft,AMBIGUOUS_NAME,,ADD_MISSING,HIGH,NO,EXACT_PHYSICAL_EDITION | GAME_WORK,2,PRICECHARTING_EXACT_PAL_PAGE | STEAM_STORE,B_EXACT_PHYSICAL | B_OTHER_PLATFORM,https://www.pricecharting.com/game/pal-playstation-4/far-cry-primal-special-edition | https://store.steampowered.com/app/371660,"La ficha enlazada de la edición física PAL atribuye el desarrollo a esta compañía. | La ficha comercial de Steam confirma la desarrolladora de la obra, no necesariamente el port de PS4.",No propagar a ports o compilaciones sin comprobar sus créditos propios.,AMBIGUOUS_NAME | HIGH_OR_BETTER_GROUP_NOT_FULLY_RESOLVED | MISSING_SLUG
ps4-far-cry-primal-special-edition,Far Cry Primal [Special Edition],PAL España,standard,far cry primal,far cry primal,EDITION_VARIANT,PHYSICAL_PUBLISHER_OR_DISTRIBUTOR,publisher,Ubisoft,,Ubisoft,AMBIGUOUS_NAME,,ADD_MISSING,HIGH,NO,EXACT_PHYSICAL_EDITION | PAL_RELEASE,2,PRICECHARTING_EXACT_PAL_PAGE | WIKIPEDIA_PS4_LIST_PAL,B_EXACT_PHYSICAL | B_PAL_RELEASE,https://www.pricecharting.com/game/pal-playstation-4/far-cry-primal-special-edition | https://en.wikipedia.org/wiki/List_of_PlayStation_4_games_(A%E2%80%93L),La ficha exacta de la edición física PAL etiqueta a esta compañía como Publisher; puede representar publicación o distribución física. | La columna PAL de la lista de PS4 atribuye la publicación a esta compañía.,Confirmar si la etiqueta Publisher representa publicación o distribución en la caja PAL.,AMBIGUOUS_NAME | HIGH_OR_BETTER_GROUP_NOT_FULLY_RESOLVED | MISSING_SLUG
ps4-farmer%27s-dynasty,Farmer's Dynasty,PAL España,standard,farmer s dynasty,farmer s dynasty,GAME_OR_UNKNOWN,PHYSICAL_PUBLISHER_OR_DISTRIBUTOR,publisher,Toplitz Productions,toplitz-productions,Toplitz Productions,EXACT_NAME_OR_ALIAS,"Toplitz Productions, Nacon, Bigben Interactive",REPLACE_OR_ADD_REVIEW,HIGH,NO,EXACT_PHYSICAL_EDITION,2,PRICECHARTING_EXACT_PAL_PAGE | REGIONATLAS_LEGACY_PRICECHARTING_CREDIT,B_EXACT_PHYSICAL | B_LEGACY_EXACT_PHYSICAL,https://www.pricecharting.com/game/pal-playstation-4/farmer%27s-dynasty,La ficha exacta de la edición física PAL etiqueta a esta compañía como Publisher; puede representar publicación o distribución física. | El crédito actual procede de la importación histórica de la ficha física enlazada; se contrasta con la consulta en vivo.,Confirmar si la etiqueta Publisher representa publicación o distribución en la caja PAL.,HIGH_OR_BETTER_GROUP_NOT_FULLY_RESOLVED
ps4-farmer%27s-dynasty,Farmer's Dynasty,PAL España,standard,farmer s dynasty,farmer s dynasty,GAME_OR_UNKNOWN,PHYSICAL_PUBLISHER_OR_DISTRIBUTOR,publisher,Nacon,nacon,Nacon,EXACT_NAME_OR_ALIAS,"Toplitz Productions, Nacon, Bigben Interactive",REPLACE_OR_ADD_REVIEW,HIGH,NO,EXACT_PHYSICAL_EDITION,2,PRICECHARTING_EXACT_PAL_PAGE | REGIONATLAS_LEGACY_PRICECHARTING_CREDIT,B_EXACT_PHYSICAL | B_LEGACY_EXACT_PHYSICAL,https://www.pricecharting.com/game/pal-playstation-4/farmer%27s-dynasty,La ficha exacta de la edición física PAL etiqueta a esta compañía como Publisher; puede representar publicación o distribución física. | El crédito actual procede de la importación histórica de la ficha física enlazada; se contrasta con la consulta en vivo.,Confirmar si la etiqueta Publisher representa publicación o distribución en la caja PAL.,HIGH_OR_BETTER_GROUP_NOT_FULLY_RESOLVED
ps4-farmer%27s-dynasty,Farmer's Dynasty,PAL España,standard,farmer s dynasty,farmer s dynasty,GAME_OR_UNKNOWN,PHYSICAL_PUBLISHER_OR_DISTRIBUTOR,publisher,Bigben Interactive,,Bigben Interactive,AMBIGUOUS_NAME,"Toplitz Productions, Nacon, Bigben Interactive",REPLACE_OR_ADD_REVIEW,HIGH,NO,EXACT_PHYSICAL_EDITION,2,PRICECHARTING_EXACT_PAL_PAGE | REGIONATLAS_LEGACY_PRICECHARTING_CREDIT,B_EXACT_PHYSICAL | B_LEGACY_EXACT_PHYSICAL,https://www.pricecharting.com/game/pal-playstation-4/farmer%27s-dynasty,La ficha exacta de la edición física PAL etiqueta a esta compañía como Publisher; puede representar publicación o distribución física. | El crédito actual procede de la importación histórica de la ficha física enlazada; se contrasta con la consulta en vivo.,Confirmar si la etiqueta Publisher representa publicación o distribución en la caja PAL.,AMBIGUOUS_NAME | HIGH_OR_BETTER_GROUP_NOT_FULLY_RESOLVED | MISSING_SLUG
ps4-farpoint,Farpoint,PAL España,standard,farpoint,farpoint,GAME_OR_UNKNOWN,DEVELOPER,developer,SIE San Mateo Studio,,SIE San Mateo Studio,NOT_IN_COMPANY_INDEX,Impulse Gear,REPLACE_OR_ADD_REVIEW,HIGH,NO,MATCHED_PS4_PRODUCT,1,PLAYSTATION_STORE_EXPLICIT_CREDIT,A_OFFICIAL_MATCHED_TITLE_CREDIT,https://store.playstation.com/es-es/product/EP9000-CUSA04508_00-0000000000000000,"Developed by SIE San Mateo Studio and Impulse Gear | developed by Impulse Gear, Inc All trademarks are the property of their respective owners",No propagar a ports o compilaciones sin comprobar sus créditos propios.,HIGH_OR_BETTER_GROUP_NOT_FULLY_RESOLVED | MISSING_SLUG | NOT_IN_COMPANY_INDEX
ps4-farpoint,Farpoint,PAL España,standard,farpoint,farpoint,GAME_OR_UNKNOWN,DEVELOPER,developer,Impulse Gear,impulse-gear,Impulse Gear | Impulse Gear Inc,EXACT_NAME_OR_ALIAS,Impulse Gear,RETAIN,HIGH,NO,EXACT_PHYSICAL_EDITION | MATCHED_PS4_PRODUCT | PS4_RELEASE,3,LAUNCHBOX_GAMES_DB | PLAYSTATION_STORE_EXPLICIT_CREDIT | REGIONATLAS_LEGACY_PRICECHARTING_CREDIT,A_OFFICIAL_MATCHED_TITLE_CREDIT | B_LEGACY_EXACT_PHYSICAL | C_DISCOVERY,https://store.playstation.com/es-es/product/EP9000-CUSA04508_00-0000000000000000 | https://www.pricecharting.com/game/pal-playstation-4/farpoint | https://gamesdb.launchbox-app.com/games/details/193196,"Developed by SIE San Mateo Studio and Impulse Gear | developed by Impulse Gear, Inc All trademarks are the property of their respective owners | El crédito actual procede de la importación histórica de la ficha física enlazada; se contrasta con la consulta en vivo. | LaunchBox registra esta desarrolladora para su ficha de PS4.",No propagar a ports o compilaciones sin comprobar sus créditos propios.,HIGH_OR_BETTER_GROUP_NOT_FULLY_RESOLVED
ps4-fia-european-truck-racing-championship,FIA European Truck Racing Championship,PAL España,standard,fia european truck racing championship,fia european truck racing championship,GAME_OR_UNKNOWN,PHYSICAL_PUBLISHER_OR_DISTRIBUTOR,publisher,BigBen Interactive,,BigBen Interactive | Bigben Interactive,AMBIGUOUS_NAME,BigBen Interactive,REPLACE_OR_ADD_REVIEW,HIGH,NO,EXACT_PHYSICAL_EDITION | PAL_RELEASE,3,PRICECHARTING_EXACT_PAL_PAGE | REGIONATLAS_LEGACY_PRICECHARTING_CREDIT | WIKIPEDIA_PS4_LIST_PAL,B_EXACT_PHYSICAL | B_LEGACY_EXACT_PHYSICAL | B_PAL_RELEASE,https://www.pricecharting.com/game/pal-playstation-4/fia-european-truck-racing-championship | https://en.wikipedia.org/wiki/List_of_PlayStation_4_games_(A%E2%80%93L),La ficha exacta de la edición física PAL etiqueta a esta compañía como Publisher; puede representar publicación o distribución física. | El crédito actual procede de la importación histórica de la ficha física enlazada; se contrasta con la consulta en vivo. | La columna PAL de la lista de PS4 atribuye la publicación a esta compañía.,Confirmar si la etiqueta Publisher representa publicación o distribución en la caja PAL.,AMBIGUOUS_NAME | HIGH_OR_BETTER_GROUP_NOT_FULLY_RESOLVED | MISSING_SLUG
ps4-fimbul,Fimbul,PAL España,standard,fimbul,fimbul,GAME_OR_UNKNOWN,DEVELOPER,developer,Zaxis,zaxis,Zaxis,EXACT_NAME_OR_ALIAS,Zaxis,RETAIN,HIGH,NO,EXACT_PHYSICAL_EDITION | GAME_WORK,3,PRICECHARTING_EXACT_PAL_PAGE | REGIONATLAS_LEGACY_PRICECHARTING_CREDIT | STEAM_STORE,B_EXACT_PHYSICAL | B_LEGACY_EXACT_PHYSICAL | B_OTHER_PLATFORM,https://www.pricecharting.com/game/pal-playstation-4/fimbul | https://store.steampowered.com/app/771690,"La ficha enlazada de la edición física PAL atribuye el desarrollo a esta compañía. | El crédito actual procede de la importación histórica de la ficha física enlazada; se contrasta con la consulta en vivo. | La ficha comercial de Steam confirma la desarrolladora de la obra, no necesariamente el port de PS4.",No propagar a ports o compilaciones sin comprobar sus créditos propios.,HIGH_OR_BETTER_GROUP_NOT_FULLY_RESOLVED
ps4-final-fantasy-i-vi-collection-anniversary-edition,Final Fantasy I-VI Collection: Anniversary Edition,PAL España,standard,final fantasy i vi collection anniversary edition,final fantasy i vi collection,EDITION_VARIANT,PHYSICAL_PUBLISHER_OR_DISTRIBUTOR,publisher,Square Enix,,Square Enix,AMBIGUOUS_NAME,Square Enix,REPLACE_OR_ADD_REVIEW,HIGH,NO,EXACT_PHYSICAL_EDITION,2,PRICECHARTING_EXACT_PAL_PAGE | REGIONATLAS_LEGACY_PRICECHARTING_CREDIT,B_EXACT_PHYSICAL | B_LEGACY_EXACT_PHYSICAL,https://www.pricecharting.com/game/pal-playstation-4/final-fantasy-i-vi-collection-anniversary-edition,La ficha exacta de la edición física PAL etiqueta a esta compañía como Publisher; puede representar publicación o distribución física. | El crédito actual procede de la importación histórica de la ficha física enlazada; se contrasta con la consulta en vivo.,Confirmar si la etiqueta Publisher representa publicación o distribución en la caja PAL.,AMBIGUOUS_NAME | HIGH_OR_BETTER_GROUP_NOT_FULLY_RESOLVED | MISSING_SLUG
ps4-final-fantasy-i-vi-collection-pixel-remaster,Final Fantasy I-VI Collection Pixel Remaster,PAL España,standard,final fantasy i vi collection pixel remaster,final fantasy i vi collection pixel,EDITION_VARIANT,PHYSICAL_PUBLISHER_OR_DISTRIBUTOR,publisher,Square Enix,,Square Enix,AMBIGUOUS_NAME,Square Enix,REPLACE_OR_ADD_REVIEW,HIGH,NO,EXACT_PHYSICAL_EDITION,2,PRICECHARTING_EXACT_PAL_PAGE | REGIONATLAS_LEGACY_PRICECHARTING_CREDIT,B_EXACT_PHYSICAL | B_LEGACY_EXACT_PHYSICAL,https://www.pricecharting.com/game/pal-playstation-4/final-fantasy-i-vi-collection-pixel-remaster,La ficha exacta de la edición física PAL etiqueta a esta compañía como Publisher; puede representar publicación o distribución física. | El crédito actual procede de la importación histórica de la ficha física enlazada; se contrasta con la consulta en vivo.,Confirmar si la etiqueta Publisher representa publicación o distribución en la caja PAL.,AMBIGUOUS_NAME | HIGH_OR_BETTER_GROUP_NOT_FULLY_RESOLVED | MISSING_SLUG
ps4-final-fantasy-type-0-hd,Final Fantasy Type-0 HD,PAL España,standard,final fantasy type 0 hd,final fantasy type 0 hd,GAME_OR_UNKNOWN,DEVELOPER,developer,Square Enix,,Square Enix,AMBIGUOUS_NAME,Square Enix,REPLACE_OR_ADD_REVIEW,HIGH,NO,EXACT_PHYSICAL_EDITION | GAME_WORK | GAME_WORK_OR_PS4_RELEASE | PS4_RELEASE,5,LAUNCHBOX_GAMES_DB | REGIONATLAS_LEGACY_PRICECHARTING_CREDIT | STEAM_STORE | WIKIDATA | WIKIPEDIA_PS4_LIST,B_LEGACY_EXACT_PHYSICAL | B_OTHER_PLATFORM | B_PS4_RELEASE | C_DISCOVERY,https://www.pricecharting.com/game/pal-playstation-4/final-fantasy-type-0-hd | https://en.wikipedia.org/wiki/List_of_PlayStation_4_games_(A%E2%80%93L) | https://store.steampowered.com/app/340170 | https://www.wikidata.org/wiki/Q19831933 | https://gamesdb.launchbox-app.com/games/details/21409,"El crédito actual procede de la importación histórica de la ficha física enlazada; se contrasta con la consulta en vivo. | La lista específica de PS4 atribuye el desarrollo a esta compañía. | La ficha comercial de Steam confirma la desarrolladora de la obra, no necesariamente el port de PS4. | Wikidata registra la compañía como desarrolladora. | LaunchBox registra esta desarrolladora para su ficha de PS4.",No propagar a ports o compilaciones sin comprobar sus créditos propios.,AMBIGUOUS_NAME | HIGH_OR_BETTER_GROUP_NOT_FULLY_RESOLVED | MISSING_SLUG
ps4-final-fantasy-type-0-hd,Final Fantasy Type-0 HD,PAL España,standard,final fantasy type 0 hd,final fantasy type 0 hd,GAME_OR_UNKNOWN,PHYSICAL_PUBLISHER_OR_DISTRIBUTOR,publisher,Square Enix,,Square Enix,AMBIGUOUS_NAME,Square Enix,REPLACE_OR_ADD_REVIEW,HIGH,NO,EXACT_PHYSICAL_EDITION | PAL_RELEASE,3,PRICECHARTING_EXACT_PAL_PAGE | REGIONATLAS_LEGACY_PRICECHARTING_CREDIT | WIKIPEDIA_PS4_LIST_PAL,B_EXACT_PHYSICAL | B_LEGACY_EXACT_PHYSICAL | B_PAL_RELEASE,https://www.pricecharting.com/game/pal-playstation-4/final-fantasy-type-0-hd | https://en.wikipedia.org/wiki/List_of_PlayStation_4_games_(A%E2%80%93L),La ficha exacta de la edición física PAL etiqueta a esta compañía como Publisher; puede representar publicación o distribución física. | El crédito actual procede de la importación histórica de la ficha física enlazada; se contrasta con la consulta en vivo. | La columna PAL de la lista de PS4 atribuye la publicación a esta compañía.,Confirmar si la etiqueta Publisher representa publicación o distribución en la caja PAL.,AMBIGUOUS_NAME | HIGH_OR_BETTER_GROUP_NOT_FULLY_RESOLVED | MISSING_SLUG
ps4-final-fantasy-type-0-hd-collector%27s-edition,Final Fantasy Type-0 HD [Collector's Edition],PAL España,standard,final fantasy type 0 hd,final fantasy type 0 hd,EDITION_VARIANT,DEVELOPER,developer,Square Enix,,Square Enix,AMBIGUOUS_NAME,,ADD_MISSING,HIGH,NO,GAME_WORK | GAME_WORK_OR_PS4_RELEASE | PS4_RELEASE,4,LAUNCHBOX_GAMES_DB | STEAM_STORE | WIKIDATA | WIKIPEDIA_PS4_LIST,B_OTHER_PLATFORM | B_PS4_RELEASE | C_DISCOVERY,https://en.wikipedia.org/wiki/List_of_PlayStation_4_games_(A%E2%80%93L) | https://store.steampowered.com/app/340170 | https://www.wikidata.org/wiki/Q19831933 | https://gamesdb.launchbox-app.com/games/details/21409,"La lista específica de PS4 atribuye el desarrollo a esta compañía. | La ficha comercial de Steam confirma la desarrolladora de la obra, no necesariamente el port de PS4. | Wikidata registra la compañía como desarrolladora. | LaunchBox registra esta desarrolladora para su ficha de PS4.",No propagar a ports o compilaciones sin comprobar sus créditos propios.,AMBIGUOUS_NAME | HIGH_OR_BETTER_GROUP_NOT_FULLY_RESOLVED | MISSING_SLUG
ps4-final-fantasy-type-0-hd-collector%27s-edition,Final Fantasy Type-0 HD [Collector's Edition],PAL España,standard,final fantasy type 0 hd,final fantasy type 0 hd,EDITION_VARIANT,PHYSICAL_PUBLISHER_OR_DISTRIBUTOR,publisher,Square Enix,,Square Enix,AMBIGUOUS_NAME,,ADD_MISSING,HIGH,NO,EXACT_PHYSICAL_EDITION | PAL_RELEASE,2,PRICECHARTING_EXACT_PAL_PAGE | WIKIPEDIA_PS4_LIST_PAL,B_EXACT_PHYSICAL | B_PAL_RELEASE,https://www.pricecharting.com/game/pal-playstation-4/final-fantasy-type-0-hd-collector%27s-edition | https://en.wikipedia.org/wiki/List_of_PlayStation_4_games_(A%E2%80%93L),La ficha exacta de la edición física PAL etiqueta a esta compañía como Publisher; puede representar publicación o distribución física. | La columna PAL de la lista de PS4 atribuye la publicación a esta compañía.,Confirmar si la etiqueta Publisher representa publicación o distribución en la caja PAL.,AMBIGUOUS_NAME | HIGH_OR_BETTER_GROUP_NOT_FULLY_RESOLVED | MISSING_SLUG
ps4-final-fantasy-type-0-hd-limited-edition,Final Fantasy Type-0 HD [Limited Edition],PAL España,standard,final fantasy type 0 hd,final fantasy type 0 hd,EDITION_VARIANT,DEVELOPER,developer,Square Enix,,Square Enix,AMBIGUOUS_NAME,,ADD_MISSING,HIGH,NO,EXACT_PHYSICAL_EDITION | GAME_WORK | GAME_WORK_OR_PS4_RELEASE | PS4_RELEASE,5,LAUNCHBOX_GAMES_DB | PRICECHARTING_EXACT_PAL_PAGE | STEAM_STORE | WIKIDATA | WIKIPEDIA_PS4_LIST,B_EXACT_PHYSICAL | B_OTHER_PLATFORM | B_PS4_RELEASE | C_DISCOVERY,https://www.pricecharting.com/game/pal-playstation-4/final-fantasy-type-0-hd-limited-edition | https://en.wikipedia.org/wiki/List_of_PlayStation_4_games_(A%E2%80%93L) | https://store.steampowered.com/app/340170 | https://www.wikidata.org/wiki/Q19831933 | https://gamesdb.launchbox-app.com/games/details/21409,"La ficha enlazada de la edición física PAL atribuye el desarrollo a esta compañía. | La lista específica de PS4 atribuye el desarrollo a esta compañía. | La ficha comercial de Steam confirma la desarrolladora de la obra, no necesariamente el port de PS4. | Wikidata registra la compañía como desarrolladora. | LaunchBox registra esta desarrolladora para su ficha de PS4.",No propagar a ports o compilaciones sin comprobar sus créditos propios.,AMBIGUOUS_NAME | HIGH_OR_BETTER_GROUP_NOT_FULLY_RESOLVED | MISSING_SLUG
ps4-final-fantasy-type-0-hd-limited-edition,Final Fantasy Type-0 HD [Limited Edition],PAL España,standard,final fantasy type 0 hd,final fantasy type 0 hd,EDITION_VARIANT,PHYSICAL_PUBLISHER_OR_DISTRIBUTOR,publisher,Square Enix,,Square Enix,AMBIGUOUS_NAME,,ADD_MISSING,HIGH,NO,EXACT_PHYSICAL_EDITION | PAL_RELEASE,2,PRICECHARTING_EXACT_PAL_PAGE | WIKIPEDIA_PS4_LIST_PAL,B_EXACT_PHYSICAL | B_PAL_RELEASE,https://www.pricecharting.com/game/pal-playstation-4/final-fantasy-type-0-hd-limited-edition | https://en.wikipedia.org/wiki/List_of_PlayStation_4_games_(A%E2%80%93L),La ficha exacta de la edición física PAL etiqueta a esta compañía como Publisher; puede representar publicación o distribución física. | La columna PAL de la lista de PS4 atribuye la publicación a esta compañía.,Confirmar si la etiqueta Publisher representa publicación o distribución en la caja PAL.,AMBIGUOUS_NAME | HIGH_OR_BETTER_GROUP_NOT_FULLY_RESOLVED | MISSING_SLUG
ps4-final-fantasy-type-0-hd-steelbook-edition,Final Fantasy Type-0 HD [Steelbook Edition],PAL España,standard,final fantasy type 0 hd,final fantasy type 0 hd,EDITION_VARIANT,DEVELOPER,developer,Square Enix,,Square Enix,AMBIGUOUS_NAME,,ADD_MISSING,HIGH,NO,GAME_WORK | GAME_WORK_OR_PS4_RELEASE | PS4_RELEASE,4,LAUNCHBOX_GAMES_DB | STEAM_STORE | WIKIDATA | WIKIPEDIA_PS4_LIST,B_OTHER_PLATFORM | B_PS4_RELEASE | C_DISCOVERY,https://en.wikipedia.org/wiki/List_of_PlayStation_4_games_(A%E2%80%93L) | https://store.steampowered.com/app/340170 | https://www.wikidata.org/wiki/Q19831933 | https://gamesdb.launchbox-app.com/games/details/21409,"La lista específica de PS4 atribuye el desarrollo a esta compañía. | La ficha comercial de Steam confirma la desarrolladora de la obra, no necesariamente el port de PS4. | Wikidata registra la compañía como desarrolladora. | LaunchBox registra esta desarrolladora para su ficha de PS4.",No propagar a ports o compilaciones sin comprobar sus créditos propios.,AMBIGUOUS_NAME | HIGH_OR_BETTER_GROUP_NOT_FULLY_RESOLVED | MISSING_SLUG
ps4-final-fantasy-vii-remake,Final Fantasy VII Remake,PAL España,standard,final fantasy vii remake,final fantasy vii remake,GAME_OR_UNKNOWN,DEVELOPER,developer,Square Enix,,Square Enix,AMBIGUOUS_NAME,Square Enix,REPLACE_OR_ADD_REVIEW,HIGH,NO,EXACT_PHYSICAL_EDITION | GAME_WORK | GAME_WORK_OR_PS4_RELEASE | PS4_RELEASE,4,LAUNCHBOX_GAMES_DB | REGIONATLAS_LEGACY_PRICECHARTING_CREDIT | WIKIDATA | WIKIPEDIA_PS4_LIST,B_LEGACY_EXACT_PHYSICAL | B_PS4_RELEASE | C_DISCOVERY,https://www.pricecharting.com/game/pal-playstation-4/final-fantasy-vii-remake | https://en.wikipedia.org/wiki/List_of_PlayStation_4_games_(A%E2%80%93L) | https://www.wikidata.org/wiki/Q20155152 | https://gamesdb.launchbox-app.com/games/details/29221,El crédito actual procede de la importación histórica de la ficha física enlazada; se contrasta con la consulta en vivo. | La lista específica de PS4 atribuye el desarrollo a esta compañía. | Wikidata registra la compañía como desarrolladora. | LaunchBox registra esta desarrolladora para su ficha de PS4.,No propagar a ports o compilaciones sin comprobar sus créditos propios.,AMBIGUOUS_NAME | HIGH_OR_BETTER_GROUP_NOT_FULLY_RESOLVED | MISSING_SLUG
ps4-final-fantasy-vii-remake,Final Fantasy VII Remake,PAL España,standard,final fantasy vii remake,final fantasy vii remake,GAME_OR_UNKNOWN,PHYSICAL_PUBLISHER_OR_DISTRIBUTOR,publisher,Square Enix,,Square Enix,AMBIGUOUS_NAME,Square Enix,REPLACE_OR_ADD_REVIEW,HIGH,NO,EXACT_PHYSICAL_EDITION | PAL_RELEASE,3,PRICECHARTING_EXACT_PAL_PAGE | REGIONATLAS_LEGACY_PRICECHARTING_CREDIT | WIKIPEDIA_PS4_LIST_PAL,B_EXACT_PHYSICAL | B_LEGACY_EXACT_PHYSICAL | B_PAL_RELEASE,https://www.pricecharting.com/game/pal-playstation-4/final-fantasy-vii-remake | https://en.wikipedia.org/wiki/List_of_PlayStation_4_games_(A%E2%80%93L),La ficha exacta de la edición física PAL etiqueta a esta compañía como Publisher; puede representar publicación o distribución física. | El crédito actual procede de la importación histórica de la ficha física enlazada; se contrasta con la consulta en vivo. | La columna PAL de la lista de PS4 atribuye la publicación a esta compañía.,Confirmar si la etiqueta Publisher representa publicación o distribución en la caja PAL.,AMBIGUOUS_NAME | HIGH_OR_BETTER_GROUP_NOT_FULLY_RESOLVED | MISSING_SLUG
ps4-final-fantasy-vii-remake-1st-class-edition,Final Fantasy VII Remake [1st Class Edition],PAL España,standard,final fantasy vii remake,final fantasy vii remake,GAME_OR_UNKNOWN,DEVELOPER,developer,Square Enix,,SQUARE ENIX | Square Enix,AMBIGUOUS_NAME,,ADD_MISSING,HIGH,NO,EXACT_PHYSICAL_EDITION | GAME_WORK | GAME_WORK_OR_PS4_RELEASE | PS4_RELEASE,4,LAUNCHBOX_GAMES_DB | PRICECHARTING_EXACT_PAL_PAGE | WIKIDATA | WIKIPEDIA_PS4_LIST,B_EXACT_PHYSICAL | B_PS4_RELEASE | C_DISCOVERY,https://www.pricecharting.com/game/pal-playstation-4/final-fantasy-vii-remake-1st-class-edition | https://en.wikipedia.org/wiki/List_of_PlayStation_4_games_(A%E2%80%93L) | https://www.wikidata.org/wiki/Q20155152 | https://gamesdb.launchbox-app.com/games/details/29221,La ficha enlazada de la edición física PAL atribuye el desarrollo a esta compañía. | La lista específica de PS4 atribuye el desarrollo a esta compañía. | Wikidata registra la compañía como desarrolladora. | LaunchBox registra esta desarrolladora para su ficha de PS4.,No propagar a ports o compilaciones sin comprobar sus créditos propios.,AMBIGUOUS_NAME | HIGH_OR_BETTER_GROUP_NOT_FULLY_RESOLVED | MISSING_SLUG
ps4-final-fantasy-vii-remake-1st-class-edition,Final Fantasy VII Remake [1st Class Edition],PAL España,standard,final fantasy vii remake,final fantasy vii remake,GAME_OR_UNKNOWN,PHYSICAL_PUBLISHER_OR_DISTRIBUTOR,publisher,SQUARE ENIX,,SQUARE ENIX | Square Enix,AMBIGUOUS_NAME,,ADD_MISSING,HIGH,NO,EXACT_PHYSICAL_EDITION | PAL_RELEASE,2,PRICECHARTING_EXACT_PAL_PAGE | WIKIPEDIA_PS4_LIST_PAL,B_EXACT_PHYSICAL | B_PAL_RELEASE,https://www.pricecharting.com/game/pal-playstation-4/final-fantasy-vii-remake-1st-class-edition | https://en.wikipedia.org/wiki/List_of_PlayStation_4_games_(A%E2%80%93L),La ficha exacta de la edición física PAL etiqueta a esta compañía como Publisher; puede representar publicación o distribución física. | La columna PAL de la lista de PS4 atribuye la publicación a esta compañía.,Confirmar si la etiqueta Publisher representa publicación o distribución en la caja PAL.,AMBIGUOUS_NAME | HIGH_OR_BETTER_GROUP_NOT_FULLY_RESOLVED | MISSING_SLUG
ps4-final-fantasy-vii-remake-deluxe-edition,Final Fantasy VII Remake [Deluxe Edition],PAL España,standard,final fantasy vii remake,final fantasy vii remake,EDITION_VARIANT,DEVELOPER,developer,Square Enix,,Square Enix,AMBIGUOUS_NAME,,ADD_MISSING,HIGH,NO,EXACT_PHYSICAL_EDITION | GAME_WORK | GAME_WORK_OR_PS4_RELEASE | PS4_RELEASE,4,LAUNCHBOX_GAMES_DB | PRICECHARTING_EXACT_PAL_PAGE | WIKIDATA | WIKIPEDIA_PS4_LIST,B_EXACT_PHYSICAL | B_PS4_RELEASE | C_DISCOVERY,https://www.pricecharting.com/game/pal-playstation-4/final-fantasy-vii-remake-deluxe-edition | https://en.wikipedia.org/wiki/List_of_PlayStation_4_games_(A%E2%80%93L) | https://www.wikidata.org/wiki/Q20155152 | https://gamesdb.launchbox-app.com/games/details/29221,La ficha enlazada de la edición física PAL atribuye el desarrollo a esta compañía. | La lista específica de PS4 atribuye el desarrollo a esta compañía. | Wikidata registra la compañía como desarrolladora. | LaunchBox registra esta desarrolladora para su ficha de PS4.,No propagar a ports o compilaciones sin comprobar sus créditos propios.,AMBIGUOUS_NAME | HIGH_OR_BETTER_GROUP_NOT_FULLY_RESOLVED | MISSING_SLUG
ps4-final-fantasy-vii-remake-deluxe-edition,Final Fantasy VII Remake [Deluxe Edition],PAL España,standard,final fantasy vii remake,final fantasy vii remake,EDITION_VARIANT,PHYSICAL_PUBLISHER_OR_DISTRIBUTOR,publisher,Square Enix,,Square Enix,AMBIGUOUS_NAME,,ADD_MISSING,HIGH,NO,EXACT_PHYSICAL_EDITION | PAL_RELEASE,2,PRICECHARTING_EXACT_PAL_PAGE | WIKIPEDIA_PS4_LIST_PAL,B_EXACT_PHYSICAL | B_PAL_RELEASE,https://www.pricecharting.com/game/pal-playstation-4/final-fantasy-vii-remake-deluxe-edition | https://en.wikipedia.org/wiki/List_of_PlayStation_4_games_(A%E2%80%93L),La ficha exacta de la edición física PAL etiqueta a esta compañía como Publisher; puede representar publicación o distribución física. | La columna PAL de la lista de PS4 atribuye la publicación a esta compañía.,Confirmar si la etiqueta Publisher representa publicación o distribución en la caja PAL.,AMBIGUOUS_NAME | HIGH_OR_BETTER_GROUP_NOT_FULLY_RESOLVED | MISSING_SLUG
ps4-final-fantasy-viii-remastered,Final Fantasy VIII Remastered,PAL España,standard,final fantasy viii remastered,final fantasy viii,EDITION_VARIANT,DEVELOPER,developer,Square Enix,,Square Enix,AMBIGUOUS_NAME,Square Enix,REPLACE_OR_ADD_REVIEW,HIGH,NO,GAME_WORK | GAME_WORK_OR_PS4_RELEASE | PS4_RELEASE,4,LAUNCHBOX_GAMES_DB | STEAM_STORE | WIKIDATA | WIKIPEDIA_PS4_LIST,B_OTHER_PLATFORM | B_PS4_RELEASE | C_DISCOVERY,https://en.wikipedia.org/wiki/List_of_PlayStation_4_games_(A%E2%80%93L) | https://store.steampowered.com/app/1026680 | https://www.wikidata.org/wiki/Q76874839 | https://gamesdb.launchbox-app.com/games/details/195815,"La lista específica de PS4 atribuye el desarrollo a esta compañía. | La ficha comercial de Steam confirma la desarrolladora de la obra, no necesariamente el port de PS4. | Wikidata registra la compañía como desarrolladora. | LaunchBox registra esta desarrolladora para su ficha de PS4.",No propagar a ports o compilaciones sin comprobar sus créditos propios.,AMBIGUOUS_NAME | HIGH_OR_BETTER_GROUP_NOT_FULLY_RESOLVED | MISSING_SLUG
ps4-final-fantasy-x-x-2-hd-remaster-limited-edition,Final Fantasy X X-2 HD Remaster [Limited Edition],PAL España,standard,final fantasy x x 2 hd remaster,final fantasy x x 2 hd,EDITION_VARIANT,DEVELOPER,developer,Square Enix,,Square Enix Co Ltd | Square Enix,AMBIGUOUS_NAME,,ADD_MISSING,HIGH,NO,GAME_WORK | GAME_WORK_OR_PS4_RELEASE | MATCHED_PS4_PRODUCT | PS4_RELEASE,5,LAUNCHBOX_GAMES_DB | PLAYSTATION_STORE_EXPLICIT_CREDIT | STEAM_STORE | WIKIDATA | WIKIPEDIA_PS4_LIST,A_OFFICIAL_MATCHED_TITLE_CREDIT | B_OTHER_PLATFORM | B_PS4_RELEASE | C_DISCOVERY,https://store.playstation.com/es-es/product/EP0082-CUSA01244_00-FFX0FFX200EU0PS4 | https://en.wikipedia.org/wiki/List_of_PlayStation_4_games_(A%E2%80%93L) | https://store.steampowered.com/app/359870 | https://www.wikidata.org/wiki/Q17013575 | https://gamesdb.launchbox-app.com/games/details/24451,"Developed by Square Enix Co Ltd | La lista específica de PS4 atribuye el desarrollo a esta compañía. | La ficha comercial de Steam confirma la desarrolladora de la obra, no necesariamente el port de PS4. | Wikidata registra la compañía como desarrolladora. | LaunchBox registra esta desarrolladora para su ficha de PS4.",No propagar a ports o compilaciones sin comprobar sus créditos propios.,AMBIGUOUS_NAME | HIGH_OR_BETTER_GROUP_NOT_FULLY_RESOLVED | MISSING_SLUG
ps4-final-fantasy-xii-the-zodiac-age,Final Fantasy XII The Zodiac Age,PAL España,standard,final fantasy xii the zodiac age,final fantasy xii the zodiac age,GAME_OR_UNKNOWN,DEVELOPER,developer,Square Enix,,Square Enix Co Ltd. | Square Enix,AMBIGUOUS_NAME,"Square Enix Co., Ltd.",REPLACE_OR_ADD_REVIEW,HIGH,NO,EXACT_PHYSICAL_EDITION | GAME_WORK | GAME_WORK_OR_PS4_RELEASE | PS4_RELEASE,6,LAUNCHBOX_GAMES_DB | PRICECHARTING_EXACT_PAL_PAGE | REGIONATLAS_LEGACY_PRICECHARTING_CREDIT | STEAM_STORE | WIKIDATA | WIKIPEDIA_PS4_LIST,B_EXACT_PHYSICAL | B_LEGACY_EXACT_PHYSICAL | B_OTHER_PLATFORM | B_PS4_RELEASE | C_DISCOVERY,https://www.pricecharting.com/game/pal-playstation-4/final-fantasy-xii-the-zodiac-age | https://en.wikipedia.org/wiki/List_of_PlayStation_4_games_(A%E2%80%93L) | https://store.steampowered.com/app/595520 | https://www.wikidata.org/wiki/Q104818590 | https://gamesdb.launchbox-app.com/games/details/152675,"La ficha enlazada de la edición física PAL atribuye el desarrollo a esta compañía. | El crédito actual procede de la importación histórica de la ficha física enlazada; se contrasta con la consulta en vivo. | La lista específica de PS4 atribuye el desarrollo a esta compañía. | La ficha comercial de Steam confirma la desarrolladora de la obra, no necesariamente el port de PS4. | Wikidata registra la compañía como desarrolladora. | LaunchBox registra esta desarrolladora para su ficha de PS4.",No propagar a ports o compilaciones sin comprobar sus créditos propios.,AMBIGUOUS_NAME | HIGH_OR_BETTER_GROUP_NOT_FULLY_RESOLVED | MISSING_SLUG
ps4-final-fantasy-xii-the-zodiac-age,Final Fantasy XII The Zodiac Age,PAL España,standard,final fantasy xii the zodiac age,final fantasy xii the zodiac age,GAME_OR_UNKNOWN,PHYSICAL_PUBLISHER_OR_DISTRIBUTOR,publisher,Square Enix Ltd.,,Square Enix Ltd. | Square Enix,AMBIGUOUS_NAME,Square Enix Ltd.,REPLACE_OR_ADD_REVIEW,HIGH,NO,EXACT_PHYSICAL_EDITION | PAL_RELEASE,3,PRICECHARTING_EXACT_PAL_PAGE | REGIONATLAS_LEGACY_PRICECHARTING_CREDIT | WIKIPEDIA_PS4_LIST_PAL,B_EXACT_PHYSICAL | B_LEGACY_EXACT_PHYSICAL | B_PAL_RELEASE,https://www.pricecharting.com/game/pal-playstation-4/final-fantasy-xii-the-zodiac-age | https://en.wikipedia.org/wiki/List_of_PlayStation_4_games_(A%E2%80%93L),La ficha exacta de la edición física PAL etiqueta a esta compañía como Publisher; puede representar publicación o distribución física. | El crédito actual procede de la importación histórica de la ficha física enlazada; se contrasta con la consulta en vivo. | La columna PAL de la lista de PS4 atribuye la publicación a esta compañía.,Confirmar si la etiqueta Publisher representa publicación o distribución en la caja PAL.,AMBIGUOUS_NAME | HIGH_OR_BETTER_GROUP_NOT_FULLY_RESOLVED | MISSING_SLUG
ps4-final-fantasy-xii-the-zodiac-age-collector%27s-edition,Final Fantasy XII: The Zodiac Age [Collector's Edition],PAL España,standard,final fantasy xii the zodiac age,final fantasy xii the zodiac age,EDITION_VARIANT,DEVELOPER,developer,Square Enix,,Square Enix,AMBIGUOUS_NAME,Square Enix,REPLACE_OR_ADD_REVIEW,HIGH,NO,EXACT_PHYSICAL_EDITION | GAME_WORK | GAME_WORK_OR_PS4_RELEASE | PS4_RELEASE,5,LAUNCHBOX_GAMES_DB | REGIONATLAS_LEGACY_PRICECHARTING_CREDIT | STEAM_STORE | WIKIDATA | WIKIPEDIA_PS4_LIST,B_LEGACY_EXACT_PHYSICAL | B_OTHER_PLATFORM | B_PS4_RELEASE | C_DISCOVERY,https://www.pricecharting.com/game/pal-playstation-4/final-fantasy-xii-the-zodiac-age-collector%27s-edition | https://en.wikipedia.org/wiki/List_of_PlayStation_4_games_(A%E2%80%93L) | https://store.steampowered.com/app/595520 | https://www.wikidata.org/wiki/Q104818590 | https://gamesdb.launchbox-app.com/games/details/152675,"El crédito actual procede de la importación histórica de la ficha física enlazada; se contrasta con la consulta en vivo. | La lista específica de PS4 atribuye el desarrollo a esta compañía. | La ficha comercial de Steam confirma la desarrolladora de la obra, no necesariamente el port de PS4. | Wikidata registra la compañía como desarrolladora. | LaunchBox registra esta desarrolladora para su ficha de PS4.",No propagar a ports o compilaciones sin comprobar sus créditos propios.,AMBIGUOUS_NAME | HIGH_OR_BETTER_GROUP_NOT_FULLY_RESOLVED | MISSING_SLUG
ps4-final-fantasy-xii-the-zodiac-age-limited-steelbook-edition,Final Fantasy XII: The Zodiac Age [Limited Steelbook Edition],PAL España,standard,final fantasy xii the zodiac age,final fantasy xii the zodiac age,EDITION_VARIANT,DEVELOPER,developer,Square Enix,,Square Enix,AMBIGUOUS_NAME,,ADD_MISSING,HIGH,NO,EXACT_PHYSICAL_EDITION | GAME_WORK | GAME_WORK_OR_PS4_RELEASE | PS4_RELEASE,5,LAUNCHBOX_GAMES_DB | PRICECHARTING_EXACT_PAL_PAGE | STEAM_STORE | WIKIDATA | WIKIPEDIA_PS4_LIST,B_EXACT_PHYSICAL | B_OTHER_PLATFORM | B_PS4_RELEASE | C_DISCOVERY,https://www.pricecharting.com/game/pal-playstation-4/final-fantasy-xii-the-zodiac-age-limited-steelbook-edition | https://en.wikipedia.org/wiki/List_of_PlayStation_4_games_(A%E2%80%93L) | https://store.steampowered.com/app/595520 | https://www.wikidata.org/wiki/Q104818590 | https://gamesdb.launchbox-app.com/games/details/152675,"La ficha enlazada de la edición física PAL atribuye el desarrollo a esta compañía. | La lista específica de PS4 atribuye el desarrollo a esta compañía. | La ficha comercial de Steam confirma la desarrolladora de la obra, no necesariamente el port de PS4. | Wikidata registra la compañía como desarrolladora. | LaunchBox registra esta desarrolladora para su ficha de PS4.",No propagar a ports o compilaciones sin comprobar sus créditos propios.,AMBIGUOUS_NAME | HIGH_OR_BETTER_GROUP_NOT_FULLY_RESOLVED | MISSING_SLUG
ps4-final-fantasy-xii-the-zodiac-age-limited-steelbook-edition,Final Fantasy XII: The Zodiac Age [Limited Steelbook Edition],PAL España,standard,final fantasy xii the zodiac age,final fantasy xii the zodiac age,EDITION_VARIANT,PHYSICAL_PUBLISHER_OR_DISTRIBUTOR,publisher,Square Enix,,Square Enix,AMBIGUOUS_NAME,,ADD_MISSING,HIGH,NO,EXACT_PHYSICAL_EDITION | PAL_RELEASE,2,PRICECHARTING_EXACT_PAL_PAGE | WIKIPEDIA_PS4_LIST_PAL,B_EXACT_PHYSICAL | B_PAL_RELEASE,https://www.pricecharting.com/game/pal-playstation-4/final-fantasy-xii-the-zodiac-age-limited-steelbook-edition | https://en.wikipedia.org/wiki/List_of_PlayStation_4_games_(A%E2%80%93L),La ficha exacta de la edición física PAL etiqueta a esta compañía como Publisher; puede representar publicación o distribución física. | La columna PAL de la lista de PS4 atribuye la publicación a esta compañía.,Confirmar si la etiqueta Publisher representa publicación o distribución en la caja PAL.,AMBIGUOUS_NAME | HIGH_OR_BETTER_GROUP_NOT_FULLY_RESOLVED | MISSING_SLUG
ps4-final-fantasy-xiv-online-starter-edition,Final Fantasy XIV Online: Starter Edition,PAL España,standard,final fantasy xiv online starter edition,final fantasy xiv online starter edition,GAME_OR_UNKNOWN,PHYSICAL_PUBLISHER_OR_DISTRIBUTOR,publisher,Square Enix,,Square Enix,AMBIGUOUS_NAME,Square Enix,REPLACE_OR_ADD_REVIEW,HIGH,NO,EXACT_PHYSICAL_EDITION,2,PRICECHARTING_EXACT_PAL_PAGE | REGIONATLAS_LEGACY_PRICECHARTING_CREDIT,B_EXACT_PHYSICAL | B_LEGACY_EXACT_PHYSICAL,https://www.pricecharting.com/game/pal-playstation-4/final-fantasy-xiv-online-starter-edition,La ficha exacta de la edición física PAL etiqueta a esta compañía como Publisher; puede representar publicación o distribución física. | El crédito actual procede de la importación histórica de la ficha física enlazada; se contrasta con la consulta en vivo.,Confirmar si la etiqueta Publisher representa publicación o distribución en la caja PAL.,AMBIGUOUS_NAME | HIGH_OR_BETTER_GROUP_NOT_FULLY_RESOLVED | MISSING_SLUG
ps4-final-fantasy-xiv-shadowbringers,Final Fantasy XIV: Shadowbringers,PAL España,standard,final fantasy xiv shadowbringers,final fantasy xiv shadowbringers,GAME_OR_UNKNOWN,DEVELOPER,developer,Square Enix,,Square Enix,AMBIGUOUS_NAME,Square Enix,REPLACE_OR_ADD_REVIEW,HIGH,NO,EXACT_PHYSICAL_EDITION | GAME_WORK_OR_PS4_RELEASE,2,REGIONATLAS_LEGACY_PRICECHARTING_CREDIT | WIKIPEDIA_PS4_LIST,B_LEGACY_EXACT_PHYSICAL | B_PS4_RELEASE,https://www.pricecharting.com/game/pal-playstation-4/final-fantasy-xiv-shadowbringers | https://en.wikipedia.org/wiki/List_of_PlayStation_4_games_(A%E2%80%93L),El crédito actual procede de la importación histórica de la ficha física enlazada; se contrasta con la consulta en vivo. | La lista específica de PS4 atribuye el desarrollo a esta compañía.,No propagar a ports o compilaciones sin comprobar sus créditos propios.,AMBIGUOUS_NAME | HIGH_OR_BETTER_GROUP_NOT_FULLY_RESOLVED | MISSING_SLUG
ps4-final-fantasy-xiv-shadowbringers,Final Fantasy XIV: Shadowbringers,PAL España,standard,final fantasy xiv shadowbringers,final fantasy xiv shadowbringers,GAME_OR_UNKNOWN,PHYSICAL_PUBLISHER_OR_DISTRIBUTOR,publisher,Square Enix,,Square Enix,AMBIGUOUS_NAME,Square Enix,REPLACE_OR_ADD_REVIEW,HIGH,NO,EXACT_PHYSICAL_EDITION | PAL_RELEASE,3,PRICECHARTING_EXACT_PAL_PAGE | REGIONATLAS_LEGACY_PRICECHARTING_CREDIT | WIKIPEDIA_PS4_LIST_PAL,B_EXACT_PHYSICAL | B_LEGACY_EXACT_PHYSICAL | B_PAL_RELEASE,https://www.pricecharting.com/game/pal-playstation-4/final-fantasy-xiv-shadowbringers | https://en.wikipedia.org/wiki/List_of_PlayStation_4_games_(A%E2%80%93L),La ficha exacta de la edición física PAL etiqueta a esta compañía como Publisher; puede representar publicación o distribución física. | El crédito actual procede de la importación histórica de la ficha física enlazada; se contrasta con la consulta en vivo. | La columna PAL de la lista de PS4 atribuye la publicación a esta compañía.,Confirmar si la etiqueta Publisher representa publicación o distribución en la caja PAL.,AMBIGUOUS_NAME | HIGH_OR_BETTER_GROUP_NOT_FULLY_RESOLVED | MISSING_SLUG
ps4-final-fantasy-xv,Final Fantasy XV,PAL España,standard,final fantasy xv,final fantasy xv,GAME_OR_UNKNOWN,DEVELOPER,developer,Square Enix,,Square Enix,AMBIGUOUS_NAME,Square Enix,REPLACE_OR_ADD_REVIEW,HIGH,NO,EXACT_PHYSICAL_EDITION | GAME_WORK | GAME_WORK_OR_PS4_RELEASE | PS4_RELEASE,4,LAUNCHBOX_GAMES_DB | REGIONATLAS_LEGACY_PRICECHARTING_CREDIT | WIKIDATA | WIKIPEDIA_PS4_LIST,B_LEGACY_EXACT_PHYSICAL | B_PS4_RELEASE | C_DISCOVERY,https://www.pricecharting.com/game/pal-playstation-4/final-fantasy-xv | https://en.wikipedia.org/wiki/List_of_PlayStation_4_games_(A%E2%80%93L) | https://www.wikidata.org/wiki/Q1779100 | https://gamesdb.launchbox-app.com/games/details/21414,El crédito actual procede de la importación histórica de la ficha física enlazada; se contrasta con la consulta en vivo. | La lista específica de PS4 atribuye el desarrollo a esta compañía. | Wikidata registra la compañía como desarrolladora. | LaunchBox registra esta desarrolladora para su ficha de PS4.,No propagar a ports o compilaciones sin comprobar sus créditos propios.,AMBIGUOUS_NAME | HIGH_OR_BETTER_GROUP_NOT_FULLY_RESOLVED | MISSING_SLUG
ps4-final-fantasy-xv-day-one-edition,Final Fantasy XV [Day One Edition],PAL España,standard,final fantasy xv,final fantasy xv,EDITION_VARIANT,PHYSICAL_PUBLISHER_OR_DISTRIBUTOR,publisher,Square Enix,,Square Enix,AMBIGUOUS_NAME,,ADD_MISSING,HIGH,NO,EXACT_PHYSICAL_EDITION | PAL_RELEASE,2,PRICECHARTING_EXACT_PAL_PAGE | WIKIPEDIA_PS4_LIST_PAL,B_EXACT_PHYSICAL | B_PAL_RELEASE,https://www.pricecharting.com/game/pal-playstation-4/final-fantasy-xv-day-one-edition | https://en.wikipedia.org/wiki/List_of_PlayStation_4_games_(A%E2%80%93L),La ficha exacta de la edición física PAL etiqueta a esta compañía como Publisher; puede representar publicación o distribución física. | La columna PAL de la lista de PS4 atribuye la publicación a esta compañía.,Confirmar si la etiqueta Publisher representa publicación o distribución en la caja PAL.,AMBIGUOUS_NAME | HIGH_OR_BETTER_GROUP_NOT_FULLY_RESOLVED | MISSING_SLUG
ps4-final-fantasy-xv-royal-edition,Final Fantasy XV Royal Edition,PAL España,standard,final fantasy xv royal edition,final fantasy xv,GAME_OR_UNKNOWN,PHYSICAL_PUBLISHER_OR_DISTRIBUTOR,publisher,Square Enix,,Square Enix,AMBIGUOUS_NAME,Square Enix,REPLACE_OR_ADD_REVIEW,HIGH,NO,EXACT_PHYSICAL_EDITION,2,PRICECHARTING_EXACT_PAL_PAGE | REGIONATLAS_LEGACY_PRICECHARTING_CREDIT,B_EXACT_PHYSICAL | B_LEGACY_EXACT_PHYSICAL,https://www.pricecharting.com/game/pal-playstation-4/final-fantasy-xv-royal-edition,La ficha exacta de la edición física PAL etiqueta a esta compañía como Publisher; puede representar publicación o distribución física. | El crédito actual procede de la importación histórica de la ficha física enlazada; se contrasta con la consulta en vivo.,Confirmar si la etiqueta Publisher representa publicación o distribución en la caja PAL.,AMBIGUOUS_NAME | HIGH_OR_BETTER_GROUP_NOT_FULLY_RESOLVED | MISSING_SLUG
ps4-fire-pro-wrestling-world,Fire Pro Wrestling World,PAL España,standard,fire pro wrestling world,fire pro wrestling world,GAME_OR_UNKNOWN,DEVELOPER,developer,Spike Chunsoft,,Spike Chunsoft Inc | Spike Chunsoft | Spike Chunsoft Co Ltd.,AMBIGUOUS_NAME,Spike Chunsoft,REPLACE_OR_ADD_REVIEW,HIGH,NO,EXACT_PHYSICAL_EDITION | GAME_WORK | GAME_WORK_OR_PS4_RELEASE | MATCHED_PS4_PRODUCT,5,PLAYSTATION_STORE_EXPLICIT_CREDIT | REGIONATLAS_LEGACY_PRICECHARTING_CREDIT | STEAM_STORE | WIKIDATA | WIKIPEDIA_PS4_LIST,A_OFFICIAL_MATCHED_TITLE_CREDIT | B_LEGACY_EXACT_PHYSICAL | B_OTHER_PLATFORM | B_PS4_RELEASE | C_DISCOVERY,https://store.playstation.com/es-es/product/EP3617-CUSA07804_00-FIREPROWRESTLING | https://www.pricecharting.com/game/pal-playstation-4/fire-pro-wrestling-world | https://en.wikipedia.org/wiki/List_of_PlayStation_4_games_(A%E2%80%93L) | https://store.steampowered.com/app/564230 | https://www.wikidata.org/wiki/Q29344625,"Developed by Spike Chunsoft, Inc Licensed to and Published by Koch | El crédito actual procede de la importación histórica de la ficha física enlazada; se contrasta con la consulta en vivo. | La lista específica de PS4 atribuye el desarrollo a esta compañía. | La ficha comercial de Steam confirma la desarrolladora de la obra, no necesariamente el port de PS4. | Wikidata registra la compañía como desarrolladora.",No propagar a ports o compilaciones sin comprobar sus créditos propios.,AMBIGUOUS_NAME | HIGH_OR_BETTER_GROUP_NOT_FULLY_RESOLVED | MISSING_SLUG
ps4-for-honor-gold-edition,For Honor [Gold Edition],PAL España,standard,for honor,for honor,GAME_OR_UNKNOWN,PHYSICAL_PUBLISHER_OR_DISTRIBUTOR,publisher,Ubisoft,,Ubisoft,AMBIGUOUS_NAME,,ADD_MISSING,HIGH,NO,EXACT_PHYSICAL_EDITION | PAL_RELEASE,2,PRICECHARTING_EXACT_PAL_PAGE | WIKIPEDIA_PS4_LIST_PAL,B_EXACT_PHYSICAL | B_PAL_RELEASE,https://www.pricecharting.com/game/pal-playstation-4/for-honor-gold-edition | https://en.wikipedia.org/wiki/List_of_PlayStation_4_games_(A%E2%80%93L),La ficha exacta de la edición física PAL etiqueta a esta compañía como Publisher; puede representar publicación o distribución física. | La columna PAL de la lista de PS4 atribuye la publicación a esta compañía.,Confirmar si la etiqueta Publisher representa publicación o distribución en la caja PAL.,AMBIGUOUS_NAME | HIGH_OR_BETTER_GROUP_NOT_FULLY_RESOLVED | MISSING_SLUG
ps4-forgive-me-father,Forgive Me Father,PAL España,standard,forgive me father,forgive me father,GAME_OR_UNKNOWN,DEVELOPER,developer,BYTE BARREL SP,,BYTE BARREL SP,NOT_IN_COMPANY_INDEX,Byte Barrel,REPLACE_OR_ADD_REVIEW,HIGH,NO,MATCHED_PS4_PRODUCT,1,PLAYSTATION_STORE_EXPLICIT_CREDIT,A_OFFICIAL_MATCHED_TITLE_CREDIT,https://store.playstation.com/es-es/product/EP2552-CUSA40247_00-FMF00000000000EU,Developed by BYTE BARREL SP,No propagar a ports o compilaciones sin comprobar sus créditos propios.,HIGH_OR_BETTER_GROUP_NOT_FULLY_RESOLVED | MISSING_SLUG | NOT_IN_COMPANY_INDEX
ps4-forgive-me-father,Forgive Me Father,PAL España,standard,forgive me father,forgive me father,GAME_OR_UNKNOWN,DEVELOPER,developer,Byte Barrel,byte-barrel,Byte Barrel,EXACT_NAME_OR_ALIAS,Byte Barrel,RETAIN,HIGH,NO,EXACT_PHYSICAL_EDITION | GAME_WORK | PS4_RELEASE,4,LAUNCHBOX_GAMES_DB | PRICECHARTING_EXACT_PAL_PAGE | REGIONATLAS_LEGACY_PRICECHARTING_CREDIT | STEAM_STORE,B_EXACT_PHYSICAL | B_LEGACY_EXACT_PHYSICAL | B_OTHER_PLATFORM | C_DISCOVERY,https://www.pricecharting.com/game/pal-playstation-4/forgive-me-father | https://store.steampowered.com/app/1590910 | https://gamesdb.launchbox-app.com/games/details/475750,"La ficha enlazada de la edición física PAL atribuye el desarrollo a esta compañía. | El crédito actual procede de la importación histórica de la ficha física enlazada; se contrasta con la consulta en vivo. | La ficha comercial de Steam confirma la desarrolladora de la obra, no necesariamente el port de PS4. | LaunchBox registra esta desarrolladora para su ficha de PS4.",No propagar a ports o compilaciones sin comprobar sus créditos propios.,HIGH_OR_BETTER_GROUP_NOT_FULLY_RESOLVED
ps4-galaxy-of-pen-and-paper-&#43;1-edition,Galaxy of Pen and Paper +1 Edition,PAL España,standard,galaxy of pen and paper 1 edition,galaxy of pen and paper 1 edition,GAME_OR_UNKNOWN,DEVELOPER,developer,Behold Studios,,Behold Studios,NOT_IN_COMPANY_INDEX,,ADD_MISSING,HIGH,NO,EXACT_PHYSICAL_EDITION | GAME_WORK_OR_PS4_RELEASE,2,PRICECHARTING_EXACT_PAL_PAGE | WIKIPEDIA_PS4_LIST,B_EXACT_PHYSICAL | B_PS4_RELEASE,https://www.pricecharting.com/game/pal-playstation-4/galaxy-of-pen-and-paper-+1-edition | https://en.wikipedia.org/wiki/List_of_PlayStation_4_games_(A%E2%80%93L),La ficha enlazada de la edición física PAL atribuye el desarrollo a esta compañía. | La lista específica de PS4 atribuye el desarrollo a esta compañía.,No propagar a ports o compilaciones sin comprobar sus créditos propios.,HIGH_OR_BETTER_GROUP_NOT_FULLY_RESOLVED | MISSING_SLUG | NOT_IN_COMPANY_INDEX
ps4-garou-mark-of-the-wolves-ultimate-grant-edition,Garou Mark of the Wolves [Ultimate Grant Edition],PAL España,standard,garou mark of the wolves,garou mark of the wolves,EDITION_VARIANT,PHYSICAL_PUBLISHER_OR_DISTRIBUTOR,publisher,Pix ‘N Love,,Pix ‘N Love,AMBIGUOUS_NAME,Pix ‘N Love,REPLACE_OR_ADD_REVIEW,HIGH,NO,EXACT_PHYSICAL_EDITION,2,PRICECHARTING_EXACT_PAL_PAGE | REGIONATLAS_LEGACY_PRICECHARTING_CREDIT,B_EXACT_PHYSICAL | B_LEGACY_EXACT_PHYSICAL,https://www.pricecharting.com/game/pal-playstation-4/garou-mark-of-the-wolves-ultimate-grant-edition,La ficha exacta de la edición física PAL etiqueta a esta compañía como Publisher; puede representar publicación o distribución física. | El crédito actual procede de la importación histórica de la ficha física enlazada; se contrasta con la consulta en vivo.,Confirmar si la etiqueta Publisher representa publicación o distribución en la caja PAL.,AMBIGUOUS_NAME | HIGH_OR_BETTER_GROUP_NOT_FULLY_RESOLVED | MISSING_SLUG
ps4-generation-zero,Generation Zero,PAL España,standard,generation zero,generation zero,GAME_OR_UNKNOWN,DEVELOPER,developer,Avalanche Studios,avalanche-studios,Avalanche Studios,EXACT_NAME_OR_ALIAS,Avalanche Studios,RETAIN,HIGH,NO,EXACT_PHYSICAL_EDITION | GAME_WORK_OR_PS4_RELEASE,3,PRICECHARTING_EXACT_PAL_PAGE | REGIONATLAS_LEGACY_PRICECHARTING_CREDIT | WIKIPEDIA_PS4_LIST,B_EXACT_PHYSICAL | B_LEGACY_EXACT_PHYSICAL | B_PS4_RELEASE,https://www.pricecharting.com/game/pal-playstation-4/generation-zero | https://en.wikipedia.org/wiki/List_of_PlayStation_4_games_(A%E2%80%93L),La ficha enlazada de la edición física PAL atribuye el desarrollo a esta compañía. | El crédito actual procede de la importación histórica de la ficha física enlazada; se contrasta con la consulta en vivo. | La lista específica de PS4 atribuye el desarrollo a esta compañía.,No propagar a ports o compilaciones sin comprobar sus créditos propios.,HIGH_OR_BETTER_GROUP_NOT_FULLY_RESOLVED
ps4-generation-zero,Generation Zero,PAL España,standard,generation zero,generation zero,GAME_OR_UNKNOWN,PHYSICAL_PUBLISHER_OR_DISTRIBUTOR,publisher,THQ Nordic GmbH,,THQ Nordic GmbH,AMBIGUOUS_NAME,THQ Nordic GmbH,REPLACE_OR_ADD_REVIEW,HIGH,NO,EXACT_PHYSICAL_EDITION,2,PRICECHARTING_EXACT_PAL_PAGE | REGIONATLAS_LEGACY_PRICECHARTING_CREDIT,B_EXACT_PHYSICAL | B_LEGACY_EXACT_PHYSICAL,https://www.pricecharting.com/game/pal-playstation-4/generation-zero,La ficha exacta de la edición física PAL etiqueta a esta compañía como Publisher; puede representar publicación o distribución física. | El crédito actual procede de la importación histórica de la ficha física enlazada; se contrasta con la consulta en vivo.,Confirmar si la etiqueta Publisher representa publicación o distribución en la caja PAL.,AMBIGUOUS_NAME | HIGH_OR_BETTER_GROUP_NOT_FULLY_RESOLVED | MISSING_SLUG
ps4-generation-zero-collector%27s-edition,Generation Zero [Collector's Edition],PAL España,standard,generation zero,generation zero,EDITION_VARIANT,DEVELOPER,developer,Systemic Reaction AB,,Systemic Reaction AB,NOT_IN_COMPANY_INDEX,,ADD_MISSING,HIGH,NO,MATCHED_PS4_PRODUCT,1,PLAYSTATION_STORE_EXPLICIT_CREDIT,A_OFFICIAL_MATCHED_TITLE_CREDIT,https://store.playstation.com/es-es/product/EP5439-CUSA14212_00-GENZEROBASE00000,desarrollado por Systemic Reaction AB,No propagar a ports o compilaciones sin comprobar sus créditos propios.,HIGH_OR_BETTER_GROUP_NOT_FULLY_RESOLVED | MISSING_SLUG | NOT_IN_COMPANY_INDEX
ps4-ghost-of-a-tale,Ghost of a Tale,PAL España,standard,ghost of a tale,ghost of a tale,GAME_OR_UNKNOWN,DEVELOPER,developer,SeithCG,,SeithCG,NOT_IN_COMPANY_INDEX,Plug In Digital,REPLACE_OR_ADD_REVIEW,HIGH,NO,GAME_WORK | GAME_WORK_OR_PS4_RELEASE | PS4_RELEASE,3,LAUNCHBOX_GAMES_DB | STEAM_STORE | WIKIPEDIA_PS4_LIST,B_OTHER_PLATFORM | B_PS4_RELEASE | C_DISCOVERY,https://en.wikipedia.org/wiki/List_of_PlayStation_4_games_(A%E2%80%93L) | https://store.steampowered.com/app/417290 | https://gamesdb.launchbox-app.com/games/details/473224,"La lista específica de PS4 atribuye el desarrollo a esta compañía. | La ficha comercial de Steam confirma la desarrolladora de la obra, no necesariamente el port de PS4. | LaunchBox registra esta desarrolladora para su ficha de PS4.",No propagar a ports o compilaciones sin comprobar sus créditos propios.,HIGH_OR_BETTER_GROUP_NOT_FULLY_RESOLVED | MISSING_SLUG | NOT_IN_COMPANY_INDEX
ps4-ghost-of-a-tale,Ghost of a Tale,PAL España,standard,ghost of a tale,ghost of a tale,GAME_OR_UNKNOWN,PHYSICAL_PUBLISHER_OR_DISTRIBUTOR,publisher,Mindscape,,Mindscape,AMBIGUOUS_NAME,Mindscape,REPLACE_OR_ADD_REVIEW,HIGH,NO,EXACT_PHYSICAL_EDITION,2,PRICECHARTING_EXACT_PAL_PAGE | REGIONATLAS_LEGACY_PRICECHARTING_CREDIT,B_EXACT_PHYSICAL | B_LEGACY_EXACT_PHYSICAL,https://www.pricecharting.com/game/pal-playstation-4/ghost-of-a-tale,La ficha exacta de la edición física PAL etiqueta a esta compañía como Publisher; puede representar publicación o distribución física. | El crédito actual procede de la importación histórica de la ficha física enlazada; se contrasta con la consulta en vivo.,Confirmar si la etiqueta Publisher representa publicación o distribución en la caja PAL.,AMBIGUOUS_NAME | HIGH_OR_BETTER_GROUP_NOT_FULLY_RESOLVED | MISSING_SLUG
ps4-ghost-of-a-tale-collector%27s-edition,Ghost of a Tale [Collector's Edition],PAL España,standard,ghost of a tale,ghost of a tale,EDITION_VARIANT,DEVELOPER,developer,SeithCG,,SeithCG,NOT_IN_COMPANY_INDEX,,ADD_MISSING,HIGH,NO,GAME_WORK | GAME_WORK_OR_PS4_RELEASE | PS4_RELEASE,3,LAUNCHBOX_GAMES_DB | STEAM_STORE | WIKIPEDIA_PS4_LIST,B_OTHER_PLATFORM | B_PS4_RELEASE | C_DISCOVERY,https://en.wikipedia.org/wiki/List_of_PlayStation_4_games_(A%E2%80%93L) | https://store.steampowered.com/app/417290 | https://gamesdb.launchbox-app.com/games/details/473224,"La lista específica de PS4 atribuye el desarrollo a esta compañía. | La ficha comercial de Steam confirma la desarrolladora de la obra, no necesariamente el port de PS4. | LaunchBox registra esta desarrolladora para su ficha de PS4.",No propagar a ports o compilaciones sin comprobar sus créditos propios.,HIGH_OR_BETTER_GROUP_NOT_FULLY_RESOLVED | MISSING_SLUG | NOT_IN_COMPANY_INDEX
ps4-ghost-of-tsushima,Ghost of Tsushima,PAL España,standard,ghost of tsushima,ghost of tsushima,GAME_OR_UNKNOWN,PHYSICAL_PUBLISHER_OR_DISTRIBUTOR,publisher,Sony Interactive Entertainment Europe Ltd.,,Sony Interactive Entertainment Europe Ltd.,AMBIGUOUS_NAME,Sony Interactive Entertainment Europe Ltd.,REPLACE_OR_ADD_REVIEW,HIGH,NO,EXACT_PHYSICAL_EDITION,2,PRICECHARTING_EXACT_PAL_PAGE | REGIONATLAS_LEGACY_PRICECHARTING_CREDIT,B_EXACT_PHYSICAL | B_LEGACY_EXACT_PHYSICAL,https://www.pricecharting.com/game/pal-playstation-4/ghost-of-tsushima,La ficha exacta de la edición física PAL etiqueta a esta compañía como Publisher; puede representar publicación o distribución física. | El crédito actual procede de la importación histórica de la ficha física enlazada; se contrasta con la consulta en vivo.,Confirmar si la etiqueta Publisher representa publicación o distribución en la caja PAL.,AMBIGUOUS_NAME | HIGH_OR_BETTER_GROUP_NOT_FULLY_RESOLVED | MISSING_SLUG
ps4-ghost-of-tsushima-director%27s-cut,Ghost of Tsushima: Director's Cut,PAL España,standard,ghost of tsushima director s cut,ghost of tsushima,EDITION_VARIANT,PHYSICAL_PUBLISHER_OR_DISTRIBUTOR,publisher,Sony Interactive Entertainment Europe Ltd.,,Sony Interactive Entertainment Europe Ltd.,AMBIGUOUS_NAME,Sony Interactive Entertainment Europe Ltd.,REPLACE_OR_ADD_REVIEW,HIGH,NO,EXACT_PHYSICAL_EDITION,2,PRICECHARTING_EXACT_PAL_PAGE | REGIONATLAS_LEGACY_PRICECHARTING_CREDIT,B_EXACT_PHYSICAL | B_LEGACY_EXACT_PHYSICAL,https://www.pricecharting.com/game/pal-playstation-4/ghost-of-tsushima-director%27s-cut,La ficha exacta de la edición física PAL etiqueta a esta compañía como Publisher; puede representar publicación o distribución física. | El crédito actual procede de la importación histórica de la ficha física enlazada; se contrasta con la consulta en vivo.,Confirmar si la etiqueta Publisher representa publicación o distribución en la caja PAL.,AMBIGUOUS_NAME | HIGH_OR_BETTER_GROUP_NOT_FULLY_RESOLVED | MISSING_SLUG
ps4-ghost-recon-breakpoint,Ghost Recon Breakpoint,PAL España,standard,ghost recon breakpoint,ghost recon breakpoint,GAME_OR_UNKNOWN,PHYSICAL_PUBLISHER_OR_DISTRIBUTOR,publisher,Ubisoft,,Ubisoft,AMBIGUOUS_NAME,Ubisoft,REPLACE_OR_ADD_REVIEW,HIGH,NO,EXACT_PHYSICAL_EDITION,2,PRICECHARTING_EXACT_PAL_PAGE | REGIONATLAS_LEGACY_PRICECHARTING_CREDIT,B_EXACT_PHYSICAL | B_LEGACY_EXACT_PHYSICAL,https://www.pricecharting.com/game/pal-playstation-4/ghost-recon-breakpoint,La ficha exacta de la edición física PAL etiqueta a esta compañía como Publisher; puede representar publicación o distribución física. | El crédito actual procede de la importación histórica de la ficha física enlazada; se contrasta con la consulta en vivo.,Confirmar si la etiqueta Publisher representa publicación o distribución en la caja PAL.,AMBIGUOUS_NAME | HIGH_OR_BETTER_GROUP_NOT_FULLY_RESOLVED | MISSING_SLUG
ps4-ghost-recon-breakpoint-wolves-collector%27s-edition,Ghost Recon: Breakpoint [Wolves Collector's Edition],PAL España,standard,ghost recon breakpoint,ghost recon breakpoint,EDITION_VARIANT,PHYSICAL_PUBLISHER_OR_DISTRIBUTOR,publisher,Ubisoft,,Ubisoft,AMBIGUOUS_NAME,Ubisoft,REPLACE_OR_ADD_REVIEW,HIGH,NO,EXACT_PHYSICAL_EDITION,2,PRICECHARTING_EXACT_PAL_PAGE | REGIONATLAS_LEGACY_PRICECHARTING_CREDIT,B_EXACT_PHYSICAL | B_LEGACY_EXACT_PHYSICAL,https://www.pricecharting.com/game/pal-playstation-4/ghost-recon-breakpoint-wolves-collector%27s-edition,La ficha exacta de la edición física PAL etiqueta a esta compañía como Publisher; puede representar publicación o distribución física. | El crédito actual procede de la importación histórica de la ficha física enlazada; se contrasta con la consulta en vivo.,Confirmar si la etiqueta Publisher representa publicación o distribución en la caja PAL.,AMBIGUOUS_NAME | HIGH_OR_BETTER_GROUP_NOT_FULLY_RESOLVED | MISSING_SLUG
ps4-goat-simulator,Goat Simulator,PAL España,standard,goat simulator,goat simulator,GAME_OR_UNKNOWN,DEVELOPER,developer,Coffee Stain Studios,,Coffee Stain Studios,NOT_IN_COMPANY_INDEX,,ADD_MISSING,HIGH,NO,GAME_WORK | GAME_WORK_OR_PS4_RELEASE,3,STEAM_STORE | WIKIDATA | WIKIPEDIA_PS4_LIST,B_OTHER_PLATFORM | B_PS4_RELEASE | C_DISCOVERY,https://en.wikipedia.org/wiki/List_of_PlayStation_4_games_(A%E2%80%93L) | https://store.steampowered.com/app/265930 | https://www.wikidata.org/wiki/Q15984890,"La lista específica de PS4 atribuye el desarrollo a esta compañía. | La ficha comercial de Steam confirma la desarrolladora de la obra, no necesariamente el port de PS4. | Wikidata registra la compañía como desarrolladora.",No propagar a ports o compilaciones sin comprobar sus créditos propios.,HIGH_OR_BETTER_GROUP_NOT_FULLY_RESOLVED | MISSING_SLUG | NOT_IN_COMPANY_INDEX
ps4-god-of-war,God Of War,PAL España,standard,god of war,god of war,GAME_OR_UNKNOWN,PHYSICAL_PUBLISHER_OR_DISTRIBUTOR,publisher,Sony Interactive Entertainment Europe Ltd.,,Sony Interactive Entertainment Europe Ltd.,AMBIGUOUS_NAME,Sony Computer Entertainment,REPLACE_OR_ADD_REVIEW,HIGH,NO,EXACT_PHYSICAL_EDITION,1,PRICECHARTING_EXACT_PAL_PAGE,B_EXACT_PHYSICAL,https://www.pricecharting.com/game/pal-playstation-4/god-of-war,La ficha exacta de la edición física PAL etiqueta a esta compañía como Publisher; puede representar publicación o distribución física.,Confirmar si la etiqueta Publisher representa publicación o distribución en la caja PAL.,AMBIGUOUS_NAME | HIGH_OR_BETTER_GROUP_NOT_FULLY_RESOLVED | MISSING_SLUG
ps4-god-of-war-iii-remastered-playstation-hits,God Of War III Remastered [Playstation Hits],PAL España,standard,god of war iii remastered,god of war iii,EDITION_VARIANT,DEVELOPER,developer,Sony Computer Entertainment America LLC,,Sony Computer Entertainment America LLC,AMBIGUOUS_NAME,,ADD_MISSING,HIGH,NO,MATCHED_PS4_PRODUCT,1,PLAYSTATION_STORE_EXPLICIT_CREDIT,A_OFFICIAL_MATCHED_TITLE_CREDIT,https://store.playstation.com/es-es/product/EP9000-CUSA01715_00-0000GODOFWAR3PS4,Developed by Sony Computer Entertainment America LLC,No propagar a ports o compilaciones sin comprobar sus créditos propios.,AMBIGUOUS_NAME | HIGH_OR_BETTER_GROUP_NOT_FULLY_RESOLVED | MISSING_SLUG
ps4-godstrike,Godstrike,PAL España,standard,godstrike,godstrike,GAME_OR_UNKNOWN,PHYSICAL_PUBLISHER_OR_DISTRIBUTOR,publisher,Red Art Games,red-art-games,Red Art Games,EXACT_NAME_OR_ALIAS,"Red Art Games, Freedom Games",REPLACE_OR_ADD_REVIEW,HIGH,NO,EXACT_PHYSICAL_EDITION,2,PRICECHARTING_EXACT_PAL_PAGE | REGIONATLAS_LEGACY_PRICECHARTING_CREDIT,B_EXACT_PHYSICAL | B_LEGACY_EXACT_PHYSICAL,https://www.pricecharting.com/game/pal-playstation-4/godstrike,La ficha exacta de la edición física PAL etiqueta a esta compañía como Publisher; puede representar publicación o distribución física. | El crédito actual procede de la importación histórica de la ficha física enlazada; se contrasta con la consulta en vivo.,Confirmar si la etiqueta Publisher representa publicación o distribución en la caja PAL.,HIGH_OR_BETTER_GROUP_NOT_FULLY_RESOLVED
ps4-godstrike,Godstrike,PAL España,standard,godstrike,godstrike,GAME_OR_UNKNOWN,PHYSICAL_PUBLISHER_OR_DISTRIBUTOR,publisher,Freedom Games,,Freedom Games,NOT_IN_COMPANY_INDEX,"Red Art Games, Freedom Games",REPLACE_OR_ADD_REVIEW,HIGH,NO,EXACT_PHYSICAL_EDITION,2,PRICECHARTING_EXACT_PAL_PAGE | REGIONATLAS_LEGACY_PRICECHARTING_CREDIT,B_EXACT_PHYSICAL | B_LEGACY_EXACT_PHYSICAL,https://www.pricecharting.com/game/pal-playstation-4/godstrike,La ficha exacta de la edición física PAL etiqueta a esta compañía como Publisher; puede representar publicación o distribución física. | El crédito actual procede de la importación histórica de la ficha física enlazada; se contrasta con la consulta en vivo.,Confirmar si la etiqueta Publisher representa publicación o distribución en la caja PAL.,HIGH_OR_BETTER_GROUP_NOT_FULLY_RESOLVED | MISSING_SLUG | NOT_IN_COMPANY_INDEX
ps4-gravel,Gravel,PAL España,standard,gravel,gravel,GAME_OR_UNKNOWN,DEVELOPER,developer,Milestone S.r.l.,,Milestone s.r.l. | Milestone S.r.l. | Milestone,AMBIGUOUS_NAME,,ADD_MISSING,HIGH,NO,GAME_WORK | GAME_WORK_OR_PS4_RELEASE | PS4_RELEASE,4,LAUNCHBOX_GAMES_DB | STEAM_STORE | WIKIDATA | WIKIPEDIA_PS4_LIST,B_OTHER_PLATFORM | B_PS4_RELEASE | C_DISCOVERY,https://en.wikipedia.org/wiki/List_of_PlayStation_4_games_(A%E2%80%93L) | https://store.steampowered.com/app/558260 | https://www.wikidata.org/wiki/Q51722205 | https://gamesdb.launchbox-app.com/games/details/451972,"La lista específica de PS4 atribuye el desarrollo a esta compañía. | La ficha comercial de Steam confirma la desarrolladora de la obra, no necesariamente el port de PS4. | Wikidata registra la compañía como desarrolladora. | LaunchBox registra esta desarrolladora para su ficha de PS4.",No propagar a ports o compilaciones sin comprobar sus créditos propios.,AMBIGUOUS_NAME | HIGH_OR_BETTER_GROUP_NOT_FULLY_RESOLVED | MISSING_SLUG
ps4-gravity-rush-2,Gravity Rush 2,PAL España,standard,gravity rush 2,gravity rush 2,GAME_OR_UNKNOWN,PHYSICAL_PUBLISHER_OR_DISTRIBUTOR,publisher,Sony Interactive Entertainment Europe Ltd.,,Sony Interactive Entertainment Europe Ltd.,AMBIGUOUS_NAME,Sony Interactive Entertainment Europe Ltd.,REPLACE_OR_ADD_REVIEW,HIGH,NO,EXACT_PHYSICAL_EDITION,2,PRICECHARTING_EXACT_PAL_PAGE | REGIONATLAS_LEGACY_PRICECHARTING_CREDIT,B_EXACT_PHYSICAL | B_LEGACY_EXACT_PHYSICAL,https://www.pricecharting.com/game/pal-playstation-4/gravity-rush-2,La ficha exacta de la edición física PAL etiqueta a esta compañía como Publisher; puede representar publicación o distribución física. | El crédito actual procede de la importación histórica de la ficha física enlazada; se contrasta con la consulta en vivo.,Confirmar si la etiqueta Publisher representa publicación o distribución en la caja PAL.,AMBIGUOUS_NAME | HIGH_OR_BETTER_GROUP_NOT_FULLY_RESOLVED | MISSING_SLUG
ps4-gravity-rush-remastered,Gravity Rush Remastered,PAL España,standard,gravity rush remastered,gravity rush,EDITION_VARIANT,PHYSICAL_PUBLISHER_OR_DISTRIBUTOR,publisher,Sony Computer Entertainment Europe Ltd.,,Sony Computer Entertainment Europe Ltd.,AMBIGUOUS_NAME,Sony Computer Entertainment,REPLACE_OR_ADD_REVIEW,HIGH,NO,EXACT_PHYSICAL_EDITION,1,PRICECHARTING_EXACT_PAL_PAGE,B_EXACT_PHYSICAL,https://www.pricecharting.com/game/pal-playstation-4/gravity-rush-remastered,La ficha exacta de la edición física PAL etiqueta a esta compañía como Publisher; puede representar publicación o distribución física.,Confirmar si la etiqueta Publisher representa publicación o distribución en la caja PAL.,AMBIGUOUS_NAME | HIGH_OR_BETTER_GROUP_NOT_FULLY_RESOLVED | MISSING_SLUG
ps4-hand-of-fate-2,Hand of Fate 2,PAL España,standard,hand of fate 2,hand of fate 2,GAME_OR_UNKNOWN,DEVELOPER,developer,Defiant Development,,Defiant Development,NOT_IN_COMPANY_INDEX,Defiant,REPLACE_OR_ADD_REVIEW,HIGH,NO,GAME_WORK | GAME_WORK_OR_PS4_RELEASE | PS4_RELEASE,4,LAUNCHBOX_GAMES_DB | STEAM_STORE | WIKIDATA | WIKIPEDIA_PS4_LIST,B_OTHER_PLATFORM | B_PS4_RELEASE | C_DISCOVERY,https://en.wikipedia.org/wiki/List_of_PlayStation_4_games_(A%E2%80%93L) | https://store.steampowered.com/app/456670 | https://www.wikidata.org/wiki/Q30894439 | https://gamesdb.launchbox-app.com/games/details/475798,"La lista específica de PS4 atribuye el desarrollo a esta compañía. | La ficha comercial de Steam confirma la desarrolladora de la obra, no necesariamente el port de PS4. | Wikidata registra la compañía como desarrolladora. | LaunchBox registra esta desarrolladora para su ficha de PS4.",No propagar a ports o compilaciones sin comprobar sus créditos propios.,HIGH_OR_BETTER_GROUP_NOT_FULLY_RESOLVED | MISSING_SLUG | NOT_IN_COMPANY_INDEX
ps4-heaven%27s-vault,Heaven's Vault,PAL España,standard,heaven s vault,heaven s vault,GAME_OR_UNKNOWN,DEVELOPER,developer,Inkle,,Inkle | inkle Ltd,NOT_IN_COMPANY_INDEX,,ADD_MISSING,HIGH,NO,GAME_WORK | GAME_WORK_OR_PS4_RELEASE,3,STEAM_STORE | WIKIDATA | WIKIPEDIA_PS4_LIST,B_OTHER_PLATFORM | B_PS4_RELEASE | C_DISCOVERY,https://en.wikipedia.org/wiki/List_of_PlayStation_4_games_(A%E2%80%93L) | https://store.steampowered.com/app/774201 | https://www.wikidata.org/wiki/Q64845244,"La lista específica de PS4 atribuye el desarrollo a esta compañía. | La ficha comercial de Steam confirma la desarrolladora de la obra, no necesariamente el port de PS4. | Wikidata registra la compañía como desarrolladora.",No propagar a ports o compilaciones sin comprobar sus créditos propios.,HIGH_OR_BETTER_GROUP_NOT_FULLY_RESOLVED | MISSING_SLUG | NOT_IN_COMPANY_INDEX
ps4-heaven%27s-vault-special-limited-edition,Heaven's Vault [Special Limited Edition],PAL España,standard,heaven s vault,heaven s vault,EDITION_VARIANT,DEVELOPER,developer,Inkle,,Inkle | inkle Ltd,NOT_IN_COMPANY_INDEX,,ADD_MISSING,HIGH,NO,GAME_WORK | GAME_WORK_OR_PS4_RELEASE,3,STEAM_STORE | WIKIDATA | WIKIPEDIA_PS4_LIST,B_OTHER_PLATFORM | B_PS4_RELEASE | C_DISCOVERY,https://en.wikipedia.org/wiki/List_of_PlayStation_4_games_(A%E2%80%93L) | https://store.steampowered.com/app/774201 | https://www.wikidata.org/wiki/Q64845244,"La lista específica de PS4 atribuye el desarrollo a esta compañía. | La ficha comercial de Steam confirma la desarrolladora de la obra, no necesariamente el port de PS4. | Wikidata registra la compañía como desarrolladora.",No propagar a ports o compilaciones sin comprobar sus créditos propios.,HIGH_OR_BETTER_GROUP_NOT_FULLY_RESOLVED | MISSING_SLUG | NOT_IN_COMPANY_INDEX
ps4-hellmut-the-badass-from-hell,Hellmut: The Badass From Hell,PAL España,standard,hellmut the badass from hell,hellmut the badass from hell,GAME_OR_UNKNOWN,PHYSICAL_PUBLISHER_OR_DISTRIBUTOR,publisher,Funbox Media,funbox-media,Funbox Media,EXACT_NAME_OR_ALIAS,"Funbox Media, 2tainment, Grindstone",REPLACE_OR_ADD_REVIEW,HIGH,NO,EXACT_PHYSICAL_EDITION,2,PRICECHARTING_EXACT_PAL_PAGE | REGIONATLAS_LEGACY_PRICECHARTING_CREDIT,B_EXACT_PHYSICAL | B_LEGACY_EXACT_PHYSICAL,https://www.pricecharting.com/game/pal-playstation-4/hellmut-the-badass-from-hell,La ficha exacta de la edición física PAL etiqueta a esta compañía como Publisher; puede representar publicación o distribución física. | El crédito actual procede de la importación histórica de la ficha física enlazada; se contrasta con la consulta en vivo.,Confirmar si la etiqueta Publisher representa publicación o distribución en la caja PAL.,HIGH_OR_BETTER_GROUP_NOT_FULLY_RESOLVED
ps4-hellmut-the-badass-from-hell,Hellmut: The Badass From Hell,PAL España,standard,hellmut the badass from hell,hellmut the badass from hell,GAME_OR_UNKNOWN,PHYSICAL_PUBLISHER_OR_DISTRIBUTOR,publisher,2tainment,,2tainment | 2Tainment,NOT_IN_COMPANY_INDEX,"Funbox Media, 2tainment, Grindstone",REPLACE_OR_ADD_REVIEW,HIGH,NO,EXACT_PHYSICAL_EDITION | PAL_RELEASE,3,PRICECHARTING_EXACT_PAL_PAGE | REGIONATLAS_LEGACY_PRICECHARTING_CREDIT | WIKIPEDIA_PS4_LIST_PAL,B_EXACT_PHYSICAL | B_LEGACY_EXACT_PHYSICAL | B_PAL_RELEASE,https://www.pricecharting.com/game/pal-playstation-4/hellmut-the-badass-from-hell | https://en.wikipedia.org/wiki/List_of_PlayStation_4_games_(A%E2%80%93L),La ficha exacta de la edición física PAL etiqueta a esta compañía como Publisher; puede representar publicación o distribución física. | El crédito actual procede de la importación histórica de la ficha física enlazada; se contrasta con la consulta en vivo. | La columna PAL de la lista de PS4 atribuye la publicación a esta compañía.,Confirmar si la etiqueta Publisher representa publicación o distribución en la caja PAL.,HIGH_OR_BETTER_GROUP_NOT_FULLY_RESOLVED | MISSING_SLUG | NOT_IN_COMPANY_INDEX
ps4-hellmut-the-badass-from-hell,Hellmut: The Badass From Hell,PAL España,standard,hellmut the badass from hell,hellmut the badass from hell,GAME_OR_UNKNOWN,PHYSICAL_PUBLISHER_OR_DISTRIBUTOR,publisher,Grindstone,,Grindstone,NOT_IN_COMPANY_INDEX,"Funbox Media, 2tainment, Grindstone",REPLACE_OR_ADD_REVIEW,HIGH,NO,EXACT_PHYSICAL_EDITION,2,PRICECHARTING_EXACT_PAL_PAGE | REGIONATLAS_LEGACY_PRICECHARTING_CREDIT,B_EXACT_PHYSICAL | B_LEGACY_EXACT_PHYSICAL,https://www.pricecharting.com/game/pal-playstation-4/hellmut-the-badass-from-hell,La ficha exacta de la edición física PAL etiqueta a esta compañía como Publisher; puede representar publicación o distribución física. | El crédito actual procede de la importación histórica de la ficha física enlazada; se contrasta con la consulta en vivo.,Confirmar si la etiqueta Publisher representa publicación o distribución en la caja PAL.,HIGH_OR_BETTER_GROUP_NOT_FULLY_RESOLVED | MISSING_SLUG | NOT_IN_COMPANY_INDEX
ps4-hello-neighbor,Hello Neighbor,PAL España,standard,hello neighbor,hello neighbor,GAME_OR_UNKNOWN,DEVELOPER,developer,Dynamic Pixels,,Dynamic Pixels,NOT_IN_COMPANY_INDEX,,ADD_MISSING,HIGH,NO,GAME_WORK | GAME_WORK_OR_PS4_RELEASE,2,STEAM_STORE | WIKIPEDIA_PS4_LIST,B_OTHER_PLATFORM | B_PS4_RELEASE,https://en.wikipedia.org/wiki/List_of_PlayStation_4_games_(A%E2%80%93L) | https://store.steampowered.com/app/521890,"La lista específica de PS4 atribuye el desarrollo a esta compañía. | La ficha comercial de Steam confirma la desarrolladora de la obra, no necesariamente el port de PS4.",No propagar a ports o compilaciones sin comprobar sus créditos propios.,HIGH_OR_BETTER_GROUP_NOT_FULLY_RESOLVED | MISSING_SLUG | NOT_IN_COMPANY_INDEX
ps4-here-they-lie,Here They Lie,PAL España,standard,here they lie,here they lie,GAME_OR_UNKNOWN,DEVELOPER,developer,SIE Santa Monica Studio,,SIE Santa Monica Studio,NOT_IN_COMPANY_INDEX,Tangentlemen,REPLACE_OR_ADD_REVIEW,HIGH,NO,MATCHED_PS4_PRODUCT,1,PLAYSTATION_STORE_EXPLICIT_CREDIT,A_OFFICIAL_MATCHED_TITLE_CREDIT,https://store.playstation.com/es-es/product/EP9000-CUSA05344_00-DANA000PS4000123,Developed by SIE Santa Monica Studio | Developed by Tangentlemen | Desarrollado por Tangentlemen bajo la bandera del grupo de desarrollo externo del estudio en Santa Mónica,No propagar a ports o compilaciones sin comprobar sus créditos propios.,HIGH_OR_BETTER_GROUP_NOT_FULLY_RESOLVED | MISSING_SLUG | NOT_IN_COMPANY_INDEX
ps4-here-they-lie,Here They Lie,PAL España,standard,here they lie,here they lie,GAME_OR_UNKNOWN,DEVELOPER,developer,Tangentlemen,tangentlemen,Tangentlemen,EXACT_NAME_OR_ALIAS,Tangentlemen,RETAIN,HIGH,NO,EXACT_PHYSICAL_EDITION | GAME_WORK_OR_PS4_RELEASE | MATCHED_PS4_PRODUCT,4,PLAYSTATION_STORE_EXPLICIT_CREDIT | PRICECHARTING_EXACT_PAL_PAGE | REGIONATLAS_LEGACY_PRICECHARTING_CREDIT | WIKIPEDIA_PS4_LIST,A_OFFICIAL_MATCHED_TITLE_CREDIT | B_EXACT_PHYSICAL | B_LEGACY_EXACT_PHYSICAL | B_PS4_RELEASE,https://store.playstation.com/es-es/product/EP9000-CUSA05344_00-DANA000PS4000123 | https://www.pricecharting.com/game/pal-playstation-4/here-they-lie | https://en.wikipedia.org/wiki/List_of_PlayStation_4_games_(A%E2%80%93L),Developed by SIE Santa Monica Studio | Developed by Tangentlemen | Desarrollado por Tangentlemen bajo la bandera del grupo de desarrollo externo del estudio en Santa Mónica | La ficha enlazada de la edición física PAL atribuye el desarrollo a esta compañía. | El crédito actual procede de la importación histórica de la ficha física enlazada; se contrasta con la consulta en vivo. | La lista específica de PS4 atribuye el desarrollo a esta compañía.,No propagar a ports o compilaciones sin comprobar sus créditos propios.,HIGH_OR_BETTER_GROUP_NOT_FULLY_RESOLVED
ps4-hero-defense,Hero Defense,PAL España,standard,hero defense,hero defense,GAME_OR_UNKNOWN,DEVELOPER,developer,Happy Tuesday,,Happy Tuesday,NOT_IN_COMPANY_INDEX,,ADD_MISSING,HIGH,NO,GAME_WORK | GAME_WORK_OR_PS4_RELEASE | PS4_RELEASE,3,LAUNCHBOX_GAMES_DB | STEAM_STORE | WIKIPEDIA_PS4_LIST,B_OTHER_PLATFORM | B_PS4_RELEASE | C_DISCOVERY,https://en.wikipedia.org/wiki/List_of_PlayStation_4_games_(A%E2%80%93L) | https://store.steampowered.com/app/423620 | https://gamesdb.launchbox-app.com/games/details/473271,"La lista específica de PS4 atribuye el desarrollo a esta compañía. | La ficha comercial de Steam confirma la desarrolladora de la obra, no necesariamente el port de PS4. | LaunchBox registra esta desarrolladora para su ficha de PS4.",No propagar a ports o compilaciones sin comprobar sus créditos propios.,HIGH_OR_BETTER_GROUP_NOT_FULLY_RESOLVED | MISSING_SLUG | NOT_IN_COMPANY_INDEX
ps4-hitman,Hitman,PAL España,standard,hitman,hitman,GAME_OR_UNKNOWN,PHYSICAL_PUBLISHER_OR_DISTRIBUTOR,publisher,Square enix,,Square enix | Square Enix,AMBIGUOUS_NAME,Square enix,REPLACE_OR_ADD_REVIEW,HIGH,NO,EXACT_PHYSICAL_EDITION | PAL_RELEASE,3,PRICECHARTING_EXACT_PAL_PAGE | REGIONATLAS_LEGACY_PRICECHARTING_CREDIT | WIKIPEDIA_PS4_LIST_PAL,B_EXACT_PHYSICAL | B_LEGACY_EXACT_PHYSICAL | B_PAL_RELEASE,https://www.pricecharting.com/game/pal-playstation-4/hitman | https://en.wikipedia.org/wiki/List_of_PlayStation_4_games_(A%E2%80%93L),La ficha exacta de la edición física PAL etiqueta a esta compañía como Publisher; puede representar publicación o distribución física. | El crédito actual procede de la importación histórica de la ficha física enlazada; se contrasta con la consulta en vivo. | La columna PAL de la lista de PS4 atribuye la publicación a esta compañía.,Confirmar si la etiqueta Publisher representa publicación o distribución en la caja PAL.,AMBIGUOUS_NAME | HIGH_OR_BETTER_GROUP_NOT_FULLY_RESOLVED | MISSING_SLUG
ps4-homefront-the-revolution,Homefront The Revolution,PAL España,standard,homefront the revolution,homefront the revolution,GAME_OR_UNKNOWN,DEVELOPER,developer,Dambuster Studios,dambuster-studios,Dambuster Studios,EXACT_NAME_OR_ALIAS,Dambuster Studios,RETAIN,HIGH,NO,EXACT_PHYSICAL_EDITION | GAME_WORK,3,PRICECHARTING_EXACT_PAL_PAGE | REGIONATLAS_LEGACY_PRICECHARTING_CREDIT | STEAM_STORE,B_EXACT_PHYSICAL | B_LEGACY_EXACT_PHYSICAL | B_OTHER_PLATFORM,https://www.pricecharting.com/game/pal-playstation-4/homefront-the-revolution | https://store.steampowered.com/app/223100,"La ficha enlazada de la edición física PAL atribuye el desarrollo a esta compañía. | El crédito actual procede de la importación histórica de la ficha física enlazada; se contrasta con la consulta en vivo. | La ficha comercial de Steam confirma la desarrolladora de la obra, no necesariamente el port de PS4.",No propagar a ports o compilaciones sin comprobar sus créditos propios.,HIGH_OR_BETTER_GROUP_NOT_FULLY_RESOLVED
ps4-homefront-the-revolution-goliath-edition,Homefront The Revolution [Goliath Edition],PAL España,standard,homefront the revolution,homefront the revolution,GAME_OR_UNKNOWN,DEVELOPER,developer,Deep Silver Dambuster Studios,,Deep Silver Dambuster Studios,NOT_IN_COMPANY_INDEX,,ADD_MISSING,HIGH,NO,GAME_WORK | MATCHED_PS4_PRODUCT,2,PLAYSTATION_STORE_EXPLICIT_CREDIT | WIKIDATA,A_OFFICIAL_MATCHED_TITLE_CREDIT | C_DISCOVERY,https://store.playstation.com/es-es/product/EP4062-CUSA00938_00-HOMEFRONT2000000 | https://www.wikidata.org/wiki/Q5889427,Developed by Deep Silver Dambuster Studios | Wikidata registra la compañía como desarrolladora.,No propagar a ports o compilaciones sin comprobar sus créditos propios.,HIGH_OR_BETTER_GROUP_NOT_FULLY_RESOLVED | MISSING_SLUG | NOT_IN_COMPANY_INDEX
ps4-horizon-zero-dawn,Horizon Zero Dawn,PAL España,standard,horizon zero dawn,horizon zero dawn,GAME_OR_UNKNOWN,PHYSICAL_PUBLISHER_OR_DISTRIBUTOR,publisher,Sony Interactive Entertainment Europe,,Sony Interactive Entertainment Europe,AMBIGUOUS_NAME,Sony Interactive Entertainment Europe,REPLACE_OR_ADD_REVIEW,HIGH,NO,EXACT_PHYSICAL_EDITION,2,PRICECHARTING_EXACT_PAL_PAGE | REGIONATLAS_LEGACY_PRICECHARTING_CREDIT,B_EXACT_PHYSICAL | B_LEGACY_EXACT_PHYSICAL,https://www.pricecharting.com/game/pal-playstation-4/horizon-zero-dawn,La ficha exacta de la edición física PAL etiqueta a esta compañía como Publisher; puede representar publicación o distribución física. | El crédito actual procede de la importación histórica de la ficha física enlazada; se contrasta con la consulta en vivo.,Confirmar si la etiqueta Publisher representa publicación o distribución en la caja PAL.,AMBIGUOUS_NAME | HIGH_OR_BETTER_GROUP_NOT_FULLY_RESOLVED | MISSING_SLUG
ps4-horned-knight,Horned Knight,PAL España,standard,horned knight,horned knight,GAME_OR_UNKNOWN,DEVELOPER,developer,Josep Monzonis Hernandez,,Josep Monzonis Hernandez,NOT_IN_COMPANY_INDEX,2Awesome Partners,REPLACE_OR_ADD_REVIEW,HIGH,NO,GAME_WORK | GAME_WORK_OR_PS4_RELEASE | PS4_RELEASE,3,LAUNCHBOX_GAMES_DB | STEAM_STORE | WIKIPEDIA_PS4_LIST,B_OTHER_PLATFORM | B_PS4_RELEASE | C_DISCOVERY,https://en.wikipedia.org/wiki/List_of_PlayStation_4_games_(A%E2%80%93L) | https://store.steampowered.com/app/1262920 | https://gamesdb.launchbox-app.com/games/details/473257,"La lista específica de PS4 atribuye el desarrollo a esta compañía. | La ficha comercial de Steam confirma la desarrolladora de la obra, no necesariamente el port de PS4. | LaunchBox registra esta desarrolladora para su ficha de PS4.",No propagar a ports o compilaciones sin comprobar sus créditos propios.,HIGH_OR_BETTER_GROUP_NOT_FULLY_RESOLVED | MISSING_SLUG | NOT_IN_COMPANY_INDEX
ps4-hot-wheels-unleashed-2-turbocharged,Hot Wheels Unleashed 2 Turbocharged,PAL España,standard,hot wheels unleashed 2 turbocharged,hot wheels unleashed 2 turbocharged,GAME_OR_UNKNOWN,DEVELOPER,developer,Milestone S.r.l.,,Milestone | Milestone S.r.l.,AMBIGUOUS_NAME,,ADD_MISSING,HIGH,NO,GAME_WORK | GAME_WORK_OR_PS4_RELEASE,3,STEAM_STORE | WIKIDATA | WIKIPEDIA_PS4_LIST,B_OTHER_PLATFORM | B_PS4_RELEASE | C_DISCOVERY,https://en.wikipedia.org/wiki/List_of_PlayStation_4_games_(A%E2%80%93L) | https://store.steampowered.com/app/2051120 | https://www.wikidata.org/wiki/Q119801203,"La lista específica de PS4 atribuye el desarrollo a esta compañía. | La ficha comercial de Steam confirma la desarrolladora de la obra, no necesariamente el port de PS4. | Wikidata registra la compañía como desarrolladora.",No propagar a ports o compilaciones sin comprobar sus créditos propios.,AMBIGUOUS_NAME | HIGH_OR_BETTER_GROUP_NOT_FULLY_RESOLVED | MISSING_SLUG
ps4-hot-wheels-unleashed-2-turbocharged-day-one-edition,Hot Wheels Unleashed 2 Turbocharged [Day One Edition],PAL España,standard,hot wheels unleashed 2 turbocharged,hot wheels unleashed 2 turbocharged,EDITION_VARIANT,DEVELOPER,developer,Milestone S.r.l.,,Milestone | Milestone S.r.l.,AMBIGUOUS_NAME,,ADD_MISSING,HIGH,NO,GAME_WORK | GAME_WORK_OR_PS4_RELEASE,3,STEAM_STORE | WIKIDATA | WIKIPEDIA_PS4_LIST,B_OTHER_PLATFORM | B_PS4_RELEASE | C_DISCOVERY,https://en.wikipedia.org/wiki/List_of_PlayStation_4_games_(A%E2%80%93L) | https://store.steampowered.com/app/2051120 | https://www.wikidata.org/wiki/Q119801203,"La lista específica de PS4 atribuye el desarrollo a esta compañía. | La ficha comercial de Steam confirma la desarrolladora de la obra, no necesariamente el port de PS4. | Wikidata registra la compañía como desarrolladora.",No propagar a ports o compilaciones sin comprobar sus créditos propios.,AMBIGUOUS_NAME | HIGH_OR_BETTER_GROUP_NOT_FULLY_RESOLVED | MISSING_SLUG
ps4-hot-wheels-unleashed-2-turbocharged-pure-fire-edition,Hot Wheels Unleashed 2 Turbocharged [Pure Fire Edition],PAL España,standard,hot wheels unleashed 2 turbocharged,hot wheels unleashed 2 turbocharged,GAME_OR_UNKNOWN,DEVELOPER,developer,Milestone S.r.l.,,Milestone | Milestone S.r.l.,AMBIGUOUS_NAME,,ADD_MISSING,HIGH,NO,GAME_WORK | GAME_WORK_OR_PS4_RELEASE,3,STEAM_STORE | WIKIDATA | WIKIPEDIA_PS4_LIST,B_OTHER_PLATFORM | B_PS4_RELEASE | C_DISCOVERY,https://en.wikipedia.org/wiki/List_of_PlayStation_4_games_(A%E2%80%93L) | https://store.steampowered.com/app/2051120 | https://www.wikidata.org/wiki/Q119801203,"La lista específica de PS4 atribuye el desarrollo a esta compañía. | La ficha comercial de Steam confirma la desarrolladora de la obra, no necesariamente el port de PS4. | Wikidata registra la compañía como desarrolladora.",No propagar a ports o compilaciones sin comprobar sus créditos propios.,AMBIGUOUS_NAME | HIGH_OR_BETTER_GROUP_NOT_FULLY_RESOLVED | MISSING_SLUG
ps4-hot-wheels-unleashed-challenge-accepted-edition,Hot Wheels Unleashed [Challenge Accepted Edition],PAL España,standard,hot wheels unleashed,hot wheels unleashed,GAME_OR_UNKNOWN,DEVELOPER,developer,Milestone srl,milestone-srl,Milestone SRL,EXACT_NAME_OR_ALIAS,,ADD_MISSING,HIGH,NO,MATCHED_PS4_PRODUCT,1,PLAYSTATION_STORE_EXPLICIT_CREDIT,A_OFFICIAL_MATCHED_TITLE_CREDIT,https://store.playstation.com/es-es/product/EP4356-CUSA25503_00-HWUNLEASHEDFGAME,Developed by Milestone SRL All rights reserved,No propagar a ports o compilaciones sin comprobar sus créditos propios.,HIGH_OR_BETTER_GROUP_NOT_FULLY_RESOLVED
ps4-hot-wheels-unleashed-challenge-accepted-edition,Hot Wheels Unleashed [Challenge Accepted Edition],PAL España,standard,hot wheels unleashed,hot wheels unleashed,GAME_OR_UNKNOWN,DEVELOPER,developer,Milestone,,Milestone | Milestone S.r.l.,AMBIGUOUS_NAME,,ADD_MISSING,HIGH,NO,EXACT_PHYSICAL_EDITION | GAME_WORK | GAME_WORK_OR_PS4_RELEASE | PS4_RELEASE,4,LAUNCHBOX_GAMES_DB | PRICECHARTING_EXACT_PAL_PAGE | STEAM_STORE | WIKIPEDIA_PS4_LIST,B_EXACT_PHYSICAL | B_OTHER_PLATFORM | B_PS4_RELEASE | C_DISCOVERY,https://www.pricecharting.com/game/pal-playstation-4/hot-wheels-unleashed-challenge-accepted-edition | https://en.wikipedia.org/wiki/List_of_PlayStation_4_games_(A%E2%80%93L) | https://store.steampowered.com/app/1271700 | https://gamesdb.launchbox-app.com/games/details/215951,"La ficha enlazada de la edición física PAL atribuye el desarrollo a esta compañía. | La lista específica de PS4 atribuye el desarrollo a esta compañía. | La ficha comercial de Steam confirma la desarrolladora de la obra, no necesariamente el port de PS4. | LaunchBox registra esta desarrolladora para su ficha de PS4.",No propagar a ports o compilaciones sin comprobar sus créditos propios.,AMBIGUOUS_NAME | HIGH_OR_BETTER_GROUP_NOT_FULLY_RESOLVED | MISSING_SLUG
ps4-hot-wheels-unleashed-challenge-accepted-edition,Hot Wheels Unleashed [Challenge Accepted Edition],PAL España,standard,hot wheels unleashed,hot wheels unleashed,GAME_OR_UNKNOWN,PHYSICAL_PUBLISHER_OR_DISTRIBUTOR,publisher,Milestone,,Milestone,AMBIGUOUS_NAME,,ADD_MISSING,HIGH,NO,EXACT_PHYSICAL_EDITION | PAL_RELEASE,2,PRICECHARTING_EXACT_PAL_PAGE | WIKIPEDIA_PS4_LIST_PAL,B_EXACT_PHYSICAL | B_PAL_RELEASE,https://www.pricecharting.com/game/pal-playstation-4/hot-wheels-unleashed-challenge-accepted-edition | https://en.wikipedia.org/wiki/List_of_PlayStation_4_games_(A%E2%80%93L),La ficha exacta de la edición física PAL etiqueta a esta compañía como Publisher; puede representar publicación o distribución física. | La columna PAL de la lista de PS4 atribuye la publicación a esta compañía.,Confirmar si la etiqueta Publisher representa publicación o distribución en la caja PAL.,AMBIGUOUS_NAME | HIGH_OR_BETTER_GROUP_NOT_FULLY_RESOLVED | MISSING_SLUG
ps4-hot-wheels-unleashed-day-one-edition,Hot Wheels Unleashed [Day One Edition],PAL España,standard,hot wheels unleashed,hot wheels unleashed,EDITION_VARIANT,DEVELOPER,developer,Milestone,,Milestone | Milestone S.r.l.,AMBIGUOUS_NAME,Milestone S.r.l,REPLACE_OR_ADD_REVIEW,HIGH,NO,EXACT_PHYSICAL_EDITION | GAME_WORK | GAME_WORK_OR_PS4_RELEASE | PS4_RELEASE,4,LAUNCHBOX_GAMES_DB | PRICECHARTING_EXACT_PAL_PAGE | STEAM_STORE | WIKIPEDIA_PS4_LIST,B_EXACT_PHYSICAL | B_OTHER_PLATFORM | B_PS4_RELEASE | C_DISCOVERY,https://www.pricecharting.com/game/pal-playstation-4/hot-wheels-unleashed-day-one-edition | https://en.wikipedia.org/wiki/List_of_PlayStation_4_games_(A%E2%80%93L) | https://store.steampowered.com/app/1271700 | https://gamesdb.launchbox-app.com/games/details/215951,"La ficha enlazada de la edición física PAL atribuye el desarrollo a esta compañía. | La lista específica de PS4 atribuye el desarrollo a esta compañía. | La ficha comercial de Steam confirma la desarrolladora de la obra, no necesariamente el port de PS4. | LaunchBox registra esta desarrolladora para su ficha de PS4.",No propagar a ports o compilaciones sin comprobar sus créditos propios.,AMBIGUOUS_NAME | HIGH_OR_BETTER_GROUP_NOT_FULLY_RESOLVED | MISSING_SLUG
ps4-hot-wheels-unleashed-day-one-edition,Hot Wheels Unleashed [Day One Edition],PAL España,standard,hot wheels unleashed,hot wheels unleashed,EDITION_VARIANT,PHYSICAL_PUBLISHER_OR_DISTRIBUTOR,publisher,Milestone,,Milestone,AMBIGUOUS_NAME,Milestone S.r.l,REPLACE_OR_ADD_REVIEW,HIGH,NO,EXACT_PHYSICAL_EDITION | PAL_RELEASE,2,PRICECHARTING_EXACT_PAL_PAGE | WIKIPEDIA_PS4_LIST_PAL,B_EXACT_PHYSICAL | B_PAL_RELEASE,https://www.pricecharting.com/game/pal-playstation-4/hot-wheels-unleashed-day-one-edition | https://en.wikipedia.org/wiki/List_of_PlayStation_4_games_(A%E2%80%93L),La ficha exacta de la edición física PAL etiqueta a esta compañía como Publisher; puede representar publicación o distribución física. | La columna PAL de la lista de PS4 atribuye la publicación a esta compañía.,Confirmar si la etiqueta Publisher representa publicación o distribución en la caja PAL.,AMBIGUOUS_NAME | HIGH_OR_BETTER_GROUP_NOT_FULLY_RESOLVED | MISSING_SLUG
ps4-hotshot-racing,Hotshot Racing,PAL España,standard,hotshot racing,hotshot racing,GAME_OR_UNKNOWN,DEVELOPER,developer,SUMO Digital,sumo-digital,Sumo Digital | Sumo Digital Ltd,EXACT_NAME_OR_ALIAS,Sumo Digital,RETAIN,HIGH,NO,EXACT_PHYSICAL_EDITION | GAME_WORK,4,PRICECHARTING_EXACT_PAL_PAGE | REGIONATLAS_LEGACY_PRICECHARTING_CREDIT | STEAM_STORE | WIKIDATA,B_EXACT_PHYSICAL | B_LEGACY_EXACT_PHYSICAL | B_OTHER_PLATFORM | C_DISCOVERY,https://www.pricecharting.com/game/pal-playstation-4/hotshot-racing | https://store.steampowered.com/app/609920 | https://www.wikidata.org/wiki/Q96265026,"La ficha enlazada de la edición física PAL atribuye el desarrollo a esta compañía. | El crédito actual procede de la importación histórica de la ficha física enlazada; se contrasta con la consulta en vivo. | La ficha comercial de Steam confirma la desarrolladora de la obra, no necesariamente el port de PS4. | Wikidata registra la compañía como desarrolladora.",No propagar a ports o compilaciones sin comprobar sus créditos propios.,HIGH_OR_BETTER_GROUP_NOT_FULLY_RESOLVED
ps4-hotshot-racing,Hotshot Racing,PAL España,standard,hotshot racing,hotshot racing,GAME_OR_UNKNOWN,DEVELOPER,developer,Lucky Mountain Games,,Lucky Mountain Games,NOT_IN_COMPANY_INDEX,Sumo Digital,REPLACE_OR_ADD_REVIEW,HIGH,NO,GAME_WORK | GAME_WORK_OR_PS4_RELEASE | PS4_RELEASE,4,LAUNCHBOX_GAMES_DB | STEAM_STORE | WIKIDATA | WIKIPEDIA_PS4_LIST,B_OTHER_PLATFORM | B_PS4_RELEASE | C_DISCOVERY,https://en.wikipedia.org/wiki/List_of_PlayStation_4_games_(A%E2%80%93L) | https://store.steampowered.com/app/609920 | https://www.wikidata.org/wiki/Q96265026 | https://gamesdb.launchbox-app.com/games/details/451957,"La lista específica de PS4 atribuye el desarrollo a esta compañía. | La ficha comercial de Steam confirma la desarrolladora de la obra, no necesariamente el port de PS4. | Wikidata registra la compañía como desarrolladora. | LaunchBox registra esta desarrolladora para su ficha de PS4.",No propagar a ports o compilaciones sin comprobar sus créditos propios.,HIGH_OR_BETTER_GROUP_NOT_FULLY_RESOLVED | MISSING_SLUG | NOT_IN_COMPANY_INDEX
ps4-house-flipper,House Flipper,PAL España,standard,house flipper,house flipper,GAME_OR_UNKNOWN,DEVELOPER,developer,Empyrean,,Empyrean,NOT_IN_COMPANY_INDEX,,ADD_MISSING,HIGH,NO,GAME_WORK | GAME_WORK_OR_PS4_RELEASE,2,STEAM_STORE | WIKIPEDIA_PS4_LIST,B_OTHER_PLATFORM | B_PS4_RELEASE,https://en.wikipedia.org/wiki/List_of_PlayStation_4_games_(A%E2%80%93L) | https://store.steampowered.com/app/613100,"La lista específica de PS4 atribuye el desarrollo a esta compañía. | La ficha comercial de Steam confirma la desarrolladora de la obra, no necesariamente el port de PS4.",No propagar a ports o compilaciones sin comprobar sus créditos propios.,HIGH_OR_BETTER_GROUP_NOT_FULLY_RESOLVED | MISSING_SLUG | NOT_IN_COMPANY_INDEX
ps4-huntdown,Huntdown,PAL España,standard,huntdown,huntdown,GAME_OR_UNKNOWN,DEVELOPER,developer,Easy Trigger Games,easy-trigger-games,Easy Trigger Games,EXACT_NAME_OR_ALIAS,Easy Trigger,REPLACE_OR_ADD_REVIEW,HIGH,NO,GAME_WORK | GAME_WORK_OR_PS4_RELEASE,2,STEAM_STORE | WIKIPEDIA_PS4_LIST,B_OTHER_PLATFORM | B_PS4_RELEASE,https://en.wikipedia.org/wiki/List_of_PlayStation_4_games_(A%E2%80%93L) | https://store.steampowered.com/app/598550,"La lista específica de PS4 atribuye el desarrollo a esta compañía. | La ficha comercial de Steam confirma la desarrolladora de la obra, no necesariamente el port de PS4.",No propagar a ports o compilaciones sin comprobar sus créditos propios.,HIGH_OR_BETTER_GROUP_NOT_FULLY_RESOLVED
ps4-hyperdimension-neptunia-re;birth1,Hyperdimension Neptunia Re;Birth1,PAL España,standard,hyperdimension neptunia re birth1,hyperdimension neptunia re birth1,GAME_OR_UNKNOWN,DEVELOPER,developer,Compile Heart,,Compile Heart | COMPILE HEART Co Ltd.,AMBIGUOUS_NAME,Compile Heart,REPLACE_OR_ADD_REVIEW,HIGH,NO,EXACT_PHYSICAL_EDITION | GAME_WORK,3,PRICECHARTING_EXACT_PAL_PAGE | REGIONATLAS_LEGACY_PRICECHARTING_CREDIT | STEAM_STORE,B_EXACT_PHYSICAL | B_LEGACY_EXACT_PHYSICAL | B_OTHER_PLATFORM,https://www.pricecharting.com/game/pal-playstation-4/hyperdimension-neptunia-re;birth1 | https://store.steampowered.com/app/282900,"La ficha enlazada de la edición física PAL atribuye el desarrollo a esta compañía. | El crédito actual procede de la importación histórica de la ficha física enlazada; se contrasta con la consulta en vivo. | La ficha comercial de Steam confirma la desarrolladora de la obra, no necesariamente el port de PS4.",No propagar a ports o compilaciones sin comprobar sus créditos propios.,AMBIGUOUS_NAME | HIGH_OR_BETTER_GROUP_NOT_FULLY_RESOLVED | MISSING_SLUG
ps4-hyperdimension-neptunia-re;birth1,Hyperdimension Neptunia Re;Birth1,PAL España,standard,hyperdimension neptunia re birth1,hyperdimension neptunia re birth1,GAME_OR_UNKNOWN,PHYSICAL_PUBLISHER_OR_DISTRIBUTOR,publisher,Idea Factory International,,Idea Factory International,AMBIGUOUS_NAME,Idea Factory International,REPLACE_OR_ADD_REVIEW,HIGH,NO,EXACT_PHYSICAL_EDITION,2,PRICECHARTING_EXACT_PAL_PAGE | REGIONATLAS_LEGACY_PRICECHARTING_CREDIT,B_EXACT_PHYSICAL | B_LEGACY_EXACT_PHYSICAL,https://www.pricecharting.com/game/pal-playstation-4/hyperdimension-neptunia-re;birth1,La ficha exacta de la edición física PAL etiqueta a esta compañía como Publisher; puede representar publicación o distribución física. | El crédito actual procede de la importación histórica de la ficha física enlazada; se contrasta con la consulta en vivo.,Confirmar si la etiqueta Publisher representa publicación o distribución en la caja PAL.,AMBIGUOUS_NAME | HIGH_OR_BETTER_GROUP_NOT_FULLY_RESOLVED | MISSING_SLUG
ps4-immortal-planet,Immortal Planet,PAL España,standard,immortal planet,immortal planet,GAME_OR_UNKNOWN,PHYSICAL_PUBLISHER_OR_DISTRIBUTOR,publisher,Monster Couch,,Monster Couch,NOT_IN_COMPANY_INDEX,"Monster Couch, Red Art Games",REPLACE_OR_ADD_REVIEW,HIGH,NO,EXACT_PHYSICAL_EDITION | PAL_RELEASE,3,PRICECHARTING_EXACT_PAL_PAGE | REGIONATLAS_LEGACY_PRICECHARTING_CREDIT | WIKIPEDIA_PS4_LIST_PAL,B_EXACT_PHYSICAL | B_LEGACY_EXACT_PHYSICAL | B_PAL_RELEASE,https://www.pricecharting.com/game/pal-playstation-4/immortal-planet | https://en.wikipedia.org/wiki/List_of_PlayStation_4_games_(A%E2%80%93L),La ficha exacta de la edición física PAL etiqueta a esta compañía como Publisher; puede representar publicación o distribución física. | El crédito actual procede de la importación histórica de la ficha física enlazada; se contrasta con la consulta en vivo. | La columna PAL de la lista de PS4 atribuye la publicación a esta compañía.,Confirmar si la etiqueta Publisher representa publicación o distribución en la caja PAL.,HIGH_OR_BETTER_GROUP_NOT_FULLY_RESOLVED | MISSING_SLUG | NOT_IN_COMPANY_INDEX
ps4-immortal-planet,Immortal Planet,PAL España,standard,immortal planet,immortal planet,GAME_OR_UNKNOWN,PHYSICAL_PUBLISHER_OR_DISTRIBUTOR,publisher,Red Art Games,red-art-games,Red Art Games,EXACT_NAME_OR_ALIAS,"Monster Couch, Red Art Games",REPLACE_OR_ADD_REVIEW,HIGH,NO,EXACT_PHYSICAL_EDITION,2,PRICECHARTING_EXACT_PAL_PAGE | REGIONATLAS_LEGACY_PRICECHARTING_CREDIT,B_EXACT_PHYSICAL | B_LEGACY_EXACT_PHYSICAL,https://www.pricecharting.com/game/pal-playstation-4/immortal-planet,La ficha exacta de la edición física PAL etiqueta a esta compañía como Publisher; puede representar publicación o distribución física. | El crédito actual procede de la importación histórica de la ficha física enlazada; se contrasta con la consulta en vivo.,Confirmar si la etiqueta Publisher representa publicación o distribución en la caja PAL.,HIGH_OR_BETTER_GROUP_NOT_FULLY_RESOLVED
ps4-immortals-fenyx-rising,Immortals Fenyx Rising,PAL España,standard,immortals fenyx rising,immortals fenyx rising,GAME_OR_UNKNOWN,DEVELOPER,developer,Ubisoft,,Ubisoft,AMBIGUOUS_NAME,Ubisoft,REPLACE_OR_ADD_REVIEW,HIGH,NO,EXACT_PHYSICAL_EDITION | GAME_WORK,3,PRICECHARTING_EXACT_PAL_PAGE | REGIONATLAS_LEGACY_PRICECHARTING_CREDIT | STEAM_STORE,B_EXACT_PHYSICAL | B_LEGACY_EXACT_PHYSICAL | B_OTHER_PLATFORM,https://www.pricecharting.com/game/pal-playstation-4/immortals-fenyx-rising | https://store.steampowered.com/app/2221920,"La ficha enlazada de la edición física PAL atribuye el desarrollo a esta compañía. | El crédito actual procede de la importación histórica de la ficha física enlazada; se contrasta con la consulta en vivo. | La ficha comercial de Steam confirma la desarrolladora de la obra, no necesariamente el port de PS4.",No propagar a ports o compilaciones sin comprobar sus créditos propios.,AMBIGUOUS_NAME | HIGH_OR_BETTER_GROUP_NOT_FULLY_RESOLVED | MISSING_SLUG
ps4-immortals-fenyx-rising,Immortals Fenyx Rising,PAL España,standard,immortals fenyx rising,immortals fenyx rising,GAME_OR_UNKNOWN,PHYSICAL_PUBLISHER_OR_DISTRIBUTOR,publisher,Ubisoft,,Ubisoft,AMBIGUOUS_NAME,Ubisoft,REPLACE_OR_ADD_REVIEW,HIGH,NO,EXACT_PHYSICAL_EDITION | PAL_RELEASE,3,PRICECHARTING_EXACT_PAL_PAGE | REGIONATLAS_LEGACY_PRICECHARTING_CREDIT | WIKIPEDIA_PS4_LIST_PAL,B_EXACT_PHYSICAL | B_LEGACY_EXACT_PHYSICAL | B_PAL_RELEASE,https://www.pricecharting.com/game/pal-playstation-4/immortals-fenyx-rising | https://en.wikipedia.org/wiki/List_of_PlayStation_4_games_(A%E2%80%93L),La ficha exacta de la edición física PAL etiqueta a esta compañía como Publisher; puede representar publicación o distribución física. | El crédito actual procede de la importación histórica de la ficha física enlazada; se contrasta con la consulta en vivo. | La columna PAL de la lista de PS4 atribuye la publicación a esta compañía.,Confirmar si la etiqueta Publisher representa publicación o distribución en la caja PAL.,AMBIGUOUS_NAME | HIGH_OR_BETTER_GROUP_NOT_FULLY_RESOLVED | MISSING_SLUG
ps4-immortals-fenyx-rising-gold-edition,Immortals Fenyx Rising [Gold Edition],PAL España,standard,immortals fenyx rising,immortals fenyx rising,GAME_OR_UNKNOWN,DEVELOPER,developer,Ubisoft,,Ubisoft,AMBIGUOUS_NAME,,ADD_MISSING,HIGH,NO,EXACT_PHYSICAL_EDITION | GAME_WORK,2,PRICECHARTING_EXACT_PAL_PAGE | STEAM_STORE,B_EXACT_PHYSICAL | B_OTHER_PLATFORM,https://www.pricecharting.com/game/pal-playstation-4/immortals-fenyx-rising-gold-edition | https://store.steampowered.com/app/2221920,"La ficha enlazada de la edición física PAL atribuye el desarrollo a esta compañía. | La ficha comercial de Steam confirma la desarrolladora de la obra, no necesariamente el port de PS4.",No propagar a ports o compilaciones sin comprobar sus créditos propios.,AMBIGUOUS_NAME | HIGH_OR_BETTER_GROUP_NOT_FULLY_RESOLVED | MISSING_SLUG
ps4-immortals-fenyx-rising-gold-edition,Immortals Fenyx Rising [Gold Edition],PAL España,standard,immortals fenyx rising,immortals fenyx rising,GAME_OR_UNKNOWN,PHYSICAL_PUBLISHER_OR_DISTRIBUTOR,publisher,Ubisoft,,Ubisoft,AMBIGUOUS_NAME,,ADD_MISSING,HIGH,NO,EXACT_PHYSICAL_EDITION | PAL_RELEASE,2,PRICECHARTING_EXACT_PAL_PAGE | WIKIPEDIA_PS4_LIST_PAL,B_EXACT_PHYSICAL | B_PAL_RELEASE,https://www.pricecharting.com/game/pal-playstation-4/immortals-fenyx-rising-gold-edition | https://en.wikipedia.org/wiki/List_of_PlayStation_4_games_(A%E2%80%93L),La ficha exacta de la edición física PAL etiqueta a esta compañía como Publisher; puede representar publicación o distribución física. | La columna PAL de la lista de PS4 atribuye la publicación a esta compañía.,Confirmar si la etiqueta Publisher representa publicación o distribución en la caja PAL.,AMBIGUOUS_NAME | HIGH_OR_BETTER_GROUP_NOT_FULLY_RESOLVED | MISSING_SLUG
ps4-industry-giant-2,Industry Giant 2,PAL España,standard,industry giant 2,industry giant 2,GAME_OR_UNKNOWN,DEVELOPER,developer,Reactor Games,,Reactor Games,NOT_IN_COMPANY_INDEX,JoWooD Entertainment AG,REPLACE_OR_ADD_REVIEW,HIGH,NO,MATCHED_PS4_PRODUCT,1,PLAYSTATION_STORE_EXPLICIT_CREDIT,A_OFFICIAL_MATCHED_TITLE_CREDIT,https://store.playstation.com/es-es/product/EP8935-CUSA06505_00-INDUSTRYG2PS4EU0,Developed by Reactor Games,No propagar a ports o compilaciones sin comprobar sus créditos propios.,HIGH_OR_BETTER_GROUP_NOT_FULLY_RESOLVED | MISSING_SLUG | NOT_IN_COMPANY_INDEX
ps4-inertial-drift,Inertial Drift,PAL España,standard,inertial drift,inertial drift,GAME_OR_UNKNOWN,DEVELOPER,developer,Level 91 Entertainment,,Level 91 Entertainment,NOT_IN_COMPANY_INDEX,Level91,REPLACE_OR_ADD_REVIEW,HIGH,NO,GAME_WORK | GAME_WORK_OR_PS4_RELEASE | PS4_RELEASE,3,LAUNCHBOX_GAMES_DB | STEAM_STORE | WIKIPEDIA_PS4_LIST,B_OTHER_PLATFORM | B_PS4_RELEASE | C_DISCOVERY,https://en.wikipedia.org/wiki/List_of_PlayStation_4_games_(A%E2%80%93L) | https://store.steampowered.com/app/1184480 | https://gamesdb.launchbox-app.com/games/details/473263,"La lista específica de PS4 atribuye el desarrollo a esta compañía. | La ficha comercial de Steam confirma la desarrolladora de la obra, no necesariamente el port de PS4. | LaunchBox registra esta desarrolladora para su ficha de PS4.",No propagar a ports o compilaciones sin comprobar sus créditos propios.,HIGH_OR_BETTER_GROUP_NOT_FULLY_RESOLVED | MISSING_SLUG | NOT_IN_COMPANY_INDEX
ps4-intruders-hide-and-seek,Intruders: Hide And Seek,PAL España,standard,intruders hide and seek,intruders hide and seek,GAME_OR_UNKNOWN,DEVELOPER,developer,Tessera Studios,tessera-studios,Tessera Studios,EXACT_NAME_OR_ALIAS,Tessera Studios,RETAIN,HIGH,NO,EXACT_PHYSICAL_EDITION | GAME_WORK | PS4_RELEASE,5,LAUNCHBOX_GAMES_DB | PRICECHARTING_EXACT_PAL_PAGE | REGIONATLAS_LEGACY_PRICECHARTING_CREDIT | STEAM_STORE | WIKIDATA,B_EXACT_PHYSICAL | B_LEGACY_EXACT_PHYSICAL | B_OTHER_PLATFORM | C_DISCOVERY,https://www.pricecharting.com/game/pal-playstation-4/intruders-hide-and-seek | https://store.steampowered.com/app/1045840 | https://www.wikidata.org/wiki/Q121125550 | https://gamesdb.launchbox-app.com/games/details/473314,"La ficha enlazada de la edición física PAL atribuye el desarrollo a esta compañía. | El crédito actual procede de la importación histórica de la ficha física enlazada; se contrasta con la consulta en vivo. | La ficha comercial de Steam confirma la desarrolladora de la obra, no necesariamente el port de PS4. | Wikidata registra la compañía como desarrolladora. | LaunchBox registra esta desarrolladora para su ficha de PS4.",No propagar a ports o compilaciones sin comprobar sus créditos propios.,HIGH_OR_BETTER_GROUP_NOT_FULLY_RESOLVED
ps4-jojo%27s-bizarre-adventure-all-star-battle-r,JoJo's Bizarre Adventure: All-Star Battle R,PAL España,standard,jojo s bizarre adventure all star battle r,jojo s bizarre adventure all star battle r,GAME_OR_UNKNOWN,DEVELOPER,developer,CyberConnect2,,CyberConnect2 | CyberConnect2 Co. Ltd. | Cyberconnect2,AMBIGUOUS_NAME,CyberConnect2,REPLACE_OR_ADD_REVIEW,HIGH,NO,EXACT_PHYSICAL_EDITION | GAME_WORK | GAME_WORK_OR_PS4_RELEASE | PS4_RELEASE,5,LAUNCHBOX_GAMES_DB | PRICECHARTING_EXACT_PAL_PAGE | REGIONATLAS_LEGACY_PRICECHARTING_CREDIT | STEAM_STORE | WIKIPEDIA_PS4_LIST,B_EXACT_PHYSICAL | B_LEGACY_EXACT_PHYSICAL | B_OTHER_PLATFORM | B_PS4_RELEASE | C_DISCOVERY,https://www.pricecharting.com/game/pal-playstation-4/jojo%27s-bizarre-adventure-all-star-battle-r | https://en.wikipedia.org/wiki/List_of_PlayStation_4_games_(A%E2%80%93L) | https://store.steampowered.com/app/1372110 | https://gamesdb.launchbox-app.com/games/details/218013,"La ficha enlazada de la edición física PAL atribuye el desarrollo a esta compañía. | El crédito actual procede de la importación histórica de la ficha física enlazada; se contrasta con la consulta en vivo. | La lista específica de PS4 atribuye el desarrollo a esta compañía. | La ficha comercial de Steam confirma la desarrolladora de la obra, no necesariamente el port de PS4. | LaunchBox registra esta desarrolladora para su ficha de PS4.",No propagar a ports o compilaciones sin comprobar sus créditos propios.,AMBIGUOUS_NAME | HIGH_OR_BETTER_GROUP_NOT_FULLY_RESOLVED | MISSING_SLUG
ps4-jojo%27s-bizarre-adventure-all-star-battle-r-collector%27s-bundle,JoJo's Bizarre Adventure: All-Star Battle R [Collector's Bundle],PAL España,standard,jojo s bizarre adventure all star battle r,jojo s bizarre adventure all star battle r,EDITION_VARIANT,DEVELOPER,developer,CyberConnect2,,CyberConnect2 | CyberConnect2 Co. Ltd. | Cyberconnect2,AMBIGUOUS_NAME,,ADD_MISSING,HIGH,NO,GAME_WORK | GAME_WORK_OR_PS4_RELEASE | PS4_RELEASE,3,LAUNCHBOX_GAMES_DB | STEAM_STORE | WIKIPEDIA_PS4_LIST,B_OTHER_PLATFORM | B_PS4_RELEASE | C_DISCOVERY,https://en.wikipedia.org/wiki/List_of_PlayStation_4_games_(A%E2%80%93L) | https://store.steampowered.com/app/1372110 | https://gamesdb.launchbox-app.com/games/details/218013,"La lista específica de PS4 atribuye el desarrollo a esta compañía. | La ficha comercial de Steam confirma la desarrolladora de la obra, no necesariamente el port de PS4. | LaunchBox registra esta desarrolladora para su ficha de PS4.",No propagar a ports o compilaciones sin comprobar sus créditos propios.,AMBIGUOUS_NAME | HIGH_OR_BETTER_GROUP_NOT_FULLY_RESOLVED | MISSING_SLUG
ps4-jumanji-the-video-game,Jumanji: The Video Game,PAL España,standard,jumanji the video game,jumanji the video game,GAME_OR_UNKNOWN,DEVELOPER,developer,Funsolve,,Funsolve | Funsolve LTD,NOT_IN_COMPANY_INDEX,,ADD_MISSING,HIGH,NO,GAME_WORK | GAME_WORK_OR_PS4_RELEASE,2,STEAM_STORE | WIKIPEDIA_PS4_LIST,B_OTHER_PLATFORM | B_PS4_RELEASE,https://en.wikipedia.org/wiki/List_of_PlayStation_4_games_(A%E2%80%93L) | https://store.steampowered.com/app/896950,"La lista específica de PS4 atribuye el desarrollo a esta compañía. | La ficha comercial de Steam confirma la desarrolladora de la obra, no necesariamente el port de PS4.",No propagar a ports o compilaciones sin comprobar sus créditos propios.,HIGH_OR_BETTER_GROUP_NOT_FULLY_RESOLVED | MISSING_SLUG | NOT_IN_COMPANY_INDEX
ps4-jump-force,Jump Force,PAL España,standard,jump force,jump force,GAME_OR_UNKNOWN,DEVELOPER,developer,Spike Chunsoft,,Spike Chunsoft | Spike ChunSoft,AMBIGUOUS_NAME,Spike Chunsoft,REPLACE_OR_ADD_REVIEW,HIGH,NO,EXACT_PHYSICAL_EDITION | GAME_WORK | GAME_WORK_OR_PS4_RELEASE | PS4_RELEASE,4,LAUNCHBOX_GAMES_DB | REGIONATLAS_LEGACY_PRICECHARTING_CREDIT | WIKIDATA | WIKIPEDIA_PS4_LIST,B_LEGACY_EXACT_PHYSICAL | B_PS4_RELEASE | C_DISCOVERY,https://www.pricecharting.com/game/pal-playstation-4/jump-force | https://en.wikipedia.org/wiki/List_of_PlayStation_4_games_(A%E2%80%93L) | https://www.wikidata.org/wiki/Q54893842 | https://gamesdb.launchbox-app.com/games/details/190240,El crédito actual procede de la importación histórica de la ficha física enlazada; se contrasta con la consulta en vivo. | La lista específica de PS4 atribuye el desarrollo a esta compañía. | Wikidata registra la compañía como desarrolladora. | LaunchBox registra esta desarrolladora para su ficha de PS4.,No propagar a ports o compilaciones sin comprobar sus créditos propios.,AMBIGUOUS_NAME | HIGH_OR_BETTER_GROUP_NOT_FULLY_RESOLVED | MISSING_SLUG
ps4-just-cause-3,Just Cause 3,PAL España,standard,just cause 3,just cause 3,GAME_OR_UNKNOWN,PHYSICAL_PUBLISHER_OR_DISTRIBUTOR,publisher,Square Enix,,Square Enix,AMBIGUOUS_NAME,Square Enix,REPLACE_OR_ADD_REVIEW,HIGH,NO,EXACT_PHYSICAL_EDITION | PAL_RELEASE,3,PRICECHARTING_EXACT_PAL_PAGE | REGIONATLAS_LEGACY_PRICECHARTING_CREDIT | WIKIPEDIA_PS4_LIST_PAL,B_EXACT_PHYSICAL | B_LEGACY_EXACT_PHYSICAL | B_PAL_RELEASE,https://www.pricecharting.com/game/pal-playstation-4/just-cause-3 | https://en.wikipedia.org/wiki/List_of_PlayStation_4_games_(A%E2%80%93L),La ficha exacta de la edición física PAL etiqueta a esta compañía como Publisher; puede representar publicación o distribución física. | El crédito actual procede de la importación histórica de la ficha física enlazada; se contrasta con la consulta en vivo. | La columna PAL de la lista de PS4 atribuye la publicación a esta compañía.,Confirmar si la etiqueta Publisher representa publicación o distribución en la caja PAL.,AMBIGUOUS_NAME | HIGH_OR_BETTER_GROUP_NOT_FULLY_RESOLVED | MISSING_SLUG
ps4-just-cause-3-gold-edition,Just Cause 3 [Gold Edition],PAL España,standard,just cause 3,just cause 3,GAME_OR_UNKNOWN,PHYSICAL_PUBLISHER_OR_DISTRIBUTOR,publisher,Square Enix Ltd.,,Square Enix Ltd. | Square Enix,AMBIGUOUS_NAME,,ADD_MISSING,HIGH,NO,EXACT_PHYSICAL_EDITION | PAL_RELEASE,2,PRICECHARTING_EXACT_PAL_PAGE | WIKIPEDIA_PS4_LIST_PAL,B_EXACT_PHYSICAL | B_PAL_RELEASE,https://www.pricecharting.com/game/pal-playstation-4/just-cause-3-gold-edition | https://en.wikipedia.org/wiki/List_of_PlayStation_4_games_(A%E2%80%93L),La ficha exacta de la edición física PAL etiqueta a esta compañía como Publisher; puede representar publicación o distribución física. | La columna PAL de la lista de PS4 atribuye la publicación a esta compañía.,Confirmar si la etiqueta Publisher representa publicación o distribución en la caja PAL.,AMBIGUOUS_NAME | HIGH_OR_BETTER_GROUP_NOT_FULLY_RESOLVED | MISSING_SLUG
ps4-just-cause-4,Just Cause 4,PAL España,standard,just cause 4,just cause 4,GAME_OR_UNKNOWN,PHYSICAL_PUBLISHER_OR_DISTRIBUTOR,publisher,Square Enix,,Square Enix,AMBIGUOUS_NAME,Square Enix,REPLACE_OR_ADD_REVIEW,HIGH,NO,EXACT_PHYSICAL_EDITION | PAL_RELEASE,3,PRICECHARTING_EXACT_PAL_PAGE | REGIONATLAS_LEGACY_PRICECHARTING_CREDIT | WIKIPEDIA_PS4_LIST_PAL,B_EXACT_PHYSICAL | B_LEGACY_EXACT_PHYSICAL | B_PAL_RELEASE,https://www.pricecharting.com/game/pal-playstation-4/just-cause-4 | https://en.wikipedia.org/wiki/List_of_PlayStation_4_games_(A%E2%80%93L),La ficha exacta de la edición física PAL etiqueta a esta compañía como Publisher; puede representar publicación o distribución física. | El crédito actual procede de la importación histórica de la ficha física enlazada; se contrasta con la consulta en vivo. | La columna PAL de la lista de PS4 atribuye la publicación a esta compañía.,Confirmar si la etiqueta Publisher representa publicación o distribución en la caja PAL.,AMBIGUOUS_NAME | HIGH_OR_BETTER_GROUP_NOT_FULLY_RESOLVED | MISSING_SLUG
ps4-just-cause-4-day-one-edition,Just Cause 4 [Day One Edition],PAL España,standard,just cause 4,just cause 4,EDITION_VARIANT,PHYSICAL_PUBLISHER_OR_DISTRIBUTOR,publisher,Square Enix,,Square Enix,AMBIGUOUS_NAME,,ADD_MISSING,HIGH,NO,EXACT_PHYSICAL_EDITION | PAL_RELEASE,2,PRICECHARTING_EXACT_PAL_PAGE | WIKIPEDIA_PS4_LIST_PAL,B_EXACT_PHYSICAL | B_PAL_RELEASE,https://www.pricecharting.com/game/pal-playstation-4/just-cause-4-day-one-edition | https://en.wikipedia.org/wiki/List_of_PlayStation_4_games_(A%E2%80%93L),La ficha exacta de la edición física PAL etiqueta a esta compañía como Publisher; puede representar publicación o distribución física. | La columna PAL de la lista de PS4 atribuye la publicación a esta compañía.,Confirmar si la etiqueta Publisher representa publicación o distribución en la caja PAL.,AMBIGUOUS_NAME | HIGH_OR_BETTER_GROUP_NOT_FULLY_RESOLVED | MISSING_SLUG
ps4-just-cause-4-steelbook-edition,Just Cause 4 [Steelbook Edition],PAL España,standard,just cause 4,just cause 4,EDITION_VARIANT,PHYSICAL_PUBLISHER_OR_DISTRIBUTOR,publisher,Square Enix,,Square Enix,AMBIGUOUS_NAME,,ADD_MISSING,HIGH,NO,EXACT_PHYSICAL_EDITION | PAL_RELEASE,2,PRICECHARTING_EXACT_PAL_PAGE | WIKIPEDIA_PS4_LIST_PAL,B_EXACT_PHYSICAL | B_PAL_RELEASE,https://www.pricecharting.com/game/pal-playstation-4/just-cause-4-steelbook-edition | https://en.wikipedia.org/wiki/List_of_PlayStation_4_games_(A%E2%80%93L),La ficha exacta de la edición física PAL etiqueta a esta compañía como Publisher; puede representar publicación o distribución física. | La columna PAL de la lista de PS4 atribuye la publicación a esta compañía.,Confirmar si la etiqueta Publisher representa publicación o distribución en la caja PAL.,AMBIGUOUS_NAME | HIGH_OR_BETTER_GROUP_NOT_FULLY_RESOLVED | MISSING_SLUG
ps4-just-dance-2020,Just Dance 2020,PAL España,standard,just dance 2020,just dance 2020,GAME_OR_UNKNOWN,PHYSICAL_PUBLISHER_OR_DISTRIBUTOR,publisher,Ubisoft,,Ubisoft,AMBIGUOUS_NAME,Ubisoft,REPLACE_OR_ADD_REVIEW,HIGH,NO,EXACT_PHYSICAL_EDITION | PAL_RELEASE,3,PRICECHARTING_EXACT_PAL_PAGE | REGIONATLAS_LEGACY_PRICECHARTING_CREDIT | WIKIPEDIA_PS4_LIST_PAL,B_EXACT_PHYSICAL | B_LEGACY_EXACT_PHYSICAL | B_PAL_RELEASE,https://www.pricecharting.com/game/pal-playstation-4/just-dance-2020 | https://en.wikipedia.org/wiki/List_of_PlayStation_4_games_(A%E2%80%93L),La ficha exacta de la edición física PAL etiqueta a esta compañía como Publisher; puede representar publicación o distribución física. | El crédito actual procede de la importación histórica de la ficha física enlazada; se contrasta con la consulta en vivo. | La columna PAL de la lista de PS4 atribuye la publicación a esta compañía.,Confirmar si la etiqueta Publisher representa publicación o distribución en la caja PAL.,AMBIGUOUS_NAME | HIGH_OR_BETTER_GROUP_NOT_FULLY_RESOLVED | MISSING_SLUG
ps4-kaze-and-the-wild-masks,Kaze and The Wild Masks,PAL España,standard,kaze and the wild masks,kaze and the wild masks,GAME_OR_UNKNOWN,DEVELOPER,developer,PixelHive,,PixelHive,NOT_IN_COMPANY_INDEX,VOX Game Studio,REPLACE_OR_ADD_REVIEW,HIGH,NO,GAME_WORK | GAME_WORK_OR_PS4_RELEASE | PS4_RELEASE,4,LAUNCHBOX_GAMES_DB | STEAM_STORE | WIKIDATA | WIKIPEDIA_PS4_LIST,B_OTHER_PLATFORM | B_PS4_RELEASE | C_DISCOVERY,https://en.wikipedia.org/wiki/List_of_PlayStation_4_games_(A%E2%80%93L) | https://store.steampowered.com/app/829280 | https://www.wikidata.org/wiki/Q106689272 | https://gamesdb.launchbox-app.com/games/details/473347,"La lista específica de PS4 atribuye el desarrollo a esta compañía. | La ficha comercial de Steam confirma la desarrolladora de la obra, no necesariamente el port de PS4. | Wikidata registra la compañía como desarrolladora. | LaunchBox registra esta desarrolladora para su ficha de PS4.",No propagar a ports o compilaciones sin comprobar sus créditos propios.,HIGH_OR_BETTER_GROUP_NOT_FULLY_RESOLVED | MISSING_SLUG | NOT_IN_COMPANY_INDEX
ps4-kena-bridge-of-spirits-deluxe-edition,Kena: Bridge of Spirits: Deluxe Edition,PAL España,standard,kena bridge of spirits,kena bridge of spirits,EDITION_VARIANT,DEVELOPER,developer,Ember Lab,,Ember Lab,NOT_IN_COMPANY_INDEX,,ADD_MISSING,HIGH,NO,GAME_WORK | GAME_WORK_OR_PS4_RELEASE | PS4_RELEASE,3,LAUNCHBOX_GAMES_DB | STEAM_STORE | WIKIPEDIA_PS4_LIST,B_OTHER_PLATFORM | B_PS4_RELEASE | C_DISCOVERY,https://en.wikipedia.org/wiki/List_of_PlayStation_4_games_(A%E2%80%93L) | https://store.steampowered.com/app/1954200 | https://gamesdb.launchbox-app.com/games/details/473320,"La lista específica de PS4 atribuye el desarrollo a esta compañía. | La ficha comercial de Steam confirma la desarrolladora de la obra, no necesariamente el port de PS4. | LaunchBox registra esta desarrolladora para su ficha de PS4.",No propagar a ports o compilaciones sin comprobar sus créditos propios.,HIGH_OR_BETTER_GROUP_NOT_FULLY_RESOLVED | MISSING_SLUG | NOT_IN_COMPANY_INDEX
ps4-killzone-shadow-fall,Killzone Shadow Fall,PAL España,standard,killzone shadow fall,killzone shadow fall,GAME_OR_UNKNOWN,PHYSICAL_PUBLISHER_OR_DISTRIBUTOR,publisher,Sony Computer Entertainment Europe Ltd.,,Sony Computer Entertainment Europe Ltd.,AMBIGUOUS_NAME,Sony Computer Entertainment,REPLACE_OR_ADD_REVIEW,HIGH,NO,EXACT_PHYSICAL_EDITION,1,PRICECHARTING_EXACT_PAL_PAGE,B_EXACT_PHYSICAL,https://www.pricecharting.com/game/pal-playstation-4/killzone-shadow-fall,La ficha exacta de la edición física PAL etiqueta a esta compañía como Publisher; puede representar publicación o distribución física.,Confirmar si la etiqueta Publisher representa publicación o distribución en la caja PAL.,AMBIGUOUS_NAME | HIGH_OR_BETTER_GROUP_NOT_FULLY_RESOLVED | MISSING_SLUG
ps4-king-of-fighters-%2798-ultimate-match-final-edition,King of Fighters '98: Ultimate Match Final Edition,PAL España,standard,king of fighters 98 ultimate match final edition,king of fighters 98 ultimate match final edition,GAME_OR_UNKNOWN,PHYSICAL_PUBLISHER_OR_DISTRIBUTOR,publisher,Pix'n Love,,Pix'n Love,AMBIGUOUS_NAME,Pix'n Love,REPLACE_OR_ADD_REVIEW,HIGH,NO,EXACT_PHYSICAL_EDITION,2,PRICECHARTING_EXACT_PAL_PAGE | REGIONATLAS_LEGACY_PRICECHARTING_CREDIT,B_EXACT_PHYSICAL | B_LEGACY_EXACT_PHYSICAL,https://www.pricecharting.com/game/pal-playstation-4/king-of-fighters-%2798-ultimate-match-final-edition,La ficha exacta de la edición física PAL etiqueta a esta compañía como Publisher; puede representar publicación o distribución física. | El crédito actual procede de la importación histórica de la ficha física enlazada; se contrasta con la consulta en vivo.,Confirmar si la etiqueta Publisher representa publicación o distribución en la caja PAL.,AMBIGUOUS_NAME | HIGH_OR_BETTER_GROUP_NOT_FULLY_RESOLVED | MISSING_SLUG
ps4-king-of-fighters-%2798-ultimate-match-final-edition-collector%27s-edition,King Of Fighters '98 Ultimate Match Final Edition [Collector's Edition],PAL España,standard,king of fighters 98 ultimate match final edition,king of fighters 98 ultimate match final edition,EDITION_VARIANT,PHYSICAL_PUBLISHER_OR_DISTRIBUTOR,publisher,Pix'n Love,,Pix'n Love,AMBIGUOUS_NAME,Pix'n Love,REPLACE_OR_ADD_REVIEW,HIGH,NO,EXACT_PHYSICAL_EDITION,2,PRICECHARTING_EXACT_PAL_PAGE | REGIONATLAS_LEGACY_PRICECHARTING_CREDIT,B_EXACT_PHYSICAL | B_LEGACY_EXACT_PHYSICAL,https://www.pricecharting.com/game/pal-playstation-4/king-of-fighters-%2798-ultimate-match-final-edition-collector%27s-edition,La ficha exacta de la edición física PAL etiqueta a esta compañía como Publisher; puede representar publicación o distribución física. | El crédito actual procede de la importación histórica de la ficha física enlazada; se contrasta con la consulta en vivo.,Confirmar si la etiqueta Publisher representa publicación o distribución en la caja PAL.,AMBIGUOUS_NAME | HIGH_OR_BETTER_GROUP_NOT_FULLY_RESOLVED | MISSING_SLUG
ps4-king-of-fighters-2002-unlimited-match,King Of Fighters 2002 Unlimited Match,PAL España,standard,king of fighters 2002 unlimited match,king of fighters 2002 unlimited match,GAME_OR_UNKNOWN,PHYSICAL_PUBLISHER_OR_DISTRIBUTOR,publisher,Pix N Love,,Pix N Love,AMBIGUOUS_NAME,Pix N Love,REPLACE_OR_ADD_REVIEW,HIGH,NO,EXACT_PHYSICAL_EDITION,2,PRICECHARTING_EXACT_PAL_PAGE | REGIONATLAS_LEGACY_PRICECHARTING_CREDIT,B_EXACT_PHYSICAL | B_LEGACY_EXACT_PHYSICAL,https://www.pricecharting.com/game/pal-playstation-4/king-of-fighters-2002-unlimited-match,La ficha exacta de la edición física PAL etiqueta a esta compañía como Publisher; puede representar publicación o distribución física. | El crédito actual procede de la importación histórica de la ficha física enlazada; se contrasta con la consulta en vivo.,Confirmar si la etiqueta Publisher representa publicación o distribución en la caja PAL.,AMBIGUOUS_NAME | HIGH_OR_BETTER_GROUP_NOT_FULLY_RESOLVED | MISSING_SLUG
ps4-king-of-fighters-xiv-ultimate-edition,King Of Fighters XIV: Ultimate Edition,PAL España,standard,king of fighters xiv ultimate edition,king of fighters xiv,EDITION_VARIANT,PHYSICAL_PUBLISHER_OR_DISTRIBUTOR,publisher,pix'n love games,,pix'n love games,AMBIGUOUS_NAME,Deep Silver,REPLACE_OR_ADD_REVIEW,HIGH,NO,EXACT_PHYSICAL_EDITION,1,PRICECHARTING_EXACT_PAL_PAGE,B_EXACT_PHYSICAL,https://www.pricecharting.com/game/pal-playstation-4/king-of-fighters-xiv-ultimate-edition,La ficha exacta de la edición física PAL etiqueta a esta compañía como Publisher; puede representar publicación o distribución física.,Confirmar si la etiqueta Publisher representa publicación o distribución en la caja PAL.,AMBIGUOUS_NAME | HIGH_OR_BETTER_GROUP_NOT_FULLY_RESOLVED | MISSING_SLUG
ps4-kingdom-hearts-all-in-one-package,Kingdom Hearts All-In-One Package,PAL España,standard,kingdom hearts all in one package,kingdom hearts all in one package,GAME_OR_UNKNOWN,PHYSICAL_PUBLISHER_OR_DISTRIBUTOR,publisher,Square Enix,,Square Enix,AMBIGUOUS_NAME,Square Enix,REPLACE_OR_ADD_REVIEW,HIGH,NO,EXACT_PHYSICAL_EDITION,2,PRICECHARTING_EXACT_PAL_PAGE | REGIONATLAS_LEGACY_PRICECHARTING_CREDIT,B_EXACT_PHYSICAL | B_LEGACY_EXACT_PHYSICAL,https://www.pricecharting.com/game/pal-playstation-4/kingdom-hearts-all-in-one-package,La ficha exacta de la edición física PAL etiqueta a esta compañía como Publisher; puede representar publicación o distribución física. | El crédito actual procede de la importación histórica de la ficha física enlazada; se contrasta con la consulta en vivo.,Confirmar si la etiqueta Publisher representa publicación o distribución en la caja PAL.,AMBIGUOUS_NAME | HIGH_OR_BETTER_GROUP_NOT_FULLY_RESOLVED | MISSING_SLUG
ps4-kingdom-hearts-hd-15-&#43;-25-remix,Kingdom Hearts HD 1.5 + 2.5 Remix,PAL España,standard,kingdom hearts hd 1 5 2 5 remix,kingdom hearts hd 1 5 2 5 remix,GAME_OR_UNKNOWN,DEVELOPER,developer,Square Enix,,SQUARE ENIX | Square Enix,AMBIGUOUS_NAME,,ADD_MISSING,HIGH,NO,GAME_WORK | GAME_WORK_OR_PS4_RELEASE | MATCHED_PS4_PRODUCT,3,PLAYSTATION_STORE_EXPLICIT_CREDIT | STEAM_STORE | WIKIPEDIA_PS4_LIST,A_OFFICIAL_MATCHED_TITLE_CREDIT | B_OTHER_PLATFORM | B_PS4_RELEASE,https://store.playstation.com/es-es/product/EP0082-CUSA05786_00-KINGDOMHEART1525 | https://en.wikipedia.org/wiki/List_of_PlayStation_4_games_(A%E2%80%93L) | https://store.steampowered.com/app/2552430,"Developed by SQUARE ENIX | La lista específica de PS4 atribuye el desarrollo a esta compañía. | La ficha comercial de Steam confirma la desarrolladora de la obra, no necesariamente el port de PS4.",No propagar a ports o compilaciones sin comprobar sus créditos propios.,AMBIGUOUS_NAME | HIGH_OR_BETTER_GROUP_NOT_FULLY_RESOLVED | MISSING_SLUG
ps4-kingdom-hearts-hd-15-&#43;-25-remix-limited-edition,Kingdom Hearts HD 1.5 + 2.5 Remix [Limited Edition],PAL España,standard,kingdom hearts hd 1 5 2 5 remix,kingdom hearts hd 1 5 2 5 remix,EDITION_VARIANT,DEVELOPER,developer,Square Enix,,SQUARE ENIX | Square Enix,AMBIGUOUS_NAME,,ADD_MISSING,HIGH,NO,GAME_WORK | GAME_WORK_OR_PS4_RELEASE | MATCHED_PS4_PRODUCT,3,PLAYSTATION_STORE_EXPLICIT_CREDIT | STEAM_STORE | WIKIPEDIA_PS4_LIST,A_OFFICIAL_MATCHED_TITLE_CREDIT | B_OTHER_PLATFORM | B_PS4_RELEASE,https://store.playstation.com/es-es/product/EP0082-CUSA05786_00-KINGDOMHEART1525 | https://en.wikipedia.org/wiki/List_of_PlayStation_4_games_(A%E2%80%93L) | https://store.steampowered.com/app/2552430,"Developed by SQUARE ENIX | La lista específica de PS4 atribuye el desarrollo a esta compañía. | La ficha comercial de Steam confirma la desarrolladora de la obra, no necesariamente el port de PS4.",No propagar a ports o compilaciones sin comprobar sus créditos propios.,AMBIGUOUS_NAME | HIGH_OR_BETTER_GROUP_NOT_FULLY_RESOLVED | MISSING_SLUG
ps4-kingdom-hearts-hd-15-&#43;-25-remix-limited-edition,Kingdom Hearts HD 1.5 + 2.5 Remix [Limited Edition],PAL España,standard,kingdom hearts hd 1 5 2 5 remix,kingdom hearts hd 1 5 2 5 remix,EDITION_VARIANT,PHYSICAL_PUBLISHER_OR_DISTRIBUTOR,publisher,Square Enix LTD,,Square Enix LTD | Square Enix,AMBIGUOUS_NAME,,ADD_MISSING,HIGH,NO,EXACT_PHYSICAL_EDITION | PAL_RELEASE,2,PRICECHARTING_EXACT_PAL_PAGE | WIKIPEDIA_PS4_LIST_PAL,B_EXACT_PHYSICAL | B_PAL_RELEASE,https://www.pricecharting.com/game/pal-playstation-4/kingdom-hearts-hd-15-+-25-remix-limited-edition | https://en.wikipedia.org/wiki/List_of_PlayStation_4_games_(A%E2%80%93L),La ficha exacta de la edición física PAL etiqueta a esta compañía como Publisher; puede representar publicación o distribución física. | La columna PAL de la lista de PS4 atribuye la publicación a esta compañía.,Confirmar si la etiqueta Publisher representa publicación o distribución en la caja PAL.,AMBIGUOUS_NAME | HIGH_OR_BETTER_GROUP_NOT_FULLY_RESOLVED | MISSING_SLUG
ps4-kingdom-hearts-hd-28-final-chapter-prologue,Kingdom Hearts HD 2.8 Final Chapter Prologue,PAL España,standard,kingdom hearts hd 2 8 final chapter prologue,kingdom hearts hd 2 8 final chapter prologue,GAME_OR_UNKNOWN,DEVELOPER,developer,Square Enix,,SQUARE ENIX | Square Enix,AMBIGUOUS_NAME,,ADD_MISSING,HIGH,NO,GAME_WORK | GAME_WORK_OR_PS4_RELEASE | MATCHED_PS4_PRODUCT,4,PLAYSTATION_STORE_EXPLICIT_CREDIT | STEAM_STORE | WIKIDATA | WIKIPEDIA_PS4_LIST,A_OFFICIAL_MATCHED_TITLE_CREDIT | B_OTHER_PLATFORM | B_PS4_RELEASE | C_DISCOVERY,https://store.playstation.com/es-es/product/EP0082-CUSA05787_00-KINGDOMHEARTSX28 | https://en.wikipedia.org/wiki/List_of_PlayStation_4_games_(A%E2%80%93L) | https://store.steampowered.com/app/2552440 | https://www.wikidata.org/wiki/Q20973486,"Developed by SQUARE ENIX | La lista específica de PS4 atribuye el desarrollo a esta compañía. | La ficha comercial de Steam confirma la desarrolladora de la obra, no necesariamente el port de PS4. | Wikidata registra la compañía como desarrolladora.",No propagar a ports o compilaciones sin comprobar sus créditos propios.,AMBIGUOUS_NAME | HIGH_OR_BETTER_GROUP_NOT_FULLY_RESOLVED | MISSING_SLUG
ps4-kingdom-hearts-hd-28-final-chapter-prologue-limited-edition,Kingdom Hearts HD 2.8 Final Chapter Prologue [Limited Edition],PAL España,standard,kingdom hearts hd 2 8 final chapter prologue,kingdom hearts hd 2 8 final chapter prologue,EDITION_VARIANT,DEVELOPER,developer,Square Enix,,SQUARE ENIX | Square Enix,AMBIGUOUS_NAME,,ADD_MISSING,HIGH,NO,GAME_WORK | GAME_WORK_OR_PS4_RELEASE | MATCHED_PS4_PRODUCT,4,PLAYSTATION_STORE_EXPLICIT_CREDIT | STEAM_STORE | WIKIDATA | WIKIPEDIA_PS4_LIST,A_OFFICIAL_MATCHED_TITLE_CREDIT | B_OTHER_PLATFORM | B_PS4_RELEASE | C_DISCOVERY,https://store.playstation.com/es-es/product/EP0082-CUSA05787_00-KINGDOMHEARTSX28 | https://en.wikipedia.org/wiki/List_of_PlayStation_4_games_(A%E2%80%93L) | https://store.steampowered.com/app/2552440 | https://www.wikidata.org/wiki/Q20973486,"Developed by SQUARE ENIX | La lista específica de PS4 atribuye el desarrollo a esta compañía. | La ficha comercial de Steam confirma la desarrolladora de la obra, no necesariamente el port de PS4. | Wikidata registra la compañía como desarrolladora.",No propagar a ports o compilaciones sin comprobar sus créditos propios.,AMBIGUOUS_NAME | HIGH_OR_BETTER_GROUP_NOT_FULLY_RESOLVED | MISSING_SLUG
ps4-kingdom-hearts-iii,Kingdom Hearts III,PAL España,standard,kingdom hearts iii,kingdom hearts iii,GAME_OR_UNKNOWN,PHYSICAL_PUBLISHER_OR_DISTRIBUTOR,publisher,Square Enix,,Square Enix,AMBIGUOUS_NAME,Square Enix,REPLACE_OR_ADD_REVIEW,HIGH,NO,EXACT_PHYSICAL_EDITION | PAL_RELEASE,3,PRICECHARTING_EXACT_PAL_PAGE | REGIONATLAS_LEGACY_PRICECHARTING_CREDIT | WIKIPEDIA_PS4_LIST_PAL,B_EXACT_PHYSICAL | B_LEGACY_EXACT_PHYSICAL | B_PAL_RELEASE,https://www.pricecharting.com/game/pal-playstation-4/kingdom-hearts-iii | https://en.wikipedia.org/wiki/List_of_PlayStation_4_games_(A%E2%80%93L),La ficha exacta de la edición física PAL etiqueta a esta compañía como Publisher; puede representar publicación o distribución física. | El crédito actual procede de la importación histórica de la ficha física enlazada; se contrasta con la consulta en vivo. | La columna PAL de la lista de PS4 atribuye la publicación a esta compañía.,Confirmar si la etiqueta Publisher representa publicación o distribución en la caja PAL.,AMBIGUOUS_NAME | HIGH_OR_BETTER_GROUP_NOT_FULLY_RESOLVED | MISSING_SLUG
ps4-kingdom-hearts-iii-deluxe-edition,Kingdom Hearts III [Deluxe Edition],PAL España,standard,kingdom hearts iii,kingdom hearts iii,EDITION_VARIANT,DEVELOPER,developer,Square Enix,,SQUARE ENIX | Square Enix,AMBIGUOUS_NAME,,ADD_MISSING,HIGH,NO,EXACT_PHYSICAL_EDITION | GAME_WORK | GAME_WORK_OR_PS4_RELEASE | MATCHED_PS4_PRODUCT | PS4_RELEASE,5,LAUNCHBOX_GAMES_DB | PLAYSTATION_STORE_EXPLICIT_CREDIT | PRICECHARTING_EXACT_PAL_PAGE | WIKIDATA | WIKIPEDIA_PS4_LIST,A_OFFICIAL_MATCHED_TITLE_CREDIT | B_EXACT_PHYSICAL | B_PS4_RELEASE | C_DISCOVERY,https://store.playstation.com/es-es/product/EP0082-CUSA12025_00-KINGDOMHEARTSX30 | https://www.pricecharting.com/game/pal-playstation-4/kingdom-hearts-iii-deluxe-edition | https://en.wikipedia.org/wiki/List_of_PlayStation_4_games_(A%E2%80%93L) | https://www.wikidata.org/wiki/Q3265748 | https://gamesdb.launchbox-app.com/games/details/148141,Developed by SQUARE ENIX | La ficha enlazada de la edición física PAL atribuye el desarrollo a esta compañía. | La lista específica de PS4 atribuye el desarrollo a esta compañía. | Wikidata registra la compañía como desarrolladora. | LaunchBox registra esta desarrolladora para su ficha de PS4.,No propagar a ports o compilaciones sin comprobar sus créditos propios.,AMBIGUOUS_NAME | HIGH_OR_BETTER_GROUP_NOT_FULLY_RESOLVED | MISSING_SLUG
ps4-kingdom-hearts-iii-deluxe-edition,Kingdom Hearts III [Deluxe Edition],PAL España,standard,kingdom hearts iii,kingdom hearts iii,EDITION_VARIANT,PHYSICAL_PUBLISHER_OR_DISTRIBUTOR,publisher,SQUARE ENIX,,SQUARE ENIX | Square Enix,AMBIGUOUS_NAME,,ADD_MISSING,HIGH,NO,EXACT_PHYSICAL_EDITION | PAL_RELEASE,2,PRICECHARTING_EXACT_PAL_PAGE | WIKIPEDIA_PS4_LIST_PAL,B_EXACT_PHYSICAL | B_PAL_RELEASE,https://www.pricecharting.com/game/pal-playstation-4/kingdom-hearts-iii-deluxe-edition | https://en.wikipedia.org/wiki/List_of_PlayStation_4_games_(A%E2%80%93L),La ficha exacta de la edición física PAL etiqueta a esta compañía como Publisher; puede representar publicación o distribución física. | La columna PAL de la lista de PS4 atribuye la publicación a esta compañía.,Confirmar si la etiqueta Publisher representa publicación o distribución en la caja PAL.,AMBIGUOUS_NAME | HIGH_OR_BETTER_GROUP_NOT_FULLY_RESOLVED | MISSING_SLUG
ps4-kingdom-hearts-melody-of-memory,Kingdom Hearts: Melody of Memory,PAL España,standard,kingdom hearts melody of memory,kingdom hearts melody of memory,GAME_OR_UNKNOWN,PHYSICAL_PUBLISHER_OR_DISTRIBUTOR,publisher,Square Enix Ltd.,,Square Enix Ltd. | Square Enix,AMBIGUOUS_NAME,Square Enix Ltd.,REPLACE_OR_ADD_REVIEW,HIGH,NO,EXACT_PHYSICAL_EDITION | PAL_RELEASE,3,PRICECHARTING_EXACT_PAL_PAGE | REGIONATLAS_LEGACY_PRICECHARTING_CREDIT | WIKIPEDIA_PS4_LIST_PAL,B_EXACT_PHYSICAL | B_LEGACY_EXACT_PHYSICAL | B_PAL_RELEASE,https://www.pricecharting.com/game/pal-playstation-4/kingdom-hearts-melody-of-memory | https://en.wikipedia.org/wiki/List_of_PlayStation_4_games_(A%E2%80%93L),La ficha exacta de la edición física PAL etiqueta a esta compañía como Publisher; puede representar publicación o distribución física. | El crédito actual procede de la importación histórica de la ficha física enlazada; se contrasta con la consulta en vivo. | La columna PAL de la lista de PS4 atribuye la publicación a esta compañía.,Confirmar si la etiqueta Publisher representa publicación o distribución en la caja PAL.,AMBIGUOUS_NAME | HIGH_OR_BETTER_GROUP_NOT_FULLY_RESOLVED | MISSING_SLUG
ps4-kingdom-hearts-the-story-so-far,Kingdom Hearts The Story So Far,PAL España,standard,kingdom hearts the story so far,kingdom hearts the story so far,GAME_OR_UNKNOWN,DEVELOPER,developer,Square Enix Co Ltd.,,Square Enix Co Ltd. | Square Enix,AMBIGUOUS_NAME,"Square Enix Co., Ltd.",REPLACE_OR_ADD_REVIEW,HIGH,NO,EXACT_PHYSICAL_EDITION | GAME_WORK_OR_PS4_RELEASE | PS4_RELEASE,4,LAUNCHBOX_GAMES_DB | PRICECHARTING_EXACT_PAL_PAGE | REGIONATLAS_LEGACY_PRICECHARTING_CREDIT | WIKIPEDIA_PS4_LIST,B_EXACT_PHYSICAL | B_LEGACY_EXACT_PHYSICAL | B_PS4_RELEASE | C_DISCOVERY,https://www.pricecharting.com/game/pal-playstation-4/kingdom-hearts-the-story-so-far | https://en.wikipedia.org/wiki/List_of_PlayStation_4_games_(A%E2%80%93L) | https://gamesdb.launchbox-app.com/games/details/162522,La ficha enlazada de la edición física PAL atribuye el desarrollo a esta compañía. | El crédito actual procede de la importación histórica de la ficha física enlazada; se contrasta con la consulta en vivo. | La lista específica de PS4 atribuye el desarrollo a esta compañía. | LaunchBox registra esta desarrolladora para su ficha de PS4.,No propagar a ports o compilaciones sin comprobar sus créditos propios.,AMBIGUOUS_NAME | HIGH_OR_BETTER_GROUP_NOT_FULLY_RESOLVED | MISSING_SLUG
ps4-kingdom-hearts-the-story-so-far,Kingdom Hearts The Story So Far,PAL España,standard,kingdom hearts the story so far,kingdom hearts the story so far,GAME_OR_UNKNOWN,PHYSICAL_PUBLISHER_OR_DISTRIBUTOR,publisher,Square Enix Ltd.,,Square Enix Ltd. | Square Enix,AMBIGUOUS_NAME,Square Enix Ltd.,REPLACE_OR_ADD_REVIEW,HIGH,NO,EXACT_PHYSICAL_EDITION | PAL_RELEASE,3,PRICECHARTING_EXACT_PAL_PAGE | REGIONATLAS_LEGACY_PRICECHARTING_CREDIT | WIKIPEDIA_PS4_LIST_PAL,B_EXACT_PHYSICAL | B_LEGACY_EXACT_PHYSICAL | B_PAL_RELEASE,https://www.pricecharting.com/game/pal-playstation-4/kingdom-hearts-the-story-so-far | https://en.wikipedia.org/wiki/List_of_PlayStation_4_games_(A%E2%80%93L),La ficha exacta de la edición física PAL etiqueta a esta compañía como Publisher; puede representar publicación o distribución física. | El crédito actual procede de la importación histórica de la ficha física enlazada; se contrasta con la consulta en vivo. | La columna PAL de la lista de PS4 atribuye la publicación a esta compañía.,Confirmar si la etiqueta Publisher representa publicación o distribución en la caja PAL.,AMBIGUOUS_NAME | HIGH_OR_BETTER_GROUP_NOT_FULLY_RESOLVED | MISSING_SLUG
ps4-kingdoms-of-amalur-re-reckoning,Kingdoms of Amalur Re-Reckoning,PAL España,standard,kingdoms of amalur re reckoning,kingdoms of amalur re reckoning,GAME_OR_UNKNOWN,PHYSICAL_PUBLISHER_OR_DISTRIBUTOR,publisher,THQ Nordic,,THQ Nordic,AMBIGUOUS_NAME,THQ Nordic,REPLACE_OR_ADD_REVIEW,HIGH,NO,EXACT_PHYSICAL_EDITION | PAL_RELEASE,3,PRICECHARTING_EXACT_PAL_PAGE | REGIONATLAS_LEGACY_PRICECHARTING_CREDIT | WIKIPEDIA_PS4_LIST_PAL,B_EXACT_PHYSICAL | B_LEGACY_EXACT_PHYSICAL | B_PAL_RELEASE,https://www.pricecharting.com/game/pal-playstation-4/kingdoms-of-amalur-re-reckoning | https://en.wikipedia.org/wiki/List_of_PlayStation_4_games_(A%E2%80%93L),La ficha exacta de la edición física PAL etiqueta a esta compañía como Publisher; puede representar publicación o distribución física. | El crédito actual procede de la importación histórica de la ficha física enlazada; se contrasta con la consulta en vivo. | La columna PAL de la lista de PS4 atribuye la publicación a esta compañía.,Confirmar si la etiqueta Publisher representa publicación o distribución en la caja PAL.,AMBIGUOUS_NAME | HIGH_OR_BETTER_GROUP_NOT_FULLY_RESOLVED | MISSING_SLUG
ps4-kingdoms-of-amalur-re-reckoning-collector%27s-edition,Kingdoms Of Amalur: Re-Reckoning [Collector's Edition],PAL España,standard,kingdoms of amalur re reckoning,kingdoms of amalur re reckoning,EDITION_VARIANT,DEVELOPER,developer,Kaiko,kaiko,KAIKO | Kaiko,EXACT_NAME_OR_ALIAS,Kaiko,RETAIN,HIGH,NO,EXACT_PHYSICAL_EDITION | GAME_WORK | GAME_WORK_OR_PS4_RELEASE | MATCHED_PS4_PRODUCT,4,PLAYSTATION_STORE_EXPLICIT_CREDIT | REGIONATLAS_LEGACY_PRICECHARTING_CREDIT | STEAM_STORE | WIKIPEDIA_PS4_LIST,A_OFFICIAL_MATCHED_TITLE_CREDIT | B_LEGACY_EXACT_PHYSICAL | B_OTHER_PLATFORM | B_PS4_RELEASE,https://store.playstation.com/es-es/product/EP4389-CUSA17245_00-KOARECKONINGDEEU | https://www.pricecharting.com/game/pal-playstation-4/kingdoms-of-amalur-re-reckoning-collector%27s-edition | https://en.wikipedia.org/wiki/List_of_PlayStation_4_games_(A%E2%80%93L) | https://store.steampowered.com/app/1041720,"Developed by KAIKO | Developed by Big Huge Games | El crédito actual procede de la importación histórica de la ficha física enlazada; se contrasta con la consulta en vivo. | La lista específica de PS4 atribuye el desarrollo a esta compañía. | La ficha comercial de Steam confirma la desarrolladora de la obra, no necesariamente el port de PS4.",No propagar a ports o compilaciones sin comprobar sus créditos propios.,HIGH_OR_BETTER_GROUP_NOT_FULLY_RESOLVED
ps4-kingdoms-of-amalur-re-reckoning-collector%27s-edition,Kingdoms Of Amalur: Re-Reckoning [Collector's Edition],PAL España,standard,kingdoms of amalur re reckoning,kingdoms of amalur re reckoning,EDITION_VARIANT,DEVELOPER,developer,Big Huge Games,,Big Huge Games,NOT_IN_COMPANY_INDEX,Kaiko,REPLACE_OR_ADD_REVIEW,HIGH,NO,GAME_WORK | MATCHED_PS4_PRODUCT | PS4_RELEASE,3,LAUNCHBOX_GAMES_DB | PLAYSTATION_STORE_EXPLICIT_CREDIT | STEAM_STORE,A_OFFICIAL_MATCHED_TITLE_CREDIT | B_OTHER_PLATFORM | C_DISCOVERY,https://store.playstation.com/es-es/product/EP4389-CUSA17245_00-KOARECKONINGDEEU | https://store.steampowered.com/app/1041720 | https://gamesdb.launchbox-app.com/games/details/463068,"Developed by KAIKO | Developed by Big Huge Games | La ficha comercial de Steam confirma la desarrolladora de la obra, no necesariamente el port de PS4. | LaunchBox registra esta desarrolladora para su ficha de PS4.",No propagar a ports o compilaciones sin comprobar sus créditos propios.,HIGH_OR_BETTER_GROUP_NOT_FULLY_RESOLVED | MISSING_SLUG | NOT_IN_COMPANY_INDEX
ps4-knack,Knack,PAL España,standard,knack,knack,GAME_OR_UNKNOWN,PHYSICAL_PUBLISHER_OR_DISTRIBUTOR,publisher,Sony Computer Entertainment Europe,,Sony Computer Entertainment Europe,AMBIGUOUS_NAME,Sony Computer Entertainment,REPLACE_OR_ADD_REVIEW,HIGH,NO,EXACT_PHYSICAL_EDITION,1,PRICECHARTING_EXACT_PAL_PAGE,B_EXACT_PHYSICAL,https://www.pricecharting.com/game/pal-playstation-4/knack,La ficha exacta de la edición física PAL etiqueta a esta compañía como Publisher; puede representar publicación o distribución física.,Confirmar si la etiqueta Publisher representa publicación o distribución en la caja PAL.,AMBIGUOUS_NAME | HIGH_OR_BETTER_GROUP_NOT_FULLY_RESOLVED | MISSING_SLUG
ps4-kukoos-lost-pets,Kukoos Lost Pets,PAL España,standard,kukoos lost pets,kukoos lost pets,GAME_OR_UNKNOWN,DEVELOPER,developer,PetitFabrik,,PetitFabrik,NOT_IN_COMPANY_INDEX,,ADD_MISSING,HIGH,NO,MATCHED_PS4_PRODUCT,1,PLAYSTATION_STORE_EXPLICIT_CREDIT,A_OFFICIAL_MATCHED_TITLE_CREDIT,https://store.playstation.com/es-es/product/EP1877-CUSA36593_00-KUKOOSBASEGAME00,Developed by PetitFabrik,No propagar a ports o compilaciones sin comprobar sus créditos propios.,HIGH_OR_BETTER_GROUP_NOT_FULLY_RESOLVED | MISSING_SLUG | NOT_IN_COMPANY_INDEX
ps4-labyrinth-of-galleria-the-moon-society,Labyrinth of Galleria: The Moon Society,PAL España,standard,labyrinth of galleria the moon society,labyrinth of galleria the moon society,GAME_OR_UNKNOWN,DEVELOPER,developer,Nippon Ichi Software,,Nippon Ichi Software | Nippon Ichi Software Inc.,AMBIGUOUS_NAME,Nippon Ichi Software,REPLACE_OR_ADD_REVIEW,HIGH,NO,EXACT_PHYSICAL_EDITION | GAME_WORK | GAME_WORK_OR_PS4_RELEASE | PS4_RELEASE,6,LAUNCHBOX_GAMES_DB | PRICECHARTING_EXACT_PAL_PAGE | REGIONATLAS_LEGACY_PRICECHARTING_CREDIT | STEAM_STORE | WIKIDATA | WIKIPEDIA_PS4_LIST,B_EXACT_PHYSICAL | B_LEGACY_EXACT_PHYSICAL | B_OTHER_PLATFORM | B_PS4_RELEASE | C_DISCOVERY,https://www.pricecharting.com/game/pal-playstation-4/labyrinth-of-galleria-the-moon-society | https://en.wikipedia.org/wiki/List_of_PlayStation_4_games_(A%E2%80%93L) | https://store.steampowered.com/app/1998340 | https://www.wikidata.org/wiki/Q117599008 | https://gamesdb.launchbox-app.com/games/details/475868,"La ficha enlazada de la edición física PAL atribuye el desarrollo a esta compañía. | El crédito actual procede de la importación histórica de la ficha física enlazada; se contrasta con la consulta en vivo. | La lista específica de PS4 atribuye el desarrollo a esta compañía. | La ficha comercial de Steam confirma la desarrolladora de la obra, no necesariamente el port de PS4. | Wikidata registra la compañía como desarrolladora. | LaunchBox registra esta desarrolladora para su ficha de PS4.",No propagar a ports o compilaciones sin comprobar sus créditos propios.,AMBIGUOUS_NAME | HIGH_OR_BETTER_GROUP_NOT_FULLY_RESOLVED | MISSING_SLUG
ps4-labyrinth-of-galleria-the-moon-society,Labyrinth of Galleria: The Moon Society,PAL España,standard,labyrinth of galleria the moon society,labyrinth of galleria the moon society,GAME_OR_UNKNOWN,PHYSICAL_PUBLISHER_OR_DISTRIBUTOR,publisher,NIS America,,NIS America,AMBIGUOUS_NAME,NIS America,REPLACE_OR_ADD_REVIEW,HIGH,NO,EXACT_PHYSICAL_EDITION,2,PRICECHARTING_EXACT_PAL_PAGE | REGIONATLAS_LEGACY_PRICECHARTING_CREDIT,B_EXACT_PHYSICAL | B_LEGACY_EXACT_PHYSICAL,https://www.pricecharting.com/game/pal-playstation-4/labyrinth-of-galleria-the-moon-society,La ficha exacta de la edición física PAL etiqueta a esta compañía como Publisher; puede representar publicación o distribución física. | El crédito actual procede de la importación histórica de la ficha física enlazada; se contrasta con la consulta en vivo.,Confirmar si la etiqueta Publisher representa publicación o distribución en la caja PAL.,AMBIGUOUS_NAME | HIGH_OR_BETTER_GROUP_NOT_FULLY_RESOLVED | MISSING_SLUG
ps4-labyrinth-of-refrain-coven-of-dusk,Labyrinth of Refrain: Coven of Dusk,PAL España,standard,labyrinth of refrain coven of dusk,labyrinth of refrain coven of dusk,GAME_OR_UNKNOWN,DEVELOPER,developer,Nippon Ichi Software,,Nippon Ichi Software | Nippon Ichi Software Inc.,AMBIGUOUS_NAME,Nippon Ichi Software,REPLACE_OR_ADD_REVIEW,HIGH,NO,EXACT_PHYSICAL_EDITION | GAME_WORK | GAME_WORK_OR_PS4_RELEASE | PS4_RELEASE,6,LAUNCHBOX_GAMES_DB | PRICECHARTING_EXACT_PAL_PAGE | REGIONATLAS_LEGACY_PRICECHARTING_CREDIT | STEAM_STORE | WIKIDATA | WIKIPEDIA_PS4_LIST,B_EXACT_PHYSICAL | B_LEGACY_EXACT_PHYSICAL | B_OTHER_PLATFORM | B_PS4_RELEASE | C_DISCOVERY,https://www.pricecharting.com/game/pal-playstation-4/labyrinth-of-refrain-coven-of-dusk | https://en.wikipedia.org/wiki/List_of_PlayStation_4_games_(A%E2%80%93L) | https://store.steampowered.com/app/566540 | https://www.wikidata.org/wiki/Q24864734 | https://gamesdb.launchbox-app.com/games/details/207666,"La ficha enlazada de la edición física PAL atribuye el desarrollo a esta compañía. | El crédito actual procede de la importación histórica de la ficha física enlazada; se contrasta con la consulta en vivo. | La lista específica de PS4 atribuye el desarrollo a esta compañía. | La ficha comercial de Steam confirma la desarrolladora de la obra, no necesariamente el port de PS4. | Wikidata registra la compañía como desarrolladora. | LaunchBox registra esta desarrolladora para su ficha de PS4.",No propagar a ports o compilaciones sin comprobar sus créditos propios.,AMBIGUOUS_NAME | HIGH_OR_BETTER_GROUP_NOT_FULLY_RESOLVED | MISSING_SLUG
ps4-labyrinth-of-refrain-coven-of-dusk,Labyrinth of Refrain: Coven of Dusk,PAL España,standard,labyrinth of refrain coven of dusk,labyrinth of refrain coven of dusk,GAME_OR_UNKNOWN,PHYSICAL_PUBLISHER_OR_DISTRIBUTOR,publisher,Nippon Ichi Software,,Nippon Ichi Software,AMBIGUOUS_NAME,Nippon Ichi Software,REPLACE_OR_ADD_REVIEW,HIGH,NO,EXACT_PHYSICAL_EDITION,2,PRICECHARTING_EXACT_PAL_PAGE | REGIONATLAS_LEGACY_PRICECHARTING_CREDIT,B_EXACT_PHYSICAL | B_LEGACY_EXACT_PHYSICAL,https://www.pricecharting.com/game/pal-playstation-4/labyrinth-of-refrain-coven-of-dusk,La ficha exacta de la edición física PAL etiqueta a esta compañía como Publisher; puede representar publicación o distribución física. | El crédito actual procede de la importación histórica de la ficha física enlazada; se contrasta con la consulta en vivo.,Confirmar si la etiqueta Publisher representa publicación o distribución en la caja PAL.,AMBIGUOUS_NAME | HIGH_OR_BETTER_GROUP_NOT_FULLY_RESOLVED | MISSING_SLUG
ps4-lapis-x-labyrinth,Lapis X Labyrinth,PAL España,standard,lapis x labyrinth,lapis x labyrinth,GAME_OR_UNKNOWN,PHYSICAL_PUBLISHER_OR_DISTRIBUTOR,publisher,NIS America,,NIS America,AMBIGUOUS_NAME,NIS America,REPLACE_OR_ADD_REVIEW,HIGH,NO,EXACT_PHYSICAL_EDITION | PAL_RELEASE,3,PRICECHARTING_EXACT_PAL_PAGE | REGIONATLAS_LEGACY_PRICECHARTING_CREDIT | WIKIPEDIA_PS4_LIST_PAL,B_EXACT_PHYSICAL | B_LEGACY_EXACT_PHYSICAL | B_PAL_RELEASE,https://www.pricecharting.com/game/pal-playstation-4/lapis-x-labyrinth | https://en.wikipedia.org/wiki/List_of_PlayStation_4_games_(A%E2%80%93L),La ficha exacta de la edición física PAL etiqueta a esta compañía como Publisher; puede representar publicación o distribución física. | El crédito actual procede de la importación histórica de la ficha física enlazada; se contrasta con la consulta en vivo. | La columna PAL de la lista de PS4 atribuye la publicación a esta compañía.,Confirmar si la etiqueta Publisher representa publicación o distribución en la caja PAL.,AMBIGUOUS_NAME | HIGH_OR_BETTER_GROUP_NOT_FULLY_RESOLVED | MISSING_SLUG
ps4-lapis-x-labyrinth-limited-edition,Lapis X Labyrinth [Limited Edition],PAL España,standard,lapis x labyrinth,lapis x labyrinth,EDITION_VARIANT,PHYSICAL_PUBLISHER_OR_DISTRIBUTOR,publisher,NIS America,,NIS America,AMBIGUOUS_NAME,,ADD_MISSING,HIGH,NO,EXACT_PHYSICAL_EDITION | PAL_RELEASE,2,PRICECHARTING_EXACT_PAL_PAGE | WIKIPEDIA_PS4_LIST_PAL,B_EXACT_PHYSICAL | B_PAL_RELEASE,https://www.pricecharting.com/game/pal-playstation-4/lapis-x-labyrinth-limited-edition | https://en.wikipedia.org/wiki/List_of_PlayStation_4_games_(A%E2%80%93L),La ficha exacta de la edición física PAL etiqueta a esta compañía como Publisher; puede representar publicación o distribución física. | La columna PAL de la lista de PS4 atribuye la publicación a esta compañía.,Confirmar si la etiqueta Publisher representa publicación o distribución en la caja PAL.,AMBIGUOUS_NAME | HIGH_OR_BETTER_GROUP_NOT_FULLY_RESOLVED | MISSING_SLUG
ps4-lara-croft-and-the-temple-of-osiris-gold-edition,Lara Croft And The Temple Of Osiris [Gold Edition],PAL España,standard,lara croft and the temple of osiris,lara croft and the temple of osiris,GAME_OR_UNKNOWN,PHYSICAL_PUBLISHER_OR_DISTRIBUTOR,publisher,Square Enix,,Square Enix,AMBIGUOUS_NAME,,ADD_MISSING,HIGH,NO,EXACT_PHYSICAL_EDITION | PAL_RELEASE,2,PRICECHARTING_EXACT_PAL_PAGE | WIKIPEDIA_PS4_LIST_PAL,B_EXACT_PHYSICAL | B_PAL_RELEASE,https://www.pricecharting.com/game/pal-playstation-4/lara-croft-and-the-temple-of-osiris-gold-edition | https://en.wikipedia.org/wiki/List_of_PlayStation_4_games_(A%E2%80%93L),La ficha exacta de la edición física PAL etiqueta a esta compañía como Publisher; puede representar publicación o distribución física. | La columna PAL de la lista de PS4 atribuye la publicación a esta compañía.,Confirmar si la etiqueta Publisher representa publicación o distribución en la caja PAL.,AMBIGUOUS_NAME | HIGH_OR_BETTER_GROUP_NOT_FULLY_RESOLVED | MISSING_SLUG
ps4-left-alive,Left Alive,PAL España,standard,left alive,left alive,GAME_OR_UNKNOWN,DEVELOPER,developer,Square Enix,,Square Enix,AMBIGUOUS_NAME,ilinx inc.,REPLACE_OR_ADD_REVIEW,HIGH,NO,GAME_WORK | GAME_WORK_OR_PS4_RELEASE | PS4_RELEASE,4,LAUNCHBOX_GAMES_DB | STEAM_STORE | WIKIDATA | WIKIPEDIA_PS4_LIST,B_OTHER_PLATFORM | B_PS4_RELEASE | C_DISCOVERY,https://en.wikipedia.org/wiki/List_of_PlayStation_4_games_(A%E2%80%93L) | https://store.steampowered.com/app/714370 | https://www.wikidata.org/wiki/Q40808912 | https://gamesdb.launchbox-app.com/games/details/192012,"La lista específica de PS4 atribuye el desarrollo a esta compañía. | La ficha comercial de Steam confirma la desarrolladora de la obra, no necesariamente el port de PS4. | Wikidata registra la compañía como desarrolladora. | LaunchBox registra esta desarrolladora para su ficha de PS4.",No propagar a ports o compilaciones sin comprobar sus créditos propios.,AMBIGUOUS_NAME | HIGH_OR_BETTER_GROUP_NOT_FULLY_RESOLVED | MISSING_SLUG
ps4-left-alive-mech-edition,Left Alive [Mech Edition],PAL España,standard,left alive,left alive,GAME_OR_UNKNOWN,DEVELOPER,developer,Square Enix,,Square Enix,AMBIGUOUS_NAME,,ADD_MISSING,HIGH,NO,GAME_WORK | GAME_WORK_OR_PS4_RELEASE | PS4_RELEASE,4,LAUNCHBOX_GAMES_DB | STEAM_STORE | WIKIDATA | WIKIPEDIA_PS4_LIST,B_OTHER_PLATFORM | B_PS4_RELEASE | C_DISCOVERY,https://en.wikipedia.org/wiki/List_of_PlayStation_4_games_(A%E2%80%93L) | https://store.steampowered.com/app/714370 | https://www.wikidata.org/wiki/Q40808912 | https://gamesdb.launchbox-app.com/games/details/192012,"La lista específica de PS4 atribuye el desarrollo a esta compañía. | La ficha comercial de Steam confirma la desarrolladora de la obra, no necesariamente el port de PS4. | Wikidata registra la compañía como desarrolladora. | LaunchBox registra esta desarrolladora para su ficha de PS4.",No propagar a ports o compilaciones sin comprobar sus créditos propios.,AMBIGUOUS_NAME | HIGH_OR_BETTER_GROUP_NOT_FULLY_RESOLVED | MISSING_SLUG
ps4-legend-of-heroes-trails-from-zero-deluxe-edition,Legend of Heroes: Trails from Zero [Deluxe Edition],PAL España,standard,legend of heroes trails from zero,legend of heroes trails from zero,EDITION_VARIANT,PHYSICAL_PUBLISHER_OR_DISTRIBUTOR,publisher,NIS America,,NIS America,AMBIGUOUS_NAME,NIS America,REPLACE_OR_ADD_REVIEW,HIGH,NO,EXACT_PHYSICAL_EDITION,2,PRICECHARTING_EXACT_PAL_PAGE | REGIONATLAS_LEGACY_PRICECHARTING_CREDIT,B_EXACT_PHYSICAL | B_LEGACY_EXACT_PHYSICAL,https://www.pricecharting.com/game/pal-playstation-4/legend-of-heroes-trails-from-zero-deluxe-edition,La ficha exacta de la edición física PAL etiqueta a esta compañía como Publisher; puede representar publicación o distribución física. | El crédito actual procede de la importación histórica de la ficha física enlazada; se contrasta con la consulta en vivo.,Confirmar si la etiqueta Publisher representa publicación o distribución en la caja PAL.,AMBIGUOUS_NAME | HIGH_OR_BETTER_GROUP_NOT_FULLY_RESOLVED | MISSING_SLUG
ps4-legend-of-heroes-trails-of-cold-steel,Legend of Heroes : Trails of Cold Steel,PAL España,standard,legend of heroes trails of cold steel,legend of heroes trails of cold steel,GAME_OR_UNKNOWN,PHYSICAL_PUBLISHER_OR_DISTRIBUTOR,publisher,Marvelous,,Marvelous,AMBIGUOUS_NAME,Marvelous,REPLACE_OR_ADD_REVIEW,HIGH,NO,EXACT_PHYSICAL_EDITION,2,PRICECHARTING_EXACT_PAL_PAGE | REGIONATLAS_LEGACY_PRICECHARTING_CREDIT,B_EXACT_PHYSICAL | B_LEGACY_EXACT_PHYSICAL,https://www.pricecharting.com/game/pal-playstation-4/legend-of-heroes-trails-of-cold-steel,La ficha exacta de la edición física PAL etiqueta a esta compañía como Publisher; puede representar publicación o distribución física. | El crédito actual procede de la importación histórica de la ficha física enlazada; se contrasta con la consulta en vivo.,Confirmar si la etiqueta Publisher representa publicación o distribución en la caja PAL.,AMBIGUOUS_NAME | HIGH_OR_BETTER_GROUP_NOT_FULLY_RESOLVED | MISSING_SLUG
ps4-legend-of-heroes-trails-of-cold-steel-ii,Legend Of Heroes: Trails Of Cold Steel II,PAL España,standard,legend of heroes trails of cold steel ii,legend of heroes trails of cold steel ii,GAME_OR_UNKNOWN,PHYSICAL_PUBLISHER_OR_DISTRIBUTOR,publisher,Marvelous,,Marvelous,AMBIGUOUS_NAME,Marvelous,REPLACE_OR_ADD_REVIEW,HIGH,NO,EXACT_PHYSICAL_EDITION,2,PRICECHARTING_EXACT_PAL_PAGE | REGIONATLAS_LEGACY_PRICECHARTING_CREDIT,B_EXACT_PHYSICAL | B_LEGACY_EXACT_PHYSICAL,https://www.pricecharting.com/game/pal-playstation-4/legend-of-heroes-trails-of-cold-steel-ii,La ficha exacta de la edición física PAL etiqueta a esta compañía como Publisher; puede representar publicación o distribución física. | El crédito actual procede de la importación histórica de la ficha física enlazada; se contrasta con la consulta en vivo.,Confirmar si la etiqueta Publisher representa publicación o distribución en la caja PAL.,AMBIGUOUS_NAME | HIGH_OR_BETTER_GROUP_NOT_FULLY_RESOLVED | MISSING_SLUG
ps4-legend-of-heroes-trails-of-cold-steel-iii-thors-academy-edition,Legend of Heroes: Trails of Cold Steel III [Thors Academy Edition],PAL España,standard,legend of heroes trails of cold steel iii,legend of heroes trails of cold steel iii,GAME_OR_UNKNOWN,PHYSICAL_PUBLISHER_OR_DISTRIBUTOR,publisher,NIS America,,NIS America,AMBIGUOUS_NAME,NIS America,REPLACE_OR_ADD_REVIEW,HIGH,NO,EXACT_PHYSICAL_EDITION,2,PRICECHARTING_EXACT_PAL_PAGE | REGIONATLAS_LEGACY_PRICECHARTING_CREDIT,B_EXACT_PHYSICAL | B_LEGACY_EXACT_PHYSICAL,https://www.pricecharting.com/game/pal-playstation-4/legend-of-heroes-trails-of-cold-steel-iii-thors-academy-edition,La ficha exacta de la edición física PAL etiqueta a esta compañía como Publisher; puede representar publicación o distribución física. | El crédito actual procede de la importación histórica de la ficha física enlazada; se contrasta con la consulta en vivo.,Confirmar si la etiqueta Publisher representa publicación o distribución en la caja PAL.,AMBIGUOUS_NAME | HIGH_OR_BETTER_GROUP_NOT_FULLY_RESOLVED | MISSING_SLUG
ps4-legend-of-heroes-trails-of-cold-steel-iv-limited-edition,Legend Of Heroes: Trails Of Cold Steel IV [Limited Edition],PAL España,standard,legend of heroes trails of cold steel iv,legend of heroes trails of cold steel iv,EDITION_VARIANT,PHYSICAL_PUBLISHER_OR_DISTRIBUTOR,publisher,NIS America,,NIS America,AMBIGUOUS_NAME,NIS America,REPLACE_OR_ADD_REVIEW,HIGH,NO,EXACT_PHYSICAL_EDITION,2,PRICECHARTING_EXACT_PAL_PAGE | REGIONATLAS_LEGACY_PRICECHARTING_CREDIT,B_EXACT_PHYSICAL | B_LEGACY_EXACT_PHYSICAL,https://www.pricecharting.com/game/pal-playstation-4/legend-of-heroes-trails-of-cold-steel-iv-limited-edition,La ficha exacta de la edición física PAL etiqueta a esta compañía como Publisher; puede representar publicación o distribución física. | El crédito actual procede de la importación histórica de la ficha física enlazada; se contrasta con la consulta en vivo.,Confirmar si la etiqueta Publisher representa publicación o distribución en la caja PAL.,AMBIGUOUS_NAME | HIGH_OR_BETTER_GROUP_NOT_FULLY_RESOLVED | MISSING_SLUG
ps4-legend-of-heroes-trails-through-daybreak-ii-deluxe-edition,Legend Of Heroes: Trails Through Daybreak II [Deluxe Edition],PAL España,standard,legend of heroes trails through daybreak ii,legend of heroes trails through daybreak ii,EDITION_VARIANT,PHYSICAL_PUBLISHER_OR_DISTRIBUTOR,publisher,NIS America,,NIS America,AMBIGUOUS_NAME,NIS America,REPLACE_OR_ADD_REVIEW,HIGH,NO,EXACT_PHYSICAL_EDITION,2,PRICECHARTING_EXACT_PAL_PAGE | REGIONATLAS_LEGACY_PRICECHARTING_CREDIT,B_EXACT_PHYSICAL | B_LEGACY_EXACT_PHYSICAL,https://www.pricecharting.com/game/pal-playstation-4/legend-of-heroes-trails-through-daybreak-ii-deluxe-edition,La ficha exacta de la edición física PAL etiqueta a esta compañía como Publisher; puede representar publicación o distribución física. | El crédito actual procede de la importación histórica de la ficha física enlazada; se contrasta con la consulta en vivo.,Confirmar si la etiqueta Publisher representa publicación o distribución en la caja PAL.,AMBIGUOUS_NAME | HIGH_OR_BETTER_GROUP_NOT_FULLY_RESOLVED | MISSING_SLUG
ps4-lego-brawls,LEGO Brawls,PAL España,standard,lego brawls,lego brawls,GAME_OR_UNKNOWN,DEVELOPER,developer,Red Games Co.,,Red games | Red Games Co.,NOT_IN_COMPANY_INDEX,,ADD_MISSING,HIGH,NO,GAME_WORK | GAME_WORK_OR_PS4_RELEASE | PS4_RELEASE,4,LAUNCHBOX_GAMES_DB | STEAM_STORE | WIKIDATA | WIKIPEDIA_PS4_LIST,B_OTHER_PLATFORM | B_PS4_RELEASE | C_DISCOVERY,https://en.wikipedia.org/wiki/List_of_PlayStation_4_games_(A%E2%80%93L) | https://store.steampowered.com/app/1731460 | https://www.wikidata.org/wiki/Q74120193 | https://gamesdb.launchbox-app.com/games/details/473385,"La lista específica de PS4 atribuye el desarrollo a esta compañía. | La ficha comercial de Steam confirma la desarrolladora de la obra, no necesariamente el port de PS4. | Wikidata registra la compañía como desarrolladora. | LaunchBox registra esta desarrolladora para su ficha de PS4.",No propagar a ports o compilaciones sin comprobar sus créditos propios.,HIGH_OR_BETTER_GROUP_NOT_FULLY_RESOLVED | MISSING_SLUG | NOT_IN_COMPANY_INDEX
ps4-lego-the-hobbit,LEGO The Hobbit,PAL España,standard,lego the hobbit,lego the hobbit,GAME_OR_UNKNOWN,DEVELOPER,developer,Traveller's Tales,,Traveller's Tales,AMBIGUOUS_NAME,TT Games,REPLACE_OR_ADD_REVIEW,HIGH,NO,EXACT_PHYSICAL_EDITION | GAME_WORK,3,PRICECHARTING_EXACT_PAL_PAGE | STEAM_STORE | WIKIDATA,B_EXACT_PHYSICAL | B_OTHER_PLATFORM | C_DISCOVERY,https://www.pricecharting.com/game/pal-playstation-4/lego-the-hobbit | https://store.steampowered.com/app/285160 | https://www.wikidata.org/wiki/Q393059,"La ficha enlazada de la edición física PAL atribuye el desarrollo a esta compañía. | La ficha comercial de Steam confirma la desarrolladora de la obra, no necesariamente el port de PS4. | Wikidata registra la compañía como desarrolladora.",No propagar a ports o compilaciones sin comprobar sus créditos propios.,AMBIGUOUS_NAME | HIGH_OR_BETTER_GROUP_NOT_FULLY_RESOLVED | MISSING_SLUG
ps4-lichdom-battlemage,Lichdom Battlemage,PAL España,standard,lichdom battlemage,lichdom battlemage,GAME_OR_UNKNOWN,DEVELOPER,developer,Xaviant,,Xaviant,NOT_IN_COMPANY_INDEX,,ADD_MISSING,HIGH,NO,GAME_WORK | GAME_WORK_OR_PS4_RELEASE,3,STEAM_STORE | WIKIDATA | WIKIPEDIA_PS4_LIST,B_OTHER_PLATFORM | B_PS4_RELEASE | C_DISCOVERY,https://en.wikipedia.org/wiki/List_of_PlayStation_4_games_(A%E2%80%93L) | https://store.steampowered.com/app/261760 | https://www.wikidata.org/wiki/Q18154387,"La lista específica de PS4 atribuye el desarrollo a esta compañía. | La ficha comercial de Steam confirma la desarrolladora de la obra, no necesariamente el port de PS4. | Wikidata registra la compañía como desarrolladora.",No propagar a ports o compilaciones sin comprobar sus créditos propios.,HIGH_OR_BETTER_GROUP_NOT_FULLY_RESOLVED | MISSING_SLUG | NOT_IN_COMPANY_INDEX
ps4-life-in-willowdale,Life In Willowdale,PAL España,standard,life in willowdale,life in willowdale,GAME_OR_UNKNOWN,PHYSICAL_PUBLISHER_OR_DISTRIBUTOR,publisher,Mindscape,,Mindscape,AMBIGUOUS_NAME,Mindscape,REPLACE_OR_ADD_REVIEW,HIGH,NO,EXACT_PHYSICAL_EDITION,2,PRICECHARTING_EXACT_PAL_PAGE | REGIONATLAS_LEGACY_PRICECHARTING_CREDIT,B_EXACT_PHYSICAL | B_LEGACY_EXACT_PHYSICAL,https://www.pricecharting.com/game/pal-playstation-4/life-in-willowdale,La ficha exacta de la edición física PAL etiqueta a esta compañía como Publisher; puede representar publicación o distribución física. | El crédito actual procede de la importación histórica de la ficha física enlazada; se contrasta con la consulta en vivo.,Confirmar si la etiqueta Publisher representa publicación o distribución en la caja PAL.,AMBIGUOUS_NAME | HIGH_OR_BETTER_GROUP_NOT_FULLY_RESOLVED | MISSING_SLUG
ps4-life-is-strange-before-the-storm-limited-edition,Life is Strange: Before the Storm [Limited Edition],PAL España,standard,life is strange before the storm,life is strange before the storm,EDITION_VARIANT,PHYSICAL_PUBLISHER_OR_DISTRIBUTOR,publisher,Square Enix,,Square Enix,AMBIGUOUS_NAME,,ADD_MISSING,HIGH,NO,EXACT_PHYSICAL_EDITION | PAL_RELEASE,2,PRICECHARTING_EXACT_PAL_PAGE | WIKIPEDIA_PS4_LIST_PAL,B_EXACT_PHYSICAL | B_PAL_RELEASE,https://www.pricecharting.com/game/pal-playstation-4/life-is-strange-before-the-storm-limited-edition | https://en.wikipedia.org/wiki/List_of_PlayStation_4_games_(A%E2%80%93L),La ficha exacta de la edición física PAL etiqueta a esta compañía como Publisher; puede representar publicación o distribución física. | La columna PAL de la lista de PS4 atribuye la publicación a esta compañía.,Confirmar si la etiqueta Publisher representa publicación o distribución en la caja PAL.,AMBIGUOUS_NAME | HIGH_OR_BETTER_GROUP_NOT_FULLY_RESOLVED | MISSING_SLUG
ps4-life-is-strange-true-colors,Life is Strange: True Colors,PAL España,standard,life is strange true colors,life is strange true colors,GAME_OR_UNKNOWN,PHYSICAL_PUBLISHER_OR_DISTRIBUTOR,publisher,Square Enix,,Square Enix,AMBIGUOUS_NAME,Square Enix,REPLACE_OR_ADD_REVIEW,HIGH,NO,EXACT_PHYSICAL_EDITION | PAL_RELEASE,3,PRICECHARTING_EXACT_PAL_PAGE | REGIONATLAS_LEGACY_PRICECHARTING_CREDIT | WIKIPEDIA_PS4_LIST_PAL,B_EXACT_PHYSICAL | B_LEGACY_EXACT_PHYSICAL | B_PAL_RELEASE,https://www.pricecharting.com/game/pal-playstation-4/life-is-strange-true-colors | https://en.wikipedia.org/wiki/List_of_PlayStation_4_games_(A%E2%80%93L),La ficha exacta de la edición física PAL etiqueta a esta compañía como Publisher; puede representar publicación o distribución física. | El crédito actual procede de la importación histórica de la ficha física enlazada; se contrasta con la consulta en vivo. | La columna PAL de la lista de PS4 atribuye la publicación a esta compañía.,Confirmar si la etiqueta Publisher representa publicación o distribución en la caja PAL.,AMBIGUOUS_NAME | HIGH_OR_BETTER_GROUP_NOT_FULLY_RESOLVED | MISSING_SLUG
ps4-lock%27s-quest,Lock's Quest,PAL España,standard,lock s quest,lock s quest,GAME_OR_UNKNOWN,PHYSICAL_PUBLISHER_OR_DISTRIBUTOR,publisher,THQ Nordic,,THQ Nordic,AMBIGUOUS_NAME,THQ Nordic,REPLACE_OR_ADD_REVIEW,HIGH,NO,EXACT_PHYSICAL_EDITION | PAL_RELEASE,3,PRICECHARTING_EXACT_PAL_PAGE | REGIONATLAS_LEGACY_PRICECHARTING_CREDIT | WIKIPEDIA_PS4_LIST_PAL,B_EXACT_PHYSICAL | B_LEGACY_EXACT_PHYSICAL | B_PAL_RELEASE,https://www.pricecharting.com/game/pal-playstation-4/lock%27s-quest | https://en.wikipedia.org/wiki/List_of_PlayStation_4_games_(A%E2%80%93L),La ficha exacta de la edición física PAL etiqueta a esta compañía como Publisher; puede representar publicación o distribución física. | El crédito actual procede de la importación histórica de la ficha física enlazada; se contrasta con la consulta en vivo. | La columna PAL de la lista de PS4 atribuye la publicación a esta compañía.,Confirmar si la etiqueta Publisher representa publicación o distribución en la caja PAL.,AMBIGUOUS_NAME | HIGH_OR_BETTER_GROUP_NOT_FULLY_RESOLVED | MISSING_SLUG
ps4-lost-ruins,Lost Ruins,PAL España,standard,lost ruins,lost ruins,GAME_OR_UNKNOWN,DEVELOPER,developer,Altari Games,,Altari Games | ALTARI GAMES,NOT_IN_COMPANY_INDEX,,ADD_MISSING,HIGH,NO,GAME_WORK | GAME_WORK_OR_PS4_RELEASE,3,STEAM_STORE | WIKIDATA | WIKIPEDIA_PS4_LIST,B_OTHER_PLATFORM | B_PS4_RELEASE | C_DISCOVERY,https://en.wikipedia.org/wiki/List_of_PlayStation_4_games_(A%E2%80%93L) | https://store.steampowered.com/app/1306630 | https://www.wikidata.org/wiki/Q112996242,"La lista específica de PS4 atribuye el desarrollo a esta compañía. | La ficha comercial de Steam confirma la desarrolladora de la obra, no necesariamente el port de PS4. | Wikidata registra la compañía como desarrolladora.",No propagar a ports o compilaciones sin comprobar sus créditos propios.,HIGH_OR_BETTER_GROUP_NOT_FULLY_RESOLVED | MISSING_SLUG | NOT_IN_COMPANY_INDEX
ps4-lost-ruins-deluxe-edition,Lost Ruins [Deluxe Edition],PAL España,standard,lost ruins,lost ruins,EDITION_VARIANT,DEVELOPER,developer,ALTARI GAMES,,ALTARI GAMES | Altari Games,NOT_IN_COMPANY_INDEX,,ADD_MISSING,HIGH,NO,EXACT_PHYSICAL_EDITION | GAME_WORK | GAME_WORK_OR_PS4_RELEASE,4,PRICECHARTING_EXACT_PAL_PAGE | STEAM_STORE | WIKIDATA | WIKIPEDIA_PS4_LIST,B_EXACT_PHYSICAL | B_OTHER_PLATFORM | B_PS4_RELEASE | C_DISCOVERY,https://www.pricecharting.com/game/pal-playstation-4/lost-ruins-deluxe-edition | https://en.wikipedia.org/wiki/List_of_PlayStation_4_games_(A%E2%80%93L) | https://store.steampowered.com/app/1306630 | https://www.wikidata.org/wiki/Q112996242,"La ficha enlazada de la edición física PAL atribuye el desarrollo a esta compañía. | La lista específica de PS4 atribuye el desarrollo a esta compañía. | La ficha comercial de Steam confirma la desarrolladora de la obra, no necesariamente el port de PS4. | Wikidata registra la compañía como desarrolladora.",No propagar a ports o compilaciones sin comprobar sus créditos propios.,HIGH_OR_BETTER_GROUP_NOT_FULLY_RESOLVED | MISSING_SLUG | NOT_IN_COMPANY_INDEX
ps4-lost-sphear,Lost Sphear,PAL España,standard,lost sphear,lost sphear,GAME_OR_UNKNOWN,PHYSICAL_PUBLISHER_OR_DISTRIBUTOR,publisher,Square Enix,,Square Enix,AMBIGUOUS_NAME,Square Enix,REPLACE_OR_ADD_REVIEW,HIGH,NO,EXACT_PHYSICAL_EDITION | PAL_RELEASE,3,PRICECHARTING_EXACT_PAL_PAGE | REGIONATLAS_LEGACY_PRICECHARTING_CREDIT | WIKIPEDIA_PS4_LIST_PAL,B_EXACT_PHYSICAL | B_LEGACY_EXACT_PHYSICAL | B_PAL_RELEASE,https://www.pricecharting.com/game/pal-playstation-4/lost-sphear | https://en.wikipedia.org/wiki/List_of_PlayStation_4_games_(A%E2%80%93L),La ficha exacta de la edición física PAL etiqueta a esta compañía como Publisher; puede representar publicación o distribución física. | El crédito actual procede de la importación histórica de la ficha física enlazada; se contrasta con la consulta en vivo. | La columna PAL de la lista de PS4 atribuye la publicación a esta compañía.,Confirmar si la etiqueta Publisher representa publicación o distribución en la caja PAL.,AMBIGUOUS_NAME | HIGH_OR_BETTER_GROUP_NOT_FULLY_RESOLVED | MISSING_SLUG
ps4-lumo,Lumo,PAL España,standard,lumo,lumo,GAME_OR_UNKNOWN,DEVELOPER,developer,Triple Eh?,,Triple Eh? | Triple Eh? Ltd,NOT_IN_COMPANY_INDEX,,ADD_MISSING,HIGH,NO,GAME_WORK | GAME_WORK_OR_PS4_RELEASE | PS4_RELEASE,3,LAUNCHBOX_GAMES_DB | STEAM_STORE | WIKIPEDIA_PS4_LIST,B_OTHER_PLATFORM | B_PS4_RELEASE | C_DISCOVERY,https://en.wikipedia.org/wiki/List_of_PlayStation_4_games_(A%E2%80%93L) | https://store.steampowered.com/app/345480 | https://gamesdb.launchbox-app.com/games/details/124224,"La lista específica de PS4 atribuye el desarrollo a esta compañía. | La ficha comercial de Steam confirma la desarrolladora de la obra, no necesariamente el port de PS4. | LaunchBox registra esta desarrolladora para su ficha de PS4.",No propagar a ports o compilaciones sin comprobar sus créditos propios.,HIGH_OR_BETTER_GROUP_NOT_FULLY_RESOLVED | MISSING_SLUG | NOT_IN_COMPANY_INDEX
ps4-mahjong-deluxe-3,Mahjong Deluxe 3,PAL España,standard,mahjong deluxe 3,mahjong deluxe 3,GAME_OR_UNKNOWN,PHYSICAL_PUBLISHER_OR_DISTRIBUTOR,publisher,Markt+Technik,,Markt+Technik,AMBIGUOUS_NAME,Markt+Technik,REPLACE_OR_ADD_REVIEW,HIGH,NO,EXACT_PHYSICAL_EDITION,2,PRICECHARTING_EXACT_PAL_PAGE | REGIONATLAS_LEGACY_PRICECHARTING_CREDIT,B_EXACT_PHYSICAL | B_LEGACY_EXACT_PHYSICAL,https://www.pricecharting.com/game/pal-playstation-4/mahjong-deluxe-3,La ficha exacta de la edición física PAL etiqueta a esta compañía como Publisher; puede representar publicación o distribución física. | El crédito actual procede de la importación histórica de la ficha física enlazada; se contrasta con la consulta en vivo.,Confirmar si la etiqueta Publisher representa publicación o distribución en la caja PAL.,AMBIGUOUS_NAME | HIGH_OR_BETTER_GROUP_NOT_FULLY_RESOLVED | MISSING_SLUG
ps4-marooners,Marooners,PAL España,standard,marooners,marooners,GAME_OR_UNKNOWN,DEVELOPER,developer,M2H,,M2H,NOT_IN_COMPANY_INDEX,,ADD_MISSING,HIGH,NO,GAME_WORK | GAME_WORK_OR_PS4_RELEASE,3,STEAM_STORE | WIKIDATA | WIKIPEDIA_PS4_LIST,B_OTHER_PLATFORM | B_PS4_RELEASE | C_DISCOVERY,https://en.wikipedia.org/wiki/List_of_PlayStation_4_games_(M%E2%80%93Z) | https://store.steampowered.com/app/423810 | https://www.wikidata.org/wiki/Q124067812,"La lista específica de PS4 atribuye el desarrollo a esta compañía. | La ficha comercial de Steam confirma la desarrolladora de la obra, no necesariamente el port de PS4. | Wikidata registra la compañía como desarrolladora.",No propagar a ports o compilaciones sin comprobar sus créditos propios.,HIGH_OR_BETTER_GROUP_NOT_FULLY_RESOLVED | MISSING_SLUG | NOT_IN_COMPANY_INDEX
ps4-marooners,Marooners,PAL España,standard,marooners,marooners,GAME_OR_UNKNOWN,PHYSICAL_PUBLISHER_OR_DISTRIBUTOR,publisher,M2H,,M2H,NOT_IN_COMPANY_INDEX,,ADD_MISSING,HIGH,NO,EXACT_PHYSICAL_EDITION | PAL_RELEASE,2,PRICECHARTING_EXACT_PAL_PAGE | WIKIPEDIA_PS4_LIST_PAL,B_EXACT_PHYSICAL | B_PAL_RELEASE,https://www.pricecharting.com/game/pal-playstation-4/marooners | https://en.wikipedia.org/wiki/List_of_PlayStation_4_games_(M%E2%80%93Z),La ficha exacta de la edición física PAL etiqueta a esta compañía como Publisher; puede representar publicación o distribución física. | La columna PAL de la lista de PS4 atribuye la publicación a esta compañía.,Confirmar si la etiqueta Publisher representa publicación o distribución en la caja PAL.,HIGH_OR_BETTER_GROUP_NOT_FULLY_RESOLVED | MISSING_SLUG | NOT_IN_COMPANY_INDEX
ps4-marvel%27s-guardians-of-the-galaxy,Marvel's Guardians of the Galaxy,PAL España,standard,marvel s guardians of the galaxy,marvel s guardians of the galaxy,GAME_OR_UNKNOWN,PHYSICAL_PUBLISHER_OR_DISTRIBUTOR,publisher,Square Enix,,Square Enix,AMBIGUOUS_NAME,Square Enix,REPLACE_OR_ADD_REVIEW,HIGH,NO,EXACT_PHYSICAL_EDITION | PAL_RELEASE,3,PRICECHARTING_EXACT_PAL_PAGE | REGIONATLAS_LEGACY_PRICECHARTING_CREDIT | WIKIPEDIA_PS4_LIST_PAL,B_EXACT_PHYSICAL | B_LEGACY_EXACT_PHYSICAL | B_PAL_RELEASE,https://www.pricecharting.com/game/pal-playstation-4/marvel%27s-guardians-of-the-galaxy | https://en.wikipedia.org/wiki/List_of_PlayStation_4_games_(A%E2%80%93L),La ficha exacta de la edición física PAL etiqueta a esta compañía como Publisher; puede representar publicación o distribución física. | El crédito actual procede de la importación histórica de la ficha física enlazada; se contrasta con la consulta en vivo. | La columna PAL de la lista de PS4 atribuye la publicación a esta compañía.,Confirmar si la etiqueta Publisher representa publicación o distribución en la caja PAL.,AMBIGUOUS_NAME | HIGH_OR_BETTER_GROUP_NOT_FULLY_RESOLVED | MISSING_SLUG
ps4-mary-skelter-finale,Mary Skelter Finale,PAL España,standard,mary skelter finale,mary skelter finale,GAME_OR_UNKNOWN,DEVELOPER,developer,"Idea Factory Co., Ltd.",idea-factory,Idea Factory,EXACT_NAME_OR_ALIAS,"Idea Factory, Compile Heart",REPLACE_OR_ADD_REVIEW,HIGH,NO,EXACT_PHYSICAL_EDITION | GAME_WORK,2,REGIONATLAS_LEGACY_PRICECHARTING_CREDIT | STEAM_STORE,B_LEGACY_EXACT_PHYSICAL | B_OTHER_PLATFORM,https://www.pricecharting.com/game/pal-playstation-4/mary-skelter-finale | https://store.steampowered.com/app/2357400,"El crédito actual procede de la importación histórica de la ficha física enlazada; se contrasta con la consulta en vivo. | La ficha comercial de Steam confirma la desarrolladora de la obra, no necesariamente el port de PS4.",No propagar a ports o compilaciones sin comprobar sus créditos propios.,HIGH_OR_BETTER_GROUP_NOT_FULLY_RESOLVED
ps4-mary-skelter-finale,Mary Skelter Finale,PAL España,standard,mary skelter finale,mary skelter finale,GAME_OR_UNKNOWN,DEVELOPER,developer,Compile Heart,,Compile Heart,AMBIGUOUS_NAME,"Idea Factory, Compile Heart",REPLACE_OR_ADD_REVIEW,HIGH,NO,EXACT_PHYSICAL_EDITION | GAME_WORK | GAME_WORK_OR_PS4_RELEASE | PS4_RELEASE,4,LAUNCHBOX_GAMES_DB | REGIONATLAS_LEGACY_PRICECHARTING_CREDIT | STEAM_STORE | WIKIPEDIA_PS4_LIST,B_LEGACY_EXACT_PHYSICAL | B_OTHER_PLATFORM | B_PS4_RELEASE | C_DISCOVERY,https://www.pricecharting.com/game/pal-playstation-4/mary-skelter-finale | https://en.wikipedia.org/wiki/List_of_PlayStation_4_games_(M%E2%80%93Z) | https://store.steampowered.com/app/2357400 | https://gamesdb.launchbox-app.com/games/details/473437,"El crédito actual procede de la importación histórica de la ficha física enlazada; se contrasta con la consulta en vivo. | La lista específica de PS4 atribuye el desarrollo a esta compañía. | La ficha comercial de Steam confirma la desarrolladora de la obra, no necesariamente el port de PS4. | LaunchBox registra esta desarrolladora para su ficha de PS4.",No propagar a ports o compilaciones sin comprobar sus créditos propios.,AMBIGUOUS_NAME | HIGH_OR_BETTER_GROUP_NOT_FULLY_RESOLVED | MISSING_SLUG
ps4-mary-skelter-finale-day-one-edition,Mary Skelter Finale [Day One Edition],PAL España,standard,mary skelter finale,mary skelter finale,EDITION_VARIANT,DEVELOPER,developer,Compile Heart,,Compile Heart,AMBIGUOUS_NAME,,ADD_MISSING,HIGH,NO,EXACT_PHYSICAL_EDITION | GAME_WORK | GAME_WORK_OR_PS4_RELEASE | PS4_RELEASE,4,LAUNCHBOX_GAMES_DB | PRICECHARTING_EXACT_PAL_PAGE | STEAM_STORE | WIKIPEDIA_PS4_LIST,B_EXACT_PHYSICAL | B_OTHER_PLATFORM | B_PS4_RELEASE | C_DISCOVERY,https://www.pricecharting.com/game/pal-playstation-4/mary-skelter-finale-day-one-edition | https://en.wikipedia.org/wiki/List_of_PlayStation_4_games_(M%E2%80%93Z) | https://store.steampowered.com/app/2357400 | https://gamesdb.launchbox-app.com/games/details/473437,"La ficha enlazada de la edición física PAL atribuye el desarrollo a esta compañía. | La lista específica de PS4 atribuye el desarrollo a esta compañía. | La ficha comercial de Steam confirma la desarrolladora de la obra, no necesariamente el port de PS4. | LaunchBox registra esta desarrolladora para su ficha de PS4.",No propagar a ports o compilaciones sin comprobar sus créditos propios.,AMBIGUOUS_NAME | HIGH_OR_BETTER_GROUP_NOT_FULLY_RESOLVED | MISSING_SLUG
ps4-mary-skelter-finale-limited-edition,Mary Skelter Finale [Limited Edition],PAL España,standard,mary skelter finale,mary skelter finale,EDITION_VARIANT,DEVELOPER,developer,Compile Heart,,Compile Heart,AMBIGUOUS_NAME,,ADD_MISSING,HIGH,NO,GAME_WORK | GAME_WORK_OR_PS4_RELEASE | PS4_RELEASE,3,LAUNCHBOX_GAMES_DB | STEAM_STORE | WIKIPEDIA_PS4_LIST,B_OTHER_PLATFORM | B_PS4_RELEASE | C_DISCOVERY,https://en.wikipedia.org/wiki/List_of_PlayStation_4_games_(M%E2%80%93Z) | https://store.steampowered.com/app/2357400 | https://gamesdb.launchbox-app.com/games/details/473437,"La lista específica de PS4 atribuye el desarrollo a esta compañía. | La ficha comercial de Steam confirma la desarrolladora de la obra, no necesariamente el port de PS4. | LaunchBox registra esta desarrolladora para su ficha de PS4.",No propagar a ports o compilaciones sin comprobar sus créditos propios.,AMBIGUOUS_NAME | HIGH_OR_BETTER_GROUP_NOT_FULLY_RESOLVED | MISSING_SLUG
ps4-max-the-curse-of-brotherhood,Max: The Curse of Brotherhood,PAL España,standard,max the curse of brotherhood,max the curse of brotherhood,GAME_OR_UNKNOWN,DEVELOPER,developer,Press Play,,Press Play,NOT_IN_COMPANY_INDEX,Flashbulb Games,REPLACE_OR_ADD_REVIEW,HIGH,NO,GAME_WORK | GAME_WORK_OR_PS4_RELEASE,3,STEAM_STORE | WIKIDATA | WIKIPEDIA_PS4_LIST,B_OTHER_PLATFORM | B_PS4_RELEASE | C_DISCOVERY,https://en.wikipedia.org/wiki/List_of_PlayStation_4_games_(M%E2%80%93Z) | https://store.steampowered.com/app/255390 | https://www.wikidata.org/wiki/Q13558831,"La lista específica de PS4 atribuye el desarrollo a esta compañía. | La ficha comercial de Steam confirma la desarrolladora de la obra, no necesariamente el port de PS4. | Wikidata registra la compañía como desarrolladora.",No propagar a ports o compilaciones sin comprobar sus créditos propios.,HIGH_OR_BETTER_GROUP_NOT_FULLY_RESOLVED | MISSING_SLUG | NOT_IN_COMPANY_INDEX
ps4-megadimension-neptunia-vii,Megadimension Neptunia VII,PAL España,standard,megadimension neptunia vii,megadimension neptunia vii,GAME_OR_UNKNOWN,DEVELOPER,developer,Compile Heart,,Compile Heart,AMBIGUOUS_NAME,Compile Heart,REPLACE_OR_ADD_REVIEW,HIGH,NO,GAME_WORK | GAME_WORK_OR_PS4_RELEASE,2,STEAM_STORE | WIKIPEDIA_PS4_LIST,B_OTHER_PLATFORM | B_PS4_RELEASE,https://en.wikipedia.org/wiki/List_of_PlayStation_4_games_(M%E2%80%93Z) | https://store.steampowered.com/app/460120,"La lista específica de PS4 atribuye el desarrollo a esta compañía. | La ficha comercial de Steam confirma la desarrolladora de la obra, no necesariamente el port de PS4.",No propagar a ports o compilaciones sin comprobar sus créditos propios.,AMBIGUOUS_NAME | HIGH_OR_BETTER_GROUP_NOT_FULLY_RESOLVED | MISSING_SLUG
ps4-megadimension-neptunia-vii-limited-edition,Megadimension Neptunia VII [Limited Edition],PAL España,standard,megadimension neptunia vii,megadimension neptunia vii,EDITION_VARIANT,DEVELOPER,developer,Compile Heart,,Compile Heart,AMBIGUOUS_NAME,,ADD_MISSING,HIGH,NO,GAME_WORK | GAME_WORK_OR_PS4_RELEASE,2,STEAM_STORE | WIKIPEDIA_PS4_LIST,B_OTHER_PLATFORM | B_PS4_RELEASE,https://en.wikipedia.org/wiki/List_of_PlayStation_4_games_(M%E2%80%93Z) | https://store.steampowered.com/app/460120,"La lista específica de PS4 atribuye el desarrollo a esta compañía. | La ficha comercial de Steam confirma la desarrolladora de la obra, no necesariamente el port de PS4.",No propagar a ports o compilaciones sin comprobar sus créditos propios.,AMBIGUOUS_NAME | HIGH_OR_BETTER_GROUP_NOT_FULLY_RESOLVED | MISSING_SLUG
ps4-melbits-world,Melbits World,PAL España,standard,melbits world,melbits world,GAME_OR_UNKNOWN,DEVELOPER,developer,Melbot,melbot,Melbot,EXACT_NAME_OR_ALIAS,Melbot,RETAIN,HIGH,NO,EXACT_PHYSICAL_EDITION | GAME_WORK | PS4_RELEASE,4,LAUNCHBOX_GAMES_DB | PRICECHARTING_EXACT_PAL_PAGE | REGIONATLAS_LEGACY_PRICECHARTING_CREDIT | STEAM_STORE,B_EXACT_PHYSICAL | B_LEGACY_EXACT_PHYSICAL | B_OTHER_PLATFORM | C_DISCOVERY,https://www.pricecharting.com/game/pal-playstation-4/melbits-world | https://store.steampowered.com/app/1202820 | https://gamesdb.launchbox-app.com/games/details/466239,"La ficha enlazada de la edición física PAL atribuye el desarrollo a esta compañía. | El crédito actual procede de la importación histórica de la ficha física enlazada; se contrasta con la consulta en vivo. | La ficha comercial de Steam confirma la desarrolladora de la obra, no necesariamente el port de PS4. | LaunchBox registra esta desarrolladora para su ficha de PS4.",No propagar a ports o compilaciones sin comprobar sus créditos propios.,HIGH_OR_BETTER_GROUP_NOT_FULLY_RESOLVED
ps4-metal-max-xeno-reborn,Metal Max Xeno Reborn,PAL España,standard,metal max xeno reborn,metal max xeno reborn,GAME_OR_UNKNOWN,DEVELOPER,developer,Kadokawa Games,kadokawa-games,Kadokawa Games,EXACT_NAME_OR_ALIAS,Kadokawa Games,RETAIN,HIGH,NO,EXACT_PHYSICAL_EDITION | GAME_WORK_OR_PS4_RELEASE,2,REGIONATLAS_LEGACY_PRICECHARTING_CREDIT | WIKIPEDIA_PS4_LIST,B_LEGACY_EXACT_PHYSICAL | B_PS4_RELEASE,https://www.pricecharting.com/game/pal-playstation-4/metal-max-xeno-reborn | https://en.wikipedia.org/wiki/List_of_PlayStation_4_games_(M%E2%80%93Z),El crédito actual procede de la importación histórica de la ficha física enlazada; se contrasta con la consulta en vivo. | La lista específica de PS4 atribuye el desarrollo a esta compañía.,No propagar a ports o compilaciones sin comprobar sus créditos propios.,HIGH_OR_BETTER_GROUP_NOT_FULLY_RESOLVED
ps4-metal-max-xeno-reborn,Metal Max Xeno Reborn,PAL España,standard,metal max xeno reborn,metal max xeno reborn,GAME_OR_UNKNOWN,DEVELOPER,developer,24Frame,,24Frame | 24Frame inc.,NOT_IN_COMPANY_INDEX,Kadokawa Games,REPLACE_OR_ADD_REVIEW,HIGH,NO,GAME_WORK | GAME_WORK_OR_PS4_RELEASE,2,STEAM_STORE | WIKIPEDIA_PS4_LIST,B_OTHER_PLATFORM | B_PS4_RELEASE,https://en.wikipedia.org/wiki/List_of_PlayStation_4_games_(M%E2%80%93Z) | https://store.steampowered.com/app/1637230,"La lista específica de PS4 atribuye el desarrollo a esta compañía. | La ficha comercial de Steam confirma la desarrolladora de la obra, no necesariamente el port de PS4.",No propagar a ports o compilaciones sin comprobar sus créditos propios.,HIGH_OR_BETTER_GROUP_NOT_FULLY_RESOLVED | MISSING_SLUG | NOT_IN_COMPANY_INDEX
ps4-metal-max-xeno-reborn-limited-edition,Metal Max Xeno Reborn [Limited Edition],PAL España,standard,metal max xeno reborn,metal max xeno reborn,EDITION_VARIANT,DEVELOPER,developer,24Frame,,24Frame | 24Frame inc.,NOT_IN_COMPANY_INDEX,,ADD_MISSING,HIGH,NO,GAME_WORK | GAME_WORK_OR_PS4_RELEASE,2,STEAM_STORE | WIKIPEDIA_PS4_LIST,B_OTHER_PLATFORM | B_PS4_RELEASE,https://en.wikipedia.org/wiki/List_of_PlayStation_4_games_(M%E2%80%93Z) | https://store.steampowered.com/app/1637230,"La lista específica de PS4 atribuye el desarrollo a esta compañía. | La ficha comercial de Steam confirma la desarrolladora de la obra, no necesariamente el port de PS4.",No propagar a ports o compilaciones sin comprobar sus créditos propios.,HIGH_OR_BETTER_GROUP_NOT_FULLY_RESOLVED | MISSING_SLUG | NOT_IN_COMPANY_INDEX
ps4-metal-slug-combo-pack-pix%27n-love-edition,Metal Slug Combo Pack [Pix'n Love Edition],PAL España,standard,metal slug combo pack,metal slug combo pack,GAME_OR_UNKNOWN,PHYSICAL_PUBLISHER_OR_DISTRIBUTOR,publisher,Pix'n Love,,Pix'n Love,AMBIGUOUS_NAME,Pix'n Love,REPLACE_OR_ADD_REVIEW,HIGH,NO,EXACT_PHYSICAL_EDITION,2,PRICECHARTING_EXACT_PAL_PAGE | REGIONATLAS_LEGACY_PRICECHARTING_CREDIT,B_EXACT_PHYSICAL | B_LEGACY_EXACT_PHYSICAL,https://www.pricecharting.com/game/pal-playstation-4/metal-slug-combo-pack-pix%27n-love-edition,La ficha exacta de la edición física PAL etiqueta a esta compañía como Publisher; puede representar publicación o distribución física. | El crédito actual procede de la importación histórica de la ficha física enlazada; se contrasta con la consulta en vivo.,Confirmar si la etiqueta Publisher representa publicación o distribución en la caja PAL.,AMBIGUOUS_NAME | HIGH_OR_BETTER_GROUP_NOT_FULLY_RESOLVED | MISSING_SLUG
ps4-metal-slug-tactics,Metal Slug Tactics,PAL España,standard,metal slug tactics,metal slug tactics,GAME_OR_UNKNOWN,PHYSICAL_PUBLISHER_OR_DISTRIBUTOR,publisher,Pix'n Love,,Pix'n Love,AMBIGUOUS_NAME,Pix'n Love,REPLACE_OR_ADD_REVIEW,HIGH,NO,EXACT_PHYSICAL_EDITION,2,PRICECHARTING_EXACT_PAL_PAGE | REGIONATLAS_LEGACY_PRICECHARTING_CREDIT,B_EXACT_PHYSICAL | B_LEGACY_EXACT_PHYSICAL,https://www.pricecharting.com/game/pal-playstation-4/metal-slug-tactics,La ficha exacta de la edición física PAL etiqueta a esta compañía como Publisher; puede representar publicación o distribución física. | El crédito actual procede de la importación histórica de la ficha física enlazada; se contrasta con la consulta en vivo.,Confirmar si la etiqueta Publisher representa publicación o distribución en la caja PAL.,AMBIGUOUS_NAME | HIGH_OR_BETTER_GROUP_NOT_FULLY_RESOLVED | MISSING_SLUG
ps4-mighty-no-9,Mighty No. 9,PAL España,standard,mighty no 9,mighty no 9,GAME_OR_UNKNOWN,DEVELOPER,developer,Comcept,,Comcept,NOT_IN_COMPANY_INDEX,,ADD_MISSING,HIGH,NO,GAME_WORK | GAME_WORK_OR_PS4_RELEASE,2,STEAM_STORE | WIKIPEDIA_PS4_LIST,B_OTHER_PLATFORM | B_PS4_RELEASE,https://en.wikipedia.org/wiki/List_of_PlayStation_4_games_(M%E2%80%93Z) | https://store.steampowered.com/app/314710,"La lista específica de PS4 atribuye el desarrollo a esta compañía. | La ficha comercial de Steam confirma la desarrolladora de la obra, no necesariamente el port de PS4.",No propagar a ports o compilaciones sin comprobar sus créditos propios.,HIGH_OR_BETTER_GROUP_NOT_FULLY_RESOLVED | MISSING_SLUG | NOT_IN_COMPANY_INDEX
ps4-mighty-no-9,Mighty No. 9,PAL España,standard,mighty no 9,mighty no 9,GAME_OR_UNKNOWN,DEVELOPER,developer,Inti Creates,inti-creates,Inti Creates,EXACT_NAME_OR_ALIAS,,ADD_MISSING,HIGH,NO,GAME_WORK | GAME_WORK_OR_PS4_RELEASE | PS4_RELEASE,4,LAUNCHBOX_GAMES_DB | STEAM_STORE | WIKIDATA | WIKIPEDIA_PS4_LIST,B_OTHER_PLATFORM | B_PS4_RELEASE | C_DISCOVERY,https://en.wikipedia.org/wiki/List_of_PlayStation_4_games_(M%E2%80%93Z) | https://store.steampowered.com/app/314710 | https://www.wikidata.org/wiki/Q14803834 | https://gamesdb.launchbox-app.com/games/details/35161,"La lista específica de PS4 atribuye el desarrollo a esta compañía. | La ficha comercial de Steam confirma la desarrolladora de la obra, no necesariamente el port de PS4. | Wikidata registra la compañía como desarrolladora. | LaunchBox registra esta desarrolladora para su ficha de PS4.",No propagar a ports o compilaciones sin comprobar sus créditos propios.,HIGH_OR_BETTER_GROUP_NOT_FULLY_RESOLVED
ps4-monkey-king-hero-is-back,Monkey King: Hero Is Back,PAL España,standard,monkey king hero is back,monkey king hero is back,GAME_OR_UNKNOWN,PHYSICAL_PUBLISHER_OR_DISTRIBUTOR,publisher,Oasis Games,oasis-games,Oasis Games Ltd. | Oasis Games,EXACT_NAME_OR_ALIAS,"Oasis Games Ltd., THQ Nordic",REPLACE_OR_ADD_REVIEW,HIGH,NO,EXACT_PHYSICAL_EDITION | PAL_RELEASE,3,PRICECHARTING_EXACT_PAL_PAGE | REGIONATLAS_LEGACY_PRICECHARTING_CREDIT | WIKIPEDIA_PS4_LIST_PAL,B_EXACT_PHYSICAL | B_LEGACY_EXACT_PHYSICAL | B_PAL_RELEASE,https://www.pricecharting.com/game/pal-playstation-4/monkey-king-hero-is-back | https://en.wikipedia.org/wiki/List_of_PlayStation_4_games_(M%E2%80%93Z),La ficha exacta de la edición física PAL etiqueta a esta compañía como Publisher; puede representar publicación o distribución física. | El crédito actual procede de la importación histórica de la ficha física enlazada; se contrasta con la consulta en vivo. | La columna PAL de la lista de PS4 atribuye la publicación a esta compañía.,Confirmar si la etiqueta Publisher representa publicación o distribución en la caja PAL.,HIGH_OR_BETTER_GROUP_NOT_FULLY_RESOLVED
ps4-monkey-king-hero-is-back,Monkey King: Hero Is Back,PAL España,standard,monkey king hero is back,monkey king hero is back,GAME_OR_UNKNOWN,PHYSICAL_PUBLISHER_OR_DISTRIBUTOR,publisher,THQ Nordic,,THQ Nordic,AMBIGUOUS_NAME,"Oasis Games Ltd., THQ Nordic",REPLACE_OR_ADD_REVIEW,HIGH,NO,EXACT_PHYSICAL_EDITION,2,PRICECHARTING_EXACT_PAL_PAGE | REGIONATLAS_LEGACY_PRICECHARTING_CREDIT,B_EXACT_PHYSICAL | B_LEGACY_EXACT_PHYSICAL,https://www.pricecharting.com/game/pal-playstation-4/monkey-king-hero-is-back,La ficha exacta de la edición física PAL etiqueta a esta compañía como Publisher; puede representar publicación o distribución física. | El crédito actual procede de la importación histórica de la ficha física enlazada; se contrasta con la consulta en vivo.,Confirmar si la etiqueta Publisher representa publicación o distribución en la caja PAL.,AMBIGUOUS_NAME | HIGH_OR_BETTER_GROUP_NOT_FULLY_RESOLVED | MISSING_SLUG
ps4-monster-energy-supercross-5,Monster Energy Supercross 5,PAL España,standard,monster energy supercross 5,monster energy supercross 5,GAME_OR_UNKNOWN,PHYSICAL_PUBLISHER_OR_DISTRIBUTOR,publisher,Milestone,,Milestone,AMBIGUOUS_NAME,Milestone,REPLACE_OR_ADD_REVIEW,HIGH,NO,EXACT_PHYSICAL_EDITION,2,PRICECHARTING_EXACT_PAL_PAGE | REGIONATLAS_LEGACY_PRICECHARTING_CREDIT,B_EXACT_PHYSICAL | B_LEGACY_EXACT_PHYSICAL,https://www.pricecharting.com/game/pal-playstation-4/monster-energy-supercross-5,La ficha exacta de la edición física PAL etiqueta a esta compañía como Publisher; puede representar publicación o distribución física. | El crédito actual procede de la importación histórica de la ficha física enlazada; se contrasta con la consulta en vivo.,Confirmar si la etiqueta Publisher representa publicación o distribución en la caja PAL.,AMBIGUOUS_NAME | HIGH_OR_BETTER_GROUP_NOT_FULLY_RESOLVED | MISSING_SLUG
ps4-monster-harvest,Monster Harvest,PAL España,standard,monster harvest,monster harvest,GAME_OR_UNKNOWN,DEVELOPER,developer,Maple Powered Games,,Maple Powered Games,NOT_IN_COMPANY_INDEX,Merge Games,REPLACE_OR_ADD_REVIEW,HIGH,NO,GAME_WORK | GAME_WORK_OR_PS4_RELEASE | PS4_RELEASE,4,LAUNCHBOX_GAMES_DB | STEAM_STORE | WIKIDATA | WIKIPEDIA_PS4_LIST,B_OTHER_PLATFORM | B_PS4_RELEASE | C_DISCOVERY,https://en.wikipedia.org/wiki/List_of_PlayStation_4_games_(M%E2%80%93Z) | https://store.steampowered.com/app/1363350 | https://www.wikidata.org/wiki/Q109899763 | https://gamesdb.launchbox-app.com/games/details/476453,"La lista específica de PS4 atribuye el desarrollo a esta compañía. | La ficha comercial de Steam confirma la desarrolladora de la obra, no necesariamente el port de PS4. | Wikidata registra la compañía como desarrolladora. | LaunchBox registra esta desarrolladora para su ficha de PS4.",No propagar a ports o compilaciones sin comprobar sus créditos propios.,HIGH_OR_BETTER_GROUP_NOT_FULLY_RESOLVED | MISSING_SLUG | NOT_IN_COMPANY_INDEX
ps4-monster-jam-steel-titans-collector%27s-edition,Monster Jam: Steel Titans [Collector's Edition],PAL España,standard,monster jam steel titans,monster jam steel titans,EDITION_VARIANT,PHYSICAL_PUBLISHER_OR_DISTRIBUTOR,publisher,THQ Nordic,,THQ Nordic,AMBIGUOUS_NAME,,ADD_MISSING,HIGH,NO,EXACT_PHYSICAL_EDITION | PAL_RELEASE,2,PRICECHARTING_EXACT_PAL_PAGE | WIKIPEDIA_PS4_LIST_PAL,B_EXACT_PHYSICAL | B_PAL_RELEASE,https://www.pricecharting.com/game/pal-playstation-4/monster-jam-steel-titans-collector%27s-edition | https://en.wikipedia.org/wiki/List_of_PlayStation_4_games_(M%E2%80%93Z),La ficha exacta de la edición física PAL etiqueta a esta compañía como Publisher; puede representar publicación o distribución física. | La columna PAL de la lista de PS4 atribuye la publicación a esta compañía.,Confirmar si la etiqueta Publisher representa publicación o distribución en la caja PAL.,AMBIGUOUS_NAME | HIGH_OR_BETTER_GROUP_NOT_FULLY_RESOLVED | MISSING_SLUG
ps4-moorhuhn-kart-2,Moorhuhn Kart 2,PAL España,standard,moorhuhn kart 2,moorhuhn kart 2,GAME_OR_UNKNOWN,PHYSICAL_PUBLISHER_OR_DISTRIBUTOR,publisher,Markt+Technik,,Markt+Technik,AMBIGUOUS_NAME,Markt+Technik,REPLACE_OR_ADD_REVIEW,HIGH,NO,EXACT_PHYSICAL_EDITION,2,PRICECHARTING_EXACT_PAL_PAGE | REGIONATLAS_LEGACY_PRICECHARTING_CREDIT,B_EXACT_PHYSICAL | B_LEGACY_EXACT_PHYSICAL,https://www.pricecharting.com/game/pal-playstation-4/moorhuhn-kart-2,La ficha exacta de la edición física PAL etiqueta a esta compañía como Publisher; puede representar publicación o distribución física. | El crédito actual procede de la importación histórica de la ficha física enlazada; se contrasta con la consulta en vivo.,Confirmar si la etiqueta Publisher representa publicación o distribución en la caja PAL.,AMBIGUOUS_NAME | HIGH_OR_BETTER_GROUP_NOT_FULLY_RESOLVED | MISSING_SLUG
ps4-mothergunship,Mothergunship,PAL España,standard,mothergunship,mothergunship,GAME_OR_UNKNOWN,DEVELOPER,developer,Grip Digital,grip-digital,Grip Digital,EXACT_NAME_OR_ALIAS,Grip Digital,RETAIN,HIGH,NO,EXACT_PHYSICAL_EDITION | GAME_WORK,3,PRICECHARTING_EXACT_PAL_PAGE | REGIONATLAS_LEGACY_PRICECHARTING_CREDIT | STEAM_STORE,B_EXACT_PHYSICAL | B_LEGACY_EXACT_PHYSICAL | B_OTHER_PLATFORM,https://www.pricecharting.com/game/pal-playstation-4/mothergunship | https://store.steampowered.com/app/574090,"La ficha enlazada de la edición física PAL atribuye el desarrollo a esta compañía. | El crédito actual procede de la importación histórica de la ficha física enlazada; se contrasta con la consulta en vivo. | La ficha comercial de Steam confirma la desarrolladora de la obra, no necesariamente el port de PS4.",No propagar a ports o compilaciones sin comprobar sus créditos propios.,HIGH_OR_BETTER_GROUP_NOT_FULLY_RESOLVED
ps4-mothergunship,Mothergunship,PAL España,standard,mothergunship,mothergunship,GAME_OR_UNKNOWN,DEVELOPER,developer,Terrible Posture Games,,Terrible Posture Games,NOT_IN_COMPANY_INDEX,Grip Digital,REPLACE_OR_ADD_REVIEW,HIGH,NO,GAME_WORK | GAME_WORK_OR_PS4_RELEASE | PS4_RELEASE,4,LAUNCHBOX_GAMES_DB | STEAM_STORE | WIKIDATA | WIKIPEDIA_PS4_LIST,B_OTHER_PLATFORM | B_PS4_RELEASE | C_DISCOVERY,https://en.wikipedia.org/wiki/List_of_PlayStation_4_games_(M%E2%80%93Z) | https://store.steampowered.com/app/574090 | https://www.wikidata.org/wiki/Q55381969 | https://gamesdb.launchbox-app.com/games/details/473548,"La lista específica de PS4 atribuye el desarrollo a esta compañía. | La ficha comercial de Steam confirma la desarrolladora de la obra, no necesariamente el port de PS4. | Wikidata registra la compañía como desarrolladora. | LaunchBox registra esta desarrolladora para su ficha de PS4.",No propagar a ports o compilaciones sin comprobar sus créditos propios.,HIGH_OR_BETTER_GROUP_NOT_FULLY_RESOLVED | MISSING_SLUG | NOT_IN_COMPANY_INDEX
ps4-motogp-17,MotoGP 17,PAL España,standard,motogp 17,motogp 17,GAME_OR_UNKNOWN,DEVELOPER,developer,Milestone S.r.l,,Milestone S.r.l | Milestone S.r.l.,AMBIGUOUS_NAME,Milestone S.r.l,REPLACE_OR_ADD_REVIEW,HIGH,NO,EXACT_PHYSICAL_EDITION | GAME_WORK,3,PRICECHARTING_EXACT_PAL_PAGE | REGIONATLAS_LEGACY_PRICECHARTING_CREDIT | STEAM_STORE,B_EXACT_PHYSICAL | B_LEGACY_EXACT_PHYSICAL | B_OTHER_PLATFORM,https://www.pricecharting.com/game/pal-playstation-4/motogp-17 | https://store.steampowered.com/app/561610,"La ficha enlazada de la edición física PAL atribuye el desarrollo a esta compañía. | El crédito actual procede de la importación histórica de la ficha física enlazada; se contrasta con la consulta en vivo. | La ficha comercial de Steam confirma la desarrolladora de la obra, no necesariamente el port de PS4.",No propagar a ports o compilaciones sin comprobar sus créditos propios.,AMBIGUOUS_NAME | HIGH_OR_BETTER_GROUP_NOT_FULLY_RESOLVED | MISSING_SLUG
ps4-motogp-17,MotoGP 17,PAL España,standard,motogp 17,motogp 17,GAME_OR_UNKNOWN,PHYSICAL_PUBLISHER_OR_DISTRIBUTOR,publisher,Milestone S.r.l,,Milestone S.r.l,AMBIGUOUS_NAME,Milestone S.r.l,REPLACE_OR_ADD_REVIEW,HIGH,NO,EXACT_PHYSICAL_EDITION,2,PRICECHARTING_EXACT_PAL_PAGE | REGIONATLAS_LEGACY_PRICECHARTING_CREDIT,B_EXACT_PHYSICAL | B_LEGACY_EXACT_PHYSICAL,https://www.pricecharting.com/game/pal-playstation-4/motogp-17,La ficha exacta de la edición física PAL etiqueta a esta compañía como Publisher; puede representar publicación o distribución física. | El crédito actual procede de la importación histórica de la ficha física enlazada; se contrasta con la consulta en vivo.,Confirmar si la etiqueta Publisher representa publicación o distribución en la caja PAL.,AMBIGUOUS_NAME | HIGH_OR_BETTER_GROUP_NOT_FULLY_RESOLVED | MISSING_SLUG
ps4-motogp-19,MotoGP 19,PAL España,standard,motogp 19,motogp 19,GAME_OR_UNKNOWN,DEVELOPER,developer,Milestone S.r.l,,Milestone S.r.l | Milestone S.r.l. | Milestone,AMBIGUOUS_NAME,Milestone S.r.l,REPLACE_OR_ADD_REVIEW,HIGH,NO,EXACT_PHYSICAL_EDITION | GAME_WORK | PS4_RELEASE,5,LAUNCHBOX_GAMES_DB | PRICECHARTING_EXACT_PAL_PAGE | REGIONATLAS_LEGACY_PRICECHARTING_CREDIT | STEAM_STORE | WIKIDATA,B_EXACT_PHYSICAL | B_LEGACY_EXACT_PHYSICAL | B_OTHER_PLATFORM | C_DISCOVERY,https://www.pricecharting.com/game/pal-playstation-4/motogp-19 | https://store.steampowered.com/app/984780 | https://www.wikidata.org/wiki/Q64577959 | https://gamesdb.launchbox-app.com/games/details/207524,"La ficha enlazada de la edición física PAL atribuye el desarrollo a esta compañía. | El crédito actual procede de la importación histórica de la ficha física enlazada; se contrasta con la consulta en vivo. | La ficha comercial de Steam confirma la desarrolladora de la obra, no necesariamente el port de PS4. | Wikidata registra la compañía como desarrolladora. | LaunchBox registra esta desarrolladora para su ficha de PS4.",No propagar a ports o compilaciones sin comprobar sus créditos propios.,AMBIGUOUS_NAME | HIGH_OR_BETTER_GROUP_NOT_FULLY_RESOLVED | MISSING_SLUG
ps4-motogp-19,MotoGP 19,PAL España,standard,motogp 19,motogp 19,GAME_OR_UNKNOWN,PHYSICAL_PUBLISHER_OR_DISTRIBUTOR,publisher,Milestone S.r.l,,Milestone S.r.l,AMBIGUOUS_NAME,Milestone S.r.l,REPLACE_OR_ADD_REVIEW,HIGH,NO,EXACT_PHYSICAL_EDITION,2,PRICECHARTING_EXACT_PAL_PAGE | REGIONATLAS_LEGACY_PRICECHARTING_CREDIT,B_EXACT_PHYSICAL | B_LEGACY_EXACT_PHYSICAL,https://www.pricecharting.com/game/pal-playstation-4/motogp-19,La ficha exacta de la edición física PAL etiqueta a esta compañía como Publisher; puede representar publicación o distribución física. | El crédito actual procede de la importación histórica de la ficha física enlazada; se contrasta con la consulta en vivo.,Confirmar si la etiqueta Publisher representa publicación o distribución en la caja PAL.,AMBIGUOUS_NAME | HIGH_OR_BETTER_GROUP_NOT_FULLY_RESOLVED | MISSING_SLUG
ps4-motogp-20,MotoGP 20,PAL España,standard,motogp 20,motogp 20,GAME_OR_UNKNOWN,DEVELOPER,developer,Milestone S.r.l,,Milestone S.r.l | Milestone S.r.l. | Milestone,AMBIGUOUS_NAME,Milestone S.r.l,REPLACE_OR_ADD_REVIEW,HIGH,NO,EXACT_PHYSICAL_EDITION | GAME_WORK | PS4_RELEASE,4,LAUNCHBOX_GAMES_DB | PRICECHARTING_EXACT_PAL_PAGE | REGIONATLAS_LEGACY_PRICECHARTING_CREDIT | STEAM_STORE,B_EXACT_PHYSICAL | B_LEGACY_EXACT_PHYSICAL | B_OTHER_PLATFORM | C_DISCOVERY,https://www.pricecharting.com/game/pal-playstation-4/motogp-20 | https://store.steampowered.com/app/1161490 | https://gamesdb.launchbox-app.com/games/details/445056,"La ficha enlazada de la edición física PAL atribuye el desarrollo a esta compañía. | El crédito actual procede de la importación histórica de la ficha física enlazada; se contrasta con la consulta en vivo. | La ficha comercial de Steam confirma la desarrolladora de la obra, no necesariamente el port de PS4. | LaunchBox registra esta desarrolladora para su ficha de PS4.",No propagar a ports o compilaciones sin comprobar sus créditos propios.,AMBIGUOUS_NAME | HIGH_OR_BETTER_GROUP_NOT_FULLY_RESOLVED | MISSING_SLUG
ps4-motogp-20,MotoGP 20,PAL España,standard,motogp 20,motogp 20,GAME_OR_UNKNOWN,PHYSICAL_PUBLISHER_OR_DISTRIBUTOR,publisher,Milestone S.r.l,,Milestone S.r.l,AMBIGUOUS_NAME,Milestone S.r.l,REPLACE_OR_ADD_REVIEW,HIGH,NO,EXACT_PHYSICAL_EDITION,2,PRICECHARTING_EXACT_PAL_PAGE | REGIONATLAS_LEGACY_PRICECHARTING_CREDIT,B_EXACT_PHYSICAL | B_LEGACY_EXACT_PHYSICAL,https://www.pricecharting.com/game/pal-playstation-4/motogp-20,La ficha exacta de la edición física PAL etiqueta a esta compañía como Publisher; puede representar publicación o distribución física. | El crédito actual procede de la importación histórica de la ficha física enlazada; se contrasta con la consulta en vivo.,Confirmar si la etiqueta Publisher representa publicación o distribución en la caja PAL.,AMBIGUOUS_NAME | HIGH_OR_BETTER_GROUP_NOT_FULLY_RESOLVED | MISSING_SLUG
ps4-motogp-21,MotoGP 21,PAL España,standard,motogp 21,motogp 21,GAME_OR_UNKNOWN,DEVELOPER,developer,Milestone srl,milestone-srl,Milestone SRL | Milestone srl,EXACT_NAME_OR_ALIAS,Milestone S.r.l,REPLACE_OR_ADD_REVIEW,HIGH,NO,GAME_WORK_OR_PS4_RELEASE | MATCHED_PS4_PRODUCT,2,PLAYSTATION_STORE_EXPLICIT_CREDIT | WIKIPEDIA_PS4_LIST,A_OFFICIAL_MATCHED_TITLE_CREDIT | B_PS4_RELEASE,https://store.playstation.com/es-es/product/EP4356-CUSA25613_00-MOTOGP21FULLGAME | https://en.wikipedia.org/wiki/List_of_PlayStation_4_games_(M%E2%80%93Z),Developed by Milestone SRL All rights reserved | La lista específica de PS4 atribuye el desarrollo a esta compañía.,No propagar a ports o compilaciones sin comprobar sus créditos propios.,HIGH_OR_BETTER_GROUP_NOT_FULLY_RESOLVED
ps4-motogp-21,MotoGP 21,PAL España,standard,motogp 21,motogp 21,GAME_OR_UNKNOWN,DEVELOPER,developer,Milestone S.r.l,,Milestone S.r.l | Milestone S.r.l.,AMBIGUOUS_NAME,Milestone S.r.l,REPLACE_OR_ADD_REVIEW,HIGH,NO,EXACT_PHYSICAL_EDITION | GAME_WORK,4,PRICECHARTING_EXACT_PAL_PAGE | REGIONATLAS_LEGACY_PRICECHARTING_CREDIT | STEAM_STORE | WIKIDATA,B_EXACT_PHYSICAL | B_LEGACY_EXACT_PHYSICAL | B_OTHER_PLATFORM | C_DISCOVERY,https://www.pricecharting.com/game/pal-playstation-4/motogp-21 | https://store.steampowered.com/app/1447000 | https://www.wikidata.org/wiki/Q107048227,"La ficha enlazada de la edición física PAL atribuye el desarrollo a esta compañía. | El crédito actual procede de la importación histórica de la ficha física enlazada; se contrasta con la consulta en vivo. | La ficha comercial de Steam confirma la desarrolladora de la obra, no necesariamente el port de PS4. | Wikidata registra la compañía como desarrolladora.",No propagar a ports o compilaciones sin comprobar sus créditos propios.,AMBIGUOUS_NAME | HIGH_OR_BETTER_GROUP_NOT_FULLY_RESOLVED | MISSING_SLUG
ps4-motogp-21,MotoGP 21,PAL España,standard,motogp 21,motogp 21,GAME_OR_UNKNOWN,PHYSICAL_PUBLISHER_OR_DISTRIBUTOR,publisher,Milestone S.r.l,,Milestone S.r.l,AMBIGUOUS_NAME,Milestone S.r.l,REPLACE_OR_ADD_REVIEW,HIGH,NO,EXACT_PHYSICAL_EDITION,2,PRICECHARTING_EXACT_PAL_PAGE | REGIONATLAS_LEGACY_PRICECHARTING_CREDIT,B_EXACT_PHYSICAL | B_LEGACY_EXACT_PHYSICAL,https://www.pricecharting.com/game/pal-playstation-4/motogp-21,La ficha exacta de la edición física PAL etiqueta a esta compañía como Publisher; puede representar publicación o distribución física. | El crédito actual procede de la importación histórica de la ficha física enlazada; se contrasta con la consulta en vivo.,Confirmar si la etiqueta Publisher representa publicación o distribución en la caja PAL.,AMBIGUOUS_NAME | HIGH_OR_BETTER_GROUP_NOT_FULLY_RESOLVED | MISSING_SLUG
ps4-motogp-22,MotoGP 22,PAL España,standard,motogp 22,motogp 22,GAME_OR_UNKNOWN,DEVELOPER,developer,Milestone S.r.l,,Milestone S.r.l | Milestone S.r.l.,AMBIGUOUS_NAME,Milestone S.r.l,REPLACE_OR_ADD_REVIEW,HIGH,NO,EXACT_PHYSICAL_EDITION | GAME_WORK,4,PRICECHARTING_EXACT_PAL_PAGE | REGIONATLAS_LEGACY_PRICECHARTING_CREDIT | STEAM_STORE | WIKIDATA,B_EXACT_PHYSICAL | B_LEGACY_EXACT_PHYSICAL | B_OTHER_PLATFORM | C_DISCOVERY,https://www.pricecharting.com/game/pal-playstation-4/motogp-22 | https://store.steampowered.com/app/1710580 | https://www.wikidata.org/wiki/Q111821159,"La ficha enlazada de la edición física PAL atribuye el desarrollo a esta compañía. | El crédito actual procede de la importación histórica de la ficha física enlazada; se contrasta con la consulta en vivo. | La ficha comercial de Steam confirma la desarrolladora de la obra, no necesariamente el port de PS4. | Wikidata registra la compañía como desarrolladora.",No propagar a ports o compilaciones sin comprobar sus créditos propios.,AMBIGUOUS_NAME | HIGH_OR_BETTER_GROUP_NOT_FULLY_RESOLVED | MISSING_SLUG
ps4-motogp-22,MotoGP 22,PAL España,standard,motogp 22,motogp 22,GAME_OR_UNKNOWN,PHYSICAL_PUBLISHER_OR_DISTRIBUTOR,publisher,Milestone S.r.l,,Milestone S.r.l,AMBIGUOUS_NAME,Milestone S.r.l,REPLACE_OR_ADD_REVIEW,HIGH,NO,EXACT_PHYSICAL_EDITION,2,PRICECHARTING_EXACT_PAL_PAGE | REGIONATLAS_LEGACY_PRICECHARTING_CREDIT,B_EXACT_PHYSICAL | B_LEGACY_EXACT_PHYSICAL,https://www.pricecharting.com/game/pal-playstation-4/motogp-22,La ficha exacta de la edición física PAL etiqueta a esta compañía como Publisher; puede representar publicación o distribución física. | El crédito actual procede de la importación histórica de la ficha física enlazada; se contrasta con la consulta en vivo.,Confirmar si la etiqueta Publisher representa publicación o distribución en la caja PAL.,AMBIGUOUS_NAME | HIGH_OR_BETTER_GROUP_NOT_FULLY_RESOLVED | MISSING_SLUG
ps4-motorcycle-club,Motorcycle Club,PAL España,standard,motorcycle club,motorcycle club,GAME_OR_UNKNOWN,DEVELOPER,developer,Kylotonn Games,,Kylotonn Games,NOT_IN_COMPANY_INDEX,,ADD_MISSING,HIGH,NO,MATCHED_PS4_PRODUCT,1,PLAYSTATION_STORE_EXPLICIT_CREDIT,A_OFFICIAL_MATCHED_TITLE_CREDIT,https://store.playstation.com/es-es/product/EP4008-CUSA01170_00-MOTORCYCLECLUB00,Developed by Kylotonn Games,No propagar a ports o compilaciones sin comprobar sus créditos propios.,HIGH_OR_BETTER_GROUP_NOT_FULLY_RESOLVED | MISSING_SLUG | NOT_IN_COMPANY_INDEX
ps4-mount-&amp;-blade-ii-bannerlord,Mount & Blade II: Bannerlord,PAL España,standard,mount and blade ii bannerlord,mount and blade ii bannerlord,GAME_OR_UNKNOWN,DEVELOPER,developer,TaleWorlds Entertainment,,TaleWorlds Entertainment,NOT_IN_COMPANY_INDEX,,ADD_MISSING,HIGH,NO,GAME_WORK | GAME_WORK_OR_PS4_RELEASE,2,STEAM_STORE | WIKIPEDIA_PS4_LIST,B_OTHER_PLATFORM | B_PS4_RELEASE,https://en.wikipedia.org/wiki/List_of_PlayStation_4_games_(M%E2%80%93Z) | https://store.steampowered.com/app/261550,"La lista específica de PS4 atribuye el desarrollo a esta compañía. | La ficha comercial de Steam confirma la desarrolladora de la obra, no necesariamente el port de PS4.",No propagar a ports o compilaciones sin comprobar sus créditos propios.,HIGH_OR_BETTER_GROUP_NOT_FULLY_RESOLVED | MISSING_SLUG | NOT_IN_COMPANY_INDEX
ps4-mount-&amp;-blade-warband,Mount & Blade Warband,PAL España,standard,mount and blade warband,mount and blade warband,GAME_OR_UNKNOWN,DEVELOPER,developer,TaleWorlds Entertainment,,TaleWorlds Entertainment,NOT_IN_COMPANY_INDEX,,ADD_MISSING,HIGH,NO,EXACT_PHYSICAL_EDITION | GAME_WORK | GAME_WORK_OR_PS4_RELEASE,3,PRICECHARTING_EXACT_PAL_PAGE | STEAM_STORE | WIKIPEDIA_PS4_LIST,B_EXACT_PHYSICAL | B_OTHER_PLATFORM | B_PS4_RELEASE,https://www.pricecharting.com/game/pal-playstation-4/mount-&-blade-warband | https://en.wikipedia.org/wiki/List_of_PlayStation_4_games_(M%E2%80%93Z) | https://store.steampowered.com/app/48700,"La ficha enlazada de la edición física PAL atribuye el desarrollo a esta compañía. | La lista específica de PS4 atribuye el desarrollo a esta compañía. | La ficha comercial de Steam confirma la desarrolladora de la obra, no necesariamente el port de PS4.",No propagar a ports o compilaciones sin comprobar sus créditos propios.,HIGH_OR_BETTER_GROUP_NOT_FULLY_RESOLVED | MISSING_SLUG | NOT_IN_COMPANY_INDEX
ps4-moving-out,Moving Out,PAL España,standard,moving out,moving out,GAME_OR_UNKNOWN,DEVELOPER,developer,SMG Studio,smg-studio,SMG studio | SMG Studio,EXACT_NAME_OR_ALIAS,SMG studio,RETAIN,HIGH,NO,EXACT_PHYSICAL_EDITION | GAME_WORK | GAME_WORK_OR_PS4_RELEASE | PS4_RELEASE,6,LAUNCHBOX_GAMES_DB | PRICECHARTING_EXACT_PAL_PAGE | REGIONATLAS_LEGACY_PRICECHARTING_CREDIT | STEAM_STORE | WIKIDATA | WIKIPEDIA_PS4_LIST,B_EXACT_PHYSICAL | B_LEGACY_EXACT_PHYSICAL | B_OTHER_PLATFORM | B_PS4_RELEASE | C_DISCOVERY,https://www.pricecharting.com/game/pal-playstation-4/moving-out | https://en.wikipedia.org/wiki/List_of_PlayStation_4_games_(M%E2%80%93Z) | https://store.steampowered.com/app/996770 | https://www.wikidata.org/wiki/Q96394151 | https://gamesdb.launchbox-app.com/games/details/473588,"La ficha enlazada de la edición física PAL atribuye el desarrollo a esta compañía. | El crédito actual procede de la importación histórica de la ficha física enlazada; se contrasta con la consulta en vivo. | La lista específica de PS4 atribuye el desarrollo a esta compañía. | La ficha comercial de Steam confirma la desarrolladora de la obra, no necesariamente el port de PS4. | Wikidata registra la compañía como desarrolladora. | LaunchBox registra esta desarrolladora para su ficha de PS4.",No propagar a ports o compilaciones sin comprobar sus créditos propios.,HIGH_OR_BETTER_GROUP_NOT_FULLY_RESOLVED
ps4-moving-out,Moving Out,PAL España,standard,moving out,moving out,GAME_OR_UNKNOWN,DEVELOPER,developer,DevM Games,,DevM Games | Devm Games,NOT_IN_COMPANY_INDEX,SMG studio,REPLACE_OR_ADD_REVIEW,HIGH,NO,GAME_WORK | GAME_WORK_OR_PS4_RELEASE,2,STEAM_STORE | WIKIPEDIA_PS4_LIST,B_OTHER_PLATFORM | B_PS4_RELEASE,https://en.wikipedia.org/wiki/List_of_PlayStation_4_games_(M%E2%80%93Z) | https://store.steampowered.com/app/996770,"La lista específica de PS4 atribuye el desarrollo a esta compañía. | La ficha comercial de Steam confirma la desarrolladora de la obra, no necesariamente el port de PS4.",No propagar a ports o compilaciones sin comprobar sus créditos propios.,HIGH_OR_BETTER_GROUP_NOT_FULLY_RESOLVED | MISSING_SLUG | NOT_IN_COMPANY_INDEX
ps4-moving-out-2,Moving Out 2,PAL España,standard,moving out 2,moving out 2,GAME_OR_UNKNOWN,DEVELOPER,developer,DevM Games,,DevM Games | Devm Games,NOT_IN_COMPANY_INDEX,Team17 Digital Limited,REPLACE_OR_ADD_REVIEW,HIGH,NO,GAME_WORK | GAME_WORK_OR_PS4_RELEASE,2,STEAM_STORE | WIKIPEDIA_PS4_LIST,B_OTHER_PLATFORM | B_PS4_RELEASE,https://en.wikipedia.org/wiki/List_of_PlayStation_4_games_(M%E2%80%93Z) | https://store.steampowered.com/app/1641700,"La lista específica de PS4 atribuye el desarrollo a esta compañía. | La ficha comercial de Steam confirma la desarrolladora de la obra, no necesariamente el port de PS4.",No propagar a ports o compilaciones sin comprobar sus créditos propios.,HIGH_OR_BETTER_GROUP_NOT_FULLY_RESOLVED | MISSING_SLUG | NOT_IN_COMPANY_INDEX
ps4-moving-out-2,Moving Out 2,PAL España,standard,moving out 2,moving out 2,GAME_OR_UNKNOWN,DEVELOPER,developer,SMG Studio,smg-studio,SMG Studio,EXACT_NAME_OR_ALIAS,Team17 Digital Limited,REPLACE_OR_ADD_REVIEW,HIGH,NO,GAME_WORK | GAME_WORK_OR_PS4_RELEASE | PS4_RELEASE,4,LAUNCHBOX_GAMES_DB | STEAM_STORE | WIKIDATA | WIKIPEDIA_PS4_LIST,B_OTHER_PLATFORM | B_PS4_RELEASE | C_DISCOVERY,https://en.wikipedia.org/wiki/List_of_PlayStation_4_games_(M%E2%80%93Z) | https://store.steampowered.com/app/1641700 | https://www.wikidata.org/wiki/Q113585953 | https://gamesdb.launchbox-app.com/games/details/473553,"La lista específica de PS4 atribuye el desarrollo a esta compañía. | La ficha comercial de Steam confirma la desarrolladora de la obra, no necesariamente el port de PS4. | Wikidata registra la compañía como desarrolladora. | LaunchBox registra esta desarrolladora para su ficha de PS4.",No propagar a ports o compilaciones sin comprobar sus créditos propios.,HIGH_OR_BETTER_GROUP_NOT_FULLY_RESOLVED
ps4-murdered-soul-suspect,Murdered: Soul Suspect,PAL España,standard,murdered soul suspect,murdered soul suspect,GAME_OR_UNKNOWN,DEVELOPER,developer,SQUARE ENIX CO,,SQUARE ENIX CO,AMBIGUOUS_NAME,Airtight Games,REPLACE_OR_ADD_REVIEW,HIGH,NO,MATCHED_PS4_PRODUCT,1,PLAYSTATION_STORE_EXPLICIT_CREDIT,A_OFFICIAL_MATCHED_TITLE_CREDIT,https://store.playstation.com/es-es/product/EP0082-CUSA00342_00-MURDEREDSOULSCEE,Developed by SQUARE ENIX CO | Co-Developed by SQUARE ENIX CO,No propagar a ports o compilaciones sin comprobar sus créditos propios.,AMBIGUOUS_NAME | HIGH_OR_BETTER_GROUP_NOT_FULLY_RESOLVED | MISSING_SLUG
ps4-murdered-soul-suspect,Murdered: Soul Suspect,PAL España,standard,murdered soul suspect,murdered soul suspect,GAME_OR_UNKNOWN,DEVELOPER,developer,Airtight Games,airtight-games,Airtight Games,EXACT_NAME_OR_ALIAS,Airtight Games,RETAIN,HIGH,NO,EXACT_PHYSICAL_EDITION | GAME_WORK | GAME_WORK_OR_PS4_RELEASE | PS4_RELEASE,5,LAUNCHBOX_GAMES_DB | REGIONATLAS_LEGACY_PRICECHARTING_CREDIT | STEAM_STORE | WIKIDATA | WIKIPEDIA_PS4_LIST,B_LEGACY_EXACT_PHYSICAL | B_OTHER_PLATFORM | B_PS4_RELEASE | C_DISCOVERY,https://www.pricecharting.com/game/pal-playstation-4/murdered-soul-suspect | https://en.wikipedia.org/wiki/List_of_PlayStation_4_games_(M%E2%80%93Z) | https://store.steampowered.com/app/233290 | https://www.wikidata.org/wiki/Q6938148 | https://gamesdb.launchbox-app.com/games/details/20741,"El crédito actual procede de la importación histórica de la ficha física enlazada; se contrasta con la consulta en vivo. | La lista específica de PS4 atribuye el desarrollo a esta compañía. | La ficha comercial de Steam confirma la desarrolladora de la obra, no necesariamente el port de PS4. | Wikidata registra la compañía como desarrolladora. | LaunchBox registra esta desarrolladora para su ficha de PS4.",No propagar a ports o compilaciones sin comprobar sus créditos propios.,HIGH_OR_BETTER_GROUP_NOT_FULLY_RESOLVED
ps4-murdered-soul-suspect-limited-edition,Murdered: Soul Suspect [Limited Edition],PAL España,standard,murdered soul suspect,murdered soul suspect,EDITION_VARIANT,DEVELOPER,developer,SQUARE ENIX CO,,SQUARE ENIX CO,AMBIGUOUS_NAME,,ADD_MISSING,HIGH,NO,MATCHED_PS4_PRODUCT,1,PLAYSTATION_STORE_EXPLICIT_CREDIT,A_OFFICIAL_MATCHED_TITLE_CREDIT,https://store.playstation.com/es-es/product/EP0082-CUSA00342_00-MURDEREDSOULSCEE,Developed by SQUARE ENIX CO | Co-Developed by SQUARE ENIX CO,No propagar a ports o compilaciones sin comprobar sus créditos propios.,AMBIGUOUS_NAME | HIGH_OR_BETTER_GROUP_NOT_FULLY_RESOLVED | MISSING_SLUG
ps4-murdered-soul-suspect-limited-edition,Murdered: Soul Suspect [Limited Edition],PAL España,standard,murdered soul suspect,murdered soul suspect,EDITION_VARIANT,DEVELOPER,developer,Airtight Games,airtight-games,Airtight Games,EXACT_NAME_OR_ALIAS,,ADD_MISSING,HIGH,NO,EXACT_PHYSICAL_EDITION | GAME_WORK | GAME_WORK_OR_PS4_RELEASE | PS4_RELEASE,5,LAUNCHBOX_GAMES_DB | PRICECHARTING_EXACT_PAL_PAGE | STEAM_STORE | WIKIDATA | WIKIPEDIA_PS4_LIST,B_EXACT_PHYSICAL | B_OTHER_PLATFORM | B_PS4_RELEASE | C_DISCOVERY,https://www.pricecharting.com/game/pal-playstation-4/murdered-soul-suspect-limited-edition | https://en.wikipedia.org/wiki/List_of_PlayStation_4_games_(M%E2%80%93Z) | https://store.steampowered.com/app/233290 | https://www.wikidata.org/wiki/Q6938148 | https://gamesdb.launchbox-app.com/games/details/20741,"La ficha enlazada de la edición física PAL atribuye el desarrollo a esta compañía. | La lista específica de PS4 atribuye el desarrollo a esta compañía. | La ficha comercial de Steam confirma la desarrolladora de la obra, no necesariamente el port de PS4. | Wikidata registra la compañía como desarrolladora. | LaunchBox registra esta desarrolladora para su ficha de PS4.",No propagar a ports o compilaciones sin comprobar sus créditos propios.,HIGH_OR_BETTER_GROUP_NOT_FULLY_RESOLVED
ps4-murdered-soul-suspect-limited-edition,Murdered: Soul Suspect [Limited Edition],PAL España,standard,murdered soul suspect,murdered soul suspect,EDITION_VARIANT,PHYSICAL_PUBLISHER_OR_DISTRIBUTOR,publisher,Square Enix,,Square Enix,AMBIGUOUS_NAME,,ADD_MISSING,HIGH,NO,EXACT_PHYSICAL_EDITION | PAL_RELEASE,2,PRICECHARTING_EXACT_PAL_PAGE | WIKIPEDIA_PS4_LIST_PAL,B_EXACT_PHYSICAL | B_PAL_RELEASE,https://www.pricecharting.com/game/pal-playstation-4/murdered-soul-suspect-limited-edition | https://en.wikipedia.org/wiki/List_of_PlayStation_4_games_(M%E2%80%93Z),La ficha exacta de la edición física PAL etiqueta a esta compañía como Publisher; puede representar publicación o distribución física. | La columna PAL de la lista de PS4 atribuye la publicación a esta compañía.,Confirmar si la etiqueta Publisher representa publicación o distribución en la caja PAL.,AMBIGUOUS_NAME | HIGH_OR_BETTER_GROUP_NOT_FULLY_RESOLVED | MISSING_SLUG
ps4-mx-vs-atv-legends,MX Vs. ATV Legends,PAL España,standard,mx vs atv legends,mx vs atv legends,GAME_OR_UNKNOWN,PHYSICAL_PUBLISHER_OR_DISTRIBUTOR,publisher,THQ Nordic,,THQ Nordic,AMBIGUOUS_NAME,THQ Nordic,REPLACE_OR_ADD_REVIEW,HIGH,NO,EXACT_PHYSICAL_EDITION | PAL_RELEASE,3,PRICECHARTING_EXACT_PAL_PAGE | REGIONATLAS_LEGACY_PRICECHARTING_CREDIT | WIKIPEDIA_PS4_LIST_PAL,B_EXACT_PHYSICAL | B_LEGACY_EXACT_PHYSICAL | B_PAL_RELEASE,https://www.pricecharting.com/game/pal-playstation-4/mx-vs-atv-legends | https://en.wikipedia.org/wiki/List_of_PlayStation_4_games_(M%E2%80%93Z),La ficha exacta de la edición física PAL etiqueta a esta compañía como Publisher; puede representar publicación o distribución física. | El crédito actual procede de la importación histórica de la ficha física enlazada; se contrasta con la consulta en vivo. | La columna PAL de la lista de PS4 atribuye la publicación a esta compañía.,Confirmar si la etiqueta Publisher representa publicación o distribución en la caja PAL.,AMBIGUOUS_NAME | HIGH_OR_BETTER_GROUP_NOT_FULLY_RESOLVED | MISSING_SLUG
ps4-mxgp-2019,MXGP 2019,PAL España,standard,mxgp 2019,mxgp 2019,GAME_OR_UNKNOWN,PHYSICAL_PUBLISHER_OR_DISTRIBUTOR,publisher,Milestone S.r.l,,Milestone S.r.l,AMBIGUOUS_NAME,Milestone S.r.l,REPLACE_OR_ADD_REVIEW,HIGH,NO,EXACT_PHYSICAL_EDITION,2,PRICECHARTING_EXACT_PAL_PAGE | REGIONATLAS_LEGACY_PRICECHARTING_CREDIT,B_EXACT_PHYSICAL | B_LEGACY_EXACT_PHYSICAL,https://www.pricecharting.com/game/pal-playstation-4/mxgp-2019,La ficha exacta de la edición física PAL etiqueta a esta compañía como Publisher; puede representar publicación o distribución física. | El crédito actual procede de la importación histórica de la ficha física enlazada; se contrasta con la consulta en vivo.,Confirmar si la etiqueta Publisher representa publicación o distribución en la caja PAL.,AMBIGUOUS_NAME | HIGH_OR_BETTER_GROUP_NOT_FULLY_RESOLVED | MISSING_SLUG
ps4-my-universe-cooking-star-restaurant,My Universe - Cooking Star Restaurant,PAL España,standard,my universe cooking star restaurant,my universe cooking star restaurant,GAME_OR_UNKNOWN,DEVELOPER,developer,Old Skull Games,,Old Skull Games,NOT_IN_COMPANY_INDEX,,ADD_MISSING,HIGH,NO,GAME_WORK | GAME_WORK_OR_PS4_RELEASE | PS4_RELEASE,4,LAUNCHBOX_GAMES_DB | STEAM_STORE | WIKIDATA | WIKIPEDIA_PS4_LIST,B_OTHER_PLATFORM | B_PS4_RELEASE | C_DISCOVERY,https://en.wikipedia.org/wiki/List_of_PlayStation_4_games_(M%E2%80%93Z) | https://store.steampowered.com/app/1407190 | https://www.wikidata.org/wiki/Q109703382 | https://gamesdb.launchbox-app.com/games/details/476520,"La lista específica de PS4 atribuye el desarrollo a esta compañía. | La ficha comercial de Steam confirma la desarrolladora de la obra, no necesariamente el port de PS4. | Wikidata registra la compañía como desarrolladora. | LaunchBox registra esta desarrolladora para su ficha de PS4.",No propagar a ports o compilaciones sin comprobar sus créditos propios.,HIGH_OR_BETTER_GROUP_NOT_FULLY_RESOLVED | MISSING_SLUG | NOT_IN_COMPANY_INDEX
ps4-my-universe-my-baby,My Universe: My Baby,PAL España,standard,my universe my baby,my universe my baby,GAME_OR_UNKNOWN,DEVELOPER,developer,Smart Tale Games,,Smart Tale Games,NOT_IN_COMPANY_INDEX,,ADD_MISSING,HIGH,NO,GAME_WORK | GAME_WORK_OR_PS4_RELEASE,2,STEAM_STORE | WIKIPEDIA_PS4_LIST,B_OTHER_PLATFORM | B_PS4_RELEASE,https://en.wikipedia.org/wiki/List_of_PlayStation_4_games_(M%E2%80%93Z) | https://store.steampowered.com/app/1400760,"La lista específica de PS4 atribuye el desarrollo a esta compañía. | La ficha comercial de Steam confirma la desarrolladora de la obra, no necesariamente el port de PS4.",No propagar a ports o compilaciones sin comprobar sus créditos propios.,HIGH_OR_BETTER_GROUP_NOT_FULLY_RESOLVED | MISSING_SLUG | NOT_IN_COMPANY_INDEX
ps4-my-universe-pet-clinic-cats-&amp;-dogs,"My Universe: Pet Clinic, Cats & Dogs",PAL España,standard,my universe pet clinic cats and dogs,my universe pet clinic cats and dogs,GAME_OR_UNKNOWN,DEVELOPER,developer,It Matters Games,,It Matters Games | it Matters Games,NOT_IN_COMPANY_INDEX,,ADD_MISSING,HIGH,NO,GAME_WORK | GAME_WORK_OR_PS4_RELEASE | PS4_RELEASE,4,LAUNCHBOX_GAMES_DB | STEAM_STORE | WIKIDATA | WIKIPEDIA_PS4_LIST,B_OTHER_PLATFORM | B_PS4_RELEASE | C_DISCOVERY,https://en.wikipedia.org/wiki/List_of_PlayStation_4_games_(M%E2%80%93Z) | https://store.steampowered.com/app/1365400 | https://www.wikidata.org/wiki/Q109703317 | https://gamesdb.launchbox-app.com/games/details/473584,"La lista específica de PS4 atribuye el desarrollo a esta compañía. | La ficha comercial de Steam confirma la desarrolladora de la obra, no necesariamente el port de PS4. | Wikidata registra la compañía como desarrolladora. | LaunchBox registra esta desarrolladora para su ficha de PS4.",No propagar a ports o compilaciones sin comprobar sus créditos propios.,HIGH_OR_BETTER_GROUP_NOT_FULLY_RESOLVED | MISSING_SLUG | NOT_IN_COMPANY_INDEX
ps4-naruto-shippuden-ultimate-ninja-storm-4,Naruto Shippuden Ultimate Ninja Storm 4,PAL España,standard,naruto shippuden ultimate ninja storm 4,naruto shippuden ultimate ninja storm 4,GAME_OR_UNKNOWN,DEVELOPER,developer,CyberConnect2,,CyberConnect2 | CyberConnect2 Co. Ltd. | Cyberconnect2,AMBIGUOUS_NAME,,ADD_MISSING,HIGH,NO,GAME_WORK | GAME_WORK_OR_PS4_RELEASE | PS4_RELEASE,4,LAUNCHBOX_GAMES_DB | STEAM_STORE | WIKIDATA | WIKIPEDIA_PS4_LIST,B_OTHER_PLATFORM | B_PS4_RELEASE | C_DISCOVERY,https://en.wikipedia.org/wiki/List_of_PlayStation_4_games_(M%E2%80%93Z) | https://store.steampowered.com/app/349040 | https://www.wikidata.org/wiki/Q18655006 | https://gamesdb.launchbox-app.com/games/details/476513,"La lista específica de PS4 atribuye el desarrollo a esta compañía. | La ficha comercial de Steam confirma la desarrolladora de la obra, no necesariamente el port de PS4. | Wikidata registra la compañía como desarrolladora. | LaunchBox registra esta desarrolladora para su ficha de PS4.",No propagar a ports o compilaciones sin comprobar sus créditos propios.,AMBIGUOUS_NAME | HIGH_OR_BETTER_GROUP_NOT_FULLY_RESOLVED | MISSING_SLUG
ps4-naruto-shippuden-ultimate-ninja-storm-4-collector%27s-edition,Naruto Shippuden: Ultimate Ninja Storm 4 [Collector's Edition],PAL España,standard,naruto shippuden ultimate ninja storm 4,naruto shippuden ultimate ninja storm 4,EDITION_VARIANT,DEVELOPER,developer,CyberConnect2,,CyberConnect2 | CyberConnect2 Co. Ltd. | Cyberconnect2,AMBIGUOUS_NAME,,ADD_MISSING,HIGH,NO,GAME_WORK | GAME_WORK_OR_PS4_RELEASE | PS4_RELEASE,4,LAUNCHBOX_GAMES_DB | STEAM_STORE | WIKIDATA | WIKIPEDIA_PS4_LIST,B_OTHER_PLATFORM | B_PS4_RELEASE | C_DISCOVERY,https://en.wikipedia.org/wiki/List_of_PlayStation_4_games_(M%E2%80%93Z) | https://store.steampowered.com/app/349040 | https://www.wikidata.org/wiki/Q18655006 | https://gamesdb.launchbox-app.com/games/details/476513,"La lista específica de PS4 atribuye el desarrollo a esta compañía. | La ficha comercial de Steam confirma la desarrolladora de la obra, no necesariamente el port de PS4. | Wikidata registra la compañía como desarrolladora. | LaunchBox registra esta desarrolladora para su ficha de PS4.",No propagar a ports o compilaciones sin comprobar sus créditos propios.,AMBIGUOUS_NAME | HIGH_OR_BETTER_GROUP_NOT_FULLY_RESOLVED | MISSING_SLUG
ps4-nba-2k14,NBA 2K14,PAL España,standard,nba 2k14,nba 2k14,GAME_OR_UNKNOWN,DEVELOPER,developer,Visual Concepts,,Visual Concepts,AMBIGUOUS_NAME,Visual Concepts,REPLACE_OR_ADD_REVIEW,HIGH,NO,EXACT_PHYSICAL_EDITION | GAME_WORK | GAME_WORK_OR_PS4_RELEASE | PS4_RELEASE,4,LAUNCHBOX_GAMES_DB | PRICECHARTING_EXACT_PAL_PAGE | WIKIDATA | WIKIPEDIA_PS4_LIST,B_EXACT_PHYSICAL | B_PS4_RELEASE | C_DISCOVERY,https://www.pricecharting.com/game/pal-playstation-4/nba-2k14 | https://en.wikipedia.org/wiki/List_of_PlayStation_4_games_(M%E2%80%93Z) | https://www.wikidata.org/wiki/Q13715618 | https://gamesdb.launchbox-app.com/games/details/18398,La ficha enlazada de la edición física PAL atribuye el desarrollo a esta compañía. | La lista específica de PS4 atribuye el desarrollo a esta compañía. | Wikidata registra la compañía como desarrolladora. | LaunchBox registra esta desarrolladora para su ficha de PS4.,No propagar a ports o compilaciones sin comprobar sus créditos propios.,AMBIGUOUS_NAME | HIGH_OR_BETTER_GROUP_NOT_FULLY_RESOLVED | MISSING_SLUG
ps4-nba-2k15,NBA 2K15,PAL España,standard,nba 2k15,nba 2k15,GAME_OR_UNKNOWN,DEVELOPER,developer,Visual Concepts,,Visual Concepts,AMBIGUOUS_NAME,Visual Concepts,REPLACE_OR_ADD_REVIEW,HIGH,NO,EXACT_PHYSICAL_EDITION | GAME_WORK | GAME_WORK_OR_PS4_RELEASE,3,REGIONATLAS_LEGACY_PRICECHARTING_CREDIT | WIKIDATA | WIKIPEDIA_PS4_LIST,B_LEGACY_EXACT_PHYSICAL | B_PS4_RELEASE | C_DISCOVERY,https://www.pricecharting.com/game/pal-playstation-4/nba-2k15 | https://en.wikipedia.org/wiki/List_of_PlayStation_4_games_(M%E2%80%93Z) | https://www.wikidata.org/wiki/Q17506098,El crédito actual procede de la importación histórica de la ficha física enlazada; se contrasta con la consulta en vivo. | La lista específica de PS4 atribuye el desarrollo a esta compañía. | Wikidata registra la compañía como desarrolladora.,No propagar a ports o compilaciones sin comprobar sus créditos propios.,AMBIGUOUS_NAME | HIGH_OR_BETTER_GROUP_NOT_FULLY_RESOLVED | MISSING_SLUG
ps4-nba-2k16,NBA 2K16,PAL España,standard,nba 2k16,nba 2k16,GAME_OR_UNKNOWN,DEVELOPER,developer,Visual Concepts,,Visual Concepts,AMBIGUOUS_NAME,,ADD_MISSING,HIGH,NO,GAME_WORK | GAME_WORK_OR_PS4_RELEASE | PS4_RELEASE,4,LAUNCHBOX_GAMES_DB | STEAM_STORE | WIKIDATA | WIKIPEDIA_PS4_LIST,B_OTHER_PLATFORM | B_PS4_RELEASE | C_DISCOVERY,https://en.wikipedia.org/wiki/List_of_PlayStation_4_games_(M%E2%80%93Z) | https://store.steampowered.com/app/370240 | https://www.wikidata.org/wiki/Q20049240 | https://gamesdb.launchbox-app.com/games/details/29369,"La lista específica de PS4 atribuye el desarrollo a esta compañía. | La ficha comercial de Steam confirma la desarrolladora de la obra, no necesariamente el port de PS4. | Wikidata registra la compañía como desarrolladora. | LaunchBox registra esta desarrolladora para su ficha de PS4.",No propagar a ports o compilaciones sin comprobar sus créditos propios.,AMBIGUOUS_NAME | HIGH_OR_BETTER_GROUP_NOT_FULLY_RESOLVED | MISSING_SLUG
ps4-nba-2k16-michael-jordan-special-edition,NBA 2K16 [Michael Jordan Special Edition],PAL España,standard,nba 2k16,nba 2k16,EDITION_VARIANT,DEVELOPER,developer,Visual Concepts,,Visual Concepts,AMBIGUOUS_NAME,,ADD_MISSING,HIGH,NO,GAME_WORK | GAME_WORK_OR_PS4_RELEASE | PS4_RELEASE,4,LAUNCHBOX_GAMES_DB | STEAM_STORE | WIKIDATA | WIKIPEDIA_PS4_LIST,B_OTHER_PLATFORM | B_PS4_RELEASE | C_DISCOVERY,https://en.wikipedia.org/wiki/List_of_PlayStation_4_games_(M%E2%80%93Z) | https://store.steampowered.com/app/370240 | https://www.wikidata.org/wiki/Q20049240 | https://gamesdb.launchbox-app.com/games/details/29369,"La lista específica de PS4 atribuye el desarrollo a esta compañía. | La ficha comercial de Steam confirma la desarrolladora de la obra, no necesariamente el port de PS4. | Wikidata registra la compañía como desarrolladora. | LaunchBox registra esta desarrolladora para su ficha de PS4.",No propagar a ports o compilaciones sin comprobar sus créditos propios.,AMBIGUOUS_NAME | HIGH_OR_BETTER_GROUP_NOT_FULLY_RESOLVED | MISSING_SLUG
ps4-nba-2k17,NBA 2K17,PAL España,standard,nba 2k17,nba 2k17,GAME_OR_UNKNOWN,DEVELOPER,developer,Visual Concepts,,Visual Concepts,AMBIGUOUS_NAME,Visual Concepts,REPLACE_OR_ADD_REVIEW,HIGH,NO,EXACT_PHYSICAL_EDITION | GAME_WORK_OR_PS4_RELEASE,3,PRICECHARTING_EXACT_PAL_PAGE | REGIONATLAS_LEGACY_PRICECHARTING_CREDIT | WIKIPEDIA_PS4_LIST,B_EXACT_PHYSICAL | B_LEGACY_EXACT_PHYSICAL | B_PS4_RELEASE,https://www.pricecharting.com/game/pal-playstation-4/nba-2k17 | https://en.wikipedia.org/wiki/List_of_PlayStation_4_games_(M%E2%80%93Z),La ficha enlazada de la edición física PAL atribuye el desarrollo a esta compañía. | El crédito actual procede de la importación histórica de la ficha física enlazada; se contrasta con la consulta en vivo. | La lista específica de PS4 atribuye el desarrollo a esta compañía.,No propagar a ports o compilaciones sin comprobar sus créditos propios.,AMBIGUOUS_NAME | HIGH_OR_BETTER_GROUP_NOT_FULLY_RESOLVED | MISSING_SLUG
ps4-nba-2k22,NBA 2K22,PAL España,standard,nba 2k22,nba 2k22,GAME_OR_UNKNOWN,DEVELOPER,developer,Visual Concepts,,Visual Concepts,AMBIGUOUS_NAME,Visual Concepts,REPLACE_OR_ADD_REVIEW,HIGH,NO,EXACT_PHYSICAL_EDITION | GAME_WORK | GAME_WORK_OR_PS4_RELEASE | PS4_RELEASE,5,LAUNCHBOX_GAMES_DB | PRICECHARTING_EXACT_PAL_PAGE | REGIONATLAS_LEGACY_PRICECHARTING_CREDIT | WIKIDATA | WIKIPEDIA_PS4_LIST,B_EXACT_PHYSICAL | B_LEGACY_EXACT_PHYSICAL | B_PS4_RELEASE | C_DISCOVERY,https://www.pricecharting.com/game/pal-playstation-4/nba-2k22 | https://en.wikipedia.org/wiki/List_of_PlayStation_4_games_(M%E2%80%93Z) | https://www.wikidata.org/wiki/Q107602058 | https://gamesdb.launchbox-app.com/games/details/443953,La ficha enlazada de la edición física PAL atribuye el desarrollo a esta compañía. | El crédito actual procede de la importación histórica de la ficha física enlazada; se contrasta con la consulta en vivo. | La lista específica de PS4 atribuye el desarrollo a esta compañía. | Wikidata registra la compañía como desarrolladora. | LaunchBox registra esta desarrolladora para su ficha de PS4.,No propagar a ports o compilaciones sin comprobar sus créditos propios.,AMBIGUOUS_NAME | HIGH_OR_BETTER_GROUP_NOT_FULLY_RESOLVED | MISSING_SLUG
ps4-nba-2k25,NBA 2K25,PAL España,standard,nba 2k25,nba 2k25,GAME_OR_UNKNOWN,DEVELOPER,developer,Visual Concepts,,Visual Concepts,AMBIGUOUS_NAME,,ADD_MISSING,HIGH,NO,GAME_WORK | GAME_WORK_OR_PS4_RELEASE | PS4_RELEASE,4,LAUNCHBOX_GAMES_DB | STEAM_STORE | WIKIDATA | WIKIPEDIA_PS4_LIST,B_OTHER_PLATFORM | B_PS4_RELEASE | C_DISCOVERY,https://en.wikipedia.org/wiki/List_of_PlayStation_4_games_(M%E2%80%93Z) | https://store.steampowered.com/app/2878980 | https://www.wikidata.org/wiki/Q127328619 | https://gamesdb.launchbox-app.com/games/details/476479,"La lista específica de PS4 atribuye el desarrollo a esta compañía. | La ficha comercial de Steam confirma la desarrolladora de la obra, no necesariamente el port de PS4. | Wikidata registra la compañía como desarrolladora. | LaunchBox registra esta desarrolladora para su ficha de PS4.",No propagar a ports o compilaciones sin comprobar sus créditos propios.,AMBIGUOUS_NAME | HIGH_OR_BETTER_GROUP_NOT_FULLY_RESOLVED | MISSING_SLUG
ps4-nba-2k26,NBA 2K26,PAL España,standard,nba 2k26,nba 2k26,GAME_OR_UNKNOWN,DEVELOPER,developer,Visual Concepts,,Visual Concepts,AMBIGUOUS_NAME,Visual Concepts,REPLACE_OR_ADD_REVIEW,HIGH,NO,GAME_WORK | GAME_WORK_OR_PS4_RELEASE | PS4_RELEASE,4,LAUNCHBOX_GAMES_DB | STEAM_STORE | WIKIDATA | WIKIPEDIA_PS4_LIST,B_OTHER_PLATFORM | B_PS4_RELEASE | C_DISCOVERY,https://en.wikipedia.org/wiki/List_of_PlayStation_4_games_(M%E2%80%93Z) | https://store.steampowered.com/app/3472040 | https://www.wikidata.org/wiki/Q135268471 | https://gamesdb.launchbox-app.com/games/details/476516,"La lista específica de PS4 atribuye el desarrollo a esta compañía. | La ficha comercial de Steam confirma la desarrolladora de la obra, no necesariamente el port de PS4. | Wikidata registra la compañía como desarrolladora. | LaunchBox registra esta desarrolladora para su ficha de PS4.",No propagar a ports o compilaciones sin comprobar sus créditos propios.,AMBIGUOUS_NAME | HIGH_OR_BETTER_GROUP_NOT_FULLY_RESOLVED | MISSING_SLUG
ps4-neo-the-world-ends-with-you,NEO: The World Ends With You,PAL España,standard,neo the world ends with you,neo the world ends with you,GAME_OR_UNKNOWN,DEVELOPER,developer,Square Enix,,Square Enix,AMBIGUOUS_NAME,Square Enix,REPLACE_OR_ADD_REVIEW,HIGH,NO,EXACT_PHYSICAL_EDITION | GAME_WORK | GAME_WORK_OR_PS4_RELEASE,4,PRICECHARTING_EXACT_PAL_PAGE | REGIONATLAS_LEGACY_PRICECHARTING_CREDIT | STEAM_STORE | WIKIPEDIA_PS4_LIST,B_EXACT_PHYSICAL | B_LEGACY_EXACT_PHYSICAL | B_OTHER_PLATFORM | B_PS4_RELEASE,https://www.pricecharting.com/game/pal-playstation-4/neo-the-world-ends-with-you | https://en.wikipedia.org/wiki/List_of_PlayStation_4_games_(M%E2%80%93Z) | https://store.steampowered.com/app/1647550,"La ficha enlazada de la edición física PAL atribuye el desarrollo a esta compañía. | El crédito actual procede de la importación histórica de la ficha física enlazada; se contrasta con la consulta en vivo. | La lista específica de PS4 atribuye el desarrollo a esta compañía. | La ficha comercial de Steam confirma la desarrolladora de la obra, no necesariamente el port de PS4.",No propagar a ports o compilaciones sin comprobar sus créditos propios.,AMBIGUOUS_NAME | HIGH_OR_BETTER_GROUP_NOT_FULLY_RESOLVED | MISSING_SLUG
ps4-neo-the-world-ends-with-you,NEO: The World Ends With You,PAL España,standard,neo the world ends with you,neo the world ends with you,GAME_OR_UNKNOWN,PHYSICAL_PUBLISHER_OR_DISTRIBUTOR,publisher,Square Enix,,Square Enix,AMBIGUOUS_NAME,Square Enix,REPLACE_OR_ADD_REVIEW,HIGH,NO,EXACT_PHYSICAL_EDITION | PAL_RELEASE,3,PRICECHARTING_EXACT_PAL_PAGE | REGIONATLAS_LEGACY_PRICECHARTING_CREDIT | WIKIPEDIA_PS4_LIST_PAL,B_EXACT_PHYSICAL | B_LEGACY_EXACT_PHYSICAL | B_PAL_RELEASE,https://www.pricecharting.com/game/pal-playstation-4/neo-the-world-ends-with-you | https://en.wikipedia.org/wiki/List_of_PlayStation_4_games_(M%E2%80%93Z),La ficha exacta de la edición física PAL etiqueta a esta compañía como Publisher; puede representar publicación o distribución física. | El crédito actual procede de la importación histórica de la ficha física enlazada; se contrasta con la consulta en vivo. | La columna PAL de la lista de PS4 atribuye la publicación a esta compañía.,Confirmar si la etiqueta Publisher representa publicación o distribución en la caja PAL.,AMBIGUOUS_NAME | HIGH_OR_BETTER_GROUP_NOT_FULLY_RESOLVED | MISSING_SLUG
ps4-neptunia-game-maker-revolution,Neptunia Game Maker R:Evolution,PAL España,standard,neptunia game maker r evolution,neptunia game maker r evolution,GAME_OR_UNKNOWN,DEVELOPER,developer,Compile Heart,,Compile Heart,AMBIGUOUS_NAME,Compile Heart,REPLACE_OR_ADD_REVIEW,HIGH,NO,GAME_WORK | GAME_WORK_OR_PS4_RELEASE,2,STEAM_STORE | WIKIPEDIA_PS4_LIST,B_OTHER_PLATFORM | B_PS4_RELEASE,https://en.wikipedia.org/wiki/List_of_PlayStation_4_games_(M%E2%80%93Z) | https://store.steampowered.com/app/3341510,"La lista específica de PS4 atribuye el desarrollo a esta compañía. | La ficha comercial de Steam confirma la desarrolladora de la obra, no necesariamente el port de PS4.",No propagar a ports o compilaciones sin comprobar sus créditos propios.,AMBIGUOUS_NAME | HIGH_OR_BETTER_GROUP_NOT_FULLY_RESOLVED | MISSING_SLUG
ps4-neptunia-game-maker-revolution-day-one-edition,Neptunia Game Maker R:Evolution [Day One Edition],PAL España,standard,neptunia game maker r evolution,neptunia game maker r evolution,EDITION_VARIANT,DEVELOPER,developer,Compile Heart,,Compile Heart,AMBIGUOUS_NAME,,ADD_MISSING,HIGH,NO,GAME_WORK | GAME_WORK_OR_PS4_RELEASE,2,STEAM_STORE | WIKIPEDIA_PS4_LIST,B_OTHER_PLATFORM | B_PS4_RELEASE,https://en.wikipedia.org/wiki/List_of_PlayStation_4_games_(M%E2%80%93Z) | https://store.steampowered.com/app/3341510,"La lista específica de PS4 atribuye el desarrollo a esta compañía. | La ficha comercial de Steam confirma la desarrolladora de la obra, no necesariamente el port de PS4.",No propagar a ports o compilaciones sin comprobar sus créditos propios.,AMBIGUOUS_NAME | HIGH_OR_BETTER_GROUP_NOT_FULLY_RESOLVED | MISSING_SLUG
ps4-neptunia-riders-vs-dogoos,Neptunia Riders VS Dogoos,PAL España,standard,neptunia riders vs dogoos,neptunia riders vs dogoos,GAME_OR_UNKNOWN,DEVELOPER,developer,Compile Heart,,Compile Heart,AMBIGUOUS_NAME,Compile Heart,REPLACE_OR_ADD_REVIEW,HIGH,NO,EXACT_PHYSICAL_EDITION | GAME_WORK | GAME_WORK_OR_PS4_RELEASE,3,REGIONATLAS_LEGACY_PRICECHARTING_CREDIT | STEAM_STORE | WIKIPEDIA_PS4_LIST,B_LEGACY_EXACT_PHYSICAL | B_OTHER_PLATFORM | B_PS4_RELEASE,https://www.pricecharting.com/game/pal-playstation-4/neptunia-riders-vs-dogoos | https://en.wikipedia.org/wiki/List_of_PlayStation_4_games_(M%E2%80%93Z) | https://store.steampowered.com/app/3273290,"El crédito actual procede de la importación histórica de la ficha física enlazada; se contrasta con la consulta en vivo. | La lista específica de PS4 atribuye el desarrollo a esta compañía. | La ficha comercial de Steam confirma la desarrolladora de la obra, no necesariamente el port de PS4.",No propagar a ports o compilaciones sin comprobar sus créditos propios.,AMBIGUOUS_NAME | HIGH_OR_BETTER_GROUP_NOT_FULLY_RESOLVED | MISSING_SLUG
ps4-neptunia-riders-vs-dogoos-day-one-edition,Neptunia Riders VS Dogoos [Day One Edition],PAL España,standard,neptunia riders vs dogoos,neptunia riders vs dogoos,EDITION_VARIANT,DEVELOPER,developer,Compile Heart,,Compile Heart,AMBIGUOUS_NAME,,ADD_MISSING,HIGH,NO,GAME_WORK | GAME_WORK_OR_PS4_RELEASE,2,STEAM_STORE | WIKIPEDIA_PS4_LIST,B_OTHER_PLATFORM | B_PS4_RELEASE,https://en.wikipedia.org/wiki/List_of_PlayStation_4_games_(M%E2%80%93Z) | https://store.steampowered.com/app/3273290,"La lista específica de PS4 atribuye el desarrollo a esta compañía. | La ficha comercial de Steam confirma la desarrolladora de la obra, no necesariamente el port de PS4.",No propagar a ports o compilaciones sin comprobar sus créditos propios.,AMBIGUOUS_NAME | HIGH_OR_BETTER_GROUP_NOT_FULLY_RESOLVED | MISSING_SLUG
ps4-neptunia-riders-vs-dogoos-magazine-edition,Neptunia Riders VS Dogoos [Magazine Edition],PAL España,standard,neptunia riders vs dogoos,neptunia riders vs dogoos,EDITION_VARIANT,DEVELOPER,developer,Compile Heart,,Compile Heart,AMBIGUOUS_NAME,,ADD_MISSING,HIGH,NO,EXACT_PHYSICAL_EDITION | GAME_WORK | GAME_WORK_OR_PS4_RELEASE,3,PRICECHARTING_EXACT_PAL_PAGE | STEAM_STORE | WIKIPEDIA_PS4_LIST,B_EXACT_PHYSICAL | B_OTHER_PLATFORM | B_PS4_RELEASE,https://www.pricecharting.com/game/pal-playstation-4/neptunia-riders-vs-dogoos-magazine-edition | https://en.wikipedia.org/wiki/List_of_PlayStation_4_games_(M%E2%80%93Z) | https://store.steampowered.com/app/3273290,"La ficha enlazada de la edición física PAL atribuye el desarrollo a esta compañía. | La lista específica de PS4 atribuye el desarrollo a esta compañía. | La ficha comercial de Steam confirma la desarrolladora de la obra, no necesariamente el port de PS4.",No propagar a ports o compilaciones sin comprobar sus créditos propios.,AMBIGUOUS_NAME | HIGH_OR_BETTER_GROUP_NOT_FULLY_RESOLVED | MISSING_SLUG
ps4-neptunia-sisters-vs-sisters,Neptunia: Sisters VS Sisters,PAL España,standard,neptunia sisters vs sisters,neptunia sisters vs sisters,GAME_OR_UNKNOWN,DEVELOPER,developer,Compile Heart,,Compile Heart,AMBIGUOUS_NAME,Compile Heart,REPLACE_OR_ADD_REVIEW,HIGH,NO,EXACT_PHYSICAL_EDITION | GAME_WORK | GAME_WORK_OR_PS4_RELEASE | PS4_RELEASE,4,LAUNCHBOX_GAMES_DB | PRICECHARTING_EXACT_PAL_PAGE | STEAM_STORE | WIKIPEDIA_PS4_LIST,B_EXACT_PHYSICAL | B_OTHER_PLATFORM | B_PS4_RELEASE | C_DISCOVERY,https://www.pricecharting.com/game/pal-playstation-4/neptunia-sisters-vs-sisters | https://en.wikipedia.org/wiki/List_of_PlayStation_4_games_(M%E2%80%93Z) | https://store.steampowered.com/app/1932160 | https://gamesdb.launchbox-app.com/games/details/473606,"La ficha enlazada de la edición física PAL atribuye el desarrollo a esta compañía. | La lista específica de PS4 atribuye el desarrollo a esta compañía. | La ficha comercial de Steam confirma la desarrolladora de la obra, no necesariamente el port de PS4. | LaunchBox registra esta desarrolladora para su ficha de PS4.",No propagar a ports o compilaciones sin comprobar sus créditos propios.,AMBIGUOUS_NAME | HIGH_OR_BETTER_GROUP_NOT_FULLY_RESOLVED | MISSING_SLUG
ps4-neptunia-sisters-vs-sisters-calendar-edition,Neptunia: Sisters VS Sisters [Calendar Edition],PAL España,standard,neptunia sisters vs sisters,neptunia sisters vs sisters,GAME_OR_UNKNOWN,DEVELOPER,developer,Compile Heart,,Compile Heart,AMBIGUOUS_NAME,,ADD_MISSING,HIGH,NO,GAME_WORK | GAME_WORK_OR_PS4_RELEASE | PS4_RELEASE,3,LAUNCHBOX_GAMES_DB | STEAM_STORE | WIKIPEDIA_PS4_LIST,B_OTHER_PLATFORM | B_PS4_RELEASE | C_DISCOVERY,https://en.wikipedia.org/wiki/List_of_PlayStation_4_games_(M%E2%80%93Z) | https://store.steampowered.com/app/1932160 | https://gamesdb.launchbox-app.com/games/details/473606,"La lista específica de PS4 atribuye el desarrollo a esta compañía. | La ficha comercial de Steam confirma la desarrolladora de la obra, no necesariamente el port de PS4. | LaunchBox registra esta desarrolladora para su ficha de PS4.",No propagar a ports o compilaciones sin comprobar sus créditos propios.,AMBIGUOUS_NAME | HIGH_OR_BETTER_GROUP_NOT_FULLY_RESOLVED | MISSING_SLUG
ps4-neptunia-virtual-stars-day-one-edition,Neptunia Virtual Stars [Day One Edition],PAL España,standard,neptunia virtual stars,neptunia virtual stars,EDITION_VARIANT,DEVELOPER,developer,Compile Heart,,Compile Heart,AMBIGUOUS_NAME,Compile Heart,REPLACE_OR_ADD_REVIEW,HIGH,NO,EXACT_PHYSICAL_EDITION | GAME_WORK,2,PRICECHARTING_EXACT_PAL_PAGE | STEAM_STORE,B_EXACT_PHYSICAL | B_OTHER_PLATFORM,https://www.pricecharting.com/game/pal-playstation-4/neptunia-virtual-stars-day-one-edition | https://store.steampowered.com/app/1399840,"La ficha enlazada de la edición física PAL atribuye el desarrollo a esta compañía. | La ficha comercial de Steam confirma la desarrolladora de la obra, no necesariamente el port de PS4.",No propagar a ports o compilaciones sin comprobar sus créditos propios.,AMBIGUOUS_NAME | HIGH_OR_BETTER_GROUP_NOT_FULLY_RESOLVED | MISSING_SLUG
ps4-neptunia-virtual-stars-day-one-edition,Neptunia Virtual Stars [Day One Edition],PAL España,standard,neptunia virtual stars,neptunia virtual stars,EDITION_VARIANT,PHYSICAL_PUBLISHER_OR_DISTRIBUTOR,publisher,Idea Factory International,,Idea Factory International,AMBIGUOUS_NAME,Idea Factory,REPLACE_OR_ADD_REVIEW,HIGH,NO,EXACT_PHYSICAL_EDITION,1,PRICECHARTING_EXACT_PAL_PAGE,B_EXACT_PHYSICAL,https://www.pricecharting.com/game/pal-playstation-4/neptunia-virtual-stars-day-one-edition,La ficha exacta de la edición física PAL etiqueta a esta compañía como Publisher; puede representar publicación o distribución física.,Confirmar si la etiqueta Publisher representa publicación o distribución en la caja PAL.,AMBIGUOUS_NAME | HIGH_OR_BETTER_GROUP_NOT_FULLY_RESOLVED | MISSING_SLUG
ps4-neptunia-virtual-stars-limited-edition,Neptunia Virtual Stars [Limited Edition],PAL España,standard,neptunia virtual stars,neptunia virtual stars,EDITION_VARIANT,DEVELOPER,developer,"Idea Factory Co., Ltd.",idea-factory,IDEA FACTORY | Idea Factory,EXACT_NAME_OR_ALIAS,,ADD_MISSING,HIGH,NO,EXACT_PHYSICAL_EDITION | GAME_WORK | MATCHED_PS4_PRODUCT | PS4_RELEASE,4,LAUNCHBOX_GAMES_DB | PLAYSTATION_STORE_EXPLICIT_CREDIT | PRICECHARTING_EXACT_PAL_PAGE | STEAM_STORE,A_OFFICIAL_MATCHED_TITLE_CREDIT | B_EXACT_PHYSICAL | B_OTHER_PLATFORM | C_DISCOVERY,https://store.playstation.com/es-es/product/EP4060-CUSA23502_00-NEPVIRTUALSTARS0 | https://www.pricecharting.com/game/pal-playstation-4/neptunia-virtual-stars-limited-edition | https://store.steampowered.com/app/1399840 | https://gamesdb.launchbox-app.com/games/details/476473,"Developed by IDEA FACTORY | La ficha enlazada de la edición física PAL atribuye el desarrollo a esta compañía. | La ficha comercial de Steam confirma la desarrolladora de la obra, no necesariamente el port de PS4. | LaunchBox registra esta desarrolladora para su ficha de PS4.",No propagar a ports o compilaciones sin comprobar sus créditos propios.,HIGH_OR_BETTER_GROUP_NOT_FULLY_RESOLVED
ps4-neptunia-virtual-stars-limited-edition,Neptunia Virtual Stars [Limited Edition],PAL España,standard,neptunia virtual stars,neptunia virtual stars,EDITION_VARIANT,DEVELOPER,developer,Compile Heart,,Compile Heart,AMBIGUOUS_NAME,,ADD_MISSING,HIGH,NO,EXACT_PHYSICAL_EDITION | GAME_WORK,2,PRICECHARTING_EXACT_PAL_PAGE | STEAM_STORE,B_EXACT_PHYSICAL | B_OTHER_PLATFORM,https://www.pricecharting.com/game/pal-playstation-4/neptunia-virtual-stars-limited-edition | https://store.steampowered.com/app/1399840,"La ficha enlazada de la edición física PAL atribuye el desarrollo a esta compañía. | La ficha comercial de Steam confirma la desarrolladora de la obra, no necesariamente el port de PS4.",No propagar a ports o compilaciones sin comprobar sus créditos propios.,AMBIGUOUS_NAME | HIGH_OR_BETTER_GROUP_NOT_FULLY_RESOLVED | MISSING_SLUG
ps4-neptunia-x-senran-kagura-ninja-wars-limited-edition,Neptunia X Senran Kagura: Ninja Wars [Limited Edition],PAL España,standard,neptunia x senran kagura ninja wars,neptunia x senran kagura ninja wars,EDITION_VARIANT,DEVELOPER,developer,Compile Heart,,Compile Heart,AMBIGUOUS_NAME,,ADD_MISSING,HIGH,NO,EXACT_PHYSICAL_EDITION | GAME_WORK,2,PRICECHARTING_EXACT_PAL_PAGE | STEAM_STORE,B_EXACT_PHYSICAL | B_OTHER_PLATFORM,https://www.pricecharting.com/game/pal-playstation-4/neptunia-x-senran-kagura-ninja-wars-limited-edition | https://store.steampowered.com/app/1836860,"La ficha enlazada de la edición física PAL atribuye el desarrollo a esta compañía. | La ficha comercial de Steam confirma la desarrolladora de la obra, no necesariamente el port de PS4.",No propagar a ports o compilaciones sin comprobar sus créditos propios.,AMBIGUOUS_NAME | HIGH_OR_BETTER_GROUP_NOT_FULLY_RESOLVED | MISSING_SLUG
ps4-neptunia-x-senran-kagura-ninja-wars-limited-edition,Neptunia X Senran Kagura: Ninja Wars [Limited Edition],PAL España,standard,neptunia x senran kagura ninja wars,neptunia x senran kagura ninja wars,EDITION_VARIANT,DEVELOPER,developer,Tamsoft Corporation,tamsoft,Tamsoft,EXACT_NAME_OR_ALIAS,,ADD_MISSING,HIGH,NO,EXACT_PHYSICAL_EDITION | GAME_WORK | GAME_WORK_OR_PS4_RELEASE | PS4_RELEASE,5,LAUNCHBOX_GAMES_DB | PRICECHARTING_EXACT_PAL_PAGE | STEAM_STORE | WIKIDATA | WIKIPEDIA_PS4_LIST,B_EXACT_PHYSICAL | B_OTHER_PLATFORM | B_PS4_RELEASE | C_DISCOVERY,https://www.pricecharting.com/game/pal-playstation-4/neptunia-x-senran-kagura-ninja-wars-limited-edition | https://en.wikipedia.org/wiki/List_of_PlayStation_4_games_(M%E2%80%93Z) | https://store.steampowered.com/app/1836860 | https://www.wikidata.org/wiki/Q109595592 | https://gamesdb.launchbox-app.com/games/details/209697,"La ficha enlazada de la edición física PAL atribuye el desarrollo a esta compañía. | La lista específica de PS4 atribuye el desarrollo a esta compañía. | La ficha comercial de Steam confirma la desarrolladora de la obra, no necesariamente el port de PS4. | Wikidata registra la compañía como desarrolladora. | LaunchBox registra esta desarrolladora para su ficha de PS4.",No propagar a ports o compilaciones sin comprobar sus créditos propios.,HIGH_OR_BETTER_GROUP_NOT_FULLY_RESOLVED
ps4-neversong,Neversong,PAL España,standard,neversong,neversong,GAME_OR_UNKNOWN,DEVELOPER,developer,Atmos Games,,Atmos Games | Atmos Games LLC,NOT_IN_COMPANY_INDEX,"Atmos Games, Serenity Forge",REPLACE_OR_ADD_REVIEW,HIGH,NO,EXACT_PHYSICAL_EDITION | GAME_WORK | GAME_WORK_OR_PS4_RELEASE | PS4_RELEASE,6,LAUNCHBOX_GAMES_DB | PRICECHARTING_EXACT_PAL_PAGE | REGIONATLAS_LEGACY_PRICECHARTING_CREDIT | STEAM_STORE | WIKIDATA | WIKIPEDIA_PS4_LIST,B_EXACT_PHYSICAL | B_LEGACY_EXACT_PHYSICAL | B_OTHER_PLATFORM | B_PS4_RELEASE | C_DISCOVERY,https://www.pricecharting.com/game/pal-playstation-4/neversong | https://en.wikipedia.org/wiki/List_of_PlayStation_4_games_(M%E2%80%93Z) | https://store.steampowered.com/app/733210 | https://www.wikidata.org/wiki/Q55381989 | https://gamesdb.launchbox-app.com/games/details/476497,"La ficha enlazada de la edición física PAL atribuye el desarrollo a esta compañía. | El crédito actual procede de la importación histórica de la ficha física enlazada; se contrasta con la consulta en vivo. | La lista específica de PS4 atribuye el desarrollo a esta compañía. | La ficha comercial de Steam confirma la desarrolladora de la obra, no necesariamente el port de PS4. | Wikidata registra la compañía como desarrolladora. | LaunchBox registra esta desarrolladora para su ficha de PS4.",No propagar a ports o compilaciones sin comprobar sus créditos propios.,HIGH_OR_BETTER_GROUP_NOT_FULLY_RESOLVED | MISSING_SLUG | NOT_IN_COMPANY_INDEX
ps4-neversong,Neversong,PAL España,standard,neversong,neversong,GAME_OR_UNKNOWN,DEVELOPER,developer,Serenity Forge,serenity-forge,Serenity Forge,EXACT_NAME_OR_ALIAS,"Atmos Games, Serenity Forge",REPLACE_OR_ADD_REVIEW,HIGH,NO,EXACT_PHYSICAL_EDITION | GAME_WORK | GAME_WORK_OR_PS4_RELEASE,4,PRICECHARTING_EXACT_PAL_PAGE | REGIONATLAS_LEGACY_PRICECHARTING_CREDIT | STEAM_STORE | WIKIPEDIA_PS4_LIST,B_EXACT_PHYSICAL | B_LEGACY_EXACT_PHYSICAL | B_OTHER_PLATFORM | B_PS4_RELEASE,https://www.pricecharting.com/game/pal-playstation-4/neversong | https://en.wikipedia.org/wiki/List_of_PlayStation_4_games_(M%E2%80%93Z) | https://store.steampowered.com/app/733210,"La ficha enlazada de la edición física PAL atribuye el desarrollo a esta compañía. | El crédito actual procede de la importación histórica de la ficha física enlazada; se contrasta con la consulta en vivo. | La lista específica de PS4 atribuye el desarrollo a esta compañía. | La ficha comercial de Steam confirma la desarrolladora de la obra, no necesariamente el port de PS4.",No propagar a ports o compilaciones sin comprobar sus créditos propios.,HIGH_OR_BETTER_GROUP_NOT_FULLY_RESOLVED
ps4-neversong-collector%27s-edition,Neversong [Collector's Edition],PAL España,standard,neversong,neversong,EDITION_VARIANT,DEVELOPER,developer,Atmos Games,,Atmos Games | Atmos Games LLC,NOT_IN_COMPANY_INDEX,,ADD_MISSING,HIGH,NO,EXACT_PHYSICAL_EDITION | GAME_WORK | GAME_WORK_OR_PS4_RELEASE | PS4_RELEASE,5,LAUNCHBOX_GAMES_DB | PRICECHARTING_EXACT_PAL_PAGE | STEAM_STORE | WIKIDATA | WIKIPEDIA_PS4_LIST,B_EXACT_PHYSICAL | B_OTHER_PLATFORM | B_PS4_RELEASE | C_DISCOVERY,https://www.pricecharting.com/game/pal-playstation-4/neversong-collector%27s-edition | https://en.wikipedia.org/wiki/List_of_PlayStation_4_games_(M%E2%80%93Z) | https://store.steampowered.com/app/733210 | https://www.wikidata.org/wiki/Q55381989 | https://gamesdb.launchbox-app.com/games/details/476497,"La ficha enlazada de la edición física PAL atribuye el desarrollo a esta compañía. | La lista específica de PS4 atribuye el desarrollo a esta compañía. | La ficha comercial de Steam confirma la desarrolladora de la obra, no necesariamente el port de PS4. | Wikidata registra la compañía como desarrolladora. | LaunchBox registra esta desarrolladora para su ficha de PS4.",No propagar a ports o compilaciones sin comprobar sus créditos propios.,HIGH_OR_BETTER_GROUP_NOT_FULLY_RESOLVED | MISSING_SLUG | NOT_IN_COMPANY_INDEX
ps4-neversong-collector%27s-edition,Neversong [Collector's Edition],PAL España,standard,neversong,neversong,EDITION_VARIANT,DEVELOPER,developer,Serenity Forge,serenity-forge,Serenity Forge,EXACT_NAME_OR_ALIAS,,ADD_MISSING,HIGH,NO,GAME_WORK | GAME_WORK_OR_PS4_RELEASE,2,STEAM_STORE | WIKIPEDIA_PS4_LIST,B_OTHER_PLATFORM | B_PS4_RELEASE,https://en.wikipedia.org/wiki/List_of_PlayStation_4_games_(M%E2%80%93Z) | https://store.steampowered.com/app/733210,"La lista específica de PS4 atribuye el desarrollo a esta compañía. | La ficha comercial de Steam confirma la desarrolladora de la obra, no necesariamente el port de PS4.",No propagar a ports o compilaciones sin comprobar sus créditos propios.,HIGH_OR_BETTER_GROUP_NOT_FULLY_RESOLVED
ps4-new-gundam-breaker,New Gundam Breaker,PAL España,standard,new gundam breaker,new gundam breaker,GAME_OR_UNKNOWN,DEVELOPER,developer,Crafts & Meister,,Crafts & Meister | CRAFTS & MEISTER Co Ltd.,AMBIGUOUS_NAME,Crafts & Meister,REPLACE_OR_ADD_REVIEW,HIGH,NO,EXACT_PHYSICAL_EDITION | GAME_WORK,3,PRICECHARTING_EXACT_PAL_PAGE | REGIONATLAS_LEGACY_PRICECHARTING_CREDIT | STEAM_STORE,B_EXACT_PHYSICAL | B_LEGACY_EXACT_PHYSICAL | B_OTHER_PLATFORM,https://www.pricecharting.com/game/pal-playstation-4/new-gundam-breaker | https://store.steampowered.com/app/738530,"La ficha enlazada de la edición física PAL atribuye el desarrollo a esta compañía. | El crédito actual procede de la importación histórica de la ficha física enlazada; se contrasta con la consulta en vivo. | La ficha comercial de Steam confirma la desarrolladora de la obra, no necesariamente el port de PS4.",No propagar a ports o compilaciones sin comprobar sus créditos propios.,AMBIGUOUS_NAME | HIGH_OR_BETTER_GROUP_NOT_FULLY_RESOLVED | MISSING_SLUG
ps4-nickelodeon-all-star-brawl,Nickelodeon All Star Brawl,PAL España,standard,nickelodeon all star brawl,nickelodeon all star brawl,GAME_OR_UNKNOWN,DEVELOPER,developer,Ludosity,ludosity,Ludosity,EXACT_NAME_OR_ALIAS,Ludosity / Fair Play Labs,REPLACE_OR_ADD_REVIEW,HIGH,NO,EXACT_PHYSICAL_EDITION | GAME_WORK | GAME_WORK_OR_PS4_RELEASE | PS4_RELEASE,4,LAUNCHBOX_GAMES_DB | REGIONATLAS_LEGACY_PRICECHARTING_CREDIT | STEAM_STORE | WIKIPEDIA_PS4_LIST,B_LEGACY_EXACT_PHYSICAL | B_OTHER_PLATFORM | B_PS4_RELEASE | C_DISCOVERY,https://www.pricecharting.com/game/pal-playstation-4/nickelodeon-all-star-brawl | https://en.wikipedia.org/wiki/List_of_PlayStation_4_games_(M%E2%80%93Z) | https://store.steampowered.com/app/1414850 | https://gamesdb.launchbox-app.com/games/details/212890,"El crédito actual procede de la importación histórica de la ficha física enlazada; se contrasta con la consulta en vivo. | La lista específica de PS4 atribuye el desarrollo a esta compañía. | La ficha comercial de Steam confirma la desarrolladora de la obra, no necesariamente el port de PS4. | LaunchBox registra esta desarrolladora para su ficha de PS4.",No propagar a ports o compilaciones sin comprobar sus créditos propios.,HIGH_OR_BETTER_GROUP_NOT_FULLY_RESOLVED
ps4-nickelodeon-all-star-brawl,Nickelodeon All Star Brawl,PAL España,standard,nickelodeon all star brawl,nickelodeon all star brawl,GAME_OR_UNKNOWN,DEVELOPER,developer,Fair Play Labs,,Fair Play Labs,NOT_IN_COMPANY_INDEX,Ludosity / Fair Play Labs,REPLACE_OR_ADD_REVIEW,HIGH,NO,EXACT_PHYSICAL_EDITION | GAME_WORK | GAME_WORK_OR_PS4_RELEASE,3,REGIONATLAS_LEGACY_PRICECHARTING_CREDIT | STEAM_STORE | WIKIPEDIA_PS4_LIST,B_LEGACY_EXACT_PHYSICAL | B_OTHER_PLATFORM | B_PS4_RELEASE,https://www.pricecharting.com/game/pal-playstation-4/nickelodeon-all-star-brawl | https://en.wikipedia.org/wiki/List_of_PlayStation_4_games_(M%E2%80%93Z) | https://store.steampowered.com/app/1414850,"El crédito actual procede de la importación histórica de la ficha física enlazada; se contrasta con la consulta en vivo. | La lista específica de PS4 atribuye el desarrollo a esta compañía. | La ficha comercial de Steam confirma la desarrolladora de la obra, no necesariamente el port de PS4.",No propagar a ports o compilaciones sin comprobar sus créditos propios.,HIGH_OR_BETTER_GROUP_NOT_FULLY_RESOLVED | MISSING_SLUG | NOT_IN_COMPANY_INDEX
ps4-nickelodeon-all-star-brawl-2,Nickelodeon All-Star Brawl 2,PAL España,standard,nickelodeon all star brawl 2,nickelodeon all star brawl 2,GAME_OR_UNKNOWN,DEVELOPER,developer,Fair Play Labs,,Fair Play Labs,NOT_IN_COMPANY_INDEX,,ADD_MISSING,HIGH,NO,GAME_WORK | GAME_WORK_OR_PS4_RELEASE | PS4_RELEASE,4,LAUNCHBOX_GAMES_DB | STEAM_STORE | WIKIDATA | WIKIPEDIA_PS4_LIST,B_OTHER_PLATFORM | B_PS4_RELEASE | C_DISCOVERY,https://en.wikipedia.org/wiki/List_of_PlayStation_4_games_(M%E2%80%93Z) | https://store.steampowered.com/app/2017080 | https://www.wikidata.org/wiki/Q120971896 | https://gamesdb.launchbox-app.com/games/details/466212,"La lista específica de PS4 atribuye el desarrollo a esta compañía. | La ficha comercial de Steam confirma la desarrolladora de la obra, no necesariamente el port de PS4. | Wikidata registra la compañía como desarrolladora. | LaunchBox registra esta desarrolladora para su ficha de PS4.",No propagar a ports o compilaciones sin comprobar sus créditos propios.,HIGH_OR_BETTER_GROUP_NOT_FULLY_RESOLVED | MISSING_SLUG | NOT_IN_COMPANY_INDEX
ps4-nier-automata,Nier Automata,PAL España,standard,nier automata,nier automata,GAME_OR_UNKNOWN,PHYSICAL_PUBLISHER_OR_DISTRIBUTOR,publisher,SQUARE ENIX,,SQUARE ENIX | Square Enix,AMBIGUOUS_NAME,SQUARE ENIX,REPLACE_OR_ADD_REVIEW,HIGH,NO,EXACT_PHYSICAL_EDITION | PAL_RELEASE,3,PRICECHARTING_EXACT_PAL_PAGE | REGIONATLAS_LEGACY_PRICECHARTING_CREDIT | WIKIPEDIA_PS4_LIST_PAL,B_EXACT_PHYSICAL | B_LEGACY_EXACT_PHYSICAL | B_PAL_RELEASE,https://www.pricecharting.com/game/pal-playstation-4/nier-automata | https://en.wikipedia.org/wiki/List_of_PlayStation_4_games_(M%E2%80%93Z),La ficha exacta de la edición física PAL etiqueta a esta compañía como Publisher; puede representar publicación o distribución física. | El crédito actual procede de la importación histórica de la ficha física enlazada; se contrasta con la consulta en vivo. | La columna PAL de la lista de PS4 atribuye la publicación a esta compañía.,Confirmar si la etiqueta Publisher representa publicación o distribución en la caja PAL.,AMBIGUOUS_NAME | HIGH_OR_BETTER_GROUP_NOT_FULLY_RESOLVED | MISSING_SLUG
ps4-nier-automata-day-one,NieR: Automata [Day One],PAL España,standard,nier automata,nier automata day one,EDITION_VARIANT,PHYSICAL_PUBLISHER_OR_DISTRIBUTOR,publisher,Square Enix,,Square Enix,AMBIGUOUS_NAME,Square Enix,REPLACE_OR_ADD_REVIEW,HIGH,NO,EXACT_PHYSICAL_EDITION | PAL_RELEASE,3,PRICECHARTING_EXACT_PAL_PAGE | REGIONATLAS_LEGACY_PRICECHARTING_CREDIT | WIKIPEDIA_PS4_LIST_PAL,B_EXACT_PHYSICAL | B_LEGACY_EXACT_PHYSICAL | B_PAL_RELEASE,https://www.pricecharting.com/game/pal-playstation-4/nier-automata-day-one | https://en.wikipedia.org/wiki/List_of_PlayStation_4_games_(M%E2%80%93Z),La ficha exacta de la edición física PAL etiqueta a esta compañía como Publisher; puede representar publicación o distribución física. | El crédito actual procede de la importación histórica de la ficha física enlazada; se contrasta con la consulta en vivo. | La columna PAL de la lista de PS4 atribuye la publicación a esta compañía.,Confirmar si la etiqueta Publisher representa publicación o distribución en la caja PAL.,AMBIGUOUS_NAME | HIGH_OR_BETTER_GROUP_NOT_FULLY_RESOLVED | MISSING_SLUG
ps4-nier-automata-game-of-the-yorha-edition,Nier Automata [Game of the Yorha Edition],PAL España,standard,nier automata,nier automata,GAME_OR_UNKNOWN,PHYSICAL_PUBLISHER_OR_DISTRIBUTOR,publisher,Square Enix,,Square Enix,AMBIGUOUS_NAME,,ADD_MISSING,HIGH,NO,EXACT_PHYSICAL_EDITION | PAL_RELEASE,2,PRICECHARTING_EXACT_PAL_PAGE | WIKIPEDIA_PS4_LIST_PAL,B_EXACT_PHYSICAL | B_PAL_RELEASE,https://www.pricecharting.com/game/pal-playstation-4/nier-automata-game-of-the-yorha-edition | https://en.wikipedia.org/wiki/List_of_PlayStation_4_games_(M%E2%80%93Z),La ficha exacta de la edición física PAL etiqueta a esta compañía como Publisher; puede representar publicación o distribución física. | La columna PAL de la lista de PS4 atribuye la publicación a esta compañía.,Confirmar si la etiqueta Publisher representa publicación o distribución en la caja PAL.,AMBIGUOUS_NAME | HIGH_OR_BETTER_GROUP_NOT_FULLY_RESOLVED | MISSING_SLUG
ps4-nier-automata-limited-edition,Nier: Automata [Limited Edition],PAL España,standard,nier automata,nier automata,EDITION_VARIANT,PHYSICAL_PUBLISHER_OR_DISTRIBUTOR,publisher,Square Enix,,Square Enix,AMBIGUOUS_NAME,,ADD_MISSING,HIGH,NO,EXACT_PHYSICAL_EDITION | PAL_RELEASE,2,PRICECHARTING_EXACT_PAL_PAGE | WIKIPEDIA_PS4_LIST_PAL,B_EXACT_PHYSICAL | B_PAL_RELEASE,https://www.pricecharting.com/game/pal-playstation-4/nier-automata-limited-edition | https://en.wikipedia.org/wiki/List_of_PlayStation_4_games_(M%E2%80%93Z),La ficha exacta de la edición física PAL etiqueta a esta compañía como Publisher; puede representar publicación o distribución física. | La columna PAL de la lista de PS4 atribuye la publicación a esta compañía.,Confirmar si la etiqueta Publisher representa publicación o distribución en la caja PAL.,AMBIGUOUS_NAME | HIGH_OR_BETTER_GROUP_NOT_FULLY_RESOLVED | MISSING_SLUG
ps4-nier-replicant-ver122474487139,NieR Replicant Ver.1.22474487139,PAL España,standard,nier replicant ver 1 22474487139,nier replicant ver 1 22474487139,GAME_OR_UNKNOWN,PHYSICAL_PUBLISHER_OR_DISTRIBUTOR,publisher,Square Enix,,Square Enix,AMBIGUOUS_NAME,Square Enix,REPLACE_OR_ADD_REVIEW,HIGH,NO,EXACT_PHYSICAL_EDITION | PAL_RELEASE,3,PRICECHARTING_EXACT_PAL_PAGE | REGIONATLAS_LEGACY_PRICECHARTING_CREDIT | WIKIPEDIA_PS4_LIST_PAL,B_EXACT_PHYSICAL | B_LEGACY_EXACT_PHYSICAL | B_PAL_RELEASE,https://www.pricecharting.com/game/pal-playstation-4/nier-replicant-ver122474487139 | https://en.wikipedia.org/wiki/List_of_PlayStation_4_games_(M%E2%80%93Z),La ficha exacta de la edición física PAL etiqueta a esta compañía como Publisher; puede representar publicación o distribución física. | El crédito actual procede de la importación histórica de la ficha física enlazada; se contrasta con la consulta en vivo. | La columna PAL de la lista de PS4 atribuye la publicación a esta compañía.,Confirmar si la etiqueta Publisher representa publicación o distribución en la caja PAL.,AMBIGUOUS_NAME | HIGH_OR_BETTER_GROUP_NOT_FULLY_RESOLVED | MISSING_SLUG
ps4-nights-of-azure-2-bride-of-the-new-moon,Nights of Azure 2 Bride of the New Moon,PAL España,standard,nights of azure 2 bride of the new moon,nights of azure 2 bride of the new moon,GAME_OR_UNKNOWN,DEVELOPER,developer,Gust,,GUST | Gust,AMBIGUOUS_NAME,,ADD_MISSING,HIGH,NO,GAME_WORK_OR_PS4_RELEASE | MATCHED_PS4_PRODUCT | PS4_RELEASE,3,LAUNCHBOX_GAMES_DB | PLAYSTATION_STORE_EXPLICIT_CREDIT | WIKIPEDIA_PS4_LIST,A_OFFICIAL_MATCHED_TITLE_CREDIT | B_PS4_RELEASE | C_DISCOVERY,https://store.playstation.com/es-es/product/EP4108-CUSA09910_00-NIGHTSOFAZURE000 | https://en.wikipedia.org/wiki/List_of_PlayStation_4_games_(M%E2%80%93Z) | https://gamesdb.launchbox-app.com/games/details/152612,Developed by GUST | La lista específica de PS4 atribuye el desarrollo a esta compañía. | LaunchBox registra esta desarrolladora para su ficha de PS4.,No propagar a ports o compilaciones sin comprobar sus créditos propios.,AMBIGUOUS_NAME | HIGH_OR_BETTER_GROUP_NOT_FULLY_RESOLVED | MISSING_SLUG
ps4-nights-of-azure-2-bride-of-the-new-moon-limited-edition,Nights Of Azure 2: Bride Of The New Moon [Limited Edition],PAL España,standard,nights of azure 2 bride of the new moon,nights of azure 2 bride of the new moon,EDITION_VARIANT,DEVELOPER,developer,Gust,,GUST | Gust,AMBIGUOUS_NAME,,ADD_MISSING,HIGH,NO,GAME_WORK_OR_PS4_RELEASE | MATCHED_PS4_PRODUCT | PS4_RELEASE,3,LAUNCHBOX_GAMES_DB | PLAYSTATION_STORE_EXPLICIT_CREDIT | WIKIPEDIA_PS4_LIST,A_OFFICIAL_MATCHED_TITLE_CREDIT | B_PS4_RELEASE | C_DISCOVERY,https://store.playstation.com/es-es/product/EP4108-CUSA09910_00-NIGHTSOFAZURE000 | https://en.wikipedia.org/wiki/List_of_PlayStation_4_games_(M%E2%80%93Z) | https://gamesdb.launchbox-app.com/games/details/152612,Developed by GUST | La lista específica de PS4 atribuye el desarrollo a esta compañía. | LaunchBox registra esta desarrolladora para su ficha de PS4.,No propagar a ports o compilaciones sin comprobar sus créditos propios.,AMBIGUOUS_NAME | HIGH_OR_BETTER_GROUP_NOT_FULLY_RESOLVED | MISSING_SLUG
ps4-nioh,Nioh,PAL España,standard,nioh,nioh,GAME_OR_UNKNOWN,PHYSICAL_PUBLISHER_OR_DISTRIBUTOR,publisher,Sony Interactive Entertainment Europe,,Sony Interactive Entertainment Europe,AMBIGUOUS_NAME,Sony Interactive Entertainment Europe,REPLACE_OR_ADD_REVIEW,HIGH,NO,EXACT_PHYSICAL_EDITION,2,PRICECHARTING_EXACT_PAL_PAGE | REGIONATLAS_LEGACY_PRICECHARTING_CREDIT,B_EXACT_PHYSICAL | B_LEGACY_EXACT_PHYSICAL,https://www.pricecharting.com/game/pal-playstation-4/nioh,La ficha exacta de la edición física PAL etiqueta a esta compañía como Publisher; puede representar publicación o distribución física. | El crédito actual procede de la importación histórica de la ficha física enlazada; se contrasta con la consulta en vivo.,Confirmar si la etiqueta Publisher representa publicación o distribución en la caja PAL.,AMBIGUOUS_NAME | HIGH_OR_BETTER_GROUP_NOT_FULLY_RESOLVED | MISSING_SLUG
ps4-nioh-2,Nioh 2,PAL España,standard,nioh 2,nioh 2,GAME_OR_UNKNOWN,PHYSICAL_PUBLISHER_OR_DISTRIBUTOR,publisher,Koei Tecmo Games,,Koei Tecmo Games,AMBIGUOUS_NAME,Koei Tecmo Games,REPLACE_OR_ADD_REVIEW,HIGH,NO,EXACT_PHYSICAL_EDITION,2,PRICECHARTING_EXACT_PAL_PAGE | REGIONATLAS_LEGACY_PRICECHARTING_CREDIT,B_EXACT_PHYSICAL | B_LEGACY_EXACT_PHYSICAL,https://www.pricecharting.com/game/pal-playstation-4/nioh-2,La ficha exacta de la edición física PAL etiqueta a esta compañía como Publisher; puede representar publicación o distribución física. | El crédito actual procede de la importación histórica de la ficha física enlazada; se contrasta con la consulta en vivo.,Confirmar si la etiqueta Publisher representa publicación o distribución en la caja PAL.,AMBIGUOUS_NAME | HIGH_OR_BETTER_GROUP_NOT_FULLY_RESOLVED | MISSING_SLUG
ps4-no-heroes-here,No Heroes Here,PAL España,standard,no heroes here,no heroes here,GAME_OR_UNKNOWN,DEVELOPER,developer,Mad Mimic,,Mad Mimic,NOT_IN_COMPANY_INDEX,Studio Zyx,REPLACE_OR_ADD_REVIEW,HIGH,NO,GAME_WORK | GAME_WORK_OR_PS4_RELEASE,2,STEAM_STORE | WIKIPEDIA_PS4_LIST,B_OTHER_PLATFORM | B_PS4_RELEASE,https://en.wikipedia.org/wiki/List_of_PlayStation_4_games_(M%E2%80%93Z) | https://store.steampowered.com/app/696140,"La lista específica de PS4 atribuye el desarrollo a esta compañía. | La ficha comercial de Steam confirma la desarrolladora de la obra, no necesariamente el port de PS4.",No propagar a ports o compilaciones sin comprobar sus créditos propios.,HIGH_OR_BETTER_GROUP_NOT_FULLY_RESOLVED | MISSING_SLUG | NOT_IN_COMPANY_INDEX
ps4-no-man%27s-sky,No Man's Sky,PAL España,standard,no man s sky,no man s sky,GAME_OR_UNKNOWN,PHYSICAL_PUBLISHER_OR_DISTRIBUTOR,publisher,Sony Interactive Entertainment Europe Ltd.,,Sony Interactive Entertainment Europe Ltd.,AMBIGUOUS_NAME,Sony Interactive Entertainment Europe Ltd.,REPLACE_OR_ADD_REVIEW,HIGH,NO,EXACT_PHYSICAL_EDITION,2,PRICECHARTING_EXACT_PAL_PAGE | REGIONATLAS_LEGACY_PRICECHARTING_CREDIT,B_EXACT_PHYSICAL | B_LEGACY_EXACT_PHYSICAL,https://www.pricecharting.com/game/pal-playstation-4/no-man%27s-sky,La ficha exacta de la edición física PAL etiqueta a esta compañía como Publisher; puede representar publicación o distribución física. | El crédito actual procede de la importación histórica de la ficha física enlazada; se contrasta con la consulta en vivo.,Confirmar si la etiqueta Publisher representa publicación o distribución en la caja PAL.,AMBIGUOUS_NAME | HIGH_OR_BETTER_GROUP_NOT_FULLY_RESOLVED | MISSING_SLUG
ps4-nobunaga%27s-ambition-sphere-of-influence-ascension,Nobunaga's Ambition Sphere of Influence [Ascension],PAL España,standard,nobunaga s ambition sphere of influence ascension,nobunaga s ambition sphere of influence ascension,GAME_OR_UNKNOWN,DEVELOPER,developer,Koei Tecmo Games,,KOEI TECMO GAMES CO | KOEI TECMO GAMES Co Ltd. | Koei Tecmo Games,AMBIGUOUS_NAME,,ADD_MISSING,HIGH,NO,GAME_WORK | MATCHED_PS4_PRODUCT | PS4_RELEASE,4,LAUNCHBOX_GAMES_DB | PLAYSTATION_STORE_EXPLICIT_CREDIT | STEAM_STORE | WIKIDATA,A_OFFICIAL_MATCHED_TITLE_CREDIT | B_OTHER_PLATFORM | C_DISCOVERY,https://store.playstation.com/es-es/product/EP4108-CUSA05830_00-HDDBOOT000000001 | https://store.steampowered.com/app/375450 | https://www.wikidata.org/wiki/Q124068403 | https://gamesdb.launchbox-app.com/games/details/473637,"Developed by KOEI TECMO GAMES CO | La ficha comercial de Steam confirma la desarrolladora de la obra, no necesariamente el port de PS4. | Wikidata registra la compañía como desarrolladora. | LaunchBox registra esta desarrolladora para su ficha de PS4.",No propagar a ports o compilaciones sin comprobar sus créditos propios.,AMBIGUOUS_NAME | HIGH_OR_BETTER_GROUP_NOT_FULLY_RESOLVED | MISSING_SLUG
ps4-octopath-traveler-ii,Octopath Traveler II,PAL España,standard,octopath traveler ii,octopath traveler ii,GAME_OR_UNKNOWN,DEVELOPER,developer,Square Enix,,Square Enix,AMBIGUOUS_NAME,Square Enix,REPLACE_OR_ADD_REVIEW,HIGH,NO,EXACT_PHYSICAL_EDITION | GAME_WORK | GAME_WORK_OR_PS4_RELEASE,3,REGIONATLAS_LEGACY_PRICECHARTING_CREDIT | STEAM_STORE | WIKIPEDIA_PS4_LIST,B_LEGACY_EXACT_PHYSICAL | B_OTHER_PLATFORM | B_PS4_RELEASE,https://www.pricecharting.com/game/pal-playstation-4/octopath-traveler-ii | https://en.wikipedia.org/wiki/List_of_PlayStation_4_games_(M%E2%80%93Z) | https://store.steampowered.com/app/1971650,"El crédito actual procede de la importación histórica de la ficha física enlazada; se contrasta con la consulta en vivo. | La lista específica de PS4 atribuye el desarrollo a esta compañía. | La ficha comercial de Steam confirma la desarrolladora de la obra, no necesariamente el port de PS4.",No propagar a ports o compilaciones sin comprobar sus créditos propios.,AMBIGUOUS_NAME | HIGH_OR_BETTER_GROUP_NOT_FULLY_RESOLVED | MISSING_SLUG
ps4-octopath-traveler-ii,Octopath Traveler II,PAL España,standard,octopath traveler ii,octopath traveler ii,GAME_OR_UNKNOWN,DEVELOPER,developer,Acquire,acquire,Acquire | ACQUIRE Corp.,EXACT_NAME_OR_ALIAS,Square Enix,REPLACE_OR_ADD_REVIEW,HIGH,NO,GAME_WORK | GAME_WORK_OR_PS4_RELEASE,2,STEAM_STORE | WIKIPEDIA_PS4_LIST,B_OTHER_PLATFORM | B_PS4_RELEASE,https://en.wikipedia.org/wiki/List_of_PlayStation_4_games_(M%E2%80%93Z) | https://store.steampowered.com/app/1971650,"La lista específica de PS4 atribuye el desarrollo a esta compañía. | La ficha comercial de Steam confirma la desarrolladora de la obra, no necesariamente el port de PS4.",No propagar a ports o compilaciones sin comprobar sus créditos propios.,HIGH_OR_BETTER_GROUP_NOT_FULLY_RESOLVED
ps4-octopath-traveler-ii-steelbook-edition,Octopath Traveler II [Steelbook Edition],PAL España,standard,octopath traveler ii,octopath traveler ii,EDITION_VARIANT,DEVELOPER,developer,Square Enix,,Square Enix,AMBIGUOUS_NAME,,ADD_MISSING,HIGH,NO,GAME_WORK | GAME_WORK_OR_PS4_RELEASE,2,STEAM_STORE | WIKIPEDIA_PS4_LIST,B_OTHER_PLATFORM | B_PS4_RELEASE,https://en.wikipedia.org/wiki/List_of_PlayStation_4_games_(M%E2%80%93Z) | https://store.steampowered.com/app/1971650,"La lista específica de PS4 atribuye el desarrollo a esta compañía. | La ficha comercial de Steam confirma la desarrolladora de la obra, no necesariamente el port de PS4.",No propagar a ports o compilaciones sin comprobar sus créditos propios.,AMBIGUOUS_NAME | HIGH_OR_BETTER_GROUP_NOT_FULLY_RESOLVED | MISSING_SLUG
ps4-octopath-traveler-ii-steelbook-edition,Octopath Traveler II [Steelbook Edition],PAL España,standard,octopath traveler ii,octopath traveler ii,EDITION_VARIANT,DEVELOPER,developer,Acquire,acquire,Acquire | ACQUIRE Corp.,EXACT_NAME_OR_ALIAS,,ADD_MISSING,HIGH,NO,GAME_WORK | GAME_WORK_OR_PS4_RELEASE,2,STEAM_STORE | WIKIPEDIA_PS4_LIST,B_OTHER_PLATFORM | B_PS4_RELEASE,https://en.wikipedia.org/wiki/List_of_PlayStation_4_games_(M%E2%80%93Z) | https://store.steampowered.com/app/1971650,"La lista específica de PS4 atribuye el desarrollo a esta compañía. | La ficha comercial de Steam confirma la desarrolladora de la obra, no necesariamente el port de PS4.",No propagar a ports o compilaciones sin comprobar sus créditos propios.,HIGH_OR_BETTER_GROUP_NOT_FULLY_RESOLVED
ps4-odin-sphere-leifthrasir,Odin Sphere Leifthrasir,PAL España,standard,odin sphere leifthrasir,odin sphere leifthrasir,GAME_OR_UNKNOWN,DEVELOPER,developer,Vanillaware,,Vanillaware | VanillaWare,AMBIGUOUS_NAME,Vanillaware,REPLACE_OR_ADD_REVIEW,HIGH,NO,EXACT_PHYSICAL_EDITION | GAME_WORK | GAME_WORK_OR_PS4_RELEASE | PS4_RELEASE,4,LAUNCHBOX_GAMES_DB | PRICECHARTING_EXACT_PAL_PAGE | WIKIDATA | WIKIPEDIA_PS4_LIST,B_EXACT_PHYSICAL | B_PS4_RELEASE | C_DISCOVERY,https://www.pricecharting.com/game/pal-playstation-4/odin-sphere-leifthrasir | https://en.wikipedia.org/wiki/List_of_PlayStation_4_games_(M%E2%80%93Z) | https://www.wikidata.org/wiki/Q106996512 | https://gamesdb.launchbox-app.com/games/details/153539,La ficha enlazada de la edición física PAL atribuye el desarrollo a esta compañía. | La lista específica de PS4 atribuye el desarrollo a esta compañía. | Wikidata registra la compañía como desarrolladora. | LaunchBox registra esta desarrolladora para su ficha de PS4.,No propagar a ports o compilaciones sin comprobar sus créditos propios.,AMBIGUOUS_NAME | HIGH_OR_BETTER_GROUP_NOT_FULLY_RESOLVED | MISSING_SLUG
ps4-odin-sphere-leifthrasir,Odin Sphere Leifthrasir,PAL España,standard,odin sphere leifthrasir,odin sphere leifthrasir,GAME_OR_UNKNOWN,PHYSICAL_PUBLISHER_OR_DISTRIBUTOR,publisher,NIS America Inc.,,NIS America Inc.,AMBIGUOUS_NAME,Atlus,REPLACE_OR_ADD_REVIEW,HIGH,NO,EXACT_PHYSICAL_EDITION,1,PRICECHARTING_EXACT_PAL_PAGE,B_EXACT_PHYSICAL,https://www.pricecharting.com/game/pal-playstation-4/odin-sphere-leifthrasir,La ficha exacta de la edición física PAL etiqueta a esta compañía como Publisher; puede representar publicación o distribución física.,Confirmar si la etiqueta Publisher representa publicación o distribución en la caja PAL.,AMBIGUOUS_NAME | HIGH_OR_BETTER_GROUP_NOT_FULLY_RESOLVED | MISSING_SLUG
ps4-odin-sphere-leifthrasir,Odin Sphere Leifthrasir,PAL España,standard,odin sphere leifthrasir,odin sphere leifthrasir,GAME_OR_UNKNOWN,PHYSICAL_PUBLISHER_OR_DISTRIBUTOR,publisher,Atlus Co Ltd.,atlus,Atlus,EXACT_NAME_OR_ALIAS,Atlus,RETAIN,HIGH,NO,EXACT_PHYSICAL_EDITION | PAL_RELEASE,2,PRICECHARTING_EXACT_PAL_PAGE | WIKIPEDIA_PS4_LIST_PAL,B_EXACT_PHYSICAL | B_PAL_RELEASE,https://www.pricecharting.com/game/pal-playstation-4/odin-sphere-leifthrasir | https://en.wikipedia.org/wiki/List_of_PlayStation_4_games_(M%E2%80%93Z),La ficha exacta de la edición física PAL etiqueta a esta compañía como Publisher; puede representar publicación o distribución física. | La columna PAL de la lista de PS4 atribuye la publicación a esta compañía.,Confirmar si la etiqueta Publisher representa publicación o distribución en la caja PAL.,HIGH_OR_BETTER_GROUP_NOT_FULLY_RESOLVED
ps4-odin-sphere-leifthrasir-storybook-edition,Odin Sphere Leifthrasir [Storybook Edition],PAL España,standard,odin sphere leifthrasir,odin sphere leifthrasir,GAME_OR_UNKNOWN,DEVELOPER,developer,Vanillaware,,Vanillaware | VanillaWare,AMBIGUOUS_NAME,,ADD_MISSING,HIGH,NO,EXACT_PHYSICAL_EDITION | GAME_WORK | GAME_WORK_OR_PS4_RELEASE | PS4_RELEASE,4,LAUNCHBOX_GAMES_DB | PRICECHARTING_EXACT_PAL_PAGE | WIKIDATA | WIKIPEDIA_PS4_LIST,B_EXACT_PHYSICAL | B_PS4_RELEASE | C_DISCOVERY,https://www.pricecharting.com/game/pal-playstation-4/odin-sphere-leifthrasir-storybook-edition | https://en.wikipedia.org/wiki/List_of_PlayStation_4_games_(M%E2%80%93Z) | https://www.wikidata.org/wiki/Q106996512 | https://gamesdb.launchbox-app.com/games/details/153539,La ficha enlazada de la edición física PAL atribuye el desarrollo a esta compañía. | La lista específica de PS4 atribuye el desarrollo a esta compañía. | Wikidata registra la compañía como desarrolladora. | LaunchBox registra esta desarrolladora para su ficha de PS4.,No propagar a ports o compilaciones sin comprobar sus créditos propios.,AMBIGUOUS_NAME | HIGH_OR_BETTER_GROUP_NOT_FULLY_RESOLVED | MISSING_SLUG
ps4-omega-quintet,Omega Quintet,PAL España,standard,omega quintet,omega quintet,GAME_OR_UNKNOWN,DEVELOPER,developer,Compile Heart,,Compile Heart,AMBIGUOUS_NAME,Compile Heart,REPLACE_OR_ADD_REVIEW,HIGH,NO,EXACT_PHYSICAL_EDITION | GAME_WORK_OR_PS4_RELEASE,2,REGIONATLAS_LEGACY_PRICECHARTING_CREDIT | WIKIPEDIA_PS4_LIST,B_LEGACY_EXACT_PHYSICAL | B_PS4_RELEASE,https://www.pricecharting.com/game/pal-playstation-4/omega-quintet | https://en.wikipedia.org/wiki/List_of_PlayStation_4_games_(M%E2%80%93Z),El crédito actual procede de la importación histórica de la ficha física enlazada; se contrasta con la consulta en vivo. | La lista específica de PS4 atribuye el desarrollo a esta compañía.,No propagar a ports o compilaciones sin comprobar sus créditos propios.,AMBIGUOUS_NAME | HIGH_OR_BETTER_GROUP_NOT_FULLY_RESOLVED | MISSING_SLUG
ps4-one-night-stand,One Night Stand,PAL España,standard,one night stand,one night stand,GAME_OR_UNKNOWN,DEVELOPER,developer,Kinmoku,,Kinmoku,NOT_IN_COMPANY_INDEX,Ratalaika Games,REPLACE_OR_ADD_REVIEW,HIGH,NO,GAME_WORK | GAME_WORK_OR_PS4_RELEASE,2,STEAM_STORE | WIKIPEDIA_PS4_LIST,B_OTHER_PLATFORM | B_PS4_RELEASE,https://en.wikipedia.org/wiki/List_of_PlayStation_4_games_(M%E2%80%93Z) | https://store.steampowered.com/app/549860,"La lista específica de PS4 atribuye el desarrollo a esta compañía. | La ficha comercial de Steam confirma la desarrolladora de la obra, no necesariamente el port de PS4.",No propagar a ports o compilaciones sin comprobar sus créditos propios.,HIGH_OR_BETTER_GROUP_NOT_FULLY_RESOLVED | MISSING_SLUG | NOT_IN_COMPANY_INDEX
ps4-one-piece-burning-blood,One Piece Burning Blood,PAL España,standard,one piece burning blood,one piece burning blood,GAME_OR_UNKNOWN,DEVELOPER,developer,Spike Chunsoft,,Spike Chunsoft | Spike Chunsoft Co Ltd.,AMBIGUOUS_NAME,,ADD_MISSING,HIGH,NO,GAME_WORK | GAME_WORK_OR_PS4_RELEASE,3,STEAM_STORE | WIKIDATA | WIKIPEDIA_PS4_LIST,B_OTHER_PLATFORM | B_PS4_RELEASE | C_DISCOVERY,https://en.wikipedia.org/wiki/List_of_PlayStation_4_games_(M%E2%80%93Z) | https://store.steampowered.com/app/425220 | https://www.wikidata.org/wiki/Q21152158,"La lista específica de PS4 atribuye el desarrollo a esta compañía. | La ficha comercial de Steam confirma la desarrolladora de la obra, no necesariamente el port de PS4. | Wikidata registra la compañía como desarrolladora.",No propagar a ports o compilaciones sin comprobar sus créditos propios.,AMBIGUOUS_NAME | HIGH_OR_BETTER_GROUP_NOT_FULLY_RESOLVED | MISSING_SLUG
ps4-one-piece-burning-blood-marineford-edition,One Piece: Burning Blood [Marineford Edition],PAL España,standard,one piece burning blood,one piece burning blood,GAME_OR_UNKNOWN,DEVELOPER,developer,Spike Chunsoft,,Spike Chunsoft | Spike Chunsoft Co Ltd.,AMBIGUOUS_NAME,,ADD_MISSING,HIGH,NO,GAME_WORK | GAME_WORK_OR_PS4_RELEASE,3,STEAM_STORE | WIKIDATA | WIKIPEDIA_PS4_LIST,B_OTHER_PLATFORM | B_PS4_RELEASE | C_DISCOVERY,https://en.wikipedia.org/wiki/List_of_PlayStation_4_games_(M%E2%80%93Z) | https://store.steampowered.com/app/425220 | https://www.wikidata.org/wiki/Q21152158,"La lista específica de PS4 atribuye el desarrollo a esta compañía. | La ficha comercial de Steam confirma la desarrolladora de la obra, no necesariamente el port de PS4. | Wikidata registra la compañía como desarrolladora.",No propagar a ports o compilaciones sin comprobar sus créditos propios.,AMBIGUOUS_NAME | HIGH_OR_BETTER_GROUP_NOT_FULLY_RESOLVED | MISSING_SLUG
ps4-one-piece-odyssey,One Piece Odyssey,PAL España,standard,one piece odyssey,one piece odyssey,GAME_OR_UNKNOWN,DEVELOPER,developer,ILCA,,ILCA | ILCA Inc.,NOT_IN_COMPANY_INDEX,,ADD_MISSING,HIGH,NO,GAME_WORK | GAME_WORK_OR_PS4_RELEASE,3,STEAM_STORE | WIKIDATA | WIKIPEDIA_PS4_LIST,B_OTHER_PLATFORM | B_PS4_RELEASE | C_DISCOVERY,https://en.wikipedia.org/wiki/List_of_PlayStation_4_games_(M%E2%80%93Z) | https://store.steampowered.com/app/814000 | https://www.wikidata.org/wiki/Q111395668,"La lista específica de PS4 atribuye el desarrollo a esta compañía. | La ficha comercial de Steam confirma la desarrolladora de la obra, no necesariamente el port de PS4. | Wikidata registra la compañía como desarrolladora.",No propagar a ports o compilaciones sin comprobar sus créditos propios.,HIGH_OR_BETTER_GROUP_NOT_FULLY_RESOLVED | MISSING_SLUG | NOT_IN_COMPANY_INDEX
ps4-one-piece-odyssey-collector%27s-edition,One Piece Odyssey [Collector's Edition],PAL España,standard,one piece odyssey,one piece odyssey,EDITION_VARIANT,DEVELOPER,developer,ILCA,,ILCA | ILCA Inc.,NOT_IN_COMPANY_INDEX,,ADD_MISSING,HIGH,NO,GAME_WORK | GAME_WORK_OR_PS4_RELEASE,3,STEAM_STORE | WIKIDATA | WIKIPEDIA_PS4_LIST,B_OTHER_PLATFORM | B_PS4_RELEASE | C_DISCOVERY,https://en.wikipedia.org/wiki/List_of_PlayStation_4_games_(M%E2%80%93Z) | https://store.steampowered.com/app/814000 | https://www.wikidata.org/wiki/Q111395668,"La lista específica de PS4 atribuye el desarrollo a esta compañía. | La ficha comercial de Steam confirma la desarrolladora de la obra, no necesariamente el port de PS4. | Wikidata registra la compañía como desarrolladora.",No propagar a ports o compilaciones sin comprobar sus créditos propios.,HIGH_OR_BETTER_GROUP_NOT_FULLY_RESOLVED | MISSING_SLUG | NOT_IN_COMPANY_INDEX
ps4-one-piece-pirate-warriors-3,One Piece Pirate Warriors 3,PAL España,standard,one piece pirate warriors 3,one piece pirate warriors 3,GAME_OR_UNKNOWN,DEVELOPER,developer,KOEI TECMO GAMES CO,,KOEI TECMO GAMES CO | KOEI TECMO GAMES Co Ltd.,AMBIGUOUS_NAME,,ADD_MISSING,HIGH,NO,GAME_WORK | MATCHED_PS4_PRODUCT,2,PLAYSTATION_STORE_EXPLICIT_CREDIT | STEAM_STORE,A_OFFICIAL_MATCHED_TITLE_CREDIT | B_OTHER_PLATFORM,https://store.playstation.com/es-es/product/EP0700-CUSA01742_00-PROJECTOP3EU0000 | https://store.steampowered.com/app/331600,"Developed by KOEI TECMO GAMES CO | La ficha comercial de Steam confirma la desarrolladora de la obra, no necesariamente el port de PS4.",No propagar a ports o compilaciones sin comprobar sus créditos propios.,AMBIGUOUS_NAME | HIGH_OR_BETTER_GROUP_NOT_FULLY_RESOLVED | MISSING_SLUG
ps4-one-piece-pirate-warriors-3-doflamingo-edition,One Piece Pirate Warriors 3 [Doflamingo Edition],PAL España,standard,one piece pirate warriors 3,one piece pirate warriors 3,GAME_OR_UNKNOWN,DEVELOPER,developer,KOEI TECMO GAMES CO,,KOEI TECMO GAMES CO | KOEI TECMO GAMES Co Ltd.,AMBIGUOUS_NAME,,ADD_MISSING,HIGH,NO,GAME_WORK | MATCHED_PS4_PRODUCT,2,PLAYSTATION_STORE_EXPLICIT_CREDIT | STEAM_STORE,A_OFFICIAL_MATCHED_TITLE_CREDIT | B_OTHER_PLATFORM,https://store.playstation.com/es-es/product/EP0700-CUSA01742_00-PROJECTOP3EU0000 | https://store.steampowered.com/app/331600,"Developed by KOEI TECMO GAMES CO | La ficha comercial de Steam confirma la desarrolladora de la obra, no necesariamente el port de PS4.",No propagar a ports o compilaciones sin comprobar sus créditos propios.,AMBIGUOUS_NAME | HIGH_OR_BETTER_GROUP_NOT_FULLY_RESOLVED | MISSING_SLUG
ps4-one-piece-pirate-warriors-3-playstation-hits,One Piece Pirate Warriors 3 [Playstation Hits],PAL España,standard,one piece pirate warriors 3,one piece pirate warriors 3,EDITION_VARIANT,DEVELOPER,developer,KOEI TECMO GAMES CO,,KOEI TECMO GAMES CO | KOEI TECMO GAMES Co Ltd.,AMBIGUOUS_NAME,,ADD_MISSING,HIGH,NO,GAME_WORK | MATCHED_PS4_PRODUCT,2,PLAYSTATION_STORE_EXPLICIT_CREDIT | STEAM_STORE,A_OFFICIAL_MATCHED_TITLE_CREDIT | B_OTHER_PLATFORM,https://store.playstation.com/es-es/product/EP0700-CUSA01742_00-PROJECTOP3EU0000 | https://store.steampowered.com/app/331600,"Developed by KOEI TECMO GAMES CO | La ficha comercial de Steam confirma la desarrolladora de la obra, no necesariamente el port de PS4.",No propagar a ports o compilaciones sin comprobar sus créditos propios.,AMBIGUOUS_NAME | HIGH_OR_BETTER_GROUP_NOT_FULLY_RESOLVED | MISSING_SLUG
ps4-one-piece-pirate-warriors-3-steelbook-edition,One Piece Pirate Warriors 3 [Steelbook Edition],PAL España,standard,one piece pirate warriors 3,one piece pirate warriors 3,EDITION_VARIANT,DEVELOPER,developer,KOEI TECMO GAMES CO,,KOEI TECMO GAMES CO | KOEI TECMO GAMES Co Ltd.,AMBIGUOUS_NAME,,ADD_MISSING,HIGH,NO,GAME_WORK | MATCHED_PS4_PRODUCT,2,PLAYSTATION_STORE_EXPLICIT_CREDIT | STEAM_STORE,A_OFFICIAL_MATCHED_TITLE_CREDIT | B_OTHER_PLATFORM,https://store.playstation.com/es-es/product/EP0700-CUSA01742_00-PROJECTOP3EU0000 | https://store.steampowered.com/app/331600,"Developed by KOEI TECMO GAMES CO | La ficha comercial de Steam confirma la desarrolladora de la obra, no necesariamente el port de PS4.",No propagar a ports o compilaciones sin comprobar sus créditos propios.,AMBIGUOUS_NAME | HIGH_OR_BETTER_GROUP_NOT_FULLY_RESOLVED | MISSING_SLUG
ps4-one-punch-man-a-hero-nobody-knows,One Punch Man: A Hero Nobody Knows,PAL España,standard,one punch man a hero nobody knows,one punch man a hero nobody knows,GAME_OR_UNKNOWN,DEVELOPER,developer,Spike Chunsoft,,Spike Chunsoft | Spike Chunsoft Co. Ltd. | Spike ChunSoft,AMBIGUOUS_NAME,,ADD_MISSING,HIGH,NO,GAME_WORK | GAME_WORK_OR_PS4_RELEASE | PS4_RELEASE,4,LAUNCHBOX_GAMES_DB | STEAM_STORE | WIKIDATA | WIKIPEDIA_PS4_LIST,B_OTHER_PLATFORM | B_PS4_RELEASE | C_DISCOVERY,https://en.wikipedia.org/wiki/List_of_PlayStation_4_games_(M%E2%80%93Z) | https://store.steampowered.com/app/991560 | https://www.wikidata.org/wiki/Q76545877 | https://gamesdb.launchbox-app.com/games/details/192036,"La lista específica de PS4 atribuye el desarrollo a esta compañía. | La ficha comercial de Steam confirma la desarrolladora de la obra, no necesariamente el port de PS4. | Wikidata registra la compañía como desarrolladora. | LaunchBox registra esta desarrolladora para su ficha de PS4.",No propagar a ports o compilaciones sin comprobar sus créditos propios.,AMBIGUOUS_NAME | HIGH_OR_BETTER_GROUP_NOT_FULLY_RESOLVED | MISSING_SLUG
ps4-oni-road-to-be-the-mightiest-oni,ONI: Road to be the Mightiest Oni,PAL España,standard,oni road to be the mightiest oni,oni road to be the mightiest oni,GAME_OR_UNKNOWN,DEVELOPER,developer,Kenei Design,,Kenei Design | KENEI DESIGN,NOT_IN_COMPANY_INDEX,"Kenei Design, Shueisha Games",REPLACE_OR_ADD_REVIEW,HIGH,NO,EXACT_PHYSICAL_EDITION | GAME_WORK,2,REGIONATLAS_LEGACY_PRICECHARTING_CREDIT | STEAM_STORE,B_LEGACY_EXACT_PHYSICAL | B_OTHER_PLATFORM,https://www.pricecharting.com/game/pal-playstation-4/oni-road-to-be-the-mightiest-oni | https://store.steampowered.com/app/2101190,"El crédito actual procede de la importación histórica de la ficha física enlazada; se contrasta con la consulta en vivo. | La ficha comercial de Steam confirma la desarrolladora de la obra, no necesariamente el port de PS4.",No propagar a ports o compilaciones sin comprobar sus créditos propios.,HIGH_OR_BETTER_GROUP_NOT_FULLY_RESOLVED | MISSING_SLUG | NOT_IN_COMPANY_INDEX
ps4-oni-road-to-be-the-mightiest-oni,ONI: Road to be the Mightiest Oni,PAL España,standard,oni road to be the mightiest oni,oni road to be the mightiest oni,GAME_OR_UNKNOWN,DEVELOPER,developer,Shueisha Games,,Shueisha Games | SHUEISHA GAMES,NOT_IN_COMPANY_INDEX,"Kenei Design, Shueisha Games",REPLACE_OR_ADD_REVIEW,HIGH,NO,EXACT_PHYSICAL_EDITION | GAME_WORK,2,REGIONATLAS_LEGACY_PRICECHARTING_CREDIT | STEAM_STORE,B_LEGACY_EXACT_PHYSICAL | B_OTHER_PLATFORM,https://www.pricecharting.com/game/pal-playstation-4/oni-road-to-be-the-mightiest-oni | https://store.steampowered.com/app/2101190,"El crédito actual procede de la importación histórica de la ficha física enlazada; se contrasta con la consulta en vivo. | La ficha comercial de Steam confirma la desarrolladora de la obra, no necesariamente el port de PS4.",No propagar a ports o compilaciones sin comprobar sus créditos propios.,HIGH_OR_BETTER_GROUP_NOT_FULLY_RESOLVED | MISSING_SLUG | NOT_IN_COMPANY_INDEX
ps4-outcast-second-contact,Outcast Second Contact,PAL España,standard,outcast second contact,outcast second contact,GAME_OR_UNKNOWN,DEVELOPER,developer,Appeal,,Appeal,NOT_IN_COMPANY_INDEX,,ADD_MISSING,HIGH,NO,GAME_WORK | MATCHED_PS4_PRODUCT,2,PLAYSTATION_STORE_EXPLICIT_CREDIT | WIKIDATA,A_OFFICIAL_MATCHED_TITLE_CREDIT | C_DISCOVERY,https://store.playstation.com/es-es/product/EP4008-CUSA07582_00-OUTCAST000000000 | https://www.wikidata.org/wiki/Q46418533,developed by Appeal | Wikidata registra la compañía como desarrolladora.,No propagar a ports o compilaciones sin comprobar sus créditos propios.,HIGH_OR_BETTER_GROUP_NOT_FULLY_RESOLVED | MISSING_SLUG | NOT_IN_COMPANY_INDEX
ps4-outriders,Outriders,PAL España,standard,outriders,outriders,GAME_OR_UNKNOWN,PHYSICAL_PUBLISHER_OR_DISTRIBUTOR,publisher,Square Enix,,Square Enix,AMBIGUOUS_NAME,Square Enix,REPLACE_OR_ADD_REVIEW,HIGH,NO,EXACT_PHYSICAL_EDITION | PAL_RELEASE,3,PRICECHARTING_EXACT_PAL_PAGE | REGIONATLAS_LEGACY_PRICECHARTING_CREDIT | WIKIPEDIA_PS4_LIST_PAL,B_EXACT_PHYSICAL | B_LEGACY_EXACT_PHYSICAL | B_PAL_RELEASE,https://www.pricecharting.com/game/pal-playstation-4/outriders | https://en.wikipedia.org/wiki/List_of_PlayStation_4_games_(M%E2%80%93Z),La ficha exacta de la edición física PAL etiqueta a esta compañía como Publisher; puede representar publicación o distribución física. | El crédito actual procede de la importación histórica de la ficha física enlazada; se contrasta con la consulta en vivo. | La columna PAL de la lista de PS4 atribuye la publicación a esta compañía.,Confirmar si la etiqueta Publisher representa publicación o distribución en la caja PAL.,AMBIGUOUS_NAME | HIGH_OR_BETTER_GROUP_NOT_FULLY_RESOLVED | MISSING_SLUG
ps4-outriders-day-one-edition,Outriders [Day One Edition],PAL España,standard,outriders,outriders,EDITION_VARIANT,PHYSICAL_PUBLISHER_OR_DISTRIBUTOR,publisher,Square Enix,,Square Enix,AMBIGUOUS_NAME,,ADD_MISSING,HIGH,NO,EXACT_PHYSICAL_EDITION | PAL_RELEASE,2,PRICECHARTING_EXACT_PAL_PAGE | WIKIPEDIA_PS4_LIST_PAL,B_EXACT_PHYSICAL | B_PAL_RELEASE,https://www.pricecharting.com/game/pal-playstation-4/outriders-day-one-edition | https://en.wikipedia.org/wiki/List_of_PlayStation_4_games_(M%E2%80%93Z),La ficha exacta de la edición física PAL etiqueta a esta compañía como Publisher; puede representar publicación o distribución física. | La columna PAL de la lista de PS4 atribuye la publicación a esta compañía.,Confirmar si la etiqueta Publisher representa publicación o distribución en la caja PAL.,AMBIGUOUS_NAME | HIGH_OR_BETTER_GROUP_NOT_FULLY_RESOLVED | MISSING_SLUG
ps4-overpass-day-one-edition,Overpass [Day One Edition],PAL España,standard,overpass,overpass,EDITION_VARIANT,DEVELOPER,developer,Zordix Racing,,Zordix Racing,NOT_IN_COMPANY_INDEX,,ADD_MISSING,HIGH,NO,MATCHED_PS4_PRODUCT | PS4_RELEASE,2,LAUNCHBOX_GAMES_DB | PLAYSTATION_STORE_EXPLICIT_CREDIT,A_OFFICIAL_MATCHED_TITLE_CREDIT | C_DISCOVERY,https://store.playstation.com/es-es/product/EP4008-CUSA15489_00-OPSIEE0000000000 | https://gamesdb.launchbox-app.com/games/details/473843,Developed by Zordix Racing and published by Bigben Interactive | LaunchBox registra esta desarrolladora para su ficha de PS4.,No propagar a ports o compilaciones sin comprobar sus créditos propios.,HIGH_OR_BETTER_GROUP_NOT_FULLY_RESOLVED | MISSING_SLUG | NOT_IN_COMPANY_INDEX
ps4-owlboy,Owlboy,PAL España,standard,owlboy,owlboy,GAME_OR_UNKNOWN,DEVELOPER,developer,D-Pad Studio,,D-Pad Studio,NOT_IN_COMPANY_INDEX,,ADD_MISSING,HIGH,NO,GAME_WORK | GAME_WORK_OR_PS4_RELEASE,2,STEAM_STORE | WIKIPEDIA_PS4_LIST,B_OTHER_PLATFORM | B_PS4_RELEASE,https://en.wikipedia.org/wiki/List_of_PlayStation_4_games_(M%E2%80%93Z) | https://store.steampowered.com/app/115800,"La lista específica de PS4 atribuye el desarrollo a esta compañía. | La ficha comercial de Steam confirma la desarrolladora de la obra, no necesariamente el port de PS4.",No propagar a ports o compilaciones sin comprobar sus créditos propios.,HIGH_OR_BETTER_GROUP_NOT_FULLY_RESOLVED | MISSING_SLUG | NOT_IN_COMPANY_INDEX
ps4-owlboy-limited-edition,Owlboy [Limited Edition],PAL España,standard,owlboy,owlboy,EDITION_VARIANT,DEVELOPER,developer,D-Pad Studio,,D-Pad Studio,NOT_IN_COMPANY_INDEX,,ADD_MISSING,HIGH,NO,GAME_WORK | GAME_WORK_OR_PS4_RELEASE,2,STEAM_STORE | WIKIPEDIA_PS4_LIST,B_OTHER_PLATFORM | B_PS4_RELEASE,https://en.wikipedia.org/wiki/List_of_PlayStation_4_games_(M%E2%80%93Z) | https://store.steampowered.com/app/115800,"La lista específica de PS4 atribuye el desarrollo a esta compañía. | La ficha comercial de Steam confirma la desarrolladora de la obra, no necesariamente el port de PS4.",No propagar a ports o compilaciones sin comprobar sus créditos propios.,HIGH_OR_BETTER_GROUP_NOT_FULLY_RESOLVED | MISSING_SLUG | NOT_IN_COMPANY_INDEX
ps4-pankapu,Pankapu,PAL España,standard,pankapu,pankapu,GAME_OR_UNKNOWN,DEVELOPER,developer,Too Kind Studio,,Too Kind Studio,NOT_IN_COMPANY_INDEX,,ADD_MISSING,HIGH,NO,GAME_WORK | GAME_WORK_OR_PS4_RELEASE | PS4_RELEASE,3,LAUNCHBOX_GAMES_DB | STEAM_STORE | WIKIPEDIA_PS4_LIST,B_OTHER_PLATFORM | B_PS4_RELEASE | C_DISCOVERY,https://en.wikipedia.org/wiki/List_of_PlayStation_4_games_(M%E2%80%93Z) | https://store.steampowered.com/app/418670 | https://gamesdb.launchbox-app.com/games/details/158432,"La lista específica de PS4 atribuye el desarrollo a esta compañía. | La ficha comercial de Steam confirma la desarrolladora de la obra, no necesariamente el port de PS4. | LaunchBox registra esta desarrolladora para su ficha de PS4.",No propagar a ports o compilaciones sin comprobar sus créditos propios.,HIGH_OR_BETTER_GROUP_NOT_FULLY_RESOLVED | MISSING_SLUG | NOT_IN_COMPANY_INDEX
ps4-phantom-brave-the-lost-hero-limited-edition,Phantom Brave: The Lost Hero [Limited Edition],PAL España,standard,phantom brave the lost hero,phantom brave the lost hero,EDITION_VARIANT,DEVELOPER,developer,Nippon Ichi Software,,Nippon Ichi Software | Nippon Ichi Software Inc.,AMBIGUOUS_NAME,,ADD_MISSING,HIGH,NO,EXACT_PHYSICAL_EDITION | GAME_WORK | PS4_RELEASE,4,LAUNCHBOX_GAMES_DB | PRICECHARTING_EXACT_PAL_PAGE | STEAM_STORE | WIKIDATA,B_EXACT_PHYSICAL | B_OTHER_PLATFORM | C_DISCOVERY,https://www.pricecharting.com/game/pal-playstation-4/phantom-brave-the-lost-hero-limited-edition | https://store.steampowered.com/app/3049990 | https://www.wikidata.org/wiki/Q126723372 | https://gamesdb.launchbox-app.com/games/details/476545,"La ficha enlazada de la edición física PAL atribuye el desarrollo a esta compañía. | La ficha comercial de Steam confirma la desarrolladora de la obra, no necesariamente el port de PS4. | Wikidata registra la compañía como desarrolladora. | LaunchBox registra esta desarrolladora para su ficha de PS4.",No propagar a ports o compilaciones sin comprobar sus créditos propios.,AMBIGUOUS_NAME | HIGH_OR_BETTER_GROUP_NOT_FULLY_RESOLVED | MISSING_SLUG
ps4-pillars-of-eternity-ii-deadfire-ultimate-collector%27s-edition,Pillars of Eternity II: Deadfire Ultimate [Collector's Edition],PAL España,standard,pillars of eternity ii deadfire ultimate,pillars of eternity ii deadfire,EDITION_VARIANT,PHYSICAL_PUBLISHER_OR_DISTRIBUTOR,publisher,THQ Nordic,,THQ Nordic,AMBIGUOUS_NAME,THQ Nordic,REPLACE_OR_ADD_REVIEW,HIGH,NO,EXACT_PHYSICAL_EDITION,2,PRICECHARTING_EXACT_PAL_PAGE | REGIONATLAS_LEGACY_PRICECHARTING_CREDIT,B_EXACT_PHYSICAL | B_LEGACY_EXACT_PHYSICAL,https://www.pricecharting.com/game/pal-playstation-4/pillars-of-eternity-ii-deadfire-ultimate-collector%27s-edition,La ficha exacta de la edición física PAL etiqueta a esta compañía como Publisher; puede representar publicación o distribución física. | El crédito actual procede de la importación histórica de la ficha física enlazada; se contrasta con la consulta en vivo.,Confirmar si la etiqueta Publisher representa publicación o distribución en la caja PAL.,AMBIGUOUS_NAME | HIGH_OR_BETTER_GROUP_NOT_FULLY_RESOLVED | MISSING_SLUG
ps4-pillars-of-eternity-ii-deadfire-ultimate-edition,Pillars of Eternity II: Deadfire [Ultimate Edition],PAL España,standard,pillars of eternity ii deadfire,pillars of eternity ii deadfire,EDITION_VARIANT,PHYSICAL_PUBLISHER_OR_DISTRIBUTOR,publisher,THQ Nordic,,THQ Nordic,AMBIGUOUS_NAME,,ADD_MISSING,HIGH,NO,EXACT_PHYSICAL_EDITION | PAL_RELEASE,2,PRICECHARTING_EXACT_PAL_PAGE | WIKIPEDIA_PS4_LIST_PAL,B_EXACT_PHYSICAL | B_PAL_RELEASE,https://www.pricecharting.com/game/pal-playstation-4/pillars-of-eternity-ii-deadfire-ultimate-edition | https://en.wikipedia.org/wiki/List_of_PlayStation_4_games_(M%E2%80%93Z),La ficha exacta de la edición física PAL etiqueta a esta compañía como Publisher; puede representar publicación o distribución física. | La columna PAL de la lista de PS4 atribuye la publicación a esta compañía.,Confirmar si la etiqueta Publisher representa publicación o distribución en la caja PAL.,AMBIGUOUS_NAME | HIGH_OR_BETTER_GROUP_NOT_FULLY_RESOLVED | MISSING_SLUG
ps4-pocky-&amp;-rocky-reshrined-collector%27s-edition,Pocky & Rocky Reshrined [Collector's Edition],PAL España,standard,pocky and rocky reshrined,pocky and rocky reshrined,EDITION_VARIANT,DEVELOPER,developer,NatsumeAtari,,NatsumeAtari,NOT_IN_COMPANY_INDEX,,ADD_MISSING,HIGH,NO,EXACT_PHYSICAL_EDITION | GAME_WORK,2,PRICECHARTING_EXACT_PAL_PAGE | STEAM_STORE,B_EXACT_PHYSICAL | B_OTHER_PLATFORM,https://www.pricecharting.com/game/pal-playstation-4/pocky-&-rocky-reshrined-collector%27s-edition | https://store.steampowered.com/app/2200580,"La ficha enlazada de la edición física PAL atribuye el desarrollo a esta compañía. | La ficha comercial de Steam confirma la desarrolladora de la obra, no necesariamente el port de PS4.",No propagar a ports o compilaciones sin comprobar sus créditos propios.,HIGH_OR_BETTER_GROUP_NOT_FULLY_RESOLVED | MISSING_SLUG | NOT_IN_COMPANY_INDEX
ps4-poison-control,Poison Control,PAL España,standard,poison control,poison control,GAME_OR_UNKNOWN,PHYSICAL_PUBLISHER_OR_DISTRIBUTOR,publisher,NIS America,,NIS America,AMBIGUOUS_NAME,NIS America,REPLACE_OR_ADD_REVIEW,HIGH,NO,EXACT_PHYSICAL_EDITION | PAL_RELEASE,3,PRICECHARTING_EXACT_PAL_PAGE | REGIONATLAS_LEGACY_PRICECHARTING_CREDIT | WIKIPEDIA_PS4_LIST_PAL,B_EXACT_PHYSICAL | B_LEGACY_EXACT_PHYSICAL | B_PAL_RELEASE,https://www.pricecharting.com/game/pal-playstation-4/poison-control | https://en.wikipedia.org/wiki/List_of_PlayStation_4_games_(M%E2%80%93Z),La ficha exacta de la edición física PAL etiqueta a esta compañía como Publisher; puede representar publicación o distribución física. | El crédito actual procede de la importación histórica de la ficha física enlazada; se contrasta con la consulta en vivo. | La columna PAL de la lista de PS4 atribuye la publicación a esta compañía.,Confirmar si la etiqueta Publisher representa publicación o distribución en la caja PAL.,AMBIGUOUS_NAME | HIGH_OR_BETTER_GROUP_NOT_FULLY_RESOLVED | MISSING_SLUG
ps4-pool-nation,Pool Nation,PAL España,standard,pool nation,pool nation,GAME_OR_UNKNOWN,DEVELOPER,developer,CherryPop Games Ltd,,CherryPop Games Ltd,NOT_IN_COMPANY_INDEX,,ADD_MISSING,HIGH,NO,MATCHED_PS4_PRODUCT,1,PLAYSTATION_STORE_EXPLICIT_CREDIT,A_OFFICIAL_MATCHED_TITLE_CREDIT,https://store.playstation.com/es-es/product/EP4068-CUSA15638_00-POOLNATIONFX0001,developed by CherryPop Games Ltd,No propagar a ports o compilaciones sin comprobar sus créditos propios.,HIGH_OR_BETTER_GROUP_NOT_FULLY_RESOLVED | MISSING_SLUG | NOT_IN_COMPANY_INDEX
ps4-pool-nation,Pool Nation,PAL España,standard,pool nation,pool nation,GAME_OR_UNKNOWN,DEVELOPER,developer,Cherry Pop Games,,Cherry Pop Games,NOT_IN_COMPANY_INDEX,,ADD_MISSING,HIGH,NO,GAME_WORK | GAME_WORK_OR_PS4_RELEASE | PS4_RELEASE,3,LAUNCHBOX_GAMES_DB | STEAM_STORE | WIKIPEDIA_PS4_LIST,B_OTHER_PLATFORM | B_PS4_RELEASE | C_DISCOVERY,https://en.wikipedia.org/wiki/List_of_PlayStation_4_games_(M%E2%80%93Z) | https://store.steampowered.com/app/254440 | https://gamesdb.launchbox-app.com/games/details/473859,"La lista específica de PS4 atribuye el desarrollo a esta compañía. | La ficha comercial de Steam confirma la desarrolladora de la obra, no necesariamente el port de PS4. | LaunchBox registra esta desarrolladora para su ficha de PS4.",No propagar a ports o compilaciones sin comprobar sus créditos propios.,HIGH_OR_BETTER_GROUP_NOT_FULLY_RESOLVED | MISSING_SLUG | NOT_IN_COMPANY_INDEX
ps4-port-royale-4,Port Royale 4,PAL España,standard,port royale 4,port royale 4,GAME_OR_UNKNOWN,DEVELOPER,developer,Gaming Minds,,Gaming Minds,NOT_IN_COMPANY_INDEX,Gading Minds,REPLACE_OR_ADD_REVIEW,HIGH,NO,GAME_WORK | GAME_WORK_OR_PS4_RELEASE,2,STEAM_STORE | WIKIPEDIA_PS4_LIST,B_OTHER_PLATFORM | B_PS4_RELEASE,https://en.wikipedia.org/wiki/List_of_PlayStation_4_games_(M%E2%80%93Z) | https://store.steampowered.com/app/1024650,"La lista específica de PS4 atribuye el desarrollo a esta compañía. | La ficha comercial de Steam confirma la desarrolladora de la obra, no necesariamente el port de PS4.",No propagar a ports o compilaciones sin comprobar sus créditos propios.,HIGH_OR_BETTER_GROUP_NOT_FULLY_RESOLVED | MISSING_SLUG | NOT_IN_COMPANY_INDEX
ps4-prince-of-persia-the-lost-crown,Prince of Persia: The Lost Crown,PAL España,standard,prince of persia the lost crown,prince of persia the lost crown,GAME_OR_UNKNOWN,PHYSICAL_PUBLISHER_OR_DISTRIBUTOR,publisher,Ubisoft,,Ubisoft,AMBIGUOUS_NAME,Ubisoft,REPLACE_OR_ADD_REVIEW,HIGH,NO,EXACT_PHYSICAL_EDITION | PAL_RELEASE,3,PRICECHARTING_EXACT_PAL_PAGE | REGIONATLAS_LEGACY_PRICECHARTING_CREDIT | WIKIPEDIA_PS4_LIST_PAL,B_EXACT_PHYSICAL | B_LEGACY_EXACT_PHYSICAL | B_PAL_RELEASE,https://www.pricecharting.com/game/pal-playstation-4/prince-of-persia-the-lost-crown | https://en.wikipedia.org/wiki/List_of_PlayStation_4_games_(M%E2%80%93Z),La ficha exacta de la edición física PAL etiqueta a esta compañía como Publisher; puede representar publicación o distribución física. | El crédito actual procede de la importación histórica de la ficha física enlazada; se contrasta con la consulta en vivo. | La columna PAL de la lista de PS4 atribuye la publicación a esta compañía.,Confirmar si la etiqueta Publisher representa publicación o distribución en la caja PAL.,AMBIGUOUS_NAME | HIGH_OR_BETTER_GROUP_NOT_FULLY_RESOLVED | MISSING_SLUG
ps4-projection-first-light,Projection: First Light,PAL España,standard,projection first light,projection first light,GAME_OR_UNKNOWN,DEVELOPER,developer,Shadowplay Studios,,Shadowplay Studios,NOT_IN_COMPANY_INDEX,,ADD_MISSING,HIGH,NO,GAME_WORK | GAME_WORK_OR_PS4_RELEASE,2,STEAM_STORE | WIKIPEDIA_PS4_LIST,B_OTHER_PLATFORM | B_PS4_RELEASE,https://en.wikipedia.org/wiki/List_of_PlayStation_4_games_(M%E2%80%93Z) | https://store.steampowered.com/app/726490,"La lista específica de PS4 atribuye el desarrollo a esta compañía. | La ficha comercial de Steam confirma la desarrolladora de la obra, no necesariamente el port de PS4.",No propagar a ports o compilaciones sin comprobar sus créditos propios.,HIGH_OR_BETTER_GROUP_NOT_FULLY_RESOLVED | MISSING_SLUG | NOT_IN_COMPANY_INDEX
ps4-pure-farming-2018,Pure Farming 2018,PAL España,standard,pure farming 2018,pure farming 2018,GAME_OR_UNKNOWN,DEVELOPER,developer,Ice Flames,,Ice Flames,NOT_IN_COMPANY_INDEX,,ADD_MISSING,HIGH,NO,GAME_WORK | GAME_WORK_OR_PS4_RELEASE,2,STEAM_STORE | WIKIPEDIA_PS4_LIST,B_OTHER_PLATFORM | B_PS4_RELEASE,https://en.wikipedia.org/wiki/List_of_PlayStation_4_games_(M%E2%80%93Z) | https://store.steampowered.com/app/534370,"La lista específica de PS4 atribuye el desarrollo a esta compañía. | La ficha comercial de Steam confirma la desarrolladora de la obra, no necesariamente el port de PS4.",No propagar a ports o compilaciones sin comprobar sus créditos propios.,HIGH_OR_BETTER_GROUP_NOT_FULLY_RESOLVED | MISSING_SLUG | NOT_IN_COMPANY_INDEX
ps4-r-type-final-2-inaugural-flight-edition,R-Type Final 2 [Inaugural Flight Edition],PAL España,standard,r type final 2,r type final 2,GAME_OR_UNKNOWN,PHYSICAL_PUBLISHER_OR_DISTRIBUTOR,publisher,NIS America,,NIS America,AMBIGUOUS_NAME,,ADD_MISSING,HIGH,NO,EXACT_PHYSICAL_EDITION | PAL_RELEASE,2,PRICECHARTING_EXACT_PAL_PAGE | WIKIPEDIA_PS4_LIST_PAL,B_EXACT_PHYSICAL | B_PAL_RELEASE,https://www.pricecharting.com/game/pal-playstation-4/r-type-final-2-inaugural-flight-edition | https://en.wikipedia.org/wiki/List_of_PlayStation_4_games_(M%E2%80%93Z),La ficha exacta de la edición física PAL etiqueta a esta compañía como Publisher; puede representar publicación o distribución física. | La columna PAL de la lista de PS4 atribuye la publicación a esta compañía.,Confirmar si la etiqueta Publisher representa publicación o distribución en la caja PAL.,AMBIGUOUS_NAME | HIGH_OR_BETTER_GROUP_NOT_FULLY_RESOLVED | MISSING_SLUG
ps4-race-with-ryan,Race with Ryan,PAL España,standard,race with ryan,race with ryan,GAME_OR_UNKNOWN,DEVELOPER,developer,3D Clouds S,,3D Clouds S,NOT_IN_COMPANY_INDEX,,ADD_MISSING,HIGH,NO,MATCHED_PS4_PRODUCT,1,PLAYSTATION_STORE_EXPLICIT_CREDIT,A_OFFICIAL_MATCHED_TITLE_CREDIT,https://store.playstation.com/es-es/product/EP3678-CUSA15741_00-RWRBASEGAME00001,Developed by 3D Clouds S,No propagar a ports o compilaciones sin comprobar sus créditos propios.,HIGH_OR_BETTER_GROUP_NOT_FULLY_RESOLVED | MISSING_SLUG | NOT_IN_COMPANY_INDEX
ps4-race-with-ryan-road-trip-deluxe-edition,Race With Ryan: Road Trip [Deluxe Edition],PAL España,standard,race with ryan road trip,race with ryan road trip,EDITION_VARIANT,DEVELOPER,developer,3D Clouds S,,3D Clouds S,NOT_IN_COMPANY_INDEX,3D Clouds,REPLACE_OR_ADD_REVIEW,HIGH,NO,MATCHED_PS4_PRODUCT,1,PLAYSTATION_STORE_EXPLICIT_CREDIT,A_OFFICIAL_MATCHED_TITLE_CREDIT,https://store.playstation.com/es-es/product/EP3678-CUSA23280_00-RWRBASEGAME00002,Developed by 3D Clouds S,No propagar a ports o compilaciones sin comprobar sus créditos propios.,HIGH_OR_BETTER_GROUP_NOT_FULLY_RESOLVED | MISSING_SLUG | NOT_IN_COMPANY_INDEX
ps4-rad-rodgers,Rad Rodgers,PAL España,standard,rad rodgers,rad rodgers,GAME_OR_UNKNOWN,DEVELOPER,developer,Slipgate Studios,,Slipgate Studios,NOT_IN_COMPANY_INDEX,Slipgate Ironworks,REPLACE_OR_ADD_REVIEW,HIGH,NO,GAME_WORK_OR_PS4_RELEASE | MATCHED_PS4_PRODUCT,2,PLAYSTATION_STORE_EXPLICIT_CREDIT | WIKIPEDIA_PS4_LIST,A_OFFICIAL_MATCHED_TITLE_CREDIT | B_PS4_RELEASE,https://store.playstation.com/es-es/product/EP4389-CUSA08954_00-RADRODGERSEU0001 | https://en.wikipedia.org/wiki/List_of_PlayStation_4_games_(M%E2%80%93Z),Developed by Slipgate Studios | La lista específica de PS4 atribuye el desarrollo a esta compañía.,No propagar a ports o compilaciones sin comprobar sus créditos propios.,HIGH_OR_BETTER_GROUP_NOT_FULLY_RESOLVED | MISSING_SLUG | NOT_IN_COMPANY_INDEX
ps4-rad-rodgers,Rad Rodgers,PAL España,standard,rad rodgers,rad rodgers,GAME_OR_UNKNOWN,PHYSICAL_PUBLISHER_OR_DISTRIBUTOR,publisher,THQ Nordic,,THQ Nordic,AMBIGUOUS_NAME,THQ Nordic,REPLACE_OR_ADD_REVIEW,HIGH,NO,EXACT_PHYSICAL_EDITION | PAL_RELEASE,3,PRICECHARTING_EXACT_PAL_PAGE | REGIONATLAS_LEGACY_PRICECHARTING_CREDIT | WIKIPEDIA_PS4_LIST_PAL,B_EXACT_PHYSICAL | B_LEGACY_EXACT_PHYSICAL | B_PAL_RELEASE,https://www.pricecharting.com/game/pal-playstation-4/rad-rodgers | https://en.wikipedia.org/wiki/List_of_PlayStation_4_games_(M%E2%80%93Z),La ficha exacta de la edición física PAL etiqueta a esta compañía como Publisher; puede representar publicación o distribución física. | El crédito actual procede de la importación histórica de la ficha física enlazada; se contrasta con la consulta en vivo. | La columna PAL de la lista de PS4 atribuye la publicación a esta compañía.,Confirmar si la etiqueta Publisher representa publicación o distribución en la caja PAL.,AMBIGUOUS_NAME | HIGH_OR_BETTER_GROUP_NOT_FULLY_RESOLVED | MISSING_SLUG
ps4-raging-justice-collector%27s-edition,Raging Justice [Collector's Edition],PAL España,standard,raging justice,raging justice,EDITION_VARIANT,DEVELOPER,developer,Makin Games,,Makin Games,NOT_IN_COMPANY_INDEX,,ADD_MISSING,HIGH,NO,MATCHED_PS4_PRODUCT,1,PLAYSTATION_STORE_EXPLICIT_CREDIT,A_OFFICIAL_MATCHED_TITLE_CREDIT,https://store.playstation.com/es-es/product/EP4064-CUSA11559_00-RAGINGJUSTICE000,Developed by Makin Games,No propagar a ports o compilaciones sin comprobar sus créditos propios.,HIGH_OR_BETTER_GROUP_NOT_FULLY_RESOLVED | MISSING_SLUG | NOT_IN_COMPANY_INDEX
ps4-raid-world-war-ii,Raid World War II,PAL España,standard,raid world war ii,raid world war ii,GAME_OR_UNKNOWN,DEVELOPER,developer,Lion Game Lion,,Lion Game Lion | Lion game Lion,NOT_IN_COMPANY_INDEX,,ADD_MISSING,HIGH,NO,GAME_WORK | GAME_WORK_OR_PS4_RELEASE,2,STEAM_STORE | WIKIPEDIA_PS4_LIST,B_OTHER_PLATFORM | B_PS4_RELEASE,https://en.wikipedia.org/wiki/List_of_PlayStation_4_games_(M%E2%80%93Z) | https://store.steampowered.com/app/414740,"La lista específica de PS4 atribuye el desarrollo a esta compañía. | La ficha comercial de Steam confirma la desarrolladora de la obra, no necesariamente el port de PS4.",No propagar a ports o compilaciones sin comprobar sus créditos propios.,HIGH_OR_BETTER_GROUP_NOT_FULLY_RESOLVED | MISSING_SLUG | NOT_IN_COMPANY_INDEX
ps4-raiden-iv-x-mikado-remix-deluxe-edition,Raiden IV X Mikado Remix [Deluxe Edition],PAL España,standard,raiden iv x mikado remix,raiden iv x mikado remix,EDITION_VARIANT,DEVELOPER,developer,MOSS,,MOSS | MOSS Co Ltd.,AMBIGUOUS_NAME,MOSS,REPLACE_OR_ADD_REVIEW,HIGH,NO,EXACT_PHYSICAL_EDITION | GAME_WORK,3,PRICECHARTING_EXACT_PAL_PAGE | REGIONATLAS_LEGACY_PRICECHARTING_CREDIT | STEAM_STORE,B_EXACT_PHYSICAL | B_LEGACY_EXACT_PHYSICAL | B_OTHER_PLATFORM,https://www.pricecharting.com/game/pal-playstation-4/raiden-iv-x-mikado-remix-deluxe-edition | https://store.steampowered.com/app/2002850,"La ficha enlazada de la edición física PAL atribuye el desarrollo a esta compañía. | El crédito actual procede de la importación histórica de la ficha física enlazada; se contrasta con la consulta en vivo. | La ficha comercial de Steam confirma la desarrolladora de la obra, no necesariamente el port de PS4.",No propagar a ports o compilaciones sin comprobar sus créditos propios.,AMBIGUOUS_NAME | HIGH_OR_BETTER_GROUP_NOT_FULLY_RESOLVED | MISSING_SLUG
ps4-raiden-iv-x-mikado-remix-deluxe-edition,Raiden IV X Mikado Remix [Deluxe Edition],PAL España,standard,raiden iv x mikado remix,raiden iv x mikado remix,EDITION_VARIANT,PHYSICAL_PUBLISHER_OR_DISTRIBUTOR,publisher,NIS America,,NIS America,AMBIGUOUS_NAME,NIS America,REPLACE_OR_ADD_REVIEW,HIGH,NO,EXACT_PHYSICAL_EDITION,2,PRICECHARTING_EXACT_PAL_PAGE | REGIONATLAS_LEGACY_PRICECHARTING_CREDIT,B_EXACT_PHYSICAL | B_LEGACY_EXACT_PHYSICAL,https://www.pricecharting.com/game/pal-playstation-4/raiden-iv-x-mikado-remix-deluxe-edition,La ficha exacta de la edición física PAL etiqueta a esta compañía como Publisher; puede representar publicación o distribución física. | El crédito actual procede de la importación histórica de la ficha física enlazada; se contrasta con la consulta en vivo.,Confirmar si la etiqueta Publisher representa publicación o distribución en la caja PAL.,AMBIGUOUS_NAME | HIGH_OR_BETTER_GROUP_NOT_FULLY_RESOLVED | MISSING_SLUG
ps4-ray%27z-arcade-chronology-limited-edition,Ray'z Arcade Chronology: Limited Edition,PAL España,standard,ray z arcade chronology,ray z arcade chronology,EDITION_VARIANT,DEVELOPER,developer,M2 Co Ltd,,M2 Co Ltd,AMBIGUOUS_NAME,"M2 Co.,LTD",REPLACE_OR_ADD_REVIEW,HIGH,NO,EXACT_PHYSICAL_EDITION | GAME_WORK,3,PRICECHARTING_EXACT_PAL_PAGE | REGIONATLAS_LEGACY_PRICECHARTING_CREDIT | STEAM_STORE,B_EXACT_PHYSICAL | B_LEGACY_EXACT_PHYSICAL | B_OTHER_PLATFORM,https://www.pricecharting.com/game/pal-playstation-4/ray%27z-arcade-chronology-limited-edition | https://store.steampowered.com/app/2478020,"La ficha enlazada de la edición física PAL atribuye el desarrollo a esta compañía. | El crédito actual procede de la importación histórica de la ficha física enlazada; se contrasta con la consulta en vivo. | La ficha comercial de Steam confirma la desarrolladora de la obra, no necesariamente el port de PS4.",No propagar a ports o compilaciones sin comprobar sus créditos propios.,AMBIGUOUS_NAME | HIGH_OR_BETTER_GROUP_NOT_FULLY_RESOLVED | MISSING_SLUG
ps4-realms-of-arkania-blade-of-destiny,Realms of Arkania: Blade of Destiny,PAL España,standard,realms of arkania blade of destiny,realms of arkania blade of destiny,GAME_OR_UNKNOWN,DEVELOPER,developer,Crafty Studios,,Crafty Studios,NOT_IN_COMPANY_INDEX,UIG Entertainment,REPLACE_OR_ADD_REVIEW,HIGH,NO,GAME_WORK | GAME_WORK_OR_PS4_RELEASE | PS4_RELEASE,3,LAUNCHBOX_GAMES_DB | STEAM_STORE | WIKIPEDIA_PS4_LIST,B_OTHER_PLATFORM | B_PS4_RELEASE | C_DISCOVERY,https://en.wikipedia.org/wiki/List_of_PlayStation_4_games_(M%E2%80%93Z) | https://store.steampowered.com/app/237550 | https://gamesdb.launchbox-app.com/games/details/473806,"La lista específica de PS4 atribuye el desarrollo a esta compañía. | La ficha comercial de Steam confirma la desarrolladora de la obra, no necesariamente el port de PS4. | LaunchBox registra esta desarrolladora para su ficha de PS4.",No propagar a ports o compilaciones sin comprobar sus créditos propios.,HIGH_OR_BETTER_GROUP_NOT_FULLY_RESOLVED | MISSING_SLUG | NOT_IN_COMPANY_INDEX
ps4-realms-of-arkania-star-trail,Realms of Arkania : star trail,PAL España,standard,realms of arkania star trail,realms of arkania star trail,GAME_OR_UNKNOWN,DEVELOPER,developer,Crafty Studios,,Crafty Studios,NOT_IN_COMPANY_INDEX,UIG Entertainment,REPLACE_OR_ADD_REVIEW,HIGH,NO,GAME_WORK | GAME_WORK_OR_PS4_RELEASE | PS4_RELEASE,3,LAUNCHBOX_GAMES_DB | STEAM_STORE | WIKIPEDIA_PS4_LIST,B_OTHER_PLATFORM | B_PS4_RELEASE | C_DISCOVERY,https://en.wikipedia.org/wiki/List_of_PlayStation_4_games_(M%E2%80%93Z) | https://store.steampowered.com/app/288860 | https://gamesdb.launchbox-app.com/games/details/476645,"La lista específica de PS4 atribuye el desarrollo a esta compañía. | La ficha comercial de Steam confirma la desarrolladora de la obra, no necesariamente el port de PS4. | LaunchBox registra esta desarrolladora para su ficha de PS4.",No propagar a ports o compilaciones sin comprobar sus créditos propios.,HIGH_OR_BETTER_GROUP_NOT_FULLY_RESOLVED | MISSING_SLUG | NOT_IN_COMPANY_INDEX
ps4-red-wings-aces-of-the-sky,Red Wings: Aces Of The Sky,PAL España,standard,red wings aces of the sky,red wings aces of the sky,GAME_OR_UNKNOWN,DEVELOPER,developer,All in! Games,,All in! Games | All In! Games,AMBIGUOUS_NAME,All in! Games,REPLACE_OR_ADD_REVIEW,HIGH,NO,EXACT_PHYSICAL_EDITION | GAME_WORK | GAME_WORK_OR_PS4_RELEASE,5,PRICECHARTING_EXACT_PAL_PAGE | REGIONATLAS_LEGACY_PRICECHARTING_CREDIT | STEAM_STORE | WIKIDATA | WIKIPEDIA_PS4_LIST,B_EXACT_PHYSICAL | B_LEGACY_EXACT_PHYSICAL | B_OTHER_PLATFORM | B_PS4_RELEASE | C_DISCOVERY,https://www.pricecharting.com/game/pal-playstation-4/red-wings-aces-of-the-sky | https://en.wikipedia.org/wiki/List_of_PlayStation_4_games_(M%E2%80%93Z) | https://store.steampowered.com/app/1140630 | https://www.wikidata.org/wiki/Q114968308,"La ficha enlazada de la edición física PAL atribuye el desarrollo a esta compañía. | El crédito actual procede de la importación histórica de la ficha física enlazada; se contrasta con la consulta en vivo. | La lista específica de PS4 atribuye el desarrollo a esta compañía. | La ficha comercial de Steam confirma la desarrolladora de la obra, no necesariamente el port de PS4. | Wikidata registra la compañía como desarrolladora.",No propagar a ports o compilaciones sin comprobar sus créditos propios.,AMBIGUOUS_NAME | HIGH_OR_BETTER_GROUP_NOT_FULLY_RESOLVED | MISSING_SLUG
ps4-red-wings-aces-of-the-sky,Red Wings: Aces Of The Sky,PAL España,standard,red wings aces of the sky,red wings aces of the sky,GAME_OR_UNKNOWN,PHYSICAL_PUBLISHER_OR_DISTRIBUTOR,publisher,All in! Games S.A,,All in! Games S.A | All In! Games,AMBIGUOUS_NAME,All in! Games S.A,REPLACE_OR_ADD_REVIEW,HIGH,NO,EXACT_PHYSICAL_EDITION | PAL_RELEASE,3,PRICECHARTING_EXACT_PAL_PAGE | REGIONATLAS_LEGACY_PRICECHARTING_CREDIT | WIKIPEDIA_PS4_LIST_PAL,B_EXACT_PHYSICAL | B_LEGACY_EXACT_PHYSICAL | B_PAL_RELEASE,https://www.pricecharting.com/game/pal-playstation-4/red-wings-aces-of-the-sky | https://en.wikipedia.org/wiki/List_of_PlayStation_4_games_(M%E2%80%93Z),La ficha exacta de la edición física PAL etiqueta a esta compañía como Publisher; puede representar publicación o distribución física. | El crédito actual procede de la importación histórica de la ficha física enlazada; se contrasta con la consulta en vivo. | La columna PAL de la lista de PS4 atribuye la publicación a esta compañía.,Confirmar si la etiqueta Publisher representa publicación o distribución en la caja PAL.,AMBIGUOUS_NAME | HIGH_OR_BETTER_GROUP_NOT_FULLY_RESOLVED | MISSING_SLUG
ps4-red-wings-aces-of-the-sky-baron-edition,Red Wings: Aces of the Sky [Baron Edition],PAL España,standard,red wings aces of the sky,red wings aces of the sky,GAME_OR_UNKNOWN,DEVELOPER,developer,All in! Games SA,,All in! Games SA,NOT_IN_COMPANY_INDEX,,ADD_MISSING,HIGH,NO,MATCHED_PS4_PRODUCT,1,PLAYSTATION_STORE_EXPLICIT_CREDIT,A_OFFICIAL_MATCHED_TITLE_CREDIT,https://store.playstation.com/es-es/product/EP5761-CUSA20079_00-REDWINGS0000SIEE,"Developed and published by All in! Games SA All other trademarks, copyrights and logos are property of their respective owners",No propagar a ports o compilaciones sin comprobar sus créditos propios.,HIGH_OR_BETTER_GROUP_NOT_FULLY_RESOLVED | MISSING_SLUG | NOT_IN_COMPANY_INDEX
ps4-red-wings-aces-of-the-sky-baron-edition,Red Wings: Aces of the Sky [Baron Edition],PAL España,standard,red wings aces of the sky,red wings aces of the sky,GAME_OR_UNKNOWN,DEVELOPER,developer,All in! Games,,All In! Games | All in! Games,AMBIGUOUS_NAME,,ADD_MISSING,HIGH,NO,GAME_WORK | GAME_WORK_OR_PS4_RELEASE,3,STEAM_STORE | WIKIDATA | WIKIPEDIA_PS4_LIST,B_OTHER_PLATFORM | B_PS4_RELEASE | C_DISCOVERY,https://en.wikipedia.org/wiki/List_of_PlayStation_4_games_(M%E2%80%93Z) | https://store.steampowered.com/app/1140630 | https://www.wikidata.org/wiki/Q114968308,"La lista específica de PS4 atribuye el desarrollo a esta compañía. | La ficha comercial de Steam confirma la desarrolladora de la obra, no necesariamente el port de PS4. | Wikidata registra la compañía como desarrolladora.",No propagar a ports o compilaciones sin comprobar sus créditos propios.,AMBIGUOUS_NAME | HIGH_OR_BETTER_GROUP_NOT_FULLY_RESOLVED | MISSING_SLUG
ps4-remnant-from-the-ashes,Remnant: From the Ashes,PAL España,standard,remnant from the ashes,remnant from the ashes,GAME_OR_UNKNOWN,PHYSICAL_PUBLISHER_OR_DISTRIBUTOR,publisher,THQ Nordic,,THQ Nordic,AMBIGUOUS_NAME,THQ Nordic,REPLACE_OR_ADD_REVIEW,HIGH,NO,EXACT_PHYSICAL_EDITION,2,PRICECHARTING_EXACT_PAL_PAGE | REGIONATLAS_LEGACY_PRICECHARTING_CREDIT,B_EXACT_PHYSICAL | B_LEGACY_EXACT_PHYSICAL,https://www.pricecharting.com/game/pal-playstation-4/remnant-from-the-ashes,La ficha exacta de la edición física PAL etiqueta a esta compañía como Publisher; puede representar publicación o distribución física. | El crédito actual procede de la importación histórica de la ficha física enlazada; se contrasta con la consulta en vivo.,Confirmar si la etiqueta Publisher representa publicación o distribución en la caja PAL.,AMBIGUOUS_NAME | HIGH_OR_BETTER_GROUP_NOT_FULLY_RESOLVED | MISSING_SLUG
ps4-resident-evil-village,Resident Evil Village,PAL España,standard,resident evil village,resident evil village,GAME_OR_UNKNOWN,PHYSICAL_PUBLISHER_OR_DISTRIBUTOR,publisher,Capcom Entertainment Europe Ltd.,,Capcom Entertainment Europe Ltd.,NOT_IN_COMPANY_INDEX,Capcom,REPLACE_OR_ADD_REVIEW,HIGH,NO,EXACT_PHYSICAL_EDITION,1,PRICECHARTING_EXACT_PAL_PAGE,B_EXACT_PHYSICAL,https://www.pricecharting.com/game/pal-playstation-4/resident-evil-village,La ficha exacta de la edición física PAL etiqueta a esta compañía como Publisher; puede representar publicación o distribución física.,Confirmar si la etiqueta Publisher representa publicación o distribución en la caja PAL.,HIGH_OR_BETTER_GROUP_NOT_FULLY_RESOLVED | MISSING_SLUG | NOT_IN_COMPANY_INDEX
ps4-reus,Reus,PAL España,standard,reus,reus,GAME_OR_UNKNOWN,DEVELOPER,developer,Abbey Games,,Abbey Games,NOT_IN_COMPANY_INDEX,,ADD_MISSING,HIGH,NO,GAME_WORK | GAME_WORK_OR_PS4_RELEASE | PS4_RELEASE,4,LAUNCHBOX_GAMES_DB | STEAM_STORE | WIKIDATA | WIKIPEDIA_PS4_LIST,B_OTHER_PLATFORM | B_PS4_RELEASE | C_DISCOVERY,https://en.wikipedia.org/wiki/List_of_PlayStation_4_games_(M%E2%80%93Z) | https://store.steampowered.com/app/222730 | https://www.wikidata.org/wiki/Q16672675 | https://gamesdb.launchbox-app.com/games/details/473681,"La lista específica de PS4 atribuye el desarrollo a esta compañía. | La ficha comercial de Steam confirma la desarrolladora de la obra, no necesariamente el port de PS4. | Wikidata registra la compañía como desarrolladora. | LaunchBox registra esta desarrolladora para su ficha de PS4.",No propagar a ports o compilaciones sin comprobar sus créditos propios.,HIGH_OR_BETTER_GROUP_NOT_FULLY_RESOLVED | MISSING_SLUG | NOT_IN_COMPANY_INDEX
ps4-reussir-code-de-la-route,Reussir: Code De La Route,PAL España,standard,reussir code de la route,reussir code de la route,GAME_OR_UNKNOWN,DEVELOPER,developer,Smart Tale Games SAS,,Smart Tale Games SAS,NOT_IN_COMPANY_INDEX,Smart Tale,REPLACE_OR_ADD_REVIEW,HIGH,NO,MATCHED_PS4_PRODUCT,1,PLAYSTATION_STORE_EXPLICIT_CREDIT,A_OFFICIAL_MATCHED_TITLE_CREDIT,https://store.playstation.com/es-es/product/EP4295-CUSA16857_00-CODEDELAROUTE0EU,Developed by Smart Tale Games SAS,No propagar a ports o compilaciones sin comprobar sus créditos propios.,HIGH_OR_BETTER_GROUP_NOT_FULLY_RESOLVED | MISSING_SLUG | NOT_IN_COMPANY_INDEX
ps4-reynatis-limited-edition,Reynatis [Limited Edition],PAL España,standard,reynatis,reynatis,EDITION_VARIANT,PHYSICAL_PUBLISHER_OR_DISTRIBUTOR,publisher,NIS America,,NIS America,AMBIGUOUS_NAME,NIS America,REPLACE_OR_ADD_REVIEW,HIGH,NO,EXACT_PHYSICAL_EDITION | PAL_RELEASE,3,PRICECHARTING_EXACT_PAL_PAGE | REGIONATLAS_LEGACY_PRICECHARTING_CREDIT | WIKIPEDIA_PS4_LIST_PAL,B_EXACT_PHYSICAL | B_LEGACY_EXACT_PHYSICAL | B_PAL_RELEASE,https://www.pricecharting.com/game/pal-playstation-4/reynatis-limited-edition | https://en.wikipedia.org/wiki/List_of_PlayStation_4_games_(M%E2%80%93Z),La ficha exacta de la edición física PAL etiqueta a esta compañía como Publisher; puede representar publicación o distribución física. | El crédito actual procede de la importación histórica de la ficha física enlazada; se contrasta con la consulta en vivo. | La columna PAL de la lista de PS4 atribuye la publicación a esta compañía.,Confirmar si la etiqueta Publisher representa publicación o distribución en la caja PAL.,AMBIGUOUS_NAME | HIGH_OR_BETTER_GROUP_NOT_FULLY_RESOLVED | MISSING_SLUG
ps4-rezero-starting-life-in-another-world-the-prophecy-of-the-throne,Re:ZERO - Starting Life in Another World: The Prophecy of the Throne,PAL España,standard,re zero starting life in another world the prophecy of the throne,re zero starting life in another world the prophecy of the throne,GAME_OR_UNKNOWN,PHYSICAL_PUBLISHER_OR_DISTRIBUTOR,publisher,Spike Chunsoft,,Spike Chunsoft,AMBIGUOUS_NAME,Spike Chunsoft,REPLACE_OR_ADD_REVIEW,HIGH,NO,EXACT_PHYSICAL_EDITION | PAL_RELEASE,3,PRICECHARTING_EXACT_PAL_PAGE | REGIONATLAS_LEGACY_PRICECHARTING_CREDIT | WIKIPEDIA_PS4_LIST_PAL,B_EXACT_PHYSICAL | B_LEGACY_EXACT_PHYSICAL | B_PAL_RELEASE,https://www.pricecharting.com/game/pal-playstation-4/rezero-starting-life-in-another-world-the-prophecy-of-the-throne | https://en.wikipedia.org/wiki/List_of_PlayStation_4_games_(M%E2%80%93Z),La ficha exacta de la edición física PAL etiqueta a esta compañía como Publisher; puede representar publicación o distribución física. | El crédito actual procede de la importación histórica de la ficha física enlazada; se contrasta con la consulta en vivo. | La columna PAL de la lista de PS4 atribuye la publicación a esta compañía.,Confirmar si la etiqueta Publisher representa publicación o distribución en la caja PAL.,AMBIGUOUS_NAME | HIGH_OR_BETTER_GROUP_NOT_FULLY_RESOLVED | MISSING_SLUG
ps4-ride-4,Ride 4,PAL España,standard,ride 4,ride 4,GAME_OR_UNKNOWN,DEVELOPER,developer,Milestone S.r.l.,,Milestone S.r.l. | Milestone,AMBIGUOUS_NAME,Milestone S.r.l.,REPLACE_OR_ADD_REVIEW,HIGH,NO,EXACT_PHYSICAL_EDITION | GAME_WORK | PS4_RELEASE,4,LAUNCHBOX_GAMES_DB | REGIONATLAS_LEGACY_PRICECHARTING_CREDIT | STEAM_STORE | WIKIDATA,B_LEGACY_EXACT_PHYSICAL | B_OTHER_PLATFORM | C_DISCOVERY,https://www.pricecharting.com/game/pal-playstation-4/ride-4 | https://store.steampowered.com/app/1259980 | https://www.wikidata.org/wiki/Q99655327 | https://gamesdb.launchbox-app.com/games/details/211856,"El crédito actual procede de la importación histórica de la ficha física enlazada; se contrasta con la consulta en vivo. | La ficha comercial de Steam confirma la desarrolladora de la obra, no necesariamente el port de PS4. | Wikidata registra la compañía como desarrolladora. | LaunchBox registra esta desarrolladora para su ficha de PS4.",No propagar a ports o compilaciones sin comprobar sus créditos propios.,AMBIGUOUS_NAME | HIGH_OR_BETTER_GROUP_NOT_FULLY_RESOLVED | MISSING_SLUG
ps4-rime-collector%27s-edition,Rime [Collector's Edition],PAL España,standard,rime,rime,EDITION_VARIANT,PHYSICAL_PUBLISHER_OR_DISTRIBUTOR,publisher,Grey Box,grey-box,Grey Box,EXACT_NAME_OR_ALIAS,,ADD_MISSING,HIGH,NO,EXACT_PHYSICAL_EDITION | PAL_RELEASE,2,PRICECHARTING_EXACT_PAL_PAGE | WIKIPEDIA_PS4_LIST_PAL,B_EXACT_PHYSICAL | B_PAL_RELEASE,https://www.pricecharting.com/game/pal-playstation-4/rime-collector%27s-edition | https://en.wikipedia.org/wiki/List_of_PlayStation_4_games_(M%E2%80%93Z),La ficha exacta de la edición física PAL etiqueta a esta compañía como Publisher; puede representar publicación o distribución física. | La columna PAL de la lista de PS4 atribuye la publicación a esta compañía.,Confirmar si la etiqueta Publisher representa publicación o distribución en la caja PAL.,HIGH_OR_BETTER_GROUP_NOT_FULLY_RESOLVED
ps4-rime-collector%27s-edition,Rime [Collector's Edition],PAL España,standard,rime,rime,EDITION_VARIANT,PHYSICAL_PUBLISHER_OR_DISTRIBUTOR,publisher,Six Foot,,Six Foot,NOT_IN_COMPANY_INDEX,,ADD_MISSING,HIGH,NO,EXACT_PHYSICAL_EDITION | PAL_RELEASE,2,PRICECHARTING_EXACT_PAL_PAGE | WIKIPEDIA_PS4_LIST_PAL,B_EXACT_PHYSICAL | B_PAL_RELEASE,https://www.pricecharting.com/game/pal-playstation-4/rime-collector%27s-edition | https://en.wikipedia.org/wiki/List_of_PlayStation_4_games_(M%E2%80%93Z),La ficha exacta de la edición física PAL etiqueta a esta compañía como Publisher; puede representar publicación o distribución física. | La columna PAL de la lista de PS4 atribuye la publicación a esta compañía.,Confirmar si la etiqueta Publisher representa publicación o distribución en la caja PAL.,HIGH_OR_BETTER_GROUP_NOT_FULLY_RESOLVED | MISSING_SLUG | NOT_IN_COMPANY_INDEX
ps4-riot-civil-unrest,Riot Civil Unrest,PAL España,standard,riot civil unrest,riot civil unrest,GAME_OR_UNKNOWN,DEVELOPER,developer,Leonard Menchiari,,Leonard Menchiari,NOT_IN_COMPANY_INDEX,"Leonard Menchiari, IV Productions",REPLACE_OR_ADD_REVIEW,HIGH,NO,EXACT_PHYSICAL_EDITION | GAME_WORK,3,PRICECHARTING_EXACT_PAL_PAGE | REGIONATLAS_LEGACY_PRICECHARTING_CREDIT | STEAM_STORE,B_EXACT_PHYSICAL | B_LEGACY_EXACT_PHYSICAL | B_OTHER_PLATFORM,https://www.pricecharting.com/game/pal-playstation-4/riot-civil-unrest | https://store.steampowered.com/app/342310,"La ficha enlazada de la edición física PAL atribuye el desarrollo a esta compañía. | El crédito actual procede de la importación histórica de la ficha física enlazada; se contrasta con la consulta en vivo. | La ficha comercial de Steam confirma la desarrolladora de la obra, no necesariamente el port de PS4.",No propagar a ports o compilaciones sin comprobar sus créditos propios.,HIGH_OR_BETTER_GROUP_NOT_FULLY_RESOLVED | MISSING_SLUG | NOT_IN_COMPANY_INDEX
ps4-riot-civil-unrest,Riot Civil Unrest,PAL España,standard,riot civil unrest,riot civil unrest,GAME_OR_UNKNOWN,DEVELOPER,developer,IV Productions,,IV Productions,NOT_IN_COMPANY_INDEX,"Leonard Menchiari, IV Productions",REPLACE_OR_ADD_REVIEW,HIGH,NO,EXACT_PHYSICAL_EDITION | GAME_WORK | PS4_RELEASE,4,LAUNCHBOX_GAMES_DB | PRICECHARTING_EXACT_PAL_PAGE | REGIONATLAS_LEGACY_PRICECHARTING_CREDIT | STEAM_STORE,B_EXACT_PHYSICAL | B_LEGACY_EXACT_PHYSICAL | B_OTHER_PLATFORM | C_DISCOVERY,https://www.pricecharting.com/game/pal-playstation-4/riot-civil-unrest | https://store.steampowered.com/app/342310 | https://gamesdb.launchbox-app.com/games/details/473781,"La ficha enlazada de la edición física PAL atribuye el desarrollo a esta compañía. | El crédito actual procede de la importación histórica de la ficha física enlazada; se contrasta con la consulta en vivo. | La ficha comercial de Steam confirma la desarrolladora de la obra, no necesariamente el port de PS4. | LaunchBox registra esta desarrolladora para su ficha de PS4.",No propagar a ports o compilaciones sin comprobar sus créditos propios.,HIGH_OR_BETTER_GROUP_NOT_FULLY_RESOLVED | MISSING_SLUG | NOT_IN_COMPANY_INDEX
ps4-riot-civil-unrest-signature-edition,Riot Civil Unrest [Signature Edition],PAL España,standard,riot civil unrest,riot civil unrest,GAME_OR_UNKNOWN,DEVELOPER,developer,Leonard Menchiari,,Leonard Menchiari,NOT_IN_COMPANY_INDEX,,ADD_MISSING,HIGH,NO,EXACT_PHYSICAL_EDITION | GAME_WORK,2,PRICECHARTING_EXACT_PAL_PAGE | STEAM_STORE,B_EXACT_PHYSICAL | B_OTHER_PLATFORM,https://www.pricecharting.com/game/pal-playstation-4/riot-civil-unrest-signature-edition | https://store.steampowered.com/app/342310,"La ficha enlazada de la edición física PAL atribuye el desarrollo a esta compañía. | La ficha comercial de Steam confirma la desarrolladora de la obra, no necesariamente el port de PS4.",No propagar a ports o compilaciones sin comprobar sus créditos propios.,HIGH_OR_BETTER_GROUP_NOT_FULLY_RESOLVED | MISSING_SLUG | NOT_IN_COMPANY_INDEX
ps4-risen,Risen,PAL España,standard,risen,risen,GAME_OR_UNKNOWN,PHYSICAL_PUBLISHER_OR_DISTRIBUTOR,publisher,THQ Nordic,,THQ Nordic,AMBIGUOUS_NAME,THQ Nordic,REPLACE_OR_ADD_REVIEW,HIGH,NO,EXACT_PHYSICAL_EDITION,2,PRICECHARTING_EXACT_PAL_PAGE | REGIONATLAS_LEGACY_PRICECHARTING_CREDIT,B_EXACT_PHYSICAL | B_LEGACY_EXACT_PHYSICAL,https://www.pricecharting.com/game/pal-playstation-4/risen,La ficha exacta de la edición física PAL etiqueta a esta compañía como Publisher; puede representar publicación o distribución física. | El crédito actual procede de la importación histórica de la ficha física enlazada; se contrasta con la consulta en vivo.,Confirmar si la etiqueta Publisher representa publicación o distribución en la caja PAL.,AMBIGUOUS_NAME | HIGH_OR_BETTER_GROUP_NOT_FULLY_RESOLVED | MISSING_SLUG
ps4-rising-hell,Rising Hell,PAL España,standard,rising hell,rising hell,GAME_OR_UNKNOWN,DEVELOPER,developer,Tahoe Games,,Tahoe Games,NOT_IN_COMPANY_INDEX,,ADD_MISSING,HIGH,NO,GAME_WORK | MATCHED_PS4_PRODUCT,2,PLAYSTATION_STORE_EXPLICIT_CREDIT | STEAM_STORE,A_OFFICIAL_MATCHED_TITLE_CREDIT | B_OTHER_PLATFORM,https://store.playstation.com/es-es/product/EP5438-CUSA23626_00-0913287346646891 | https://store.steampowered.com/app/657000,"Developed by Tahoe Games and Toge Productions | La ficha comercial de Steam confirma la desarrolladora de la obra, no necesariamente el port de PS4.",No propagar a ports o compilaciones sin comprobar sus créditos propios.,HIGH_OR_BETTER_GROUP_NOT_FULLY_RESOLVED | MISSING_SLUG | NOT_IN_COMPANY_INDEX
ps4-rising-hell,Rising Hell,PAL España,standard,rising hell,rising hell,GAME_OR_UNKNOWN,DEVELOPER,developer,Toge Productions,toge-productions,Toge Productions,EXACT_NAME_OR_ALIAS,,ADD_MISSING,HIGH,NO,MATCHED_PS4_PRODUCT | PS4_RELEASE,2,LAUNCHBOX_GAMES_DB | PLAYSTATION_STORE_EXPLICIT_CREDIT,A_OFFICIAL_MATCHED_TITLE_CREDIT | C_DISCOVERY,https://store.playstation.com/es-es/product/EP5438-CUSA23626_00-0913287346646891 | https://gamesdb.launchbox-app.com/games/details/476668,Developed by Tahoe Games and Toge Productions | LaunchBox registra esta desarrolladora para su ficha de PS4.,No propagar a ports o compilaciones sin comprobar sus créditos propios.,HIGH_OR_BETTER_GROUP_NOT_FULLY_RESOLVED
ps4-rising-hell-special-limited-edition,Rising Hell [Special Limited Edition],PAL España,standard,rising hell,rising hell,EDITION_VARIANT,DEVELOPER,developer,Tahoe Games,,Tahoe Games,NOT_IN_COMPANY_INDEX,,ADD_MISSING,HIGH,NO,GAME_WORK | MATCHED_PS4_PRODUCT,2,PLAYSTATION_STORE_EXPLICIT_CREDIT | STEAM_STORE,A_OFFICIAL_MATCHED_TITLE_CREDIT | B_OTHER_PLATFORM,https://store.playstation.com/es-es/product/EP5438-CUSA23626_00-0913287346646891 | https://store.steampowered.com/app/657000,"Developed by Tahoe Games and Toge Productions | La ficha comercial de Steam confirma la desarrolladora de la obra, no necesariamente el port de PS4.",No propagar a ports o compilaciones sin comprobar sus créditos propios.,HIGH_OR_BETTER_GROUP_NOT_FULLY_RESOLVED | MISSING_SLUG | NOT_IN_COMPANY_INDEX
ps4-rising-hell-special-limited-edition,Rising Hell [Special Limited Edition],PAL España,standard,rising hell,rising hell,EDITION_VARIANT,DEVELOPER,developer,Toge Productions,toge-productions,Toge Productions,EXACT_NAME_OR_ALIAS,,ADD_MISSING,HIGH,NO,MATCHED_PS4_PRODUCT | PS4_RELEASE,2,LAUNCHBOX_GAMES_DB | PLAYSTATION_STORE_EXPLICIT_CREDIT,A_OFFICIAL_MATCHED_TITLE_CREDIT | C_DISCOVERY,https://store.playstation.com/es-es/product/EP5438-CUSA23626_00-0913287346646891 | https://gamesdb.launchbox-app.com/games/details/476668,Developed by Tahoe Games and Toge Productions | LaunchBox registra esta desarrolladora para su ficha de PS4.,No propagar a ports o compilaciones sin comprobar sus créditos propios.,HIGH_OR_BETTER_GROUP_NOT_FULLY_RESOLVED
ps4-road-96,Road 96,PAL España,standard,road 96,road 96,GAME_OR_UNKNOWN,DEVELOPER,developer,Digixart,,DigixArt | Digixart,NOT_IN_COMPANY_INDEX,,ADD_MISSING,HIGH,NO,GAME_WORK | GAME_WORK_OR_PS4_RELEASE | PS4_RELEASE,3,LAUNCHBOX_GAMES_DB | STEAM_STORE | WIKIPEDIA_PS4_LIST,B_OTHER_PLATFORM | B_PS4_RELEASE | C_DISCOVERY,https://en.wikipedia.org/wiki/List_of_PlayStation_4_games_(M%E2%80%93Z) | https://store.steampowered.com/app/1466640 | https://gamesdb.launchbox-app.com/games/details/473684,"La lista específica de PS4 atribuye el desarrollo a esta compañía. | La ficha comercial de Steam confirma la desarrolladora de la obra, no necesariamente el port de PS4. | LaunchBox registra esta desarrolladora para su ficha de PS4.",No propagar a ports o compilaciones sin comprobar sus créditos propios.,HIGH_OR_BETTER_GROUP_NOT_FULLY_RESOLVED | MISSING_SLUG | NOT_IN_COMPANY_INDEX
ps4-road-rage,Road Rage,PAL España,standard,road rage,road rage,GAME_OR_UNKNOWN,DEVELOPER,developer,Team 6 Studios,,Team 6 Studios,NOT_IN_COMPANY_INDEX,,ADD_MISSING,HIGH,NO,MATCHED_PS4_PRODUCT,1,PLAYSTATION_STORE_EXPLICIT_CREDIT,A_OFFICIAL_MATCHED_TITLE_CREDIT,https://store.playstation.com/es-es/product/EP1877-CUSA06426_00-ROADRAGEMAINGAME,Developed by Team 6 Studios,No propagar a ports o compilaciones sin comprobar sus créditos propios.,HIGH_OR_BETTER_GROUP_NOT_FULLY_RESOLVED | MISSING_SLUG | NOT_IN_COMPANY_INDEX
ps4-road-redemption,Road Redemption,PAL España,standard,road redemption,road redemption,GAME_OR_UNKNOWN,DEVELOPER,developer,EQ-Games,,EQ-Games,NOT_IN_COMPANY_INDEX,EQ-Games / Pixel Dash Studios,REPLACE_OR_ADD_REVIEW,HIGH,NO,EXACT_PHYSICAL_EDITION | GAME_WORK_OR_PS4_RELEASE,2,REGIONATLAS_LEGACY_PRICECHARTING_CREDIT | WIKIPEDIA_PS4_LIST,B_LEGACY_EXACT_PHYSICAL | B_PS4_RELEASE,https://www.pricecharting.com/game/pal-playstation-4/road-redemption | https://en.wikipedia.org/wiki/List_of_PlayStation_4_games_(M%E2%80%93Z),El crédito actual procede de la importación histórica de la ficha física enlazada; se contrasta con la consulta en vivo. | La lista específica de PS4 atribuye el desarrollo a esta compañía.,No propagar a ports o compilaciones sin comprobar sus créditos propios.,HIGH_OR_BETTER_GROUP_NOT_FULLY_RESOLVED | MISSING_SLUG | NOT_IN_COMPANY_INDEX
ps4-road-redemption,Road Redemption,PAL España,standard,road redemption,road redemption,GAME_OR_UNKNOWN,DEVELOPER,developer,Pixel Dash Studios,,Pixel Dash Studios,NOT_IN_COMPANY_INDEX,EQ-Games / Pixel Dash Studios,REPLACE_OR_ADD_REVIEW,HIGH,NO,EXACT_PHYSICAL_EDITION | GAME_WORK | PS4_RELEASE,3,LAUNCHBOX_GAMES_DB | REGIONATLAS_LEGACY_PRICECHARTING_CREDIT | STEAM_STORE,B_LEGACY_EXACT_PHYSICAL | B_OTHER_PLATFORM | C_DISCOVERY,https://www.pricecharting.com/game/pal-playstation-4/road-redemption | https://store.steampowered.com/app/300380 | https://gamesdb.launchbox-app.com/games/details/466252,"El crédito actual procede de la importación histórica de la ficha física enlazada; se contrasta con la consulta en vivo. | La ficha comercial de Steam confirma la desarrolladora de la obra, no necesariamente el port de PS4. | LaunchBox registra esta desarrolladora para su ficha de PS4.",No propagar a ports o compilaciones sin comprobar sus créditos propios.,HIGH_OR_BETTER_GROUP_NOT_FULLY_RESOLVED | MISSING_SLUG | NOT_IN_COMPANY_INDEX
ps4-romance-of-the-three-kingdoms-xiii,Romance of the Three Kingdoms XIII,PAL España,standard,romance of the three kingdoms xiii,romance of the three kingdoms xiii,GAME_OR_UNKNOWN,DEVELOPER,developer,KOEI TECMO GAMES CO,,KOEI TECMO GAMES CO | KOEI TECMO GAMES Co Ltd. | Koei Tecmo Games,AMBIGUOUS_NAME,,ADD_MISSING,HIGH,NO,GAME_WORK | MATCHED_PS4_PRODUCT,3,PLAYSTATION_STORE_EXPLICIT_CREDIT | STEAM_STORE | WIKIDATA,A_OFFICIAL_MATCHED_TITLE_CREDIT | B_OTHER_PLATFORM | C_DISCOVERY,https://store.playstation.com/es-es/product/EP4108-CUSA05056_00-SAN13GAMEEU00000 | https://store.steampowered.com/app/363150 | https://www.wikidata.org/wiki/Q21038681,"Developed by KOEI TECMO GAMES CO | La ficha comercial de Steam confirma la desarrolladora de la obra, no necesariamente el port de PS4. | Wikidata registra la compañía como desarrolladora.",No propagar a ports o compilaciones sin comprobar sus créditos propios.,AMBIGUOUS_NAME | HIGH_OR_BETTER_GROUP_NOT_FULLY_RESOLVED | MISSING_SLUG
ps4-rugby-20,Rugby 20,PAL España,standard,rugby 20,rugby 20,GAME_OR_UNKNOWN,PHYSICAL_PUBLISHER_OR_DISTRIBUTOR,publisher,Bigben Interactive,,Bigben Interactive,AMBIGUOUS_NAME,Bigben Interactive,REPLACE_OR_ADD_REVIEW,HIGH,NO,EXACT_PHYSICAL_EDITION | PAL_RELEASE,3,PRICECHARTING_EXACT_PAL_PAGE | REGIONATLAS_LEGACY_PRICECHARTING_CREDIT | WIKIPEDIA_PS4_LIST_PAL,B_EXACT_PHYSICAL | B_LEGACY_EXACT_PHYSICAL | B_PAL_RELEASE,https://www.pricecharting.com/game/pal-playstation-4/rugby-20 | https://en.wikipedia.org/wiki/List_of_PlayStation_4_games_(M%E2%80%93Z),La ficha exacta de la edición física PAL etiqueta a esta compañía como Publisher; puede representar publicación o distribución física. | El crédito actual procede de la importación histórica de la ficha física enlazada; se contrasta con la consulta en vivo. | La columna PAL de la lista de PS4 atribuye la publicación a esta compañía.,Confirmar si la etiqueta Publisher representa publicación o distribución en la caja PAL.,AMBIGUOUS_NAME | HIGH_OR_BETTER_GROUP_NOT_FULLY_RESOLVED | MISSING_SLUG
ps4-sackboy-a-big-adventure,Sackboy: A Big Adventure,PAL España,standard,sackboy a big adventure,sackboy a big adventure,GAME_OR_UNKNOWN,PHYSICAL_PUBLISHER_OR_DISTRIBUTOR,publisher,SIEE,,SIEE,NOT_IN_COMPANY_INDEX,PlayStation Studios,REPLACE_OR_ADD_REVIEW,HIGH,NO,EXACT_PHYSICAL_EDITION,1,PRICECHARTING_EXACT_PAL_PAGE,B_EXACT_PHYSICAL,https://www.pricecharting.com/game/pal-playstation-4/sackboy-a-big-adventure,La ficha exacta de la edición física PAL etiqueta a esta compañía como Publisher; puede representar publicación o distribución física.,Confirmar si la etiqueta Publisher representa publicación o distribución en la caja PAL.,HIGH_OR_BETTER_GROUP_NOT_FULLY_RESOLVED | MISSING_SLUG | NOT_IN_COMPANY_INDEX
ps4-saints-row-the-third-remastered,Saints Row: The Third [Remastered],PAL España,standard,saints row the third remastered,saints row the third remastered,GAME_OR_UNKNOWN,DEVELOPER,developer,Volition,volition,Volition,EXACT_NAME_OR_ALIAS,Volition,RETAIN,HIGH,NO,EXACT_PHYSICAL_EDITION | GAME_WORK_OR_PS4_RELEASE,3,PRICECHARTING_EXACT_PAL_PAGE | REGIONATLAS_LEGACY_PRICECHARTING_CREDIT | WIKIPEDIA_PS4_LIST,B_EXACT_PHYSICAL | B_LEGACY_EXACT_PHYSICAL | B_PS4_RELEASE,https://www.pricecharting.com/game/pal-playstation-4/saints-row-the-third-remastered | https://en.wikipedia.org/wiki/List_of_PlayStation_4_games_(M%E2%80%93Z),La ficha enlazada de la edición física PAL atribuye el desarrollo a esta compañía. | El crédito actual procede de la importación histórica de la ficha física enlazada; se contrasta con la consulta en vivo. | La lista específica de PS4 atribuye el desarrollo a esta compañía.,No propagar a ports o compilaciones sin comprobar sus créditos propios.,HIGH_OR_BETTER_GROUP_NOT_FULLY_RESOLVED
ps4-sakuna-of-rice-and-ruin,Sakuna of Rice and Ruin,PAL España,standard,sakuna of rice and ruin,sakuna of rice and ruin,GAME_OR_UNKNOWN,PHYSICAL_PUBLISHER_OR_DISTRIBUTOR,publisher,Marvelous!,,Marvelous!,AMBIGUOUS_NAME,Marvelous!,REPLACE_OR_ADD_REVIEW,HIGH,NO,EXACT_PHYSICAL_EDITION,2,PRICECHARTING_EXACT_PAL_PAGE | REGIONATLAS_LEGACY_PRICECHARTING_CREDIT,B_EXACT_PHYSICAL | B_LEGACY_EXACT_PHYSICAL,https://www.pricecharting.com/game/pal-playstation-4/sakuna-of-rice-and-ruin,La ficha exacta de la edición física PAL etiqueta a esta compañía como Publisher; puede representar publicación o distribución física. | El crédito actual procede de la importación histórica de la ficha física enlazada; se contrasta con la consulta en vivo.,Confirmar si la etiqueta Publisher representa publicación o distribución en la caja PAL.,AMBIGUOUS_NAME | HIGH_OR_BETTER_GROUP_NOT_FULLY_RESOLVED | MISSING_SLUG
ps4-samurai-warriors-5,Samurai Warriors 5,PAL España,standard,samurai warriors 5,samurai warriors 5,GAME_OR_UNKNOWN,DEVELOPER,developer,Koei Tecmo Games Co Ltd.,,Koei Tecmo Games Co Ltd. | KOEI TECMO GAMES Co Ltd.,AMBIGUOUS_NAME,Omega Force,REPLACE_OR_ADD_REVIEW,HIGH,NO,EXACT_PHYSICAL_EDITION | GAME_WORK,2,PRICECHARTING_EXACT_PAL_PAGE | STEAM_STORE,B_EXACT_PHYSICAL | B_OTHER_PLATFORM,https://www.pricecharting.com/game/pal-playstation-4/samurai-warriors-5 | https://store.steampowered.com/app/1591530,"La ficha enlazada de la edición física PAL atribuye el desarrollo a esta compañía. | La ficha comercial de Steam confirma la desarrolladora de la obra, no necesariamente el port de PS4.",No propagar a ports o compilaciones sin comprobar sus créditos propios.,AMBIGUOUS_NAME | HIGH_OR_BETTER_GROUP_NOT_FULLY_RESOLVED | MISSING_SLUG
ps4-samurai-warriors-5,Samurai Warriors 5,PAL España,standard,samurai warriors 5,samurai warriors 5,GAME_OR_UNKNOWN,DEVELOPER,developer,Omega Force,omega-force,Omega Force,EXACT_NAME_OR_ALIAS,Omega Force,RETAIN,HIGH,NO,EXACT_PHYSICAL_EDITION | GAME_WORK | GAME_WORK_OR_PS4_RELEASE | PS4_RELEASE,4,LAUNCHBOX_GAMES_DB | PRICECHARTING_EXACT_PAL_PAGE | WIKIDATA | WIKIPEDIA_PS4_LIST,B_EXACT_PHYSICAL | B_PS4_RELEASE | C_DISCOVERY,https://www.pricecharting.com/game/pal-playstation-4/samurai-warriors-5 | https://en.wikipedia.org/wiki/List_of_PlayStation_4_games_(M%E2%80%93Z) | https://www.wikidata.org/wiki/Q105608598 | https://gamesdb.launchbox-app.com/games/details/473707,La ficha enlazada de la edición física PAL atribuye el desarrollo a esta compañía. | La lista específica de PS4 atribuye el desarrollo a esta compañía. | Wikidata registra la compañía como desarrolladora. | LaunchBox registra esta desarrolladora para su ficha de PS4.,No propagar a ports o compilaciones sin comprobar sus créditos propios.,HIGH_OR_BETTER_GROUP_NOT_FULLY_RESOLVED
ps4-samurai-warriors-5,Samurai Warriors 5,PAL España,standard,samurai warriors 5,samurai warriors 5,GAME_OR_UNKNOWN,PHYSICAL_PUBLISHER_OR_DISTRIBUTOR,publisher,Koei Tecmo Europe Ltd.,,Koei Tecmo Europe Ltd.,AMBIGUOUS_NAME,Koei Tecmo Games,REPLACE_OR_ADD_REVIEW,HIGH,NO,EXACT_PHYSICAL_EDITION,1,PRICECHARTING_EXACT_PAL_PAGE,B_EXACT_PHYSICAL,https://www.pricecharting.com/game/pal-playstation-4/samurai-warriors-5,La ficha exacta de la edición física PAL etiqueta a esta compañía como Publisher; puede representar publicación o distribución física.,Confirmar si la etiqueta Publisher representa publicación o distribución en la caja PAL.,AMBIGUOUS_NAME | HIGH_OR_BETTER_GROUP_NOT_FULLY_RESOLVED | MISSING_SLUG
ps4-samurai-warriors-5-collector%27s-edition,Samurai Warriors 5 [Collector's Edition],PAL España,standard,samurai warriors 5,samurai warriors 5,EDITION_VARIANT,DEVELOPER,developer,Koei Tecmo Games,,Koei Tecmo Games | KOEI TECMO GAMES Co Ltd.,AMBIGUOUS_NAME,,ADD_MISSING,HIGH,NO,EXACT_PHYSICAL_EDITION | GAME_WORK,2,PRICECHARTING_EXACT_PAL_PAGE | STEAM_STORE,B_EXACT_PHYSICAL | B_OTHER_PLATFORM,https://www.pricecharting.com/game/pal-playstation-4/samurai-warriors-5-collector%27s-edition | https://store.steampowered.com/app/1591530,"La ficha enlazada de la edición física PAL atribuye el desarrollo a esta compañía. | La ficha comercial de Steam confirma la desarrolladora de la obra, no necesariamente el port de PS4.",No propagar a ports o compilaciones sin comprobar sus créditos propios.,AMBIGUOUS_NAME | HIGH_OR_BETTER_GROUP_NOT_FULLY_RESOLVED | MISSING_SLUG
ps4-samurai-warriors-spirit-of-sanada,Samurai Warriors: Spirit of Sanada,PAL España,standard,samurai warriors spirit of sanada,samurai warriors spirit of sanada,GAME_OR_UNKNOWN,DEVELOPER,developer,KOEI TECMO GAMES CO,,KOEI TECMO GAMES CO | KOEI TECMO GAMES Co Ltd. | Koei Tecmo Games,AMBIGUOUS_NAME,Omega Force,REPLACE_OR_ADD_REVIEW,HIGH,NO,GAME_WORK | MATCHED_PS4_PRODUCT,3,PLAYSTATION_STORE_EXPLICIT_CREDIT | STEAM_STORE | WIKIDATA,A_OFFICIAL_MATCHED_TITLE_CREDIT | B_OTHER_PLATFORM | C_DISCOVERY,https://store.playstation.com/es-es/product/EP4108-CUSA07931_00-RIVERGAME0000000 | https://store.steampowered.com/app/595740 | https://www.wikidata.org/wiki/Q26252729,"Developed by KOEI TECMO GAMES CO | La ficha comercial de Steam confirma la desarrolladora de la obra, no necesariamente el port de PS4. | Wikidata registra la compañía como desarrolladora.",No propagar a ports o compilaciones sin comprobar sus créditos propios.,AMBIGUOUS_NAME | HIGH_OR_BETTER_GROUP_NOT_FULLY_RESOLVED | MISSING_SLUG
ps4-samurai-warriors-spirit-of-sanada,Samurai Warriors: Spirit of Sanada,PAL España,standard,samurai warriors spirit of sanada,samurai warriors spirit of sanada,GAME_OR_UNKNOWN,DEVELOPER,developer,Omega Force,omega-force,Omega Force,EXACT_NAME_OR_ALIAS,Omega Force,RETAIN,HIGH,NO,EXACT_PHYSICAL_EDITION | GAME_WORK_OR_PS4_RELEASE | PS4_RELEASE,3,LAUNCHBOX_GAMES_DB | REGIONATLAS_LEGACY_PRICECHARTING_CREDIT | WIKIPEDIA_PS4_LIST,B_LEGACY_EXACT_PHYSICAL | B_PS4_RELEASE | C_DISCOVERY,https://www.pricecharting.com/game/pal-playstation-4/samurai-warriors-spirit-of-sanada | https://en.wikipedia.org/wiki/List_of_PlayStation_4_games_(M%E2%80%93Z) | https://gamesdb.launchbox-app.com/games/details/165431,El crédito actual procede de la importación histórica de la ficha física enlazada; se contrasta con la consulta en vivo. | La lista específica de PS4 atribuye el desarrollo a esta compañía. | LaunchBox registra esta desarrolladora para su ficha de PS4.,No propagar a ports o compilaciones sin comprobar sus créditos propios.,HIGH_OR_BETTER_GROUP_NOT_FULLY_RESOLVED
ps4-scar-lead-salvation,Scar-Lead Salvation,PAL España,standard,scar lead salvation,scar lead salvation,GAME_OR_UNKNOWN,DEVELOPER,developer,Compile Heart,,Compile Heart,AMBIGUOUS_NAME,IDEA FACTORY/COMPILE HEART/Neilo Inc,REPLACE_OR_ADD_REVIEW,HIGH,NO,GAME_WORK | GAME_WORK_OR_PS4_RELEASE,2,STEAM_STORE | WIKIPEDIA_PS4_LIST,B_OTHER_PLATFORM | B_PS4_RELEASE,https://en.wikipedia.org/wiki/List_of_PlayStation_4_games_(M%E2%80%93Z) | https://store.steampowered.com/app/3226460,"La lista específica de PS4 atribuye el desarrollo a esta compañía. | La ficha comercial de Steam confirma la desarrolladora de la obra, no necesariamente el port de PS4.",No propagar a ports o compilaciones sin comprobar sus créditos propios.,AMBIGUOUS_NAME | HIGH_OR_BETTER_GROUP_NOT_FULLY_RESOLVED | MISSING_SLUG
ps4-scar-lead-salvation,Scar-Lead Salvation,PAL España,standard,scar lead salvation,scar lead salvation,GAME_OR_UNKNOWN,DEVELOPER,developer,Neilo,,Neilo | Neilo Inc.,NOT_IN_COMPANY_INDEX,IDEA FACTORY/COMPILE HEART/Neilo Inc,REPLACE_OR_ADD_REVIEW,HIGH,NO,GAME_WORK | GAME_WORK_OR_PS4_RELEASE | PS4_RELEASE,4,LAUNCHBOX_GAMES_DB | STEAM_STORE | WIKIDATA | WIKIPEDIA_PS4_LIST,B_OTHER_PLATFORM | B_PS4_RELEASE | C_DISCOVERY,https://en.wikipedia.org/wiki/List_of_PlayStation_4_games_(M%E2%80%93Z) | https://store.steampowered.com/app/3226460 | https://www.wikidata.org/wiki/Q131951881 | https://gamesdb.launchbox-app.com/games/details/476755,"La lista específica de PS4 atribuye el desarrollo a esta compañía. | La ficha comercial de Steam confirma la desarrolladora de la obra, no necesariamente el port de PS4. | Wikidata registra la compañía como desarrolladora. | LaunchBox registra esta desarrolladora para su ficha de PS4.",No propagar a ports o compilaciones sin comprobar sus créditos propios.,HIGH_OR_BETTER_GROUP_NOT_FULLY_RESOLVED | MISSING_SLUG | NOT_IN_COMPANY_INDEX
ps4-secret-of-mana,Secret of Mana,PAL España,standard,secret of mana,secret of mana,GAME_OR_UNKNOWN,DEVELOPER,developer,Square Enix,,Square Enix Co Ltd. | Square Enix,AMBIGUOUS_NAME,"Square Enix Co., Ltd.",REPLACE_OR_ADD_REVIEW,HIGH,NO,EXACT_PHYSICAL_EDITION | GAME_WORK | GAME_WORK_OR_PS4_RELEASE | PS4_RELEASE,5,LAUNCHBOX_GAMES_DB | REGIONATLAS_LEGACY_PRICECHARTING_CREDIT | STEAM_STORE | WIKIDATA | WIKIPEDIA_PS4_LIST,B_LEGACY_EXACT_PHYSICAL | B_OTHER_PLATFORM | B_PS4_RELEASE | C_DISCOVERY,https://www.pricecharting.com/game/pal-playstation-4/secret-of-mana | https://en.wikipedia.org/wiki/List_of_PlayStation_4_games_(M%E2%80%93Z) | https://store.steampowered.com/app/637670 | https://www.wikidata.org/wiki/Q50384002 | https://gamesdb.launchbox-app.com/games/details/157413,"El crédito actual procede de la importación histórica de la ficha física enlazada; se contrasta con la consulta en vivo. | La lista específica de PS4 atribuye el desarrollo a esta compañía. | La ficha comercial de Steam confirma la desarrolladora de la obra, no necesariamente el port de PS4. | Wikidata registra la compañía como desarrolladora. | LaunchBox registra esta desarrolladora para su ficha de PS4.",No propagar a ports o compilaciones sin comprobar sus créditos propios.,AMBIGUOUS_NAME | HIGH_OR_BETTER_GROUP_NOT_FULLY_RESOLVED | MISSING_SLUG
ps4-secret-of-mana,Secret of Mana,PAL España,standard,secret of mana,secret of mana,GAME_OR_UNKNOWN,PHYSICAL_PUBLISHER_OR_DISTRIBUTOR,publisher,Square Enix Ltd.,,Square Enix Ltd. | Square Enix,AMBIGUOUS_NAME,Square Enix Ltd.,REPLACE_OR_ADD_REVIEW,HIGH,NO,EXACT_PHYSICAL_EDITION | PAL_RELEASE,2,REGIONATLAS_LEGACY_PRICECHARTING_CREDIT | WIKIPEDIA_PS4_LIST_PAL,B_LEGACY_EXACT_PHYSICAL | B_PAL_RELEASE,https://www.pricecharting.com/game/pal-playstation-4/secret-of-mana | https://en.wikipedia.org/wiki/List_of_PlayStation_4_games_(M%E2%80%93Z),El crédito actual procede de la importación histórica de la ficha física enlazada; se contrasta con la consulta en vivo. | La columna PAL de la lista de PS4 atribuye la publicación a esta compañía.,Confirmar si la etiqueta Publisher representa publicación o distribución en la caja PAL.,AMBIGUOUS_NAME | HIGH_OR_BETTER_GROUP_NOT_FULLY_RESOLVED | MISSING_SLUG
ps4-sekiro-shadows-die-twice,Sekiro: Shadows Die Twice,PAL España,standard,sekiro shadows die twice,sekiro shadows die twice,GAME_OR_UNKNOWN,DEVELOPER,developer,FromSoftware,,FromSoftware,AMBIGUOUS_NAME,FromSoftware,REPLACE_OR_ADD_REVIEW,HIGH,NO,EXACT_PHYSICAL_EDITION | GAME_WORK | GAME_WORK_OR_PS4_RELEASE | PS4_RELEASE,5,LAUNCHBOX_GAMES_DB | PRICECHARTING_EXACT_PAL_PAGE | REGIONATLAS_LEGACY_PRICECHARTING_CREDIT | WIKIDATA | WIKIPEDIA_PS4_LIST,B_EXACT_PHYSICAL | B_LEGACY_EXACT_PHYSICAL | B_PS4_RELEASE | C_DISCOVERY,https://www.pricecharting.com/game/pal-playstation-4/sekiro-shadows-die-twice | https://en.wikipedia.org/wiki/List_of_PlayStation_4_games_(M%E2%80%93Z) | https://www.wikidata.org/wiki/Q54906424 | https://gamesdb.launchbox-app.com/games/details/165025,La ficha enlazada de la edición física PAL atribuye el desarrollo a esta compañía. | El crédito actual procede de la importación histórica de la ficha física enlazada; se contrasta con la consulta en vivo. | La lista específica de PS4 atribuye el desarrollo a esta compañía. | Wikidata registra la compañía como desarrolladora. | LaunchBox registra esta desarrolladora para su ficha de PS4.,No propagar a ports o compilaciones sin comprobar sus créditos propios.,AMBIGUOUS_NAME | HIGH_OR_BETTER_GROUP_NOT_FULLY_RESOLVED | MISSING_SLUG
ps4-sekiro-shadows-die-twice-collector%27s-edition,Sekiro: Shadows Die Twice [Collector's Edition],PAL España,standard,sekiro shadows die twice,sekiro shadows die twice,EDITION_VARIANT,DEVELOPER,developer,FromSoftware,,FromSoftware,AMBIGUOUS_NAME,,ADD_MISSING,HIGH,NO,EXACT_PHYSICAL_EDITION | GAME_WORK | GAME_WORK_OR_PS4_RELEASE | PS4_RELEASE,4,LAUNCHBOX_GAMES_DB | PRICECHARTING_EXACT_PAL_PAGE | WIKIDATA | WIKIPEDIA_PS4_LIST,B_EXACT_PHYSICAL | B_PS4_RELEASE | C_DISCOVERY,https://www.pricecharting.com/game/pal-playstation-4/sekiro-shadows-die-twice-collector%27s-edition | https://en.wikipedia.org/wiki/List_of_PlayStation_4_games_(M%E2%80%93Z) | https://www.wikidata.org/wiki/Q54906424 | https://gamesdb.launchbox-app.com/games/details/165025,La ficha enlazada de la edición física PAL atribuye el desarrollo a esta compañía. | La lista específica de PS4 atribuye el desarrollo a esta compañía. | Wikidata registra la compañía como desarrolladora. | LaunchBox registra esta desarrolladora para su ficha de PS4.,No propagar a ports o compilaciones sin comprobar sus créditos propios.,AMBIGUOUS_NAME | HIGH_OR_BETTER_GROUP_NOT_FULLY_RESOLVED | MISSING_SLUG
ps4-shadow-of-the-colossus,Shadow of the Colossus,PAL España,standard,shadow of the colossus,shadow of the colossus,GAME_OR_UNKNOWN,PHYSICAL_PUBLISHER_OR_DISTRIBUTOR,publisher,Sony Interactive Entertainment Europe Ltd.,,Sony Interactive Entertainment Europe Ltd.,AMBIGUOUS_NAME,Sony Interactive Entertainment Europe Ltd.,REPLACE_OR_ADD_REVIEW,HIGH,NO,EXACT_PHYSICAL_EDITION,2,PRICECHARTING_EXACT_PAL_PAGE | REGIONATLAS_LEGACY_PRICECHARTING_CREDIT,B_EXACT_PHYSICAL | B_LEGACY_EXACT_PHYSICAL,https://www.pricecharting.com/game/pal-playstation-4/shadow-of-the-colossus,La ficha exacta de la edición física PAL etiqueta a esta compañía como Publisher; puede representar publicación o distribución física. | El crédito actual procede de la importación histórica de la ficha física enlazada; se contrasta con la consulta en vivo.,Confirmar si la etiqueta Publisher representa publicación o distribución en la caja PAL.,AMBIGUOUS_NAME | HIGH_OR_BETTER_GROUP_NOT_FULLY_RESOLVED | MISSING_SLUG
ps4-shadow-of-the-tomb-raider-croft-edition,Shadow of The Tomb Raider [Croft Edition],PAL España,standard,shadow of the tomb raider,shadow of the tomb raider,GAME_OR_UNKNOWN,PHYSICAL_PUBLISHER_OR_DISTRIBUTOR,publisher,Square Enix Limited,,Square Enix Limited | Square Enix,AMBIGUOUS_NAME,,ADD_MISSING,HIGH,NO,EXACT_PHYSICAL_EDITION | PAL_RELEASE,2,PRICECHARTING_EXACT_PAL_PAGE | WIKIPEDIA_PS4_LIST_PAL,B_EXACT_PHYSICAL | B_PAL_RELEASE,https://www.pricecharting.com/game/pal-playstation-4/shadow-of-the-tomb-raider-croft-edition | https://en.wikipedia.org/wiki/List_of_PlayStation_4_games_(M%E2%80%93Z),La ficha exacta de la edición física PAL etiqueta a esta compañía como Publisher; puede representar publicación o distribución física. | La columna PAL de la lista de PS4 atribuye la publicación a esta compañía.,Confirmar si la etiqueta Publisher representa publicación o distribución en la caja PAL.,AMBIGUOUS_NAME | HIGH_OR_BETTER_GROUP_NOT_FULLY_RESOLVED | MISSING_SLUG
ps4-shadow-of-the-tomb-raider-definitive-edition,Shadow of the Tomb Raider [Definitive Edition],PAL España,standard,shadow of the tomb raider,shadow of the tomb raider,GAME_OR_UNKNOWN,PHYSICAL_PUBLISHER_OR_DISTRIBUTOR,publisher,Square Enix,,Square Enix,AMBIGUOUS_NAME,,ADD_MISSING,HIGH,NO,EXACT_PHYSICAL_EDITION | PAL_RELEASE,2,PRICECHARTING_EXACT_PAL_PAGE | WIKIPEDIA_PS4_LIST_PAL,B_EXACT_PHYSICAL | B_PAL_RELEASE,https://www.pricecharting.com/game/pal-playstation-4/shadow-of-the-tomb-raider-definitive-edition | https://en.wikipedia.org/wiki/List_of_PlayStation_4_games_(M%E2%80%93Z),La ficha exacta de la edición física PAL etiqueta a esta compañía como Publisher; puede representar publicación o distribución física. | La columna PAL de la lista de PS4 atribuye la publicación a esta compañía.,Confirmar si la etiqueta Publisher representa publicación o distribución en la caja PAL.,AMBIGUOUS_NAME | HIGH_OR_BETTER_GROUP_NOT_FULLY_RESOLVED | MISSING_SLUG
ps4-shadow-of-the-tomb-raider-limited-steelbook-edition,Shadow Of The Tomb Raider [Limited Steelbook Edition],PAL España,standard,shadow of the tomb raider,shadow of the tomb raider,EDITION_VARIANT,PHYSICAL_PUBLISHER_OR_DISTRIBUTOR,publisher,Square Enix,,Square Enix,AMBIGUOUS_NAME,,ADD_MISSING,HIGH,NO,EXACT_PHYSICAL_EDITION | PAL_RELEASE,2,PRICECHARTING_EXACT_PAL_PAGE | WIKIPEDIA_PS4_LIST_PAL,B_EXACT_PHYSICAL | B_PAL_RELEASE,https://www.pricecharting.com/game/pal-playstation-4/shadow-of-the-tomb-raider-limited-steelbook-edition | https://en.wikipedia.org/wiki/List_of_PlayStation_4_games_(M%E2%80%93Z),La ficha exacta de la edición física PAL etiqueta a esta compañía como Publisher; puede representar publicación o distribución física. | La columna PAL de la lista de PS4 atribuye la publicación a esta compañía.,Confirmar si la etiqueta Publisher representa publicación o distribución en la caja PAL.,AMBIGUOUS_NAME | HIGH_OR_BETTER_GROUP_NOT_FULLY_RESOLVED | MISSING_SLUG
ps4-shaq-fu-a-legend-reborn,Shaq-Fu A Legend Reborn,PAL España,standard,shaq fu a legend reborn,shaq fu a legend reborn,GAME_OR_UNKNOWN,DEVELOPER,developer,Big Deez Productions,,Big Deez Productions,NOT_IN_COMPANY_INDEX,,ADD_MISSING,HIGH,NO,GAME_WORK | MATCHED_PS4_PRODUCT | PS4_RELEASE,3,LAUNCHBOX_GAMES_DB | PLAYSTATION_STORE_EXPLICIT_CREDIT | STEAM_STORE,A_OFFICIAL_MATCHED_TITLE_CREDIT | B_OTHER_PLATFORM | C_DISCOVERY,https://store.playstation.com/es-es/product/EP2609-CUSA06487_00-SHAQFU1632343336 | https://store.steampowered.com/app/496040 | https://gamesdb.launchbox-app.com/games/details/211519,"Developed by Big Deez Productions and published by Mad Dog Games, LLC | La ficha comercial de Steam confirma la desarrolladora de la obra, no necesariamente el port de PS4. | LaunchBox registra esta desarrolladora para su ficha de PS4.",No propagar a ports o compilaciones sin comprobar sus créditos propios.,HIGH_OR_BETTER_GROUP_NOT_FULLY_RESOLVED | MISSING_SLUG | NOT_IN_COMPANY_INDEX
ps4-shenmue-i-&amp;-ii,Shenmue I & II,PAL España,standard,shenmue i and ii,shenmue i and ii,GAME_OR_UNKNOWN,DEVELOPER,developer,D3T,,D3T | D3T Limited,NOT_IN_COMPANY_INDEX,,ADD_MISSING,HIGH,NO,EXACT_PHYSICAL_EDITION | GAME_WORK | GAME_WORK_OR_PS4_RELEASE | PS4_RELEASE,4,LAUNCHBOX_GAMES_DB | PRICECHARTING_EXACT_PAL_PAGE | STEAM_STORE | WIKIPEDIA_PS4_LIST,B_EXACT_PHYSICAL | B_OTHER_PLATFORM | B_PS4_RELEASE | C_DISCOVERY,https://www.pricecharting.com/game/pal-playstation-4/shenmue-i-&-ii | https://en.wikipedia.org/wiki/List_of_PlayStation_4_games_(M%E2%80%93Z) | https://store.steampowered.com/app/758330 | https://gamesdb.launchbox-app.com/games/details/149886,"La ficha enlazada de la edición física PAL atribuye el desarrollo a esta compañía. | La lista específica de PS4 atribuye el desarrollo a esta compañía. | La ficha comercial de Steam confirma la desarrolladora de la obra, no necesariamente el port de PS4. | LaunchBox registra esta desarrolladora para su ficha de PS4.",No propagar a ports o compilaciones sin comprobar sus créditos propios.,HIGH_OR_BETTER_GROUP_NOT_FULLY_RESOLVED | MISSING_SLUG | NOT_IN_COMPANY_INDEX
ps4-shenmue-i-&amp;-ii-pix%27n-love-edition,Shenmue I & II [Pix'n Love Edition],PAL España,standard,shenmue i and ii,shenmue i and ii,GAME_OR_UNKNOWN,DEVELOPER,developer,D3T,,D3T | D3T Limited,NOT_IN_COMPANY_INDEX,,ADD_MISSING,HIGH,NO,GAME_WORK | GAME_WORK_OR_PS4_RELEASE | PS4_RELEASE,3,LAUNCHBOX_GAMES_DB | STEAM_STORE | WIKIPEDIA_PS4_LIST,B_OTHER_PLATFORM | B_PS4_RELEASE | C_DISCOVERY,https://en.wikipedia.org/wiki/List_of_PlayStation_4_games_(M%E2%80%93Z) | https://store.steampowered.com/app/758330 | https://gamesdb.launchbox-app.com/games/details/149886,"La lista específica de PS4 atribuye el desarrollo a esta compañía. | La ficha comercial de Steam confirma la desarrolladora de la obra, no necesariamente el port de PS4. | LaunchBox registra esta desarrolladora para su ficha de PS4.",No propagar a ports o compilaciones sin comprobar sus créditos propios.,HIGH_OR_BETTER_GROUP_NOT_FULLY_RESOLVED | MISSING_SLUG | NOT_IN_COMPANY_INDEX
ps4-shing,Shing,PAL España,standard,shing,shing,GAME_OR_UNKNOWN,DEVELOPER,developer,Mass Creation,,Mass Creation,NOT_IN_COMPANY_INDEX,,ADD_MISSING,HIGH,NO,GAME_WORK | GAME_WORK_OR_PS4_RELEASE,2,STEAM_STORE | WIKIPEDIA_PS4_LIST,B_OTHER_PLATFORM | B_PS4_RELEASE,https://en.wikipedia.org/wiki/List_of_PlayStation_4_games_(M%E2%80%93Z) | https://store.steampowered.com/app/1103730,"La lista específica de PS4 atribuye el desarrollo a esta compañía. | La ficha comercial de Steam confirma la desarrolladora de la obra, no necesariamente el port de PS4.",No propagar a ports o compilaciones sin comprobar sus créditos propios.,HIGH_OR_BETTER_GROUP_NOT_FULLY_RESOLVED | MISSING_SLUG | NOT_IN_COMPANY_INDEX
ps4-shing-limited-edition,Shing Limited Edition,PAL España,standard,shing,shing,EDITION_VARIANT,DEVELOPER,developer,Mass Creation,,Mass Creation,NOT_IN_COMPANY_INDEX,,ADD_MISSING,HIGH,NO,GAME_WORK | GAME_WORK_OR_PS4_RELEASE,2,STEAM_STORE | WIKIPEDIA_PS4_LIST,B_OTHER_PLATFORM | B_PS4_RELEASE,https://en.wikipedia.org/wiki/List_of_PlayStation_4_games_(M%E2%80%93Z) | https://store.steampowered.com/app/1103730,"La lista específica de PS4 atribuye el desarrollo a esta compañía. | La ficha comercial de Steam confirma la desarrolladora de la obra, no necesariamente el port de PS4.",No propagar a ports o compilaciones sin comprobar sus créditos propios.,HIGH_OR_BETTER_GROUP_NOT_FULLY_RESOLVED | MISSING_SLUG | NOT_IN_COMPANY_INDEX
ps4-shinorubi-deluxe-edition,Shinorubi [Deluxe Edition],PAL España,standard,shinorubi,shinorubi,EDITION_VARIANT,DEVELOPER,developer,Last Boss 88,,Last Boss 88,NOT_IN_COMPANY_INDEX,,ADD_MISSING,HIGH,NO,EXACT_PHYSICAL_EDITION | GAME_WORK,2,PRICECHARTING_EXACT_PAL_PAGE | STEAM_STORE,B_EXACT_PHYSICAL | B_OTHER_PLATFORM,https://www.pricecharting.com/game/pal-playstation-4/shinorubi-deluxe-edition | https://store.steampowered.com/app/1665900,"La ficha enlazada de la edición física PAL atribuye el desarrollo a esta compañía. | La ficha comercial de Steam confirma la desarrolladora de la obra, no necesariamente el port de PS4.",No propagar a ports o compilaciones sin comprobar sus créditos propios.,HIGH_OR_BETTER_GROUP_NOT_FULLY_RESOLVED | MISSING_SLUG | NOT_IN_COMPANY_INDEX
ps4-silt,Silt,PAL España,standard,silt,silt,GAME_OR_UNKNOWN,PHYSICAL_PUBLISHER_OR_DISTRIBUTOR,publisher,Pix 'n Love,,Pix 'n Love,AMBIGUOUS_NAME,Pix 'n Love,REPLACE_OR_ADD_REVIEW,HIGH,NO,EXACT_PHYSICAL_EDITION,2,PRICECHARTING_EXACT_PAL_PAGE | REGIONATLAS_LEGACY_PRICECHARTING_CREDIT,B_EXACT_PHYSICAL | B_LEGACY_EXACT_PHYSICAL,https://www.pricecharting.com/game/pal-playstation-4/silt,La ficha exacta de la edición física PAL etiqueta a esta compañía como Publisher; puede representar publicación o distribución física. | El crédito actual procede de la importación histórica de la ficha física enlazada; se contrasta con la consulta en vivo.,Confirmar si la etiqueta Publisher representa publicación o distribución en la caja PAL.,AMBIGUOUS_NAME | HIGH_OR_BETTER_GROUP_NOT_FULLY_RESOLVED | MISSING_SLUG
ps4-sine-mora-ex,Sine Mora EX,PAL España,standard,sine mora ex,sine mora ex,GAME_OR_UNKNOWN,PHYSICAL_PUBLISHER_OR_DISTRIBUTOR,publisher,THQ Nordic,,THQ Nordic,AMBIGUOUS_NAME,THQ Nordic,REPLACE_OR_ADD_REVIEW,HIGH,NO,EXACT_PHYSICAL_EDITION | PAL_RELEASE,3,PRICECHARTING_EXACT_PAL_PAGE | REGIONATLAS_LEGACY_PRICECHARTING_CREDIT | WIKIPEDIA_PS4_LIST_PAL,B_EXACT_PHYSICAL | B_LEGACY_EXACT_PHYSICAL | B_PAL_RELEASE,https://www.pricecharting.com/game/pal-playstation-4/sine-mora-ex | https://en.wikipedia.org/wiki/List_of_PlayStation_4_games_(M%E2%80%93Z),La ficha exacta de la edición física PAL etiqueta a esta compañía como Publisher; puede representar publicación o distribución física. | El crédito actual procede de la importación histórica de la ficha física enlazada; se contrasta con la consulta en vivo. | La columna PAL de la lista de PS4 atribuye la publicación a esta compañía.,Confirmar si la etiqueta Publisher representa publicación o distribución en la caja PAL.,AMBIGUOUS_NAME | HIGH_OR_BETTER_GROUP_NOT_FULLY_RESOLVED | MISSING_SLUG
ps4-skylanders-imaginators,Skylanders Imaginators,PAL España,standard,skylanders imaginators,skylanders imaginators,GAME_OR_UNKNOWN,DEVELOPER,developer,Toys For Bob,,Toys For Bob | Toys for Bob,AMBIGUOUS_NAME,Toys for Bob,REPLACE_OR_ADD_REVIEW,HIGH,NO,EXACT_PHYSICAL_EDITION | GAME_WORK | GAME_WORK_OR_PS4_RELEASE | PS4_RELEASE,4,LAUNCHBOX_GAMES_DB | PRICECHARTING_EXACT_PAL_PAGE | WIKIDATA | WIKIPEDIA_PS4_LIST,B_EXACT_PHYSICAL | B_PS4_RELEASE | C_DISCOVERY,https://www.pricecharting.com/game/pal-playstation-4/skylanders-imaginators | https://en.wikipedia.org/wiki/List_of_PlayStation_4_games_(M%E2%80%93Z) | https://www.wikidata.org/wiki/Q24938010 | https://gamesdb.launchbox-app.com/games/details/166820,La ficha enlazada de la edición física PAL atribuye el desarrollo a esta compañía. | La lista específica de PS4 atribuye el desarrollo a esta compañía. | Wikidata registra la compañía como desarrolladora. | LaunchBox registra esta desarrolladora para su ficha de PS4.,No propagar a ports o compilaciones sin comprobar sus créditos propios.,AMBIGUOUS_NAME | HIGH_OR_BETTER_GROUP_NOT_FULLY_RESOLVED | MISSING_SLUG
ps4-sniper-ghost-warrior-contracts,Sniper Ghost Warrior Contracts,PAL España,standard,sniper ghost warrior contracts,sniper ghost warrior contracts,GAME_OR_UNKNOWN,DEVELOPER,developer,CI Games,ci-games,CI Games | CI Games S.A.,EXACT_NAME_OR_ALIAS,"CI Games, Underdog Studio",REPLACE_OR_ADD_REVIEW,HIGH,NO,EXACT_PHYSICAL_EDITION | GAME_WORK | GAME_WORK_OR_PS4_RELEASE | PS4_RELEASE,6,LAUNCHBOX_GAMES_DB | PRICECHARTING_EXACT_PAL_PAGE | REGIONATLAS_LEGACY_PRICECHARTING_CREDIT | STEAM_STORE | WIKIDATA | WIKIPEDIA_PS4_LIST,B_EXACT_PHYSICAL | B_LEGACY_EXACT_PHYSICAL | B_OTHER_PLATFORM | B_PS4_RELEASE | C_DISCOVERY,https://www.pricecharting.com/game/pal-playstation-4/sniper-ghost-warrior-contracts | https://en.wikipedia.org/wiki/List_of_PlayStation_4_games_(M%E2%80%93Z) | https://store.steampowered.com/app/973580 | https://www.wikidata.org/wiki/Q67198781 | https://gamesdb.launchbox-app.com/games/details/199829,"La ficha enlazada de la edición física PAL atribuye el desarrollo a esta compañía. | El crédito actual procede de la importación histórica de la ficha física enlazada; se contrasta con la consulta en vivo. | La lista específica de PS4 atribuye el desarrollo a esta compañía. | La ficha comercial de Steam confirma la desarrolladora de la obra, no necesariamente el port de PS4. | Wikidata registra la compañía como desarrolladora. | LaunchBox registra esta desarrolladora para su ficha de PS4.",No propagar a ports o compilaciones sin comprobar sus créditos propios.,HIGH_OR_BETTER_GROUP_NOT_FULLY_RESOLVED
ps4-sniper-ghost-warrior-contracts-complete-edition,Sniper Ghost Warrior Contracts [Complete Edition],PAL España,standard,sniper ghost warrior contracts,sniper ghost warrior contracts,GAME_OR_UNKNOWN,DEVELOPER,developer,CI Games SA,,CI Games SA,NOT_IN_COMPANY_INDEX,,ADD_MISSING,HIGH,NO,MATCHED_PS4_PRODUCT,1,PLAYSTATION_STORE_EXPLICIT_CREDIT,A_OFFICIAL_MATCHED_TITLE_CREDIT,https://store.playstation.com/es-es/product/EP4321-CUSA14619_00-SGWCONTRACTS0001,developed by CI Games SA Sniper Ghost Warrior is a trademark of CI Games SA Portions of this software are included under license 2019 Crytek GmbH,No propagar a ports o compilaciones sin comprobar sus créditos propios.,HIGH_OR_BETTER_GROUP_NOT_FULLY_RESOLVED | MISSING_SLUG | NOT_IN_COMPANY_INDEX
ps4-sniper-ghost-warrior-contracts-complete-edition,Sniper Ghost Warrior Contracts [Complete Edition],PAL España,standard,sniper ghost warrior contracts,sniper ghost warrior contracts,GAME_OR_UNKNOWN,DEVELOPER,developer,CI Games,ci-games,CI Games | CI Games S.A.,EXACT_NAME_OR_ALIAS,,ADD_MISSING,HIGH,NO,GAME_WORK | GAME_WORK_OR_PS4_RELEASE | PS4_RELEASE,4,LAUNCHBOX_GAMES_DB | STEAM_STORE | WIKIDATA | WIKIPEDIA_PS4_LIST,B_OTHER_PLATFORM | B_PS4_RELEASE | C_DISCOVERY,https://en.wikipedia.org/wiki/List_of_PlayStation_4_games_(M%E2%80%93Z) | https://store.steampowered.com/app/973580 | https://www.wikidata.org/wiki/Q67198781 | https://gamesdb.launchbox-app.com/games/details/199829,"La lista específica de PS4 atribuye el desarrollo a esta compañía. | La ficha comercial de Steam confirma la desarrolladora de la obra, no necesariamente el port de PS4. | Wikidata registra la compañía como desarrolladora. | LaunchBox registra esta desarrolladora para su ficha de PS4.",No propagar a ports o compilaciones sin comprobar sus créditos propios.,HIGH_OR_BETTER_GROUP_NOT_FULLY_RESOLVED
ps4-snk-40th-anniversary-collection-limited-edition,SNK 40th Anniversary Collection [Limited Edition],PAL España,standard,snk 40th anniversary collection,snk 40th anniversary collection,EDITION_VARIANT,PHYSICAL_PUBLISHER_OR_DISTRIBUTOR,publisher,NIS America,,NIS America,AMBIGUOUS_NAME,,ADD_MISSING,HIGH,NO,EXACT_PHYSICAL_EDITION | PAL_RELEASE,2,PRICECHARTING_EXACT_PAL_PAGE | WIKIPEDIA_PS4_LIST_PAL,B_EXACT_PHYSICAL | B_PAL_RELEASE,https://www.pricecharting.com/game/pal-playstation-4/snk-40th-anniversary-collection-limited-edition | https://en.wikipedia.org/wiki/List_of_PlayStation_4_games_(M%E2%80%93Z),La ficha exacta de la edición física PAL etiqueta a esta compañía como Publisher; puede representar publicación o distribución física. | La columna PAL de la lista de PS4 atribuye la publicación a esta compañía.,Confirmar si la etiqueta Publisher representa publicación o distribución en la caja PAL.,AMBIGUOUS_NAME | HIGH_OR_BETTER_GROUP_NOT_FULLY_RESOLVED | MISSING_SLUG
ps4-snooker-19-gold-edition,Snooker 19 [Gold Edition],PAL España,standard,snooker 19,snooker 19,GAME_OR_UNKNOWN,DEVELOPER,developer,Lab42,,Lab42,NOT_IN_COMPANY_INDEX,,ADD_MISSING,HIGH,NO,GAME_WORK | GAME_WORK_OR_PS4_RELEASE | MATCHED_PS4_PRODUCT,4,PLAYSTATION_STORE_EXPLICIT_CREDIT | STEAM_STORE | WIKIDATA | WIKIPEDIA_PS4_LIST,A_OFFICIAL_MATCHED_TITLE_CREDIT | B_OTHER_PLATFORM | B_PS4_RELEASE | C_DISCOVERY,https://store.playstation.com/es-es/product/EP4337-CUSA14649_00-SNOOKER000000001 | https://en.wikipedia.org/wiki/List_of_PlayStation_4_games_(M%E2%80%93Z) | https://store.steampowered.com/app/887800 | https://www.wikidata.org/wiki/Q60749022,"Developed by Lab42 | La lista específica de PS4 atribuye el desarrollo a esta compañía. | La ficha comercial de Steam confirma la desarrolladora de la obra, no necesariamente el port de PS4. | Wikidata registra la compañía como desarrolladora.",No propagar a ports o compilaciones sin comprobar sus créditos propios.,HIGH_OR_BETTER_GROUP_NOT_FULLY_RESOLVED | MISSING_SLUG | NOT_IN_COMPANY_INDEX
ps4-sonic-mania-collector%27s-edition,Sonic Mania [Collector's Edition],PAL España,standard,sonic mania,sonic mania,EDITION_VARIANT,DEVELOPER,developer,Christian Whitehead,,Christian Whitehead,NOT_IN_COMPANY_INDEX,Sega,REPLACE_OR_ADD_REVIEW,HIGH,NO,GAME_WORK | MATCHED_PS4_PRODUCT,3,PLAYSTATION_STORE_EXPLICIT_CREDIT | STEAM_STORE | WIKIDATA,A_OFFICIAL_MATCHED_TITLE_CREDIT | B_OTHER_PLATFORM | C_DISCOVERY,https://store.playstation.com/es-es/product/EP0177-CUSA07010_00-SONICMANIA000000 | https://store.steampowered.com/app/584400 | https://www.wikidata.org/wiki/Q25991770,"desarrollado por Christian Whitehead, Headcannon y PagodaWest Games en colaboración del Sonic Team | La ficha comercial de Steam confirma la desarrolladora de la obra, no necesariamente el port de PS4. | Wikidata registra la compañía como desarrolladora.",No propagar a ports o compilaciones sin comprobar sus créditos propios.,HIGH_OR_BETTER_GROUP_NOT_FULLY_RESOLVED | MISSING_SLUG | NOT_IN_COMPANY_INDEX
ps4-sonic-mania-collector%27s-edition,Sonic Mania [Collector's Edition],PAL España,standard,sonic mania,sonic mania,EDITION_VARIANT,DEVELOPER,developer,Headcannon,,Headcannon,NOT_IN_COMPANY_INDEX,Sega,REPLACE_OR_ADD_REVIEW,HIGH,NO,GAME_WORK | GAME_WORK_OR_PS4_RELEASE | MATCHED_PS4_PRODUCT | PS4_RELEASE,5,LAUNCHBOX_GAMES_DB | PLAYSTATION_STORE_EXPLICIT_CREDIT | STEAM_STORE | WIKIDATA | WIKIPEDIA_PS4_LIST,A_OFFICIAL_MATCHED_TITLE_CREDIT | B_OTHER_PLATFORM | B_PS4_RELEASE | C_DISCOVERY,https://store.playstation.com/es-es/product/EP0177-CUSA07010_00-SONICMANIA000000 | https://en.wikipedia.org/wiki/List_of_PlayStation_4_games_(M%E2%80%93Z) | https://store.steampowered.com/app/584400 | https://www.wikidata.org/wiki/Q25991770 | https://gamesdb.launchbox-app.com/games/details/137834,"desarrollado por Christian Whitehead, Headcannon y PagodaWest Games en colaboración del Sonic Team | La lista específica de PS4 atribuye el desarrollo a esta compañía. | La ficha comercial de Steam confirma la desarrolladora de la obra, no necesariamente el port de PS4. | Wikidata registra la compañía como desarrolladora. | LaunchBox registra esta desarrolladora para su ficha de PS4.",No propagar a ports o compilaciones sin comprobar sus créditos propios.,HIGH_OR_BETTER_GROUP_NOT_FULLY_RESOLVED | MISSING_SLUG | NOT_IN_COMPANY_INDEX
ps4-sonic-mania-collector%27s-edition,Sonic Mania [Collector's Edition],PAL España,standard,sonic mania,sonic mania,EDITION_VARIANT,DEVELOPER,developer,PagodaWest Games,,PagodaWest Games,NOT_IN_COMPANY_INDEX,Sega,REPLACE_OR_ADD_REVIEW,HIGH,NO,GAME_WORK | GAME_WORK_OR_PS4_RELEASE | MATCHED_PS4_PRODUCT,4,PLAYSTATION_STORE_EXPLICIT_CREDIT | STEAM_STORE | WIKIDATA | WIKIPEDIA_PS4_LIST,A_OFFICIAL_MATCHED_TITLE_CREDIT | B_OTHER_PLATFORM | B_PS4_RELEASE | C_DISCOVERY,https://store.playstation.com/es-es/product/EP0177-CUSA07010_00-SONICMANIA000000 | https://en.wikipedia.org/wiki/List_of_PlayStation_4_games_(M%E2%80%93Z) | https://store.steampowered.com/app/584400 | https://www.wikidata.org/wiki/Q25991770,"desarrollado por Christian Whitehead, Headcannon y PagodaWest Games en colaboración del Sonic Team | La lista específica de PS4 atribuye el desarrollo a esta compañía. | La ficha comercial de Steam confirma la desarrolladora de la obra, no necesariamente el port de PS4. | Wikidata registra la compañía como desarrolladora.",No propagar a ports o compilaciones sin comprobar sus créditos propios.,HIGH_OR_BETTER_GROUP_NOT_FULLY_RESOLVED | MISSING_SLUG | NOT_IN_COMPANY_INDEX
ps4-sonic-mania-collector%27s-edition,Sonic Mania [Collector's Edition],PAL España,standard,sonic mania,sonic mania,EDITION_VARIANT,DEVELOPER,developer,Sonic Team,sonic-team,Sonic Team,EXACT_NAME_OR_ALIAS,Sega,REPLACE_OR_ADD_REVIEW,HIGH,NO,MATCHED_PS4_PRODUCT,1,PLAYSTATION_STORE_EXPLICIT_CREDIT,A_OFFICIAL_MATCHED_TITLE_CREDIT,https://store.playstation.com/es-es/product/EP0177-CUSA07010_00-SONICMANIA000000,"desarrollado por Christian Whitehead, Headcannon y PagodaWest Games en colaboración del Sonic Team",No propagar a ports o compilaciones sin comprobar sus créditos propios.,HIGH_OR_BETTER_GROUP_NOT_FULLY_RESOLVED
ps4-sonic-mania-plus-artbook-edition,Sonic Mania Plus [Artbook Edition],PAL España,standard,sonic mania plus,sonic mania plus,EDITION_VARIANT,DEVELOPER,developer,PagodaWest Games,,PagodaWest Games,NOT_IN_COMPANY_INDEX,,ADD_MISSING,HIGH,NO,EXACT_PHYSICAL_EDITION | GAME_WORK_OR_PS4_RELEASE,2,PRICECHARTING_EXACT_PAL_PAGE | WIKIPEDIA_PS4_LIST,B_EXACT_PHYSICAL | B_PS4_RELEASE,https://www.pricecharting.com/game/pal-playstation-4/sonic-mania-plus-artbook-edition | https://en.wikipedia.org/wiki/List_of_PlayStation_4_games_(M%E2%80%93Z),La ficha enlazada de la edición física PAL atribuye el desarrollo a esta compañía. | La lista específica de PS4 atribuye el desarrollo a esta compañía.,No propagar a ports o compilaciones sin comprobar sus créditos propios.,HIGH_OR_BETTER_GROUP_NOT_FULLY_RESOLVED | MISSING_SLUG | NOT_IN_COMPANY_INDEX
ps4-soulcalibur-vi,SoulCalibur VI,PAL España,standard,soulcalibur vi,soulcalibur vi,GAME_OR_UNKNOWN,DEVELOPER,developer,CD PROJEKT SA,,CD PROJEKT SA,NOT_IN_COMPANY_INDEX,,ADD_MISSING,HIGH,NO,MATCHED_PS4_PRODUCT,1,PLAYSTATION_STORE_EXPLICIT_CREDIT,A_OFFICIAL_MATCHED_TITLE_CREDIT,https://store.playstation.com/es-es/product/EP0700-CUSA09884_00-SC6GAME000000001,Developed by CD PROJEKT SA All rights reserved,No propagar a ports o compilaciones sin comprobar sus créditos propios.,HIGH_OR_BETTER_GROUP_NOT_FULLY_RESOLVED | MISSING_SLUG | NOT_IN_COMPANY_INDEX
ps4-souldiers,Souldiers,PAL España,standard,souldiers,souldiers,GAME_OR_UNKNOWN,PHYSICAL_PUBLISHER_OR_DISTRIBUTOR,publisher,Pix'n Love Games,,Pix'n Love Games,AMBIGUOUS_NAME,Pix'n Love Games,REPLACE_OR_ADD_REVIEW,HIGH,NO,EXACT_PHYSICAL_EDITION,2,PRICECHARTING_EXACT_PAL_PAGE | REGIONATLAS_LEGACY_PRICECHARTING_CREDIT,B_EXACT_PHYSICAL | B_LEGACY_EXACT_PHYSICAL,https://www.pricecharting.com/game/pal-playstation-4/souldiers,La ficha exacta de la edición física PAL etiqueta a esta compañía como Publisher; puede representar publicación o distribución física. | El crédito actual procede de la importación histórica de la ficha física enlazada; se contrasta con la consulta en vivo.,Confirmar si la etiqueta Publisher representa publicación o distribución en la caja PAL.,AMBIGUOUS_NAME | HIGH_OR_BETTER_GROUP_NOT_FULLY_RESOLVED | MISSING_SLUG
ps4-south-park-the-fractured-but-whole-collector%27s-edition,South Park: The Fractured But Whole [Collector's Edition],PAL España,standard,south park the fractured but whole,south park the fractured but whole,EDITION_VARIANT,PHYSICAL_PUBLISHER_OR_DISTRIBUTOR,publisher,Ubisoft,,Ubisoft,AMBIGUOUS_NAME,,ADD_MISSING,HIGH,NO,EXACT_PHYSICAL_EDITION | PAL_RELEASE,2,PRICECHARTING_EXACT_PAL_PAGE | WIKIPEDIA_PS4_LIST_PAL,B_EXACT_PHYSICAL | B_PAL_RELEASE,https://www.pricecharting.com/game/pal-playstation-4/south-park-the-fractured-but-whole-collector%27s-edition | https://en.wikipedia.org/wiki/List_of_PlayStation_4_games_(M%E2%80%93Z),La ficha exacta de la edición física PAL etiqueta a esta compañía como Publisher; puede representar publicación o distribución física. | La columna PAL de la lista de PS4 atribuye la publicación a esta compañía.,Confirmar si la etiqueta Publisher representa publicación o distribución en la caja PAL.,AMBIGUOUS_NAME | HIGH_OR_BETTER_GROUP_NOT_FULLY_RESOLVED | MISSING_SLUG
ps4-south-park-the-fractured-but-whole-deluxe-edition,South Park The Fractured but Whole [Deluxe Edition],PAL España,standard,south park the fractured but whole,south park the fractured but whole,EDITION_VARIANT,PHYSICAL_PUBLISHER_OR_DISTRIBUTOR,publisher,Ubisoft,,Ubisoft,AMBIGUOUS_NAME,Ubisoft,REPLACE_OR_ADD_REVIEW,HIGH,NO,EXACT_PHYSICAL_EDITION | PAL_RELEASE,3,PRICECHARTING_EXACT_PAL_PAGE | REGIONATLAS_LEGACY_PRICECHARTING_CREDIT | WIKIPEDIA_PS4_LIST_PAL,B_EXACT_PHYSICAL | B_LEGACY_EXACT_PHYSICAL | B_PAL_RELEASE,https://www.pricecharting.com/game/pal-playstation-4/south-park-the-fractured-but-whole-deluxe-edition | https://en.wikipedia.org/wiki/List_of_PlayStation_4_games_(M%E2%80%93Z),La ficha exacta de la edición física PAL etiqueta a esta compañía como Publisher; puede representar publicación o distribución física. | El crédito actual procede de la importación histórica de la ficha física enlazada; se contrasta con la consulta en vivo. | La columna PAL de la lista de PS4 atribuye la publicación a esta compañía.,Confirmar si la etiqueta Publisher representa publicación o distribución en la caja PAL.,AMBIGUOUS_NAME | HIGH_OR_BETTER_GROUP_NOT_FULLY_RESOLVED | MISSING_SLUG
ps4-south-park-the-fractured-but-whole-gold-edition,South Park: The Fractured But Whole [Gold Edition],PAL España,standard,south park the fractured but whole,south park the fractured but whole,GAME_OR_UNKNOWN,PHYSICAL_PUBLISHER_OR_DISTRIBUTOR,publisher,Ubisoft,,Ubisoft,AMBIGUOUS_NAME,,ADD_MISSING,HIGH,NO,EXACT_PHYSICAL_EDITION | PAL_RELEASE,2,PRICECHARTING_EXACT_PAL_PAGE | WIKIPEDIA_PS4_LIST_PAL,B_EXACT_PHYSICAL | B_PAL_RELEASE,https://www.pricecharting.com/game/pal-playstation-4/south-park-the-fractured-but-whole-gold-edition | https://en.wikipedia.org/wiki/List_of_PlayStation_4_games_(M%E2%80%93Z),La ficha exacta de la edición física PAL etiqueta a esta compañía como Publisher; puede representar publicación o distribución física. | La columna PAL de la lista de PS4 atribuye la publicación a esta compañía.,Confirmar si la etiqueta Publisher representa publicación o distribución en la caja PAL.,AMBIGUOUS_NAME | HIGH_OR_BETTER_GROUP_NOT_FULLY_RESOLVED | MISSING_SLUG
ps4-south-park-the-stick-of-truth,South Park: The Stick Of Truth,PAL España,standard,south park the stick of truth,south park the stick of truth,GAME_OR_UNKNOWN,PHYSICAL_PUBLISHER_OR_DISTRIBUTOR,publisher,Ubisoft,,Ubisoft,AMBIGUOUS_NAME,Ubisoft,REPLACE_OR_ADD_REVIEW,HIGH,NO,EXACT_PHYSICAL_EDITION | PAL_RELEASE,3,PRICECHARTING_EXACT_PAL_PAGE | REGIONATLAS_LEGACY_PRICECHARTING_CREDIT | WIKIPEDIA_PS4_LIST_PAL,B_EXACT_PHYSICAL | B_LEGACY_EXACT_PHYSICAL | B_PAL_RELEASE,https://www.pricecharting.com/game/pal-playstation-4/south-park-the-stick-of-truth | https://en.wikipedia.org/wiki/List_of_PlayStation_4_games_(M%E2%80%93Z),La ficha exacta de la edición física PAL etiqueta a esta compañía como Publisher; puede representar publicación o distribución física. | El crédito actual procede de la importación histórica de la ficha física enlazada; se contrasta con la consulta en vivo. | La columna PAL de la lista de PS4 atribuye la publicación a esta compañía.,Confirmar si la etiqueta Publisher representa publicación o distribución en la caja PAL.,AMBIGUOUS_NAME | HIGH_OR_BETTER_GROUP_NOT_FULLY_RESOLVED | MISSING_SLUG
ps4-speed-limit,Speed Limit,PAL España,standard,speed limit,speed limit,GAME_OR_UNKNOWN,DEVELOPER,developer,Gamechuck,,Gamechuck,NOT_IN_COMPANY_INDEX,Chorus Worldwide,REPLACE_OR_ADD_REVIEW,HIGH,NO,GAME_WORK | GAME_WORK_OR_PS4_RELEASE,2,STEAM_STORE | WIKIPEDIA_PS4_LIST,B_OTHER_PLATFORM | B_PS4_RELEASE,https://en.wikipedia.org/wiki/List_of_PlayStation_4_games_(M%E2%80%93Z) | https://store.steampowered.com/app/1058280,"La lista específica de PS4 atribuye el desarrollo a esta compañía. | La ficha comercial de Steam confirma la desarrolladora de la obra, no necesariamente el port de PS4.",No propagar a ports o compilaciones sin comprobar sus créditos propios.,HIGH_OR_BETTER_GROUP_NOT_FULLY_RESOLVED | MISSING_SLUG | NOT_IN_COMPANY_INDEX
ps4-spellforce-3-reforced,SpellForce 3 Reforced,PAL España,standard,spellforce 3 reforced,spellforce 3 reforced,GAME_OR_UNKNOWN,DEVELOPER,developer,Grimlore Games,,Grimlore Games,NOT_IN_COMPANY_INDEX,,ADD_MISSING,HIGH,NO,GAME_WORK | GAME_WORK_OR_PS4_RELEASE,2,STEAM_STORE | WIKIPEDIA_PS4_LIST,B_OTHER_PLATFORM | B_PS4_RELEASE,https://en.wikipedia.org/wiki/List_of_PlayStation_4_games_(M%E2%80%93Z) | https://store.steampowered.com/app/311290,"La lista específica de PS4 atribuye el desarrollo a esta compañía. | La ficha comercial de Steam confirma la desarrolladora de la obra, no necesariamente el port de PS4.",No propagar a ports o compilaciones sin comprobar sus créditos propios.,HIGH_OR_BETTER_GROUP_NOT_FULLY_RESOLVED | MISSING_SLUG | NOT_IN_COMPANY_INDEX
ps4-spirit-hunter-ng,Spirit Hunter: NG,PAL España,standard,spirit hunter ng,spirit hunter ng,GAME_OR_UNKNOWN,DEVELOPER,developer,Experience,,Experience | EXPERIENCE,AMBIGUOUS_NAME,,ADD_MISSING,HIGH,NO,GAME_WORK | GAME_WORK_OR_PS4_RELEASE | PS4_RELEASE,4,LAUNCHBOX_GAMES_DB | STEAM_STORE | WIKIDATA | WIKIPEDIA_PS4_LIST,B_OTHER_PLATFORM | B_PS4_RELEASE | C_DISCOVERY,https://en.wikipedia.org/wiki/List_of_PlayStation_4_games_(M%E2%80%93Z) | https://store.steampowered.com/app/1100430 | https://www.wikidata.org/wiki/Q55531576 | https://gamesdb.launchbox-app.com/games/details/447485,"La lista específica de PS4 atribuye el desarrollo a esta compañía. | La ficha comercial de Steam confirma la desarrolladora de la obra, no necesariamente el port de PS4. | Wikidata registra la compañía como desarrolladora. | LaunchBox registra esta desarrolladora para su ficha de PS4.",No propagar a ports o compilaciones sin comprobar sus créditos propios.,AMBIGUOUS_NAME | HIGH_OR_BETTER_GROUP_NOT_FULLY_RESOLVED | MISSING_SLUG
ps4-splasher,Splasher,PAL España,standard,splasher,splasher,GAME_OR_UNKNOWN,DEVELOPER,developer,Splashteam,,Splashteam,NOT_IN_COMPANY_INDEX,,ADD_MISSING,HIGH,NO,GAME_WORK | GAME_WORK_OR_PS4_RELEASE,3,STEAM_STORE | WIKIDATA | WIKIPEDIA_PS4_LIST,B_OTHER_PLATFORM | B_PS4_RELEASE | C_DISCOVERY,https://en.wikipedia.org/wiki/List_of_PlayStation_4_games_(M%E2%80%93Z) | https://store.steampowered.com/app/446840 | https://www.wikidata.org/wiki/Q29962229,"La lista específica de PS4 atribuye el desarrollo a esta compañía. | La ficha comercial de Steam confirma la desarrolladora de la obra, no necesariamente el port de PS4. | Wikidata registra la compañía como desarrolladora.",No propagar a ports o compilaciones sin comprobar sus créditos propios.,HIGH_OR_BETTER_GROUP_NOT_FULLY_RESOLVED | MISSING_SLUG | NOT_IN_COMPANY_INDEX
ps4-spongebob-squarepants-battle-for-bikini-bottom-rehydrated,SpongeBob SquarePants Battle For Bikini Bottom Rehydrated,PAL España,standard,spongebob squarepants battle for bikini bottom rehydrated,spongebob squarepants battle for bikini bottom rehydrated,GAME_OR_UNKNOWN,PHYSICAL_PUBLISHER_OR_DISTRIBUTOR,publisher,THQ Nordic,,THQ Nordic,AMBIGUOUS_NAME,H2 Interactive,REPLACE_OR_ADD_REVIEW,HIGH,NO,EXACT_PHYSICAL_EDITION | PAL_RELEASE,2,PRICECHARTING_EXACT_PAL_PAGE | WIKIPEDIA_PS4_LIST_PAL,B_EXACT_PHYSICAL | B_PAL_RELEASE,https://www.pricecharting.com/game/pal-playstation-4/spongebob-squarepants-battle-for-bikini-bottom-rehydrated | https://en.wikipedia.org/wiki/List_of_PlayStation_4_games_(M%E2%80%93Z),La ficha exacta de la edición física PAL etiqueta a esta compañía como Publisher; puede representar publicación o distribución física. | La columna PAL de la lista de PS4 atribuye la publicación a esta compañía.,Confirmar si la etiqueta Publisher representa publicación o distribución en la caja PAL.,AMBIGUOUS_NAME | HIGH_OR_BETTER_GROUP_NOT_FULLY_RESOLVED | MISSING_SLUG
ps4-spongebob-squarepants-battle-for-bikini-bottom-rehydrated-fun-edition,SpongeBob SquarePants Battle for Bikini Bottom Rehydrated [Fun Edition],PAL España,standard,spongebob squarepants battle for bikini bottom rehydrated,spongebob squarepants battle for bikini bottom rehydrated,GAME_OR_UNKNOWN,PHYSICAL_PUBLISHER_OR_DISTRIBUTOR,publisher,THQ Nordic,,THQ Nordic,AMBIGUOUS_NAME,,ADD_MISSING,HIGH,NO,EXACT_PHYSICAL_EDITION | PAL_RELEASE,2,PRICECHARTING_EXACT_PAL_PAGE | WIKIPEDIA_PS4_LIST_PAL,B_EXACT_PHYSICAL | B_PAL_RELEASE,https://www.pricecharting.com/game/pal-playstation-4/spongebob-squarepants-battle-for-bikini-bottom-rehydrated-fun-edition | https://en.wikipedia.org/wiki/List_of_PlayStation_4_games_(M%E2%80%93Z),La ficha exacta de la edición física PAL etiqueta a esta compañía como Publisher; puede representar publicación o distribución física. | La columna PAL de la lista de PS4 atribuye la publicación a esta compañía.,Confirmar si la etiqueta Publisher representa publicación o distribución en la caja PAL.,AMBIGUOUS_NAME | HIGH_OR_BETTER_GROUP_NOT_FULLY_RESOLVED | MISSING_SLUG
ps4-spyro-reignited-trilogy-special-edition,Spyro Reignited Trilogy [Special Edition],PAL España,standard,spyro reignited trilogy,spyro reignited trilogy,EDITION_VARIANT,DEVELOPER,developer,Toys for Bob,,Toys For Bob | Toys for Bob,AMBIGUOUS_NAME,,ADD_MISSING,HIGH,NO,GAME_WORK | GAME_WORK_OR_PS4_RELEASE | PS4_RELEASE,4,LAUNCHBOX_GAMES_DB | STEAM_STORE | WIKIDATA | WIKIPEDIA_PS4_LIST,B_OTHER_PLATFORM | B_PS4_RELEASE | C_DISCOVERY,https://en.wikipedia.org/wiki/List_of_PlayStation_4_games_(M%E2%80%93Z) | https://store.steampowered.com/app/996580 | https://www.wikidata.org/wiki/Q51525001 | https://gamesdb.launchbox-app.com/games/details/148140,"La lista específica de PS4 atribuye el desarrollo a esta compañía. | La ficha comercial de Steam confirma la desarrolladora de la obra, no necesariamente el port de PS4. | Wikidata registra la compañía como desarrolladora. | LaunchBox registra esta desarrolladora para su ficha de PS4.",No propagar a ports o compilaciones sin comprobar sus créditos propios.,AMBIGUOUS_NAME | HIGH_OR_BETTER_GROUP_NOT_FULLY_RESOLVED | MISSING_SLUG
ps4-star-ocean-integrity-and-faithlessness,Star Ocean : Integrity and Faithlessness,PAL España,standard,star ocean integrity and faithlessness,star ocean integrity and faithlessness,GAME_OR_UNKNOWN,PHYSICAL_PUBLISHER_OR_DISTRIBUTOR,publisher,Square Enix Ltd.,,Square Enix Ltd. | Square Enix,AMBIGUOUS_NAME,Square Enix Ltd.,REPLACE_OR_ADD_REVIEW,HIGH,NO,EXACT_PHYSICAL_EDITION | PAL_RELEASE,3,PRICECHARTING_EXACT_PAL_PAGE | REGIONATLAS_LEGACY_PRICECHARTING_CREDIT | WIKIPEDIA_PS4_LIST_PAL,B_EXACT_PHYSICAL | B_LEGACY_EXACT_PHYSICAL | B_PAL_RELEASE,https://www.pricecharting.com/game/pal-playstation-4/star-ocean-integrity-and-faithlessness | https://en.wikipedia.org/wiki/List_of_PlayStation_4_games_(M%E2%80%93Z),La ficha exacta de la edición física PAL etiqueta a esta compañía como Publisher; puede representar publicación o distribución física. | El crédito actual procede de la importación histórica de la ficha física enlazada; se contrasta con la consulta en vivo. | La columna PAL de la lista de PS4 atribuye la publicación a esta compañía.,Confirmar si la etiqueta Publisher representa publicación o distribución en la caja PAL.,AMBIGUOUS_NAME | HIGH_OR_BETTER_GROUP_NOT_FULLY_RESOLVED | MISSING_SLUG
ps4-star-ocean-integrity-and-faithlessness-collector%27s-edition,Star Ocean Integrity And Faithlessness [Collector's Edition],PAL España,standard,star ocean integrity and faithlessness,star ocean integrity and faithlessness,EDITION_VARIANT,PHYSICAL_PUBLISHER_OR_DISTRIBUTOR,publisher,Square Enix,,Square Enix,AMBIGUOUS_NAME,,ADD_MISSING,HIGH,NO,EXACT_PHYSICAL_EDITION | PAL_RELEASE,2,PRICECHARTING_EXACT_PAL_PAGE | WIKIPEDIA_PS4_LIST_PAL,B_EXACT_PHYSICAL | B_PAL_RELEASE,https://www.pricecharting.com/game/pal-playstation-4/star-ocean-integrity-and-faithlessness-collector%27s-edition | https://en.wikipedia.org/wiki/List_of_PlayStation_4_games_(M%E2%80%93Z),La ficha exacta de la edición física PAL etiqueta a esta compañía como Publisher; puede representar publicación o distribución física. | La columna PAL de la lista de PS4 atribuye la publicación a esta compañía.,Confirmar si la etiqueta Publisher representa publicación o distribución en la caja PAL.,AMBIGUOUS_NAME | HIGH_OR_BETTER_GROUP_NOT_FULLY_RESOLVED | MISSING_SLUG
ps4-star-ocean-integrity-and-faithlessness-limited-edition,Star Ocean Integrity and Faithlessness [Limited Edition],PAL España,standard,star ocean integrity and faithlessness,star ocean integrity and faithlessness,EDITION_VARIANT,PHYSICAL_PUBLISHER_OR_DISTRIBUTOR,publisher,SQUARE ENIX,,SQUARE ENIX | Square Enix,AMBIGUOUS_NAME,SQUARE ENIX,REPLACE_OR_ADD_REVIEW,HIGH,NO,EXACT_PHYSICAL_EDITION | PAL_RELEASE,3,PRICECHARTING_EXACT_PAL_PAGE | REGIONATLAS_LEGACY_PRICECHARTING_CREDIT | WIKIPEDIA_PS4_LIST_PAL,B_EXACT_PHYSICAL | B_LEGACY_EXACT_PHYSICAL | B_PAL_RELEASE,https://www.pricecharting.com/game/pal-playstation-4/star-ocean-integrity-and-faithlessness-limited-edition | https://en.wikipedia.org/wiki/List_of_PlayStation_4_games_(M%E2%80%93Z),La ficha exacta de la edición física PAL etiqueta a esta compañía como Publisher; puede representar publicación o distribución física. | El crédito actual procede de la importación histórica de la ficha física enlazada; se contrasta con la consulta en vivo. | La columna PAL de la lista de PS4 atribuye la publicación a esta compañía.,Confirmar si la etiqueta Publisher representa publicación o distribución en la caja PAL.,AMBIGUOUS_NAME | HIGH_OR_BETTER_GROUP_NOT_FULLY_RESOLVED | MISSING_SLUG
ps4-star-ocean-the-divine-force,Star Ocean : The Divine Force,PAL España,standard,star ocean the divine force,star ocean the divine force,GAME_OR_UNKNOWN,PHYSICAL_PUBLISHER_OR_DISTRIBUTOR,publisher,Square Enix,,Square Enix,AMBIGUOUS_NAME,Square Enix,REPLACE_OR_ADD_REVIEW,HIGH,NO,EXACT_PHYSICAL_EDITION,2,PRICECHARTING_EXACT_PAL_PAGE | REGIONATLAS_LEGACY_PRICECHARTING_CREDIT,B_EXACT_PHYSICAL | B_LEGACY_EXACT_PHYSICAL,https://www.pricecharting.com/game/pal-playstation-4/star-ocean-the-divine-force,La ficha exacta de la edición física PAL etiqueta a esta compañía como Publisher; puede representar publicación o distribución física. | El crédito actual procede de la importación histórica de la ficha física enlazada; se contrasta con la consulta en vivo.,Confirmar si la etiqueta Publisher representa publicación o distribución en la caja PAL.,AMBIGUOUS_NAME | HIGH_OR_BETTER_GROUP_NOT_FULLY_RESOLVED | MISSING_SLUG
ps4-star-ocean-the-second-story-r,Star Ocean : The Second Story R,PAL España,standard,star ocean the second story r,star ocean the second story r,GAME_OR_UNKNOWN,PHYSICAL_PUBLISHER_OR_DISTRIBUTOR,publisher,Square Enix,,Square Enix,AMBIGUOUS_NAME,Square Enix,REPLACE_OR_ADD_REVIEW,HIGH,NO,EXACT_PHYSICAL_EDITION,2,PRICECHARTING_EXACT_PAL_PAGE | REGIONATLAS_LEGACY_PRICECHARTING_CREDIT,B_EXACT_PHYSICAL | B_LEGACY_EXACT_PHYSICAL,https://www.pricecharting.com/game/pal-playstation-4/star-ocean-the-second-story-r,La ficha exacta de la edición física PAL etiqueta a esta compañía como Publisher; puede representar publicación o distribución física. | El crédito actual procede de la importación histórica de la ficha física enlazada; se contrasta con la consulta en vivo.,Confirmar si la etiqueta Publisher representa publicación o distribución en la caja PAL.,AMBIGUOUS_NAME | HIGH_OR_BETTER_GROUP_NOT_FULLY_RESOLVED | MISSING_SLUG
ps4-star-ocean-the-second-story-r-collector%27s-edition,Star Ocean: The Second Story R [Collector's Edition],PAL España,standard,star ocean the second story r,star ocean the second story r,EDITION_VARIANT,DEVELOPER,developer,Square Enix,,Square Enix,AMBIGUOUS_NAME,Square Enix,REPLACE_OR_ADD_REVIEW,HIGH,NO,EXACT_PHYSICAL_EDITION | GAME_WORK,2,REGIONATLAS_LEGACY_PRICECHARTING_CREDIT | STEAM_STORE,B_LEGACY_EXACT_PHYSICAL | B_OTHER_PLATFORM,https://www.pricecharting.com/game/pal-playstation-4/star-ocean-the-second-story-r-collector%27s-edition | https://store.steampowered.com/app/2238900,"El crédito actual procede de la importación histórica de la ficha física enlazada; se contrasta con la consulta en vivo. | La ficha comercial de Steam confirma la desarrolladora de la obra, no necesariamente el port de PS4.",No propagar a ports o compilaciones sin comprobar sus créditos propios.,AMBIGUOUS_NAME | HIGH_OR_BETTER_GROUP_NOT_FULLY_RESOLVED | MISSING_SLUG
ps4-steam-tactics,Steam Tactics,PAL España,standard,steam tactics,steam tactics,GAME_OR_UNKNOWN,DEVELOPER,developer,Sometimes You,sometimes-you,Sometimes You,EXACT_NAME_OR_ALIAS,Sometimes You / Igor Rashkuev,REPLACE_OR_ADD_REVIEW,HIGH,NO,EXACT_PHYSICAL_EDITION | GAME_WORK_OR_PS4_RELEASE,3,PRICECHARTING_EXACT_PAL_PAGE | REGIONATLAS_LEGACY_PRICECHARTING_CREDIT | WIKIPEDIA_PS4_LIST,B_EXACT_PHYSICAL | B_LEGACY_EXACT_PHYSICAL | B_PS4_RELEASE,https://www.pricecharting.com/game/pal-playstation-4/steam-tactics | https://en.wikipedia.org/wiki/List_of_PlayStation_4_games_(M%E2%80%93Z),La ficha enlazada de la edición física PAL atribuye el desarrollo a esta compañía. | El crédito actual procede de la importación histórica de la ficha física enlazada; se contrasta con la consulta en vivo. | La lista específica de PS4 atribuye el desarrollo a esta compañía.,No propagar a ports o compilaciones sin comprobar sus créditos propios.,HIGH_OR_BETTER_GROUP_NOT_FULLY_RESOLVED
ps4-steam-tactics,Steam Tactics,PAL España,standard,steam tactics,steam tactics,GAME_OR_UNKNOWN,DEVELOPER,developer,Igor Rashkuev,,Igor Rashkuev,NOT_IN_COMPANY_INDEX,Sometimes You / Igor Rashkuev,REPLACE_OR_ADD_REVIEW,HIGH,NO,EXACT_PHYSICAL_EDITION | GAME_WORK,3,PRICECHARTING_EXACT_PAL_PAGE | REGIONATLAS_LEGACY_PRICECHARTING_CREDIT | STEAM_STORE,B_EXACT_PHYSICAL | B_LEGACY_EXACT_PHYSICAL | B_OTHER_PLATFORM,https://www.pricecharting.com/game/pal-playstation-4/steam-tactics | https://store.steampowered.com/app/708950,"La ficha enlazada de la edición física PAL atribuye el desarrollo a esta compañía. | El crédito actual procede de la importación histórica de la ficha física enlazada; se contrasta con la consulta en vivo. | La ficha comercial de Steam confirma la desarrolladora de la obra, no necesariamente el port de PS4.",No propagar a ports o compilaciones sin comprobar sus créditos propios.,HIGH_OR_BETTER_GROUP_NOT_FULLY_RESOLVED | MISSING_SLUG | NOT_IN_COMPANY_INDEX
ps4-stellaris-console-edition,Stellaris [Console Edition],PAL España,standard,stellaris,stellaris,GAME_OR_UNKNOWN,DEVELOPER,developer,Paradox Development Studio,,Paradox Development Studio,NOT_IN_COMPANY_INDEX,,ADD_MISSING,HIGH,NO,EXACT_PHYSICAL_EDITION | GAME_WORK,2,PRICECHARTING_EXACT_PAL_PAGE | STEAM_STORE,B_EXACT_PHYSICAL | B_OTHER_PLATFORM,https://www.pricecharting.com/game/pal-playstation-4/stellaris-console-edition | https://store.steampowered.com/app/281990,"La ficha enlazada de la edición física PAL atribuye el desarrollo a esta compañía. | La ficha comercial de Steam confirma la desarrolladora de la obra, no necesariamente el port de PS4.",No propagar a ports o compilaciones sin comprobar sus créditos propios.,HIGH_OR_BETTER_GROUP_NOT_FULLY_RESOLVED | MISSING_SLUG | NOT_IN_COMPANY_INDEX
ps4-stick-it-to-the-man,Stick it to the Man,PAL España,standard,stick it to the man,stick it to the man,GAME_OR_UNKNOWN,DEVELOPER,developer,Zoink AB,,Zoink AB,NOT_IN_COMPANY_INDEX,,ADD_MISSING,HIGH,NO,MATCHED_PS4_PRODUCT,1,PLAYSTATION_STORE_EXPLICIT_CREDIT,A_OFFICIAL_MATCHED_TITLE_CREDIT,https://store.playstation.com/es-es/product/EP4337-CUSA00539_00-STICKITP40000001,Developed by Zoink AB,No propagar a ports o compilaciones sin comprobar sus créditos propios.,HIGH_OR_BETTER_GROUP_NOT_FULLY_RESOLVED | MISSING_SLUG | NOT_IN_COMPANY_INDEX
ps4-stick-it-to-the-man,Stick it to the Man,PAL España,standard,stick it to the man,stick it to the man,GAME_OR_UNKNOWN,DEVELOPER,developer,Zoink Games,,Zoink Games,NOT_IN_COMPANY_INDEX,,ADD_MISSING,HIGH,NO,GAME_WORK | GAME_WORK_OR_PS4_RELEASE,3,STEAM_STORE | WIKIDATA | WIKIPEDIA_PS4_LIST,B_OTHER_PLATFORM | B_PS4_RELEASE | C_DISCOVERY,https://en.wikipedia.org/wiki/List_of_PlayStation_4_games_(M%E2%80%93Z) | https://store.steampowered.com/app/251830 | https://www.wikidata.org/wiki/Q25388950,"La lista específica de PS4 atribuye el desarrollo a esta compañía. | La ficha comercial de Steam confirma la desarrolladora de la obra, no necesariamente el port de PS4. | Wikidata registra la compañía como desarrolladora.",No propagar a ports o compilaciones sin comprobar sus créditos propios.,HIGH_OR_BETTER_GROUP_NOT_FULLY_RESOLVED | MISSING_SLUG | NOT_IN_COMPANY_INDEX
ps4-story-of-seasons-friends-of-mineral-town,Story Of Seasons: Friends Of Mineral Town,PAL España,standard,story of seasons friends of mineral town,story of seasons friends of mineral town,GAME_OR_UNKNOWN,DEVELOPER,developer,Marvelous,,Marvelous | Marvelous Inc.,AMBIGUOUS_NAME,Marvelous,REPLACE_OR_ADD_REVIEW,HIGH,NO,EXACT_PHYSICAL_EDITION | GAME_WORK,4,PRICECHARTING_EXACT_PAL_PAGE | REGIONATLAS_LEGACY_PRICECHARTING_CREDIT | STEAM_STORE | WIKIDATA,B_EXACT_PHYSICAL | B_LEGACY_EXACT_PHYSICAL | B_OTHER_PLATFORM | C_DISCOVERY,https://www.pricecharting.com/game/pal-playstation-4/story-of-seasons-friends-of-mineral-town | https://store.steampowered.com/app/978780 | https://www.wikidata.org/wiki/Q67932687,"La ficha enlazada de la edición física PAL atribuye el desarrollo a esta compañía. | El crédito actual procede de la importación histórica de la ficha física enlazada; se contrasta con la consulta en vivo. | La ficha comercial de Steam confirma la desarrolladora de la obra, no necesariamente el port de PS4. | Wikidata registra la compañía como desarrolladora.",No propagar a ports o compilaciones sin comprobar sus créditos propios.,AMBIGUOUS_NAME | HIGH_OR_BETTER_GROUP_NOT_FULLY_RESOLVED | MISSING_SLUG
ps4-story-of-seasons-friends-of-mineral-town,Story Of Seasons: Friends Of Mineral Town,PAL España,standard,story of seasons friends of mineral town,story of seasons friends of mineral town,GAME_OR_UNKNOWN,PHYSICAL_PUBLISHER_OR_DISTRIBUTOR,publisher,Marvelous,,Marvelous,AMBIGUOUS_NAME,Marvelous,REPLACE_OR_ADD_REVIEW,HIGH,NO,EXACT_PHYSICAL_EDITION,2,PRICECHARTING_EXACT_PAL_PAGE | REGIONATLAS_LEGACY_PRICECHARTING_CREDIT,B_EXACT_PHYSICAL | B_LEGACY_EXACT_PHYSICAL,https://www.pricecharting.com/game/pal-playstation-4/story-of-seasons-friends-of-mineral-town,La ficha exacta de la edición física PAL etiqueta a esta compañía como Publisher; puede representar publicación o distribución física. | El crédito actual procede de la importación histórica de la ficha física enlazada; se contrasta con la consulta en vivo.,Confirmar si la etiqueta Publisher representa publicación o distribución en la caja PAL.,AMBIGUOUS_NAME | HIGH_OR_BETTER_GROUP_NOT_FULLY_RESOLVED | MISSING_SLUG
ps4-story-of-seasons-pioneers-of-olive-town,Story Of Seasons: Pioneers Of Olive Town,PAL España,standard,story of seasons pioneers of olive town,story of seasons pioneers of olive town,GAME_OR_UNKNOWN,DEVELOPER,developer,Marvelous,,Marvelous | Marvelous Inc.,AMBIGUOUS_NAME,Marvelous,REPLACE_OR_ADD_REVIEW,HIGH,NO,EXACT_PHYSICAL_EDITION | GAME_WORK,3,PRICECHARTING_EXACT_PAL_PAGE | REGIONATLAS_LEGACY_PRICECHARTING_CREDIT | STEAM_STORE,B_EXACT_PHYSICAL | B_LEGACY_EXACT_PHYSICAL | B_OTHER_PLATFORM,https://www.pricecharting.com/game/pal-playstation-4/story-of-seasons-pioneers-of-olive-town | https://store.steampowered.com/app/1392960,"La ficha enlazada de la edición física PAL atribuye el desarrollo a esta compañía. | El crédito actual procede de la importación histórica de la ficha física enlazada; se contrasta con la consulta en vivo. | La ficha comercial de Steam confirma la desarrolladora de la obra, no necesariamente el port de PS4.",No propagar a ports o compilaciones sin comprobar sus créditos propios.,AMBIGUOUS_NAME | HIGH_OR_BETTER_GROUP_NOT_FULLY_RESOLVED | MISSING_SLUG
ps4-story-of-seasons-pioneers-of-olive-town,Story Of Seasons: Pioneers Of Olive Town,PAL España,standard,story of seasons pioneers of olive town,story of seasons pioneers of olive town,GAME_OR_UNKNOWN,PHYSICAL_PUBLISHER_OR_DISTRIBUTOR,publisher,Marvelous,,Marvelous,AMBIGUOUS_NAME,Marvelous,REPLACE_OR_ADD_REVIEW,HIGH,NO,EXACT_PHYSICAL_EDITION,2,PRICECHARTING_EXACT_PAL_PAGE | REGIONATLAS_LEGACY_PRICECHARTING_CREDIT,B_EXACT_PHYSICAL | B_LEGACY_EXACT_PHYSICAL,https://www.pricecharting.com/game/pal-playstation-4/story-of-seasons-pioneers-of-olive-town,La ficha exacta de la edición física PAL etiqueta a esta compañía como Publisher; puede representar publicación o distribución física. | El crédito actual procede de la importación histórica de la ficha física enlazada; se contrasta con la consulta en vivo.,Confirmar si la etiqueta Publisher representa publicación o distribución en la caja PAL.,AMBIGUOUS_NAME | HIGH_OR_BETTER_GROUP_NOT_FULLY_RESOLVED | MISSING_SLUG
ps4-stranded-sails-explorers-of-the-cursed-islands-signature-edition,Stranded Sails: Explorers of the Cursed Islands [Signature Edition],PAL España,standard,stranded sails explorers of the cursed islands,stranded sails explorers of the cursed islands,GAME_OR_UNKNOWN,DEVELOPER,developer,LemonBomb Entertainment,,LemonBomb Entertainment | Lemonbomb Entertainment,NOT_IN_COMPANY_INDEX,,ADD_MISSING,HIGH,NO,MATCHED_PS4_PRODUCT | PS4_RELEASE,2,LAUNCHBOX_GAMES_DB | PLAYSTATION_STORE_EXPLICIT_CREDIT,A_OFFICIAL_MATCHED_TITLE_CREDIT | C_DISCOVERY,https://store.playstation.com/es-es/product/EP1121-CUSA16677_00-STRANDEDSAILS001 | https://gamesdb.launchbox-app.com/games/details/212079,Developed by LemonBomb Entertainment | LaunchBox registra esta desarrolladora para su ficha de PS4.,No propagar a ports o compilaciones sin comprobar sus créditos propios.,HIGH_OR_BETTER_GROUP_NOT_FULLY_RESOLVED | MISSING_SLUG | NOT_IN_COMPANY_INDEX
ps4-stranger-of-paradise-final-fantasy-origin,Stranger Of Paradise Final Fantasy Origin,PAL España,standard,stranger of paradise final fantasy origin,stranger of paradise final fantasy origin,GAME_OR_UNKNOWN,PHYSICAL_PUBLISHER_OR_DISTRIBUTOR,publisher,Square Enix,,Square Enix,AMBIGUOUS_NAME,Square Enix,REPLACE_OR_ADD_REVIEW,HIGH,NO,EXACT_PHYSICAL_EDITION | PAL_RELEASE,2,REGIONATLAS_LEGACY_PRICECHARTING_CREDIT | WIKIPEDIA_PS4_LIST_PAL,B_LEGACY_EXACT_PHYSICAL | B_PAL_RELEASE,https://www.pricecharting.com/game/pal-playstation-4/stranger-of-paradise-final-fantasy-origin | https://en.wikipedia.org/wiki/List_of_PlayStation_4_games_(M%E2%80%93Z),El crédito actual procede de la importación histórica de la ficha física enlazada; se contrasta con la consulta en vivo. | La columna PAL de la lista de PS4 atribuye la publicación a esta compañía.,Confirmar si la etiqueta Publisher representa publicación o distribución en la caja PAL.,AMBIGUOUS_NAME | HIGH_OR_BETTER_GROUP_NOT_FULLY_RESOLVED | MISSING_SLUG
ps4-streets-of-rage-4-anniversary-edition,Streets of Rage 4 [Anniversary Edition],PAL España,standard,streets of rage 4,streets of rage 4,EDITION_VARIANT,DEVELOPER,developer,Lizardcube,lizardcube,Lizardcube,EXACT_NAME_OR_ALIAS,,ADD_MISSING,HIGH,NO,GAME_WORK | GAME_WORK_OR_PS4_RELEASE | MATCHED_PS4_PRODUCT,3,PLAYSTATION_STORE_EXPLICIT_CREDIT | STEAM_STORE | WIKIPEDIA_PS4_LIST,A_OFFICIAL_MATCHED_TITLE_CREDIT | B_OTHER_PLATFORM | B_PS4_RELEASE,https://store.playstation.com/es-es/product/EP1470-CUSA16221_00-00STREETSOFRAGE4 | https://en.wikipedia.org/wiki/List_of_PlayStation_4_games_(M%E2%80%93Z) | https://store.steampowered.com/app/985890,"Developed by Lizardcube, Guard Crush Games and Dotemu | La lista específica de PS4 atribuye el desarrollo a esta compañía. | La ficha comercial de Steam confirma la desarrolladora de la obra, no necesariamente el port de PS4.",No propagar a ports o compilaciones sin comprobar sus créditos propios.,HIGH_OR_BETTER_GROUP_NOT_FULLY_RESOLVED
ps4-streets-of-rage-4-anniversary-edition,Streets of Rage 4 [Anniversary Edition],PAL España,standard,streets of rage 4,streets of rage 4,EDITION_VARIANT,DEVELOPER,developer,Guard Crush Games,,Guard Crush Games,NOT_IN_COMPANY_INDEX,,ADD_MISSING,HIGH,NO,GAME_WORK | GAME_WORK_OR_PS4_RELEASE | MATCHED_PS4_PRODUCT,3,PLAYSTATION_STORE_EXPLICIT_CREDIT | WIKIDATA | WIKIPEDIA_PS4_LIST,A_OFFICIAL_MATCHED_TITLE_CREDIT | B_PS4_RELEASE | C_DISCOVERY,https://store.playstation.com/es-es/product/EP1470-CUSA16221_00-00STREETSOFRAGE4 | https://en.wikipedia.org/wiki/List_of_PlayStation_4_games_(M%E2%80%93Z) | https://www.wikidata.org/wiki/Q56616859,"Developed by Lizardcube, Guard Crush Games and Dotemu | La lista específica de PS4 atribuye el desarrollo a esta compañía. | Wikidata registra la compañía como desarrolladora.",No propagar a ports o compilaciones sin comprobar sus créditos propios.,HIGH_OR_BETTER_GROUP_NOT_FULLY_RESOLVED | MISSING_SLUG | NOT_IN_COMPANY_INDEX
ps4-streets-of-rage-4-anniversary-edition,Streets of Rage 4 [Anniversary Edition],PAL España,standard,streets of rage 4,streets of rage 4,EDITION_VARIANT,DEVELOPER,developer,DotEmu,dotemu,Dotemu | DotEmu,EXACT_NAME_OR_ALIAS,,ADD_MISSING,HIGH,NO,EXACT_PHYSICAL_EDITION | GAME_WORK | GAME_WORK_OR_PS4_RELEASE | MATCHED_PS4_PRODUCT | PS4_RELEASE,6,LAUNCHBOX_GAMES_DB | PLAYSTATION_STORE_EXPLICIT_CREDIT | PRICECHARTING_EXACT_PAL_PAGE | STEAM_STORE | WIKIDATA | WIKIPEDIA_PS4_LIST,A_OFFICIAL_MATCHED_TITLE_CREDIT | B_EXACT_PHYSICAL | B_OTHER_PLATFORM | B_PS4_RELEASE | C_DISCOVERY,https://store.playstation.com/es-es/product/EP1470-CUSA16221_00-00STREETSOFRAGE4 | https://www.pricecharting.com/game/pal-playstation-4/streets-of-rage-4-anniversary-edition | https://en.wikipedia.org/wiki/List_of_PlayStation_4_games_(M%E2%80%93Z) | https://store.steampowered.com/app/985890 | https://www.wikidata.org/wiki/Q56616859 | https://gamesdb.launchbox-app.com/games/details/453459,"Developed by Lizardcube, Guard Crush Games and Dotemu | La ficha enlazada de la edición física PAL atribuye el desarrollo a esta compañía. | La lista específica de PS4 atribuye el desarrollo a esta compañía. | La ficha comercial de Steam confirma la desarrolladora de la obra, no necesariamente el port de PS4. | Wikidata registra la compañía como desarrolladora. | LaunchBox registra esta desarrolladora para su ficha de PS4.",No propagar a ports o compilaciones sin comprobar sus créditos propios.,HIGH_OR_BETTER_GROUP_NOT_FULLY_RESOLVED
ps4-streets-of-rage-4-signature-edition,Streets of Rage 4 [Signature Edition],PAL España,standard,streets of rage 4,streets of rage 4,GAME_OR_UNKNOWN,DEVELOPER,developer,Lizardcube,lizardcube,Lizardcube,EXACT_NAME_OR_ALIAS,,ADD_MISSING,HIGH,NO,GAME_WORK | GAME_WORK_OR_PS4_RELEASE | MATCHED_PS4_PRODUCT,3,PLAYSTATION_STORE_EXPLICIT_CREDIT | STEAM_STORE | WIKIPEDIA_PS4_LIST,A_OFFICIAL_MATCHED_TITLE_CREDIT | B_OTHER_PLATFORM | B_PS4_RELEASE,https://store.playstation.com/es-es/product/EP1470-CUSA16221_00-00STREETSOFRAGE4 | https://en.wikipedia.org/wiki/List_of_PlayStation_4_games_(M%E2%80%93Z) | https://store.steampowered.com/app/985890,"Developed by Lizardcube, Guard Crush Games and Dotemu | La lista específica de PS4 atribuye el desarrollo a esta compañía. | La ficha comercial de Steam confirma la desarrolladora de la obra, no necesariamente el port de PS4.",No propagar a ports o compilaciones sin comprobar sus créditos propios.,HIGH_OR_BETTER_GROUP_NOT_FULLY_RESOLVED
ps4-streets-of-rage-4-signature-edition,Streets of Rage 4 [Signature Edition],PAL España,standard,streets of rage 4,streets of rage 4,GAME_OR_UNKNOWN,DEVELOPER,developer,Guard Crush Games,,Guard Crush Games,NOT_IN_COMPANY_INDEX,,ADD_MISSING,HIGH,NO,GAME_WORK | GAME_WORK_OR_PS4_RELEASE | MATCHED_PS4_PRODUCT,3,PLAYSTATION_STORE_EXPLICIT_CREDIT | WIKIDATA | WIKIPEDIA_PS4_LIST,A_OFFICIAL_MATCHED_TITLE_CREDIT | B_PS4_RELEASE | C_DISCOVERY,https://store.playstation.com/es-es/product/EP1470-CUSA16221_00-00STREETSOFRAGE4 | https://en.wikipedia.org/wiki/List_of_PlayStation_4_games_(M%E2%80%93Z) | https://www.wikidata.org/wiki/Q56616859,"Developed by Lizardcube, Guard Crush Games and Dotemu | La lista específica de PS4 atribuye el desarrollo a esta compañía. | Wikidata registra la compañía como desarrolladora.",No propagar a ports o compilaciones sin comprobar sus créditos propios.,HIGH_OR_BETTER_GROUP_NOT_FULLY_RESOLVED | MISSING_SLUG | NOT_IN_COMPANY_INDEX
ps4-streets-of-rage-4-signature-edition,Streets of Rage 4 [Signature Edition],PAL España,standard,streets of rage 4,streets of rage 4,GAME_OR_UNKNOWN,DEVELOPER,developer,DotEmu,dotemu,Dotemu | DotEmu,EXACT_NAME_OR_ALIAS,,ADD_MISSING,HIGH,NO,EXACT_PHYSICAL_EDITION | GAME_WORK | GAME_WORK_OR_PS4_RELEASE | MATCHED_PS4_PRODUCT,5,PLAYSTATION_STORE_EXPLICIT_CREDIT | PRICECHARTING_EXACT_PAL_PAGE | STEAM_STORE | WIKIDATA | WIKIPEDIA_PS4_LIST,A_OFFICIAL_MATCHED_TITLE_CREDIT | B_EXACT_PHYSICAL | B_OTHER_PLATFORM | B_PS4_RELEASE | C_DISCOVERY,https://store.playstation.com/es-es/product/EP1470-CUSA16221_00-00STREETSOFRAGE4 | https://www.pricecharting.com/game/pal-playstation-4/streets-of-rage-4-signature-edition | https://en.wikipedia.org/wiki/List_of_PlayStation_4_games_(M%E2%80%93Z) | https://store.steampowered.com/app/985890 | https://www.wikidata.org/wiki/Q56616859,"Developed by Lizardcube, Guard Crush Games and Dotemu | La ficha enlazada de la edición física PAL atribuye el desarrollo a esta compañía. | La lista específica de PS4 atribuye el desarrollo a esta compañía. | La ficha comercial de Steam confirma la desarrolladora de la obra, no necesariamente el port de PS4. | Wikidata registra la compañía como desarrolladora.",No propagar a ports o compilaciones sin comprobar sus créditos propios.,HIGH_OR_BETTER_GROUP_NOT_FULLY_RESOLVED
ps4-stubbs-the-zombie-in-rebel-without-a-pulse,Stubbs the Zombie in Rebel Without a Pulse,PAL España,standard,stubbs the zombie in rebel without a pulse,stubbs the zombie in rebel without a pulse,GAME_OR_UNKNOWN,PHYSICAL_PUBLISHER_OR_DISTRIBUTOR,publisher,THQ Nordic,,THQ Nordic,AMBIGUOUS_NAME,THQ Nordic,REPLACE_OR_ADD_REVIEW,HIGH,NO,EXACT_PHYSICAL_EDITION,2,PRICECHARTING_EXACT_PAL_PAGE | REGIONATLAS_LEGACY_PRICECHARTING_CREDIT,B_EXACT_PHYSICAL | B_LEGACY_EXACT_PHYSICAL,https://www.pricecharting.com/game/pal-playstation-4/stubbs-the-zombie-in-rebel-without-a-pulse,La ficha exacta de la edición física PAL etiqueta a esta compañía como Publisher; puede representar publicación o distribución física. | El crédito actual procede de la importación histórica de la ficha física enlazada; se contrasta con la consulta en vivo.,Confirmar si la etiqueta Publisher representa publicación o distribución en la caja PAL.,AMBIGUOUS_NAME | HIGH_OR_BETTER_GROUP_NOT_FULLY_RESOLVED | MISSING_SLUG
ps4-sudden-strike-4,Sudden Strike 4,PAL España,standard,sudden strike 4,sudden strike 4,GAME_OR_UNKNOWN,DEVELOPER,developer,Kite Games,,Kite Games,NOT_IN_COMPANY_INDEX,,ADD_MISSING,HIGH,NO,GAME_WORK | GAME_WORK_OR_PS4_RELEASE,3,STEAM_STORE | WIKIDATA | WIKIPEDIA_PS4_LIST,B_OTHER_PLATFORM | B_PS4_RELEASE | C_DISCOVERY,https://en.wikipedia.org/wiki/List_of_PlayStation_4_games_(M%E2%80%93Z) | https://store.steampowered.com/app/373930 | https://www.wikidata.org/wiki/Q28127391,"La lista específica de PS4 atribuye el desarrollo a esta compañía. | La ficha comercial de Steam confirma la desarrolladora de la obra, no necesariamente el port de PS4. | Wikidata registra la compañía como desarrolladora.",No propagar a ports o compilaciones sin comprobar sus créditos propios.,HIGH_OR_BETTER_GROUP_NOT_FULLY_RESOLVED | MISSING_SLUG | NOT_IN_COMPANY_INDEX
ps4-sudden-strike-4-steelbook-edition,Sudden Strike 4 [Steelbook Edition],PAL España,standard,sudden strike 4,sudden strike 4,EDITION_VARIANT,DEVELOPER,developer,Kite Games,,Kite Games,NOT_IN_COMPANY_INDEX,,ADD_MISSING,HIGH,NO,GAME_WORK | GAME_WORK_OR_PS4_RELEASE,3,STEAM_STORE | WIKIDATA | WIKIPEDIA_PS4_LIST,B_OTHER_PLATFORM | B_PS4_RELEASE | C_DISCOVERY,https://en.wikipedia.org/wiki/List_of_PlayStation_4_games_(M%E2%80%93Z) | https://store.steampowered.com/app/373930 | https://www.wikidata.org/wiki/Q28127391,"La lista específica de PS4 atribuye el desarrollo a esta compañía. | La ficha comercial de Steam confirma la desarrolladora de la obra, no necesariamente el port de PS4. | Wikidata registra la compañía como desarrolladora.",No propagar a ports o compilaciones sin comprobar sus créditos propios.,HIGH_OR_BETTER_GROUP_NOT_FULLY_RESOLVED | MISSING_SLUG | NOT_IN_COMPANY_INDEX
ps4-super-dungeon-bros,Super Dungeon Bros,PAL España,standard,super dungeon bros,super dungeon bros,GAME_OR_UNKNOWN,DEVELOPER,developer,React Games,,React Games | React! Games,NOT_IN_COMPANY_INDEX,,ADD_MISSING,HIGH,NO,GAME_WORK | GAME_WORK_OR_PS4_RELEASE | MATCHED_PS4_PRODUCT,3,PLAYSTATION_STORE_EXPLICIT_CREDIT | STEAM_STORE | WIKIPEDIA_PS4_LIST,A_OFFICIAL_MATCHED_TITLE_CREDIT | B_OTHER_PLATFORM | B_PS4_RELEASE,https://store.playstation.com/es-es/product/EP4382-CUSA02154_00-SUPERDUNGEONBROS | https://en.wikipedia.org/wiki/List_of_PlayStation_4_games_(M%E2%80%93Z) | https://store.steampowered.com/app/306000,"Developed by React Games | La lista específica de PS4 atribuye el desarrollo a esta compañía. | La ficha comercial de Steam confirma la desarrolladora de la obra, no necesariamente el port de PS4.",No propagar a ports o compilaciones sin comprobar sus créditos propios.,HIGH_OR_BETTER_GROUP_NOT_FULLY_RESOLVED | MISSING_SLUG | NOT_IN_COMPANY_INDEX
ps4-tactics-ogre-reborn,Tactics Ogre: Reborn,PAL España,standard,tactics ogre reborn,tactics ogre reborn,GAME_OR_UNKNOWN,DEVELOPER,developer,Square Enix,,Square Enix,AMBIGUOUS_NAME,Square Enix,REPLACE_OR_ADD_REVIEW,HIGH,NO,EXACT_PHYSICAL_EDITION | GAME_WORK,4,PRICECHARTING_EXACT_PAL_PAGE | REGIONATLAS_LEGACY_PRICECHARTING_CREDIT | STEAM_STORE | WIKIDATA,B_EXACT_PHYSICAL | B_LEGACY_EXACT_PHYSICAL | B_OTHER_PLATFORM | C_DISCOVERY,https://www.pricecharting.com/game/pal-playstation-4/tactics-ogre-reborn | https://store.steampowered.com/app/1451090 | https://www.wikidata.org/wiki/Q115180734,"La ficha enlazada de la edición física PAL atribuye el desarrollo a esta compañía. | El crédito actual procede de la importación histórica de la ficha física enlazada; se contrasta con la consulta en vivo. | La ficha comercial de Steam confirma la desarrolladora de la obra, no necesariamente el port de PS4. | Wikidata registra la compañía como desarrolladora.",No propagar a ports o compilaciones sin comprobar sus créditos propios.,AMBIGUOUS_NAME | HIGH_OR_BETTER_GROUP_NOT_FULLY_RESOLVED | MISSING_SLUG
ps4-tactics-ogre-reborn,Tactics Ogre: Reborn,PAL España,standard,tactics ogre reborn,tactics ogre reborn,GAME_OR_UNKNOWN,PHYSICAL_PUBLISHER_OR_DISTRIBUTOR,publisher,Square Enix,,Square Enix,AMBIGUOUS_NAME,Square Enix,REPLACE_OR_ADD_REVIEW,HIGH,NO,EXACT_PHYSICAL_EDITION,2,PRICECHARTING_EXACT_PAL_PAGE | REGIONATLAS_LEGACY_PRICECHARTING_CREDIT,B_EXACT_PHYSICAL | B_LEGACY_EXACT_PHYSICAL,https://www.pricecharting.com/game/pal-playstation-4/tactics-ogre-reborn,La ficha exacta de la edición física PAL etiqueta a esta compañía como Publisher; puede representar publicación o distribución física. | El crédito actual procede de la importación histórica de la ficha física enlazada; se contrasta con la consulta en vivo.,Confirmar si la etiqueta Publisher representa publicación o distribución en la caja PAL.,AMBIGUOUS_NAME | HIGH_OR_BETTER_GROUP_NOT_FULLY_RESOLVED | MISSING_SLUG
ps4-tales-of-graces-f-remastered,Tales Of Graces F Remastered,PAL España,standard,tales of graces f remastered,tales of graces f,EDITION_VARIANT,DEVELOPER,developer,Tose,,Tose | TOSE Co Ltd. | TOSE,AMBIGUOUS_NAME,"Bandai Namco Entertainment, 8-4, Ltd.",REPLACE_OR_ADD_REVIEW,HIGH,NO,GAME_WORK | GAME_WORK_OR_PS4_RELEASE | PS4_RELEASE,3,LAUNCHBOX_GAMES_DB | STEAM_STORE | WIKIPEDIA_PS4_LIST,B_OTHER_PLATFORM | B_PS4_RELEASE | C_DISCOVERY,https://en.wikipedia.org/wiki/List_of_PlayStation_4_games_(M%E2%80%93Z) | https://store.steampowered.com/app/2530980 | https://gamesdb.launchbox-app.com/games/details/476864,"La lista específica de PS4 atribuye el desarrollo a esta compañía. | La ficha comercial de Steam confirma la desarrolladora de la obra, no necesariamente el port de PS4. | LaunchBox registra esta desarrolladora para su ficha de PS4.",No propagar a ports o compilaciones sin comprobar sus créditos propios.,AMBIGUOUS_NAME | HIGH_OR_BETTER_GROUP_NOT_FULLY_RESOLVED | MISSING_SLUG
ps4-tanuki-justice,Tanuki Justice,PAL España,standard,tanuki justice,tanuki justice,GAME_OR_UNKNOWN,DEVELOPER,developer,Wonderboy Bobi,,Wonderboy Bobi,NOT_IN_COMPANY_INDEX,"Wonderboy Bobi, Storybird Studio",REPLACE_OR_ADD_REVIEW,HIGH,NO,EXACT_PHYSICAL_EDITION | GAME_WORK,3,PRICECHARTING_EXACT_PAL_PAGE | REGIONATLAS_LEGACY_PRICECHARTING_CREDIT | STEAM_STORE,B_EXACT_PHYSICAL | B_LEGACY_EXACT_PHYSICAL | B_OTHER_PLATFORM,https://www.pricecharting.com/game/pal-playstation-4/tanuki-justice | https://store.steampowered.com/app/1406250,"La ficha enlazada de la edición física PAL atribuye el desarrollo a esta compañía. | El crédito actual procede de la importación histórica de la ficha física enlazada; se contrasta con la consulta en vivo. | La ficha comercial de Steam confirma la desarrolladora de la obra, no necesariamente el port de PS4.",No propagar a ports o compilaciones sin comprobar sus créditos propios.,HIGH_OR_BETTER_GROUP_NOT_FULLY_RESOLVED | MISSING_SLUG | NOT_IN_COMPANY_INDEX
ps4-technomancer,Technomancer,PAL España,standard,technomancer,technomancer,GAME_OR_UNKNOWN,PHYSICAL_PUBLISHER_OR_DISTRIBUTOR,publisher,Focus Home Interactive,focus-home-interactive,Focus Home Interactive,EXACT_NAME_OR_ALIAS,"Focus Home Interactive, Maximum Games",REPLACE_OR_ADD_REVIEW,HIGH,NO,EXACT_PHYSICAL_EDITION,2,PRICECHARTING_EXACT_PAL_PAGE | REGIONATLAS_LEGACY_PRICECHARTING_CREDIT,B_EXACT_PHYSICAL | B_LEGACY_EXACT_PHYSICAL,https://www.pricecharting.com/game/pal-playstation-4/technomancer,La ficha exacta de la edición física PAL etiqueta a esta compañía como Publisher; puede representar publicación o distribución física. | El crédito actual procede de la importación histórica de la ficha física enlazada; se contrasta con la consulta en vivo.,Confirmar si la etiqueta Publisher representa publicación o distribución en la caja PAL.,HIGH_OR_BETTER_GROUP_NOT_FULLY_RESOLVED
ps4-technomancer,Technomancer,PAL España,standard,technomancer,technomancer,GAME_OR_UNKNOWN,PHYSICAL_PUBLISHER_OR_DISTRIBUTOR,publisher,Maximum Gamesâ¢,,Maximum Gamesâ¢,NOT_IN_COMPANY_INDEX,"Focus Home Interactive, Maximum Games",REPLACE_OR_ADD_REVIEW,HIGH,NO,EXACT_PHYSICAL_EDITION,1,PRICECHARTING_EXACT_PAL_PAGE,B_EXACT_PHYSICAL,https://www.pricecharting.com/game/pal-playstation-4/technomancer,La ficha exacta de la edición física PAL etiqueta a esta compañía como Publisher; puede representar publicación o distribución física.,Confirmar si la etiqueta Publisher representa publicación o distribución en la caja PAL.,HIGH_OR_BETTER_GROUP_NOT_FULLY_RESOLVED | MISSING_SLUG | NOT_IN_COMPANY_INDEX
ps4-tempest-4000,Tempest 4000,PAL España,standard,tempest 4000,tempest 4000,GAME_OR_UNKNOWN,PHYSICAL_PUBLISHER_OR_DISTRIBUTOR,publisher,Atari,,Atari,AMBIGUOUS_NAME,Atari,REPLACE_OR_ADD_REVIEW,HIGH,NO,EXACT_PHYSICAL_EDITION | PAL_RELEASE,3,PRICECHARTING_EXACT_PAL_PAGE | REGIONATLAS_LEGACY_PRICECHARTING_CREDIT | WIKIPEDIA_PS4_LIST_PAL,B_EXACT_PHYSICAL | B_LEGACY_EXACT_PHYSICAL | B_PAL_RELEASE,https://www.pricecharting.com/game/pal-playstation-4/tempest-4000 | https://en.wikipedia.org/wiki/List_of_PlayStation_4_games_(M%E2%80%93Z),La ficha exacta de la edición física PAL etiqueta a esta compañía como Publisher; puede representar publicación o distribución física. | El crédito actual procede de la importación histórica de la ficha física enlazada; se contrasta con la consulta en vivo. | La columna PAL de la lista de PS4 atribuye la publicación a esta compañía.,Confirmar si la etiqueta Publisher representa publicación o distribución en la caja PAL.,AMBIGUOUS_NAME | HIGH_OR_BETTER_GROUP_NOT_FULLY_RESOLVED | MISSING_SLUG
ps4-terraria,Terraria,PAL España,standard,terraria,terraria,GAME_OR_UNKNOWN,DEVELOPER,developer,DR Studios,,DR Studios,NOT_IN_COMPANY_INDEX,,ADD_MISSING,HIGH,NO,MATCHED_PS4_PRODUCT,1,PLAYSTATION_STORE_EXPLICIT_CREDIT,A_OFFICIAL_MATCHED_TITLE_CREDIT,https://store.playstation.com/es-es/product/EP4040-CUSA00737_00-TERRARIA00000001,Desarrollado por DR Studios,No propagar a ports o compilaciones sin comprobar sus créditos propios.,HIGH_OR_BETTER_GROUP_NOT_FULLY_RESOLVED | MISSING_SLUG | NOT_IN_COMPANY_INDEX
ps4-terraria-playstation-hits,Terraria [PlayStation Hits],PAL España,standard,terraria,terraria,EDITION_VARIANT,DEVELOPER,developer,DR Studios,,DR Studios,NOT_IN_COMPANY_INDEX,,ADD_MISSING,HIGH,NO,MATCHED_PS4_PRODUCT,1,PLAYSTATION_STORE_EXPLICIT_CREDIT,A_OFFICIAL_MATCHED_TITLE_CREDIT,https://store.playstation.com/es-es/product/EP4040-CUSA00737_00-TERRARIA00000001,Desarrollado por DR Studios,No propagar a ports o compilaciones sin comprobar sus créditos propios.,HIGH_OR_BETTER_GROUP_NOT_FULLY_RESOLVED | MISSING_SLUG | NOT_IN_COMPANY_INDEX
ps4-terraria-playstation-hits,Terraria [PlayStation Hits],PAL España,standard,terraria,terraria,EDITION_VARIANT,DEVELOPER,developer,Re-Logic,re-logic,Re-Logic,EXACT_NAME_OR_ALIAS,,ADD_MISSING,HIGH,NO,EXACT_PHYSICAL_EDITION | GAME_WORK,3,PRICECHARTING_EXACT_PAL_PAGE | STEAM_STORE | WIKIDATA,B_EXACT_PHYSICAL | B_OTHER_PLATFORM | C_DISCOVERY,https://www.pricecharting.com/game/pal-playstation-4/terraria-playstation-hits | https://store.steampowered.com/app/105600 | https://www.wikidata.org/wiki/Q332697,"La ficha enlazada de la edición física PAL atribuye el desarrollo a esta compañía. | La ficha comercial de Steam confirma la desarrolladora de la obra, no necesariamente el port de PS4. | Wikidata registra la compañía como desarrolladora.",No propagar a ports o compilaciones sin comprobar sus créditos propios.,HIGH_OR_BETTER_GROUP_NOT_FULLY_RESOLVED
ps4-tethered,Tethered,PAL España,standard,tethered,tethered,GAME_OR_UNKNOWN,DEVELOPER,developer,Secret Sorcery,,Secret Sorcery | Secret Sorcery Limited,NOT_IN_COMPANY_INDEX,,ADD_MISSING,HIGH,NO,GAME_WORK | GAME_WORK_OR_PS4_RELEASE,2,STEAM_STORE | WIKIPEDIA_PS4_LIST,B_OTHER_PLATFORM | B_PS4_RELEASE,https://en.wikipedia.org/wiki/List_of_PlayStation_4_games_(M%E2%80%93Z) | https://store.steampowered.com/app/431120,"La lista específica de PS4 atribuye el desarrollo a esta compañía. | La ficha comercial de Steam confirma la desarrolladora de la obra, no necesariamente el port de PS4.",No propagar a ports o compilaciones sin comprobar sus créditos propios.,HIGH_OR_BETTER_GROUP_NOT_FULLY_RESOLVED | MISSING_SLUG | NOT_IN_COMPANY_INDEX
ps4-tetris-effect,Tetris Effect,PAL España,standard,tetris effect,tetris effect,GAME_OR_UNKNOWN,DEVELOPER,developer,Resonair,,Resonair,NOT_IN_COMPANY_INDEX,Enhance Games,REPLACE_OR_ADD_REVIEW,HIGH,NO,MATCHED_PS4_PRODUCT,1,PLAYSTATION_STORE_EXPLICIT_CREDIT,A_OFFICIAL_MATCHED_TITLE_CREDIT,https://store.playstation.com/es-es/product/EP0748-CUSA13643_00-TETRISEFFECT0000,"Developed by Resonair, Monstars Inc and Stage Games",No propagar a ports o compilaciones sin comprobar sus créditos propios.,HIGH_OR_BETTER_GROUP_NOT_FULLY_RESOLVED | MISSING_SLUG | NOT_IN_COMPANY_INDEX
ps4-tetris-effect,Tetris Effect,PAL España,standard,tetris effect,tetris effect,GAME_OR_UNKNOWN,DEVELOPER,developer,Monstars,,Monstars Inc | Monstars,NOT_IN_COMPANY_INDEX,Enhance Games,REPLACE_OR_ADD_REVIEW,HIGH,NO,EXACT_PHYSICAL_EDITION | MATCHED_PS4_PRODUCT | PS4_RELEASE,3,LAUNCHBOX_GAMES_DB | PLAYSTATION_STORE_EXPLICIT_CREDIT | PRICECHARTING_EXACT_PAL_PAGE,A_OFFICIAL_MATCHED_TITLE_CREDIT | B_EXACT_PHYSICAL | C_DISCOVERY,https://store.playstation.com/es-es/product/EP0748-CUSA13643_00-TETRISEFFECT0000 | https://www.pricecharting.com/game/pal-playstation-4/tetris-effect | https://gamesdb.launchbox-app.com/games/details/166390,"Developed by Resonair, Monstars Inc and Stage Games | La ficha enlazada de la edición física PAL atribuye el desarrollo a esta compañía. | LaunchBox registra esta desarrolladora para su ficha de PS4.",No propagar a ports o compilaciones sin comprobar sus créditos propios.,HIGH_OR_BETTER_GROUP_NOT_FULLY_RESOLVED | MISSING_SLUG | NOT_IN_COMPANY_INDEX
ps4-tetris-effect,Tetris Effect,PAL España,standard,tetris effect,tetris effect,GAME_OR_UNKNOWN,DEVELOPER,developer,Stage Games,,Stage Games,NOT_IN_COMPANY_INDEX,Enhance Games,REPLACE_OR_ADD_REVIEW,HIGH,NO,MATCHED_PS4_PRODUCT,1,PLAYSTATION_STORE_EXPLICIT_CREDIT,A_OFFICIAL_MATCHED_TITLE_CREDIT,https://store.playstation.com/es-es/product/EP0748-CUSA13643_00-TETRISEFFECT0000,"Developed by Resonair, Monstars Inc and Stage Games",No propagar a ports o compilaciones sin comprobar sus créditos propios.,HIGH_OR_BETTER_GROUP_NOT_FULLY_RESOLVED | MISSING_SLUG | NOT_IN_COMPANY_INDEX
ps4-the-25th-ward-the-silver-case,The 25th Ward: The Silver Case,PAL España,standard,the 25th ward the silver case,the 25th ward the silver case,GAME_OR_UNKNOWN,PHYSICAL_PUBLISHER_OR_DISTRIBUTOR,publisher,NIS America,,NIS America,AMBIGUOUS_NAME,NIS America,REPLACE_OR_ADD_REVIEW,HIGH,NO,EXACT_PHYSICAL_EDITION | PAL_RELEASE,3,PRICECHARTING_EXACT_PAL_PAGE | REGIONATLAS_LEGACY_PRICECHARTING_CREDIT | WIKIPEDIA_PS4_LIST_PAL,B_EXACT_PHYSICAL | B_LEGACY_EXACT_PHYSICAL | B_PAL_RELEASE,https://www.pricecharting.com/game/pal-playstation-4/the-25th-ward-the-silver-case | https://en.wikipedia.org/wiki/List_of_PlayStation_4_games_(A%E2%80%93L),La ficha exacta de la edición física PAL etiqueta a esta compañía como Publisher; puede representar publicación o distribución física. | El crédito actual procede de la importación histórica de la ficha física enlazada; se contrasta con la consulta en vivo. | La columna PAL de la lista de PS4 atribuye la publicación a esta compañía.,Confirmar si la etiqueta Publisher representa publicación o distribución en la caja PAL.,AMBIGUOUS_NAME | HIGH_OR_BETTER_GROUP_NOT_FULLY_RESOLVED | MISSING_SLUG
ps4-the-bluecoats-north-&amp;-south-limited-edition,The Bluecoats: North & South [Limited Edition],PAL España,standard,the bluecoats north and south,the bluecoats north and south,EDITION_VARIANT,DEVELOPER,developer,Appeal Studios,,Appeal Studios,NOT_IN_COMPANY_INDEX,,ADD_MISSING,HIGH,NO,EXACT_PHYSICAL_EDITION | GAME_WORK,2,PRICECHARTING_EXACT_PAL_PAGE | STEAM_STORE,B_EXACT_PHYSICAL | B_OTHER_PLATFORM,https://www.pricecharting.com/game/pal-playstation-4/the-bluecoats-north-&-south-limited-edition | https://store.steampowered.com/app/963220,"La ficha enlazada de la edición física PAL atribuye el desarrollo a esta compañía. | La ficha comercial de Steam confirma la desarrolladora de la obra, no necesariamente el port de PS4.",No propagar a ports o compilaciones sin comprobar sus créditos propios.,HIGH_OR_BETTER_GROUP_NOT_FULLY_RESOLVED | MISSING_SLUG | NOT_IN_COMPANY_INDEX
ps4-the-book-of-unwritten-tales-2,The Book of Unwritten Tales 2,PAL España,standard,the book of unwritten tales 2,the book of unwritten tales 2,GAME_OR_UNKNOWN,PHYSICAL_PUBLISHER_OR_DISTRIBUTOR,publisher,THQ Nordic,,THQ Nordic,AMBIGUOUS_NAME,THQ Nordic,REPLACE_OR_ADD_REVIEW,HIGH,NO,EXACT_PHYSICAL_EDITION,2,PRICECHARTING_EXACT_PAL_PAGE | REGIONATLAS_LEGACY_PRICECHARTING_CREDIT,B_EXACT_PHYSICAL | B_LEGACY_EXACT_PHYSICAL,https://www.pricecharting.com/game/pal-playstation-4/the-book-of-unwritten-tales-2,La ficha exacta de la edición física PAL etiqueta a esta compañía como Publisher; puede representar publicación o distribución física. | El crédito actual procede de la importación histórica de la ficha física enlazada; se contrasta con la consulta en vivo.,Confirmar si la etiqueta Publisher representa publicación o distribución en la caja PAL.,AMBIGUOUS_NAME | HIGH_OR_BETTER_GROUP_NOT_FULLY_RESOLVED | MISSING_SLUG
ps4-the-caligula-effect-2,The Caligula Effect 2,PAL España,standard,the caligula effect 2,the caligula effect 2,GAME_OR_UNKNOWN,PHYSICAL_PUBLISHER_OR_DISTRIBUTOR,publisher,NIS America,,NIS America,AMBIGUOUS_NAME,NIS America,REPLACE_OR_ADD_REVIEW,HIGH,NO,EXACT_PHYSICAL_EDITION | PAL_RELEASE,3,PRICECHARTING_EXACT_PAL_PAGE | REGIONATLAS_LEGACY_PRICECHARTING_CREDIT | WIKIPEDIA_PS4_LIST_PAL,B_EXACT_PHYSICAL | B_LEGACY_EXACT_PHYSICAL | B_PAL_RELEASE,https://www.pricecharting.com/game/pal-playstation-4/the-caligula-effect-2 | https://en.wikipedia.org/wiki/List_of_PlayStation_4_games_(A%E2%80%93L),La ficha exacta de la edición física PAL etiqueta a esta compañía como Publisher; puede representar publicación o distribución física. | El crédito actual procede de la importación histórica de la ficha física enlazada; se contrasta con la consulta en vivo. | La columna PAL de la lista de PS4 atribuye la publicación a esta compañía.,Confirmar si la etiqueta Publisher representa publicación o distribución en la caja PAL.,AMBIGUOUS_NAME | HIGH_OR_BETTER_GROUP_NOT_FULLY_RESOLVED | MISSING_SLUG
ps4-the-count-lucanor,The Count Lucanor,PAL España,standard,the count lucanor,the count lucanor,GAME_OR_UNKNOWN,DEVELOPER,developer,Baroque Decay,baroque-decay,Baroque Decay,EXACT_NAME_OR_ALIAS,Baroque Decay,RETAIN,HIGH,NO,EXACT_PHYSICAL_EDITION | GAME_WORK | GAME_WORK_OR_PS4_RELEASE | PS4_RELEASE,6,LAUNCHBOX_GAMES_DB | PRICECHARTING_EXACT_PAL_PAGE | REGIONATLAS_LEGACY_PRICECHARTING_CREDIT | STEAM_STORE | WIKIDATA | WIKIPEDIA_PS4_LIST,B_EXACT_PHYSICAL | B_LEGACY_EXACT_PHYSICAL | B_OTHER_PLATFORM | B_PS4_RELEASE | C_DISCOVERY,https://www.pricecharting.com/game/pal-playstation-4/the-count-lucanor | https://en.wikipedia.org/wiki/List_of_PlayStation_4_games_(A%E2%80%93L) | https://store.steampowered.com/app/440880 | https://www.wikidata.org/wiki/Q23018912 | https://gamesdb.launchbox-app.com/games/details/473034,"La ficha enlazada de la edición física PAL atribuye el desarrollo a esta compañía. | El crédito actual procede de la importación histórica de la ficha física enlazada; se contrasta con la consulta en vivo. | La lista específica de PS4 atribuye el desarrollo a esta compañía. | La ficha comercial de Steam confirma la desarrolladora de la obra, no necesariamente el port de PS4. | Wikidata registra la compañía como desarrolladora. | LaunchBox registra esta desarrolladora para su ficha de PS4.",No propagar a ports o compilaciones sin comprobar sus créditos propios.,HIGH_OR_BETTER_GROUP_NOT_FULLY_RESOLVED
ps4-the-count-lucanor-signature-edition,The Count Lucanor [Signature Edition],PAL España,standard,the count lucanor,the count lucanor,GAME_OR_UNKNOWN,DEVELOPER,developer,Baroque Decay Games,,Baroque Decay Games,NOT_IN_COMPANY_INDEX,,ADD_MISSING,HIGH,NO,MATCHED_PS4_PRODUCT,1,PLAYSTATION_STORE_EXPLICIT_CREDIT,A_OFFICIAL_MATCHED_TITLE_CREDIT,https://store.playstation.com/es-es/product/EP1121-CUSA07656_00-THECOUNTLUCANORM,"developed by Baroque Decay Games, published by Merge Games Ltd",No propagar a ports o compilaciones sin comprobar sus créditos propios.,HIGH_OR_BETTER_GROUP_NOT_FULLY_RESOLVED | MISSING_SLUG | NOT_IN_COMPANY_INDEX
ps4-the-count-lucanor-signature-edition,The Count Lucanor [Signature Edition],PAL España,standard,the count lucanor,the count lucanor,GAME_OR_UNKNOWN,DEVELOPER,developer,Baroque Decay,baroque-decay,Baroque Decay,EXACT_NAME_OR_ALIAS,,ADD_MISSING,HIGH,NO,EXACT_PHYSICAL_EDITION | GAME_WORK | GAME_WORK_OR_PS4_RELEASE | PS4_RELEASE,5,LAUNCHBOX_GAMES_DB | PRICECHARTING_EXACT_PAL_PAGE | STEAM_STORE | WIKIDATA | WIKIPEDIA_PS4_LIST,B_EXACT_PHYSICAL | B_OTHER_PLATFORM | B_PS4_RELEASE | C_DISCOVERY,https://www.pricecharting.com/game/pal-playstation-4/the-count-lucanor-signature-edition | https://en.wikipedia.org/wiki/List_of_PlayStation_4_games_(A%E2%80%93L) | https://store.steampowered.com/app/440880 | https://www.wikidata.org/wiki/Q23018912 | https://gamesdb.launchbox-app.com/games/details/473034,"La ficha enlazada de la edición física PAL atribuye el desarrollo a esta compañía. | La lista específica de PS4 atribuye el desarrollo a esta compañía. | La ficha comercial de Steam confirma la desarrolladora de la obra, no necesariamente el port de PS4. | Wikidata registra la compañía como desarrolladora. | LaunchBox registra esta desarrolladora para su ficha de PS4.",No propagar a ports o compilaciones sin comprobar sus créditos propios.,HIGH_OR_BETTER_GROUP_NOT_FULLY_RESOLVED
ps4-the-crew-motorfest,The Crew Motorfest,PAL España,standard,the crew motorfest,the crew motorfest,GAME_OR_UNKNOWN,DEVELOPER,developer,Ubisoft Ivory Tower,,Ubisoft Ivory Tower,NOT_IN_COMPANY_INDEX,,ADD_MISSING,HIGH,NO,GAME_WORK | GAME_WORK_OR_PS4_RELEASE,2,STEAM_STORE | WIKIPEDIA_PS4_LIST,B_OTHER_PLATFORM | B_PS4_RELEASE,https://en.wikipedia.org/wiki/List_of_PlayStation_4_games_(A%E2%80%93L) | https://store.steampowered.com/app/2698940,"La lista específica de PS4 atribuye el desarrollo a esta compañía. | La ficha comercial de Steam confirma la desarrolladora de la obra, no necesariamente el port de PS4.",No propagar a ports o compilaciones sin comprobar sus créditos propios.,HIGH_OR_BETTER_GROUP_NOT_FULLY_RESOLVED | MISSING_SLUG | NOT_IN_COMPANY_INDEX
ps4-the-crew-motorfest-limited-edition,The Crew Motorfest [Limited Edition],PAL España,standard,the crew motorfest,the crew motorfest,EDITION_VARIANT,DEVELOPER,developer,Ubisoft Ivory Tower,,Ubisoft Ivory Tower,NOT_IN_COMPANY_INDEX,,ADD_MISSING,HIGH,NO,GAME_WORK | GAME_WORK_OR_PS4_RELEASE,2,STEAM_STORE | WIKIPEDIA_PS4_LIST,B_OTHER_PLATFORM | B_PS4_RELEASE,https://en.wikipedia.org/wiki/List_of_PlayStation_4_games_(A%E2%80%93L) | https://store.steampowered.com/app/2698940,"La lista específica de PS4 atribuye el desarrollo a esta compañía. | La ficha comercial de Steam confirma la desarrolladora de la obra, no necesariamente el port de PS4.",No propagar a ports o compilaciones sin comprobar sus créditos propios.,HIGH_OR_BETTER_GROUP_NOT_FULLY_RESOLVED | MISSING_SLUG | NOT_IN_COMPANY_INDEX
ps4-the-crew-motorfest-special-edition,The Crew Motorfest [Special Edition],PAL España,standard,the crew motorfest,the crew motorfest,EDITION_VARIANT,DEVELOPER,developer,Ubisoft Ivory Tower,,Ubisoft Ivory Tower,NOT_IN_COMPANY_INDEX,,ADD_MISSING,HIGH,NO,GAME_WORK | GAME_WORK_OR_PS4_RELEASE,2,STEAM_STORE | WIKIPEDIA_PS4_LIST,B_OTHER_PLATFORM | B_PS4_RELEASE,https://en.wikipedia.org/wiki/List_of_PlayStation_4_games_(A%E2%80%93L) | https://store.steampowered.com/app/2698940,"La lista específica de PS4 atribuye el desarrollo a esta compañía. | La ficha comercial de Steam confirma la desarrolladora de la obra, no necesariamente el port de PS4.",No propagar a ports o compilaciones sin comprobar sus créditos propios.,HIGH_OR_BETTER_GROUP_NOT_FULLY_RESOLVED | MISSING_SLUG | NOT_IN_COMPANY_INDEX
ps4-the-cruel-king-and-the-great-hero,The Cruel King And The Great Hero,PAL España,standard,the cruel king and the great hero,the cruel king and the great hero,GAME_OR_UNKNOWN,DEVELOPER,developer,Nippon Ichi Software,,Nippon Ichi Software,AMBIGUOUS_NAME,Nippon Ichi Software,REPLACE_OR_ADD_REVIEW,HIGH,NO,EXACT_PHYSICAL_EDITION | GAME_WORK | GAME_WORK_OR_PS4_RELEASE | PS4_RELEASE,4,LAUNCHBOX_GAMES_DB | REGIONATLAS_LEGACY_PRICECHARTING_CREDIT | WIKIDATA | WIKIPEDIA_PS4_LIST,B_LEGACY_EXACT_PHYSICAL | B_PS4_RELEASE | C_DISCOVERY,https://www.pricecharting.com/game/pal-playstation-4/the-cruel-king-and-the-great-hero | https://en.wikipedia.org/wiki/List_of_PlayStation_4_games_(A%E2%80%93L) | https://www.wikidata.org/wiki/Q136377256 | https://gamesdb.launchbox-app.com/games/details/473029,El crédito actual procede de la importación histórica de la ficha física enlazada; se contrasta con la consulta en vivo. | La lista específica de PS4 atribuye el desarrollo a esta compañía. | Wikidata registra la compañía como desarrolladora. | LaunchBox registra esta desarrolladora para su ficha de PS4.,No propagar a ports o compilaciones sin comprobar sus créditos propios.,AMBIGUOUS_NAME | HIGH_OR_BETTER_GROUP_NOT_FULLY_RESOLVED | MISSING_SLUG
ps4-the-cruel-king-and-the-great-hero-storybook-edition,The Cruel King and the Great Hero [Storybook Edition],PAL España,standard,the cruel king and the great hero,the cruel king and the great hero,GAME_OR_UNKNOWN,DEVELOPER,developer,Nippon Ichi Software,,Nippon Ichi Software,AMBIGUOUS_NAME,,ADD_MISSING,HIGH,NO,EXACT_PHYSICAL_EDITION | GAME_WORK | GAME_WORK_OR_PS4_RELEASE | PS4_RELEASE,4,LAUNCHBOX_GAMES_DB | PRICECHARTING_EXACT_PAL_PAGE | WIKIDATA | WIKIPEDIA_PS4_LIST,B_EXACT_PHYSICAL | B_PS4_RELEASE | C_DISCOVERY,https://www.pricecharting.com/game/pal-playstation-4/the-cruel-king-and-the-great-hero-storybook-edition | https://en.wikipedia.org/wiki/List_of_PlayStation_4_games_(A%E2%80%93L) | https://www.wikidata.org/wiki/Q136377256 | https://gamesdb.launchbox-app.com/games/details/473029,La ficha enlazada de la edición física PAL atribuye el desarrollo a esta compañía. | La lista específica de PS4 atribuye el desarrollo a esta compañía. | Wikidata registra la compañía como desarrolladora. | LaunchBox registra esta desarrolladora para su ficha de PS4.,No propagar a ports o compilaciones sin comprobar sus créditos propios.,AMBIGUOUS_NAME | HIGH_OR_BETTER_GROUP_NOT_FULLY_RESOLVED | MISSING_SLUG
ps4-the-cruel-king-and-the-great-hero-storybook-edition,The Cruel King and the Great Hero [Storybook Edition],PAL España,standard,the cruel king and the great hero,the cruel king and the great hero,GAME_OR_UNKNOWN,PHYSICAL_PUBLISHER_OR_DISTRIBUTOR,publisher,NIS America,,NIS America,AMBIGUOUS_NAME,,ADD_MISSING,HIGH,NO,EXACT_PHYSICAL_EDITION | PAL_RELEASE,2,PRICECHARTING_EXACT_PAL_PAGE | WIKIPEDIA_PS4_LIST_PAL,B_EXACT_PHYSICAL | B_PAL_RELEASE,https://www.pricecharting.com/game/pal-playstation-4/the-cruel-king-and-the-great-hero-storybook-edition | https://en.wikipedia.org/wiki/List_of_PlayStation_4_games_(A%E2%80%93L),La ficha exacta de la edición física PAL etiqueta a esta compañía como Publisher; puede representar publicación o distribución física. | La columna PAL de la lista de PS4 atribuye la publicación a esta compañía.,Confirmar si la etiqueta Publisher representa publicación o distribución en la caja PAL.,AMBIGUOUS_NAME | HIGH_OR_BETTER_GROUP_NOT_FULLY_RESOLVED | MISSING_SLUG
ps4-the-diofield-chronicle,The Diofield Chronicle,PAL España,standard,the diofield chronicle,the diofield chronicle,GAME_OR_UNKNOWN,DEVELOPER,developer,Square Enix,,Square Enix,AMBIGUOUS_NAME,Square Enix,REPLACE_OR_ADD_REVIEW,HIGH,NO,EXACT_PHYSICAL_EDITION | GAME_WORK,3,PRICECHARTING_EXACT_PAL_PAGE | REGIONATLAS_LEGACY_PRICECHARTING_CREDIT | STEAM_STORE,B_EXACT_PHYSICAL | B_LEGACY_EXACT_PHYSICAL | B_OTHER_PLATFORM,https://www.pricecharting.com/game/pal-playstation-4/the-diofield-chronicle | https://store.steampowered.com/app/1399080,"La ficha enlazada de la edición física PAL atribuye el desarrollo a esta compañía. | El crédito actual procede de la importación histórica de la ficha física enlazada; se contrasta con la consulta en vivo. | La ficha comercial de Steam confirma la desarrolladora de la obra, no necesariamente el port de PS4.",No propagar a ports o compilaciones sin comprobar sus créditos propios.,AMBIGUOUS_NAME | HIGH_OR_BETTER_GROUP_NOT_FULLY_RESOLVED | MISSING_SLUG
ps4-the-diofield-chronicle,The Diofield Chronicle,PAL España,standard,the diofield chronicle,the diofield chronicle,GAME_OR_UNKNOWN,PHYSICAL_PUBLISHER_OR_DISTRIBUTOR,publisher,Square Enix,,Square Enix,AMBIGUOUS_NAME,Square Enix,REPLACE_OR_ADD_REVIEW,HIGH,NO,EXACT_PHYSICAL_EDITION,2,PRICECHARTING_EXACT_PAL_PAGE | REGIONATLAS_LEGACY_PRICECHARTING_CREDIT,B_EXACT_PHYSICAL | B_LEGACY_EXACT_PHYSICAL,https://www.pricecharting.com/game/pal-playstation-4/the-diofield-chronicle,La ficha exacta de la edición física PAL etiqueta a esta compañía como Publisher; puede representar publicación o distribución física. | El crédito actual procede de la importación histórica de la ficha física enlazada; se contrasta con la consulta en vivo.,Confirmar si la etiqueta Publisher representa publicación o distribución en la caja PAL.,AMBIGUOUS_NAME | HIGH_OR_BETTER_GROUP_NOT_FULLY_RESOLVED | MISSING_SLUG
ps4-the-dwarves,The Dwarves,PAL España,standard,the dwarves,the dwarves,GAME_OR_UNKNOWN,PHYSICAL_PUBLISHER_OR_DISTRIBUTOR,publisher,THQ Nordic,,THQ Nordic,AMBIGUOUS_NAME,THQ Nordic,REPLACE_OR_ADD_REVIEW,HIGH,NO,EXACT_PHYSICAL_EDITION,2,PRICECHARTING_EXACT_PAL_PAGE | REGIONATLAS_LEGACY_PRICECHARTING_CREDIT,B_EXACT_PHYSICAL | B_LEGACY_EXACT_PHYSICAL,https://www.pricecharting.com/game/pal-playstation-4/the-dwarves,La ficha exacta de la edición física PAL etiqueta a esta compañía como Publisher; puede representar publicación o distribución física. | El crédito actual procede de la importación histórica de la ficha física enlazada; se contrasta con la consulta en vivo.,Confirmar si la etiqueta Publisher representa publicación o distribución en la caja PAL.,AMBIGUOUS_NAME | HIGH_OR_BETTER_GROUP_NOT_FULLY_RESOLVED | MISSING_SLUG
ps4-the-escapists,The Escapists,PAL España,standard,the escapists,the escapists,GAME_OR_UNKNOWN,DEVELOPER,developer,Mouldy Toof Studios,,Mouldy Toof Studios,NOT_IN_COMPANY_INDEX,,ADD_MISSING,HIGH,NO,GAME_WORK | GAME_WORK_OR_PS4_RELEASE,2,STEAM_STORE | WIKIPEDIA_PS4_LIST,B_OTHER_PLATFORM | B_PS4_RELEASE,https://en.wikipedia.org/wiki/List_of_PlayStation_4_games_(A%E2%80%93L) | https://store.steampowered.com/app/298630,"La lista específica de PS4 atribuye el desarrollo a esta compañía. | La ficha comercial de Steam confirma la desarrolladora de la obra, no necesariamente el port de PS4.",No propagar a ports o compilaciones sin comprobar sus créditos propios.,HIGH_OR_BETTER_GROUP_NOT_FULLY_RESOLVED | MISSING_SLUG | NOT_IN_COMPANY_INDEX
ps4-the-inner-world,The Inner World,PAL España,standard,the inner world,the inner world,GAME_OR_UNKNOWN,DEVELOPER,developer,Studio Fizbin,,Studio Fizbin,NOT_IN_COMPANY_INDEX,,ADD_MISSING,HIGH,NO,GAME_WORK | GAME_WORK_OR_PS4_RELEASE,2,STEAM_STORE | WIKIPEDIA_PS4_LIST,B_OTHER_PLATFORM | B_PS4_RELEASE,https://en.wikipedia.org/wiki/List_of_PlayStation_4_games_(A%E2%80%93L) | https://store.steampowered.com/app/251430,"La lista específica de PS4 atribuye el desarrollo a esta compañía. | La ficha comercial de Steam confirma la desarrolladora de la obra, no necesariamente el port de PS4.",No propagar a ports o compilaciones sin comprobar sus créditos propios.,HIGH_OR_BETTER_GROUP_NOT_FULLY_RESOLVED | MISSING_SLUG | NOT_IN_COMPANY_INDEX
ps4-the-jackbox-party-pack,The Jackbox Party Pack,PAL España,standard,the jackbox party pack,the jackbox party pack,GAME_OR_UNKNOWN,DEVELOPER,developer,Jackbox Games,,Jackbox Games | Jackbox Games Inc.,AMBIGUOUS_NAME,Jackbox Games,REPLACE_OR_ADD_REVIEW,HIGH,NO,EXACT_PHYSICAL_EDITION | GAME_WORK | GAME_WORK_OR_PS4_RELEASE,4,PRICECHARTING_EXACT_PAL_PAGE | REGIONATLAS_LEGACY_PRICECHARTING_CREDIT | STEAM_STORE | WIKIPEDIA_PS4_LIST,B_EXACT_PHYSICAL | B_LEGACY_EXACT_PHYSICAL | B_OTHER_PLATFORM | B_PS4_RELEASE,https://www.pricecharting.com/game/pal-playstation-4/the-jackbox-party-pack | https://en.wikipedia.org/wiki/List_of_PlayStation_4_games_(A%E2%80%93L) | https://store.steampowered.com/app/331670,"La ficha enlazada de la edición física PAL atribuye el desarrollo a esta compañía. | El crédito actual procede de la importación histórica de la ficha física enlazada; se contrasta con la consulta en vivo. | La lista específica de PS4 atribuye el desarrollo a esta compañía. | La ficha comercial de Steam confirma la desarrolladora de la obra, no necesariamente el port de PS4.",No propagar a ports o compilaciones sin comprobar sus créditos propios.,AMBIGUOUS_NAME | HIGH_OR_BETTER_GROUP_NOT_FULLY_RESOLVED | MISSING_SLUG
ps4-the-last-guardian,The Last Guardian,PAL España,standard,the last guardian,the last guardian,GAME_OR_UNKNOWN,DEVELOPER,developer,SIE Japan Studio,sie-japan-studio,SIE Japan Studio,EXACT_NAME_OR_ALIAS,JAPAN Studio,REPLACE_OR_ADD_REVIEW,HIGH,NO,MATCHED_PS4_PRODUCT | PS4_RELEASE,2,LAUNCHBOX_GAMES_DB | PLAYSTATION_STORE_EXPLICIT_CREDIT,A_OFFICIAL_MATCHED_TITLE_CREDIT | C_DISCOVERY,https://store.playstation.com/es-es/product/EP9000-CUSA03745_00-LASTGUARDIANEU00 | https://gamesdb.launchbox-app.com/games/details/34990,Developed by SIE Japan Studio and gen Design | LaunchBox registra esta desarrolladora para su ficha de PS4.,No propagar a ports o compilaciones sin comprobar sus créditos propios.,HIGH_OR_BETTER_GROUP_NOT_FULLY_RESOLVED
ps4-the-last-guardian,The Last Guardian,PAL España,standard,the last guardian,the last guardian,GAME_OR_UNKNOWN,DEVELOPER,developer,gen Design,,gen Design,NOT_IN_COMPANY_INDEX,JAPAN Studio,REPLACE_OR_ADD_REVIEW,HIGH,NO,MATCHED_PS4_PRODUCT,1,PLAYSTATION_STORE_EXPLICIT_CREDIT,A_OFFICIAL_MATCHED_TITLE_CREDIT,https://store.playstation.com/es-es/product/EP9000-CUSA03745_00-LASTGUARDIANEU00,Developed by SIE Japan Studio and gen Design,No propagar a ports o compilaciones sin comprobar sus créditos propios.,HIGH_OR_BETTER_GROUP_NOT_FULLY_RESOLVED | MISSING_SLUG | NOT_IN_COMPANY_INDEX
ps4-the-last-guardian-collector%27s-edition,The Last Guardian [Collector's Edition],PAL España,standard,the last guardian,the last guardian,EDITION_VARIANT,DEVELOPER,developer,SIE Japan Studio,sie-japan-studio,SIE Japan Studio,EXACT_NAME_OR_ALIAS,,ADD_MISSING,HIGH,NO,MATCHED_PS4_PRODUCT | PS4_RELEASE,2,LAUNCHBOX_GAMES_DB | PLAYSTATION_STORE_EXPLICIT_CREDIT,A_OFFICIAL_MATCHED_TITLE_CREDIT | C_DISCOVERY,https://store.playstation.com/es-es/product/EP9000-CUSA03745_00-LASTGUARDIANEU00 | https://gamesdb.launchbox-app.com/games/details/34990,Developed by SIE Japan Studio and gen Design | LaunchBox registra esta desarrolladora para su ficha de PS4.,No propagar a ports o compilaciones sin comprobar sus créditos propios.,HIGH_OR_BETTER_GROUP_NOT_FULLY_RESOLVED
ps4-the-last-guardian-collector%27s-edition,The Last Guardian [Collector's Edition],PAL España,standard,the last guardian,the last guardian,EDITION_VARIANT,DEVELOPER,developer,gen Design,,gen Design,NOT_IN_COMPANY_INDEX,,ADD_MISSING,HIGH,NO,MATCHED_PS4_PRODUCT,1,PLAYSTATION_STORE_EXPLICIT_CREDIT,A_OFFICIAL_MATCHED_TITLE_CREDIT,https://store.playstation.com/es-es/product/EP9000-CUSA03745_00-LASTGUARDIANEU00,Developed by SIE Japan Studio and gen Design,No propagar a ports o compilaciones sin comprobar sus créditos propios.,HIGH_OR_BETTER_GROUP_NOT_FULLY_RESOLVED | MISSING_SLUG | NOT_IN_COMPANY_INDEX
ps4-the-last-guardian-only-on-playstation,The Last Guardian [Only On PlayStation],PAL España,standard,the last guardian,the last guardian only on playstation,GAME_OR_UNKNOWN,DEVELOPER,developer,SIE Japan Studio,sie-japan-studio,SIE Japan Studio,EXACT_NAME_OR_ALIAS,,ADD_MISSING,HIGH,NO,MATCHED_PS4_PRODUCT | PS4_RELEASE,2,LAUNCHBOX_GAMES_DB | PLAYSTATION_STORE_EXPLICIT_CREDIT,A_OFFICIAL_MATCHED_TITLE_CREDIT | C_DISCOVERY,https://store.playstation.com/es-es/product/EP9000-CUSA03745_00-LASTGUARDIANEU00 | https://gamesdb.launchbox-app.com/games/details/34990,Developed by SIE Japan Studio and gen Design | LaunchBox registra esta desarrolladora para su ficha de PS4.,No propagar a ports o compilaciones sin comprobar sus créditos propios.,HIGH_OR_BETTER_GROUP_NOT_FULLY_RESOLVED
ps4-the-last-guardian-only-on-playstation,The Last Guardian [Only On PlayStation],PAL España,standard,the last guardian,the last guardian only on playstation,GAME_OR_UNKNOWN,DEVELOPER,developer,gen Design,,gen Design,NOT_IN_COMPANY_INDEX,,ADD_MISSING,HIGH,NO,MATCHED_PS4_PRODUCT,1,PLAYSTATION_STORE_EXPLICIT_CREDIT,A_OFFICIAL_MATCHED_TITLE_CREDIT,https://store.playstation.com/es-es/product/EP9000-CUSA03745_00-LASTGUARDIANEU00,Developed by SIE Japan Studio and gen Design,No propagar a ports o compilaciones sin comprobar sus créditos propios.,HIGH_OR_BETTER_GROUP_NOT_FULLY_RESOLVED | MISSING_SLUG | NOT_IN_COMPANY_INDEX
ps4-the-last-guardian-steelbook-edition,The Last Guardian [Steelbook Edition],PAL España,standard,the last guardian,the last guardian,EDITION_VARIANT,DEVELOPER,developer,SIE Japan Studio,sie-japan-studio,SIE Japan Studio,EXACT_NAME_OR_ALIAS,,ADD_MISSING,HIGH,NO,MATCHED_PS4_PRODUCT | PS4_RELEASE,2,LAUNCHBOX_GAMES_DB | PLAYSTATION_STORE_EXPLICIT_CREDIT,A_OFFICIAL_MATCHED_TITLE_CREDIT | C_DISCOVERY,https://store.playstation.com/es-es/product/EP9000-CUSA03745_00-LASTGUARDIANEU00 | https://gamesdb.launchbox-app.com/games/details/34990,Developed by SIE Japan Studio and gen Design | LaunchBox registra esta desarrolladora para su ficha de PS4.,No propagar a ports o compilaciones sin comprobar sus créditos propios.,HIGH_OR_BETTER_GROUP_NOT_FULLY_RESOLVED
ps4-the-last-guardian-steelbook-edition,The Last Guardian [Steelbook Edition],PAL España,standard,the last guardian,the last guardian,EDITION_VARIANT,DEVELOPER,developer,gen Design,,gen Design,NOT_IN_COMPANY_INDEX,,ADD_MISSING,HIGH,NO,MATCHED_PS4_PRODUCT,1,PLAYSTATION_STORE_EXPLICIT_CREDIT,A_OFFICIAL_MATCHED_TITLE_CREDIT,https://store.playstation.com/es-es/product/EP9000-CUSA03745_00-LASTGUARDIANEU00,Developed by SIE Japan Studio and gen Design,No propagar a ports o compilaciones sin comprobar sus créditos propios.,HIGH_OR_BETTER_GROUP_NOT_FULLY_RESOLVED | MISSING_SLUG | NOT_IN_COMPANY_INDEX
ps4-the-last-spell,The Last Spell,PAL España,standard,the last spell,the last spell,GAME_OR_UNKNOWN,PHYSICAL_PUBLISHER_OR_DISTRIBUTOR,publisher,Pix'n Love,,Pix'n Love,AMBIGUOUS_NAME,Pix'n Love,REPLACE_OR_ADD_REVIEW,HIGH,NO,EXACT_PHYSICAL_EDITION,2,PRICECHARTING_EXACT_PAL_PAGE | REGIONATLAS_LEGACY_PRICECHARTING_CREDIT,B_EXACT_PHYSICAL | B_LEGACY_EXACT_PHYSICAL,https://www.pricecharting.com/game/pal-playstation-4/the-last-spell,La ficha exacta de la edición física PAL etiqueta a esta compañía como Publisher; puede representar publicación o distribución física. | El crédito actual procede de la importación histórica de la ficha física enlazada; se contrasta con la consulta en vivo.,Confirmar si la etiqueta Publisher representa publicación o distribución en la caja PAL.,AMBIGUOUS_NAME | HIGH_OR_BETTER_GROUP_NOT_FULLY_RESOLVED | MISSING_SLUG
ps4-the-legend-of-heroes-trails-beyond-the-horizon-deluxe-edition,The Legend Of Heroes: Trails Beyond The Horizon [Deluxe Edition],PAL España,standard,the legend of heroes trails beyond the horizon,the legend of heroes trails beyond the horizon,EDITION_VARIANT,PHYSICAL_PUBLISHER_OR_DISTRIBUTOR,publisher,NIS America,,NIS America,AMBIGUOUS_NAME,NIS America,REPLACE_OR_ADD_REVIEW,HIGH,NO,EXACT_PHYSICAL_EDITION | PAL_RELEASE,3,PRICECHARTING_EXACT_PAL_PAGE | REGIONATLAS_LEGACY_PRICECHARTING_CREDIT | WIKIPEDIA_PS4_LIST_PAL,B_EXACT_PHYSICAL | B_LEGACY_EXACT_PHYSICAL | B_PAL_RELEASE,https://www.pricecharting.com/game/pal-playstation-4/the-legend-of-heroes-trails-beyond-the-horizon-deluxe-edition | https://en.wikipedia.org/wiki/List_of_PlayStation_4_games_(A%E2%80%93L),La ficha exacta de la edición física PAL etiqueta a esta compañía como Publisher; puede representar publicación o distribución física. | El crédito actual procede de la importación histórica de la ficha física enlazada; se contrasta con la consulta en vivo. | La columna PAL de la lista de PS4 atribuye la publicación a esta compañía.,Confirmar si la etiqueta Publisher representa publicación o distribución en la caja PAL.,AMBIGUOUS_NAME | HIGH_OR_BETTER_GROUP_NOT_FULLY_RESOLVED | MISSING_SLUG
ps4-the-legend-of-heroes-trails-beyond-the-horizon-limited-edition,The Legend Of Heroes: Trails Beyond The Horizon [Limited Edition],PAL España,standard,the legend of heroes trails beyond the horizon,the legend of heroes trails beyond the horizon,EDITION_VARIANT,PHYSICAL_PUBLISHER_OR_DISTRIBUTOR,publisher,NIS America,,NIS America,AMBIGUOUS_NAME,,ADD_MISSING,HIGH,NO,EXACT_PHYSICAL_EDITION | PAL_RELEASE,2,PRICECHARTING_EXACT_PAL_PAGE | WIKIPEDIA_PS4_LIST_PAL,B_EXACT_PHYSICAL | B_PAL_RELEASE,https://www.pricecharting.com/game/pal-playstation-4/the-legend-of-heroes-trails-beyond-the-horizon-limited-edition | https://en.wikipedia.org/wiki/List_of_PlayStation_4_games_(A%E2%80%93L),La ficha exacta de la edición física PAL etiqueta a esta compañía como Publisher; puede representar publicación o distribución física. | La columna PAL de la lista de PS4 atribuye la publicación a esta compañía.,Confirmar si la etiqueta Publisher representa publicación o distribución en la caja PAL.,AMBIGUOUS_NAME | HIGH_OR_BETTER_GROUP_NOT_FULLY_RESOLVED | MISSING_SLUG
ps4-the-legend-of-heroes-trails-to-azure-deluxe-edition,The Legend Of Heroes: Trails To Azure [Deluxe Edition],PAL España,standard,the legend of heroes trails to azure,the legend of heroes trails to azure,EDITION_VARIANT,PHYSICAL_PUBLISHER_OR_DISTRIBUTOR,publisher,NIS America,,NIS America,AMBIGUOUS_NAME,NIS America,REPLACE_OR_ADD_REVIEW,HIGH,NO,EXACT_PHYSICAL_EDITION | PAL_RELEASE,3,PRICECHARTING_EXACT_PAL_PAGE | REGIONATLAS_LEGACY_PRICECHARTING_CREDIT | WIKIPEDIA_PS4_LIST_PAL,B_EXACT_PHYSICAL | B_LEGACY_EXACT_PHYSICAL | B_PAL_RELEASE,https://www.pricecharting.com/game/pal-playstation-4/the-legend-of-heroes-trails-to-azure-deluxe-edition | https://en.wikipedia.org/wiki/List_of_PlayStation_4_games_(A%E2%80%93L),La ficha exacta de la edición física PAL etiqueta a esta compañía como Publisher; puede representar publicación o distribución física. | El crédito actual procede de la importación histórica de la ficha física enlazada; se contrasta con la consulta en vivo. | La columna PAL de la lista de PS4 atribuye la publicación a esta compañía.,Confirmar si la etiqueta Publisher representa publicación o distribución en la caja PAL.,AMBIGUOUS_NAME | HIGH_OR_BETTER_GROUP_NOT_FULLY_RESOLVED | MISSING_SLUG
ps4-the-legend-of-nayuta-boundless-trails,The Legend of Nayuta: Boundless Trails,PAL España,standard,the legend of nayuta boundless trails,the legend of nayuta boundless trails,GAME_OR_UNKNOWN,PHYSICAL_PUBLISHER_OR_DISTRIBUTOR,publisher,NIS America,,NIS America,AMBIGUOUS_NAME,NIS America,REPLACE_OR_ADD_REVIEW,HIGH,NO,EXACT_PHYSICAL_EDITION | PAL_RELEASE,3,PRICECHARTING_EXACT_PAL_PAGE | REGIONATLAS_LEGACY_PRICECHARTING_CREDIT | WIKIPEDIA_PS4_LIST_PAL,B_EXACT_PHYSICAL | B_LEGACY_EXACT_PHYSICAL | B_PAL_RELEASE,https://www.pricecharting.com/game/pal-playstation-4/the-legend-of-nayuta-boundless-trails | https://en.wikipedia.org/wiki/List_of_PlayStation_4_games_(A%E2%80%93L),La ficha exacta de la edición física PAL etiqueta a esta compañía como Publisher; puede representar publicación o distribución física. | El crédito actual procede de la importación histórica de la ficha física enlazada; se contrasta con la consulta en vivo. | La columna PAL de la lista de PS4 atribuye la publicación a esta compañía.,Confirmar si la etiqueta Publisher representa publicación o distribución en la caja PAL.,AMBIGUOUS_NAME | HIGH_OR_BETTER_GROUP_NOT_FULLY_RESOLVED | MISSING_SLUG
ps4-the-long-dark,The Long Dark,PAL España,standard,the long dark,the long dark,GAME_OR_UNKNOWN,DEVELOPER,developer,Hinterland Studio Inc.,,Hinterland Studio | Hinterland Studio Inc.,NOT_IN_COMPANY_INDEX,,ADD_MISSING,HIGH,NO,GAME_WORK | GAME_WORK_OR_PS4_RELEASE | PS4_RELEASE,3,LAUNCHBOX_GAMES_DB | STEAM_STORE | WIKIPEDIA_PS4_LIST,B_OTHER_PLATFORM | B_PS4_RELEASE | C_DISCOVERY,https://en.wikipedia.org/wiki/List_of_PlayStation_4_games_(A%E2%80%93L) | https://store.steampowered.com/app/305620 | https://gamesdb.launchbox-app.com/games/details/473478,"La lista específica de PS4 atribuye el desarrollo a esta compañía. | La ficha comercial de Steam confirma la desarrolladora de la obra, no necesariamente el port de PS4. | LaunchBox registra esta desarrolladora para su ficha de PS4.",No propagar a ports o compilaciones sin comprobar sus créditos propios.,HIGH_OR_BETTER_GROUP_NOT_FULLY_RESOLVED | MISSING_SLUG | NOT_IN_COMPANY_INDEX
ps4-the-lost-child,The Lost Child,PAL España,standard,the lost child,the lost child,GAME_OR_UNKNOWN,PHYSICAL_PUBLISHER_OR_DISTRIBUTOR,publisher,NIS America,,NIS America,AMBIGUOUS_NAME,NIS America,REPLACE_OR_ADD_REVIEW,HIGH,NO,EXACT_PHYSICAL_EDITION | PAL_RELEASE,3,PRICECHARTING_EXACT_PAL_PAGE | REGIONATLAS_LEGACY_PRICECHARTING_CREDIT | WIKIPEDIA_PS4_LIST_PAL,B_EXACT_PHYSICAL | B_LEGACY_EXACT_PHYSICAL | B_PAL_RELEASE,https://www.pricecharting.com/game/pal-playstation-4/the-lost-child | https://en.wikipedia.org/wiki/List_of_PlayStation_4_games_(A%E2%80%93L),La ficha exacta de la edición física PAL etiqueta a esta compañía como Publisher; puede representar publicación o distribución física. | El crédito actual procede de la importación histórica de la ficha física enlazada; se contrasta con la consulta en vivo. | La columna PAL de la lista de PS4 atribuye la publicación a esta compañía.,Confirmar si la etiqueta Publisher representa publicación o distribución en la caja PAL.,AMBIGUOUS_NAME | HIGH_OR_BETTER_GROUP_NOT_FULLY_RESOLVED | MISSING_SLUG
ps4-the-order-1886,The Order: 1886,PAL España,standard,the order 1886,the order 1886,GAME_OR_UNKNOWN,PHYSICAL_PUBLISHER_OR_DISTRIBUTOR,publisher,Sony Computer Entertainment Europe Ltd.,,Sony Computer Entertainment Europe Ltd.,AMBIGUOUS_NAME,Sony Computer Entertainment,REPLACE_OR_ADD_REVIEW,HIGH,NO,EXACT_PHYSICAL_EDITION,1,PRICECHARTING_EXACT_PAL_PAGE,B_EXACT_PHYSICAL,https://www.pricecharting.com/game/pal-playstation-4/the-order-1886,La ficha exacta de la edición física PAL etiqueta a esta compañía como Publisher; puede representar publicación o distribución física.,Confirmar si la etiqueta Publisher representa publicación o distribución en la caja PAL.,AMBIGUOUS_NAME | HIGH_OR_BETTER_GROUP_NOT_FULLY_RESOLVED | MISSING_SLUG
ps4-the-order-1886-blackwater-edition,The Order: 1886 [Blackwater Edition],PAL España,standard,the order 1886,the order 1886,GAME_OR_UNKNOWN,DEVELOPER,developer,Ready At Dawn Studios LLC,,Ready At Dawn Studios LLC | Ready at Dawn Studios,NOT_IN_COMPANY_INDEX,,ADD_MISSING,HIGH,NO,MATCHED_PS4_PRODUCT | PS4_RELEASE,2,LAUNCHBOX_GAMES_DB | PLAYSTATION_STORE_EXPLICIT_CREDIT,A_OFFICIAL_MATCHED_TITLE_CREDIT | C_DISCOVERY,https://store.playstation.com/es-es/product/EP9000-CUSA00076_00-TO1886GAME000000 | https://gamesdb.launchbox-app.com/games/details/18051,developed by Ready At Dawn Studios LLC | LaunchBox registra esta desarrolladora para su ficha de PS4.,No propagar a ports o compilaciones sin comprobar sus créditos propios.,HIGH_OR_BETTER_GROUP_NOT_FULLY_RESOLVED | MISSING_SLUG | NOT_IN_COMPANY_INDEX
ps4-the-order-1886-collector%27s-edition,The Order: 1886 [Collector's Edition],PAL España,standard,the order 1886,the order 1886,EDITION_VARIANT,DEVELOPER,developer,Ready At Dawn Studios LLC,,Ready At Dawn Studios LLC | Ready at Dawn Studios,NOT_IN_COMPANY_INDEX,,ADD_MISSING,HIGH,NO,MATCHED_PS4_PRODUCT | PS4_RELEASE,2,LAUNCHBOX_GAMES_DB | PLAYSTATION_STORE_EXPLICIT_CREDIT,A_OFFICIAL_MATCHED_TITLE_CREDIT | C_DISCOVERY,https://store.playstation.com/es-es/product/EP9000-CUSA00076_00-TO1886GAME000000 | https://gamesdb.launchbox-app.com/games/details/18051,developed by Ready At Dawn Studios LLC | LaunchBox registra esta desarrolladora para su ficha de PS4.,No propagar a ports o compilaciones sin comprobar sus créditos propios.,HIGH_OR_BETTER_GROUP_NOT_FULLY_RESOLVED | MISSING_SLUG | NOT_IN_COMPANY_INDEX
ps4-the-order-1886-limited-edition,The Order 1886 [Limited Edition],PAL España,standard,the order 1886,the order 1886,EDITION_VARIANT,DEVELOPER,developer,Ready At Dawn Studios LLC,,Ready At Dawn Studios LLC | Ready at Dawn Studios,NOT_IN_COMPANY_INDEX,,ADD_MISSING,HIGH,NO,MATCHED_PS4_PRODUCT | PS4_RELEASE,2,LAUNCHBOX_GAMES_DB | PLAYSTATION_STORE_EXPLICIT_CREDIT,A_OFFICIAL_MATCHED_TITLE_CREDIT | C_DISCOVERY,https://store.playstation.com/es-es/product/EP9000-CUSA00076_00-TO1886GAME000000 | https://gamesdb.launchbox-app.com/games/details/18051,developed by Ready At Dawn Studios LLC | LaunchBox registra esta desarrolladora para su ficha de PS4.,No propagar a ports o compilaciones sin comprobar sus créditos propios.,HIGH_OR_BETTER_GROUP_NOT_FULLY_RESOLVED | MISSING_SLUG | NOT_IN_COMPANY_INDEX
ps4-the-order-1886-steelbook,The Order: 1886 [Steelbook],PAL España,standard,the order 1886,the order 1886,EDITION_VARIANT,DEVELOPER,developer,Ready At Dawn Studios LLC,,Ready At Dawn Studios LLC | Ready at Dawn Studios,NOT_IN_COMPANY_INDEX,,ADD_MISSING,HIGH,NO,MATCHED_PS4_PRODUCT | PS4_RELEASE,2,LAUNCHBOX_GAMES_DB | PLAYSTATION_STORE_EXPLICIT_CREDIT,A_OFFICIAL_MATCHED_TITLE_CREDIT | C_DISCOVERY,https://store.playstation.com/es-es/product/EP9000-CUSA00076_00-TO1886GAME000000 | https://gamesdb.launchbox-app.com/games/details/18051,developed by Ready At Dawn Studios LLC | LaunchBox registra esta desarrolladora para su ficha de PS4.,No propagar a ports o compilaciones sin comprobar sus créditos propios.,HIGH_OR_BETTER_GROUP_NOT_FULLY_RESOLVED | MISSING_SLUG | NOT_IN_COMPANY_INDEX
ps4-the-order-1886-steelbook,The Order: 1886 [Steelbook],PAL España,standard,the order 1886,the order 1886,EDITION_VARIANT,DEVELOPER,developer,Ready at Dawn,ready-at-dawn,Ready at Dawn,EXACT_NAME_OR_ALIAS,,ADD_MISSING,HIGH,NO,EXACT_PHYSICAL_EDITION | GAME_WORK | GAME_WORK_OR_PS4_RELEASE,3,PRICECHARTING_EXACT_PAL_PAGE | WIKIDATA | WIKIPEDIA_PS4_LIST,B_EXACT_PHYSICAL | B_PS4_RELEASE | C_DISCOVERY,https://www.pricecharting.com/game/pal-playstation-4/the-order-1886-steelbook | https://en.wikipedia.org/wiki/List_of_PlayStation_4_games_(M%E2%80%93Z) | https://www.wikidata.org/wiki/Q13427968,La ficha enlazada de la edición física PAL atribuye el desarrollo a esta compañía. | La lista específica de PS4 atribuye el desarrollo a esta compañía. | Wikidata registra la compañía como desarrolladora.,No propagar a ports o compilaciones sin comprobar sus créditos propios.,HIGH_OR_BETTER_GROUP_NOT_FULLY_RESOLVED
ps4-the-princess-guide,The Princess Guide,PAL España,standard,the princess guide,the princess guide,GAME_OR_UNKNOWN,PHYSICAL_PUBLISHER_OR_DISTRIBUTOR,publisher,NIS America,,NIS America,AMBIGUOUS_NAME,NIS America,REPLACE_OR_ADD_REVIEW,HIGH,NO,EXACT_PHYSICAL_EDITION,2,PRICECHARTING_EXACT_PAL_PAGE | REGIONATLAS_LEGACY_PRICECHARTING_CREDIT,B_EXACT_PHYSICAL | B_LEGACY_EXACT_PHYSICAL,https://www.pricecharting.com/game/pal-playstation-4/the-princess-guide,La ficha exacta de la edición física PAL etiqueta a esta compañía como Publisher; puede representar publicación o distribución física. | El crédito actual procede de la importación histórica de la ficha física enlazada; se contrasta con la consulta en vivo.,Confirmar si la etiqueta Publisher representa publicación o distribución en la caja PAL.,AMBIGUOUS_NAME | HIGH_OR_BETTER_GROUP_NOT_FULLY_RESOLVED | MISSING_SLUG
ps4-the-sinking-city,The Sinking City,PAL España,standard,the sinking city,the sinking city,GAME_OR_UNKNOWN,PHYSICAL_PUBLISHER_OR_DISTRIBUTOR,publisher,Bigben Interactive,,Bigben Interactive,AMBIGUOUS_NAME,Bigben Interactive,REPLACE_OR_ADD_REVIEW,HIGH,NO,EXACT_PHYSICAL_EDITION | PAL_RELEASE,2,REGIONATLAS_LEGACY_PRICECHARTING_CREDIT | WIKIPEDIA_PS4_LIST_PAL,B_LEGACY_EXACT_PHYSICAL | B_PAL_RELEASE,https://www.pricecharting.com/game/pal-playstation-4/the-sinking-city | https://en.wikipedia.org/wiki/List_of_PlayStation_4_games_(M%E2%80%93Z),El crédito actual procede de la importación histórica de la ficha física enlazada; se contrasta con la consulta en vivo. | La columna PAL de la lista de PS4 atribuye la publicación a esta compañía.,Confirmar si la etiqueta Publisher representa publicación o distribución en la caja PAL.,AMBIGUOUS_NAME | HIGH_OR_BETTER_GROUP_NOT_FULLY_RESOLVED | MISSING_SLUG
ps4-the-sisters-party-of-the-year,The Sisters: Party of the Year,PAL España,standard,the sisters party of the year,the sisters party of the year,GAME_OR_UNKNOWN,DEVELOPER,developer,Balio Studio,,Balio Studio,NOT_IN_COMPANY_INDEX,Balio Studio / VetaSoft,REPLACE_OR_ADD_REVIEW,HIGH,NO,EXACT_PHYSICAL_EDITION | GAME_WORK | PS4_RELEASE,4,LAUNCHBOX_GAMES_DB | REGIONATLAS_LEGACY_PRICECHARTING_CREDIT | STEAM_STORE | WIKIDATA,B_LEGACY_EXACT_PHYSICAL | B_OTHER_PLATFORM | C_DISCOVERY,https://www.pricecharting.com/game/pal-playstation-4/the-sisters-party-of-the-year | https://store.steampowered.com/app/1502540 | https://www.wikidata.org/wiki/Q122342655 | https://gamesdb.launchbox-app.com/games/details/473793,"El crédito actual procede de la importación histórica de la ficha física enlazada; se contrasta con la consulta en vivo. | La ficha comercial de Steam confirma la desarrolladora de la obra, no necesariamente el port de PS4. | Wikidata registra la compañía como desarrolladora. | LaunchBox registra esta desarrolladora para su ficha de PS4.",No propagar a ports o compilaciones sin comprobar sus créditos propios.,HIGH_OR_BETTER_GROUP_NOT_FULLY_RESOLVED | MISSING_SLUG | NOT_IN_COMPANY_INDEX
ps4-the-talos-principle-deluxe-edition,The Talos Principle: Deluxe Edition,PAL España,standard,the talos principle,the talos principle,EDITION_VARIANT,DEVELOPER,developer,Croteam,,Croteam,NOT_IN_COMPANY_INDEX,,ADD_MISSING,HIGH,NO,GAME_WORK | GAME_WORK_OR_PS4_RELEASE | PS4_RELEASE,4,LAUNCHBOX_GAMES_DB | STEAM_STORE | WIKIDATA | WIKIPEDIA_PS4_LIST,B_OTHER_PLATFORM | B_PS4_RELEASE | C_DISCOVERY,https://en.wikipedia.org/wiki/List_of_PlayStation_4_games_(M%E2%80%93Z) | https://store.steampowered.com/app/257510 | https://www.wikidata.org/wiki/Q18620506 | https://gamesdb.launchbox-app.com/games/details/34228,"La lista específica de PS4 atribuye el desarrollo a esta compañía. | La ficha comercial de Steam confirma la desarrolladora de la obra, no necesariamente el port de PS4. | Wikidata registra la compañía como desarrolladora. | LaunchBox registra esta desarrolladora para su ficha de PS4.",No propagar a ports o compilaciones sin comprobar sus créditos propios.,HIGH_OR_BETTER_GROUP_NOT_FULLY_RESOLVED | MISSING_SLUG | NOT_IN_COMPANY_INDEX
ps4-thief,Thief,PAL España,standard,thief,thief,GAME_OR_UNKNOWN,PHYSICAL_PUBLISHER_OR_DISTRIBUTOR,publisher,Square Enix,,Square Enix,AMBIGUOUS_NAME,Square Enix,REPLACE_OR_ADD_REVIEW,HIGH,NO,EXACT_PHYSICAL_EDITION | PAL_RELEASE,2,REGIONATLAS_LEGACY_PRICECHARTING_CREDIT | WIKIPEDIA_PS4_LIST_PAL,B_LEGACY_EXACT_PHYSICAL | B_PAL_RELEASE,https://www.pricecharting.com/game/pal-playstation-4/thief | https://en.wikipedia.org/wiki/List_of_PlayStation_4_games_(M%E2%80%93Z),El crédito actual procede de la importación histórica de la ficha física enlazada; se contrasta con la consulta en vivo. | La columna PAL de la lista de PS4 atribuye la publicación a esta compañía.,Confirmar si la etiqueta Publisher representa publicación o distribución en la caja PAL.,AMBIGUOUS_NAME | HIGH_OR_BETTER_GROUP_NOT_FULLY_RESOLVED | MISSING_SLUG
ps4-this-is-the-police,This is the Police,PAL España,standard,this is the police,this is the police,GAME_OR_UNKNOWN,PHYSICAL_PUBLISHER_OR_DISTRIBUTOR,publisher,THQ Nordic,,THQ Nordic,AMBIGUOUS_NAME,THQ Nordic,REPLACE_OR_ADD_REVIEW,HIGH,NO,EXACT_PHYSICAL_EDITION | PAL_RELEASE,2,REGIONATLAS_LEGACY_PRICECHARTING_CREDIT | WIKIPEDIA_PS4_LIST_PAL,B_LEGACY_EXACT_PHYSICAL | B_PAL_RELEASE,https://www.pricecharting.com/game/pal-playstation-4/this-is-the-police | https://en.wikipedia.org/wiki/List_of_PlayStation_4_games_(M%E2%80%93Z),El crédito actual procede de la importación histórica de la ficha física enlazada; se contrasta con la consulta en vivo. | La columna PAL de la lista de PS4 atribuye la publicación a esta compañía.,Confirmar si la etiqueta Publisher representa publicación o distribución en la caja PAL.,AMBIGUOUS_NAME | HIGH_OR_BETTER_GROUP_NOT_FULLY_RESOLVED | MISSING_SLUG
ps4-tin-&amp;-kuna,Tin & Kuna,PAL España,standard,tin and kuna,tin and kuna,GAME_OR_UNKNOWN,DEVELOPER,developer,Black River Studios,,Black River Studios,NOT_IN_COMPANY_INDEX,,ADD_MISSING,HIGH,NO,EXACT_PHYSICAL_EDITION | GAME_WORK | PS4_RELEASE,3,LAUNCHBOX_GAMES_DB | PRICECHARTING_EXACT_PAL_PAGE | STEAM_STORE,B_EXACT_PHYSICAL | B_OTHER_PLATFORM | C_DISCOVERY,https://www.pricecharting.com/game/pal-playstation-4/tin-&-kuna | https://store.steampowered.com/app/1206380 | https://gamesdb.launchbox-app.com/games/details/473983,"La ficha enlazada de la edición física PAL atribuye el desarrollo a esta compañía. | La ficha comercial de Steam confirma la desarrolladora de la obra, no necesariamente el port de PS4. | LaunchBox registra esta desarrolladora para su ficha de PS4.",No propagar a ports o compilaciones sin comprobar sus créditos propios.,HIGH_OR_BETTER_GROUP_NOT_FULLY_RESOLVED | MISSING_SLUG | NOT_IN_COMPANY_INDEX
ps4-titan-quest,Titan Quest,PAL España,standard,titan quest,titan quest,GAME_OR_UNKNOWN,PHYSICAL_PUBLISHER_OR_DISTRIBUTOR,publisher,THQ Nordic,,THQ Nordic,AMBIGUOUS_NAME,THQ Nordic,REPLACE_OR_ADD_REVIEW,HIGH,NO,EXACT_PHYSICAL_EDITION,2,PRICECHARTING_EXACT_PAL_PAGE | REGIONATLAS_LEGACY_PRICECHARTING_CREDIT,B_EXACT_PHYSICAL | B_LEGACY_EXACT_PHYSICAL,https://www.pricecharting.com/game/pal-playstation-4/titan-quest,La ficha exacta de la edición física PAL etiqueta a esta compañía como Publisher; puede representar publicación o distribución física. | El crédito actual procede de la importación histórica de la ficha física enlazada; se contrasta con la consulta en vivo.,Confirmar si la etiqueta Publisher representa publicación o distribución en la caja PAL.,AMBIGUOUS_NAME | HIGH_OR_BETTER_GROUP_NOT_FULLY_RESOLVED | MISSING_SLUG
ps4-titan-quest-collector%27s-edition,Titan Quest [Collector's Edition],PAL España,standard,titan quest,titan quest,EDITION_VARIANT,DEVELOPER,developer,Black Forest Games,black-forest-games,Black Forest Games,EXACT_NAME_OR_ALIAS,,ADD_MISSING,HIGH,NO,MATCHED_PS4_PRODUCT,1,PLAYSTATION_STORE_EXPLICIT_CREDIT,A_OFFICIAL_MATCHED_TITLE_CREDIT,https://store.playstation.com/es-es/product/EP4389-CUSA08366_00-TITANQUEST000000,Developed by Black Forest Games | Developed by Iron Lore Entertainment,No propagar a ports o compilaciones sin comprobar sus créditos propios.,HIGH_OR_BETTER_GROUP_NOT_FULLY_RESOLVED
ps4-titan-quest-collector%27s-edition,Titan Quest [Collector's Edition],PAL España,standard,titan quest,titan quest,EDITION_VARIANT,DEVELOPER,developer,Iron Lore Entertainment,,Iron Lore Entertainment,NOT_IN_COMPANY_INDEX,,ADD_MISSING,HIGH,NO,GAME_WORK | MATCHED_PS4_PRODUCT,2,PLAYSTATION_STORE_EXPLICIT_CREDIT | WIKIDATA,A_OFFICIAL_MATCHED_TITLE_CREDIT | C_DISCOVERY,https://store.playstation.com/es-es/product/EP4389-CUSA08366_00-TITANQUEST000000 | https://www.wikidata.org/wiki/Q324871,Developed by Black Forest Games | Developed by Iron Lore Entertainment | Wikidata registra la compañía como desarrolladora.,No propagar a ports o compilaciones sin comprobar sus créditos propios.,HIGH_OR_BETTER_GROUP_NOT_FULLY_RESOLVED | MISSING_SLUG | NOT_IN_COMPANY_INDEX
ps4-toby-the-secret-mine,Toby: The Secret Mine,PAL España,standard,toby the secret mine,toby the secret mine,GAME_OR_UNKNOWN,DEVELOPER,developer,Lukas Navratil,,Lukáš Navrátil | Lukas Navratil,NOT_IN_COMPANY_INDEX,,ADD_MISSING,HIGH,NO,GAME_WORK | GAME_WORK_OR_PS4_RELEASE | PS4_RELEASE,4,LAUNCHBOX_GAMES_DB | STEAM_STORE | WIKIDATA | WIKIPEDIA_PS4_LIST,B_OTHER_PLATFORM | B_PS4_RELEASE | C_DISCOVERY,https://en.wikipedia.org/wiki/List_of_PlayStation_4_games_(M%E2%80%93Z) | https://store.steampowered.com/app/395160 | https://www.wikidata.org/wiki/Q21162315 | https://gamesdb.launchbox-app.com/games/details/446639,"La lista específica de PS4 atribuye el desarrollo a esta compañía. | La ficha comercial de Steam confirma la desarrolladora de la obra, no necesariamente el port de PS4. | Wikidata registra la compañía como desarrolladora. | LaunchBox registra esta desarrolladora para su ficha de PS4.",No propagar a ports o compilaciones sin comprobar sus créditos propios.,HIGH_OR_BETTER_GROUP_NOT_FULLY_RESOLVED | MISSING_SLUG | NOT_IN_COMPANY_INDEX
ps4-tokyo-twilight-ghost-hunters,Tokyo Twilight Ghost Hunters,PAL España,standard,tokyo twilight ghost hunters,tokyo twilight ghost hunters,GAME_OR_UNKNOWN,PHYSICAL_PUBLISHER_OR_DISTRIBUTOR,publisher,NIS America,,NIS America,AMBIGUOUS_NAME,NIS America,REPLACE_OR_ADD_REVIEW,HIGH,NO,EXACT_PHYSICAL_EDITION,2,PRICECHARTING_EXACT_PAL_PAGE | REGIONATLAS_LEGACY_PRICECHARTING_CREDIT,B_EXACT_PHYSICAL | B_LEGACY_EXACT_PHYSICAL,https://www.pricecharting.com/game/pal-playstation-4/tokyo-twilight-ghost-hunters,La ficha exacta de la edición física PAL etiqueta a esta compañía como Publisher; puede representar publicación o distribución física. | El crédito actual procede de la importación histórica de la ficha física enlazada; se contrasta con la consulta en vivo.,Confirmar si la etiqueta Publisher representa publicación o distribución en la caja PAL.,AMBIGUOUS_NAME | HIGH_OR_BETTER_GROUP_NOT_FULLY_RESOLVED | MISSING_SLUG
ps4-tom-clancy%27s-the-division-2,Tom Clancy's The Division 2,PAL España,standard,tom clancy s the division 2,tom clancy s the division 2,GAME_OR_UNKNOWN,PHYSICAL_PUBLISHER_OR_DISTRIBUTOR,publisher,Ubisoft,,Ubisoft,AMBIGUOUS_NAME,Ubisoft,REPLACE_OR_ADD_REVIEW,HIGH,NO,EXACT_PHYSICAL_EDITION | PAL_RELEASE,3,PRICECHARTING_EXACT_PAL_PAGE | REGIONATLAS_LEGACY_PRICECHARTING_CREDIT | WIKIPEDIA_PS4_LIST_PAL,B_EXACT_PHYSICAL | B_LEGACY_EXACT_PHYSICAL | B_PAL_RELEASE,https://www.pricecharting.com/game/pal-playstation-4/tom-clancy%27s-the-division-2 | https://en.wikipedia.org/wiki/List_of_PlayStation_4_games_(M%E2%80%93Z),La ficha exacta de la edición física PAL etiqueta a esta compañía como Publisher; puede representar publicación o distribución física. | El crédito actual procede de la importación histórica de la ficha física enlazada; se contrasta con la consulta en vivo. | La columna PAL de la lista de PS4 atribuye la publicación a esta compañía.,Confirmar si la etiqueta Publisher representa publicación o distribución en la caja PAL.,AMBIGUOUS_NAME | HIGH_OR_BETTER_GROUP_NOT_FULLY_RESOLVED | MISSING_SLUG
ps4-tom-clancy%27s-the-division-2-gold-edition,Tom Clancy's The Division 2 [Gold Edition],PAL España,standard,tom clancy s the division 2,tom clancy s the division 2,GAME_OR_UNKNOWN,PHYSICAL_PUBLISHER_OR_DISTRIBUTOR,publisher,Ubisoft,,Ubisoft,AMBIGUOUS_NAME,,ADD_MISSING,HIGH,NO,EXACT_PHYSICAL_EDITION | PAL_RELEASE,2,PRICECHARTING_EXACT_PAL_PAGE | WIKIPEDIA_PS4_LIST_PAL,B_EXACT_PHYSICAL | B_PAL_RELEASE,https://www.pricecharting.com/game/pal-playstation-4/tom-clancy%27s-the-division-2-gold-edition | https://en.wikipedia.org/wiki/List_of_PlayStation_4_games_(M%E2%80%93Z),La ficha exacta de la edición física PAL etiqueta a esta compañía como Publisher; puede representar publicación o distribución física. | La columna PAL de la lista de PS4 atribuye la publicación a esta compañía.,Confirmar si la etiqueta Publisher representa publicación o distribución en la caja PAL.,AMBIGUOUS_NAME | HIGH_OR_BETTER_GROUP_NOT_FULLY_RESOLVED | MISSING_SLUG
ps4-tom-clancy%27s-the-division-2-limited-edition,Tom Clancy's The Division 2 [Limited Edition],PAL España,standard,tom clancy s the division 2,tom clancy s the division 2,EDITION_VARIANT,PHYSICAL_PUBLISHER_OR_DISTRIBUTOR,publisher,Ubisoft,,Ubisoft,AMBIGUOUS_NAME,,ADD_MISSING,HIGH,NO,EXACT_PHYSICAL_EDITION | PAL_RELEASE,2,PRICECHARTING_EXACT_PAL_PAGE | WIKIPEDIA_PS4_LIST_PAL,B_EXACT_PHYSICAL | B_PAL_RELEASE,https://www.pricecharting.com/game/pal-playstation-4/tom-clancy%27s-the-division-2-limited-edition | https://en.wikipedia.org/wiki/List_of_PlayStation_4_games_(M%E2%80%93Z),La ficha exacta de la edición física PAL etiqueta a esta compañía como Publisher; puede representar publicación o distribución física. | La columna PAL de la lista de PS4 atribuye la publicación a esta compañía.,Confirmar si la etiqueta Publisher representa publicación o distribución en la caja PAL.,AMBIGUOUS_NAME | HIGH_OR_BETTER_GROUP_NOT_FULLY_RESOLVED | MISSING_SLUG
ps4-tom-clancy%27s-the-division-2-washington-dc-edition,Tom Clancy's The Division 2 [Washington D.C. Edition],PAL España,standard,tom clancy s the division 2,tom clancy s the division 2,GAME_OR_UNKNOWN,PHYSICAL_PUBLISHER_OR_DISTRIBUTOR,publisher,Ubisoft,,Ubisoft,AMBIGUOUS_NAME,,ADD_MISSING,HIGH,NO,EXACT_PHYSICAL_EDITION | PAL_RELEASE,2,PRICECHARTING_EXACT_PAL_PAGE | WIKIPEDIA_PS4_LIST_PAL,B_EXACT_PHYSICAL | B_PAL_RELEASE,https://www.pricecharting.com/game/pal-playstation-4/tom-clancy%27s-the-division-2-washington-dc-edition | https://en.wikipedia.org/wiki/List_of_PlayStation_4_games_(M%E2%80%93Z),La ficha exacta de la edición física PAL etiqueta a esta compañía como Publisher; puede representar publicación o distribución física. | La columna PAL de la lista de PS4 atribuye la publicación a esta compañía.,Confirmar si la etiqueta Publisher representa publicación o distribución en la caja PAL.,AMBIGUOUS_NAME | HIGH_OR_BETTER_GROUP_NOT_FULLY_RESOLVED | MISSING_SLUG
ps4-tom-clancy%27s-the-division-gold-edition,Tom Clancy's The Division [Gold Edition],PAL España,standard,tom clancy s the division,tom clancy s the division,GAME_OR_UNKNOWN,PHYSICAL_PUBLISHER_OR_DISTRIBUTOR,publisher,ubisoft,,ubisoft | Ubisoft,AMBIGUOUS_NAME,,ADD_MISSING,HIGH,NO,EXACT_PHYSICAL_EDITION | PAL_RELEASE,2,PRICECHARTING_EXACT_PAL_PAGE | WIKIPEDIA_PS4_LIST_PAL,B_EXACT_PHYSICAL | B_PAL_RELEASE,https://www.pricecharting.com/game/pal-playstation-4/tom-clancy%27s-the-division-gold-edition | https://en.wikipedia.org/wiki/List_of_PlayStation_4_games_(M%E2%80%93Z),La ficha exacta de la edición física PAL etiqueta a esta compañía como Publisher; puede representar publicación o distribución física. | La columna PAL de la lista de PS4 atribuye la publicación a esta compañía.,Confirmar si la etiqueta Publisher representa publicación o distribución en la caja PAL.,AMBIGUOUS_NAME | HIGH_OR_BETTER_GROUP_NOT_FULLY_RESOLVED | MISSING_SLUG
ps4-tom-clancy%27s-the-division-limited-edition,Tom Clancy's The Division [Limited Edition],PAL España,standard,tom clancy s the division,tom clancy s the division,EDITION_VARIANT,PHYSICAL_PUBLISHER_OR_DISTRIBUTOR,publisher,Ubisoft,,Ubisoft,AMBIGUOUS_NAME,,ADD_MISSING,HIGH,NO,EXACT_PHYSICAL_EDITION | PAL_RELEASE,2,PRICECHARTING_EXACT_PAL_PAGE | WIKIPEDIA_PS4_LIST_PAL,B_EXACT_PHYSICAL | B_PAL_RELEASE,https://www.pricecharting.com/game/pal-playstation-4/tom-clancy%27s-the-division-limited-edition | https://en.wikipedia.org/wiki/List_of_PlayStation_4_games_(M%E2%80%93Z),La ficha exacta de la edición física PAL etiqueta a esta compañía como Publisher; puede representar publicación o distribución física. | La columna PAL de la lista de PS4 atribuye la publicación a esta compañía.,Confirmar si la etiqueta Publisher representa publicación o distribución en la caja PAL.,AMBIGUOUS_NAME | HIGH_OR_BETTER_GROUP_NOT_FULLY_RESOLVED | MISSING_SLUG
ps4-toukiden-2,Toukiden 2,PAL España,standard,toukiden 2,toukiden 2,GAME_OR_UNKNOWN,PHYSICAL_PUBLISHER_OR_DISTRIBUTOR,publisher,Koei Tecmo Europe Ltd.,,Koei Tecmo Europe Ltd.,AMBIGUOUS_NAME,Koei Tecmo Europe Ltd.,REPLACE_OR_ADD_REVIEW,HIGH,NO,EXACT_PHYSICAL_EDITION,2,PRICECHARTING_EXACT_PAL_PAGE | REGIONATLAS_LEGACY_PRICECHARTING_CREDIT,B_EXACT_PHYSICAL | B_LEGACY_EXACT_PHYSICAL,https://www.pricecharting.com/game/pal-playstation-4/toukiden-2,La ficha exacta de la edición física PAL etiqueta a esta compañía como Publisher; puede representar publicación o distribución física. | El crédito actual procede de la importación histórica de la ficha física enlazada; se contrasta con la consulta en vivo.,Confirmar si la etiqueta Publisher representa publicación o distribución en la caja PAL.,AMBIGUOUS_NAME | HIGH_OR_BETTER_GROUP_NOT_FULLY_RESOLVED | MISSING_SLUG
ps4-tower-of-guns,Tower of Guns,PAL España,standard,tower of guns,tower of guns,GAME_OR_UNKNOWN,DEVELOPER,developer,Terrible Posture Games,,Terrible Posture Games,NOT_IN_COMPANY_INDEX,,ADD_MISSING,HIGH,NO,GAME_WORK | GAME_WORK_OR_PS4_RELEASE,3,STEAM_STORE | WIKIDATA | WIKIPEDIA_PS4_LIST,B_OTHER_PLATFORM | B_PS4_RELEASE | C_DISCOVERY,https://en.wikipedia.org/wiki/List_of_PlayStation_4_games_(M%E2%80%93Z) | https://store.steampowered.com/app/266110 | https://www.wikidata.org/wiki/Q16743234,"La lista específica de PS4 atribuye el desarrollo a esta compañía. | La ficha comercial de Steam confirma la desarrolladora de la obra, no necesariamente el port de PS4. | Wikidata registra la compañía como desarrolladora.",No propagar a ports o compilaciones sin comprobar sus créditos propios.,HIGH_OR_BETTER_GROUP_NOT_FULLY_RESOLVED | MISSING_SLUG | NOT_IN_COMPANY_INDEX
ps4-tower-of-guns-limited-edition,Tower Of Guns [Limited Edition],PAL España,standard,tower of guns,tower of guns,EDITION_VARIANT,DEVELOPER,developer,Terrible Posture Games,,Terrible Posture Games,NOT_IN_COMPANY_INDEX,,ADD_MISSING,HIGH,NO,GAME_WORK | GAME_WORK_OR_PS4_RELEASE,3,STEAM_STORE | WIKIDATA | WIKIPEDIA_PS4_LIST,B_OTHER_PLATFORM | B_PS4_RELEASE | C_DISCOVERY,https://en.wikipedia.org/wiki/List_of_PlayStation_4_games_(M%E2%80%93Z) | https://store.steampowered.com/app/266110 | https://www.wikidata.org/wiki/Q16743234,"La lista específica de PS4 atribuye el desarrollo a esta compañía. | La ficha comercial de Steam confirma la desarrolladora de la obra, no necesariamente el port de PS4. | Wikidata registra la compañía como desarrolladora.",No propagar a ports o compilaciones sin comprobar sus créditos propios.,HIGH_OR_BETTER_GROUP_NOT_FULLY_RESOLVED | MISSING_SLUG | NOT_IN_COMPANY_INDEX
ps4-tower-of-guns-special-edition,Tower Of Guns [Special Edition],PAL España,standard,tower of guns,tower of guns,EDITION_VARIANT,DEVELOPER,developer,Terrible Posture Games,,Terrible Posture Games,NOT_IN_COMPANY_INDEX,,ADD_MISSING,HIGH,NO,GAME_WORK | GAME_WORK_OR_PS4_RELEASE,3,STEAM_STORE | WIKIDATA | WIKIPEDIA_PS4_LIST,B_OTHER_PLATFORM | B_PS4_RELEASE | C_DISCOVERY,https://en.wikipedia.org/wiki/List_of_PlayStation_4_games_(M%E2%80%93Z) | https://store.steampowered.com/app/266110 | https://www.wikidata.org/wiki/Q16743234,"La lista específica de PS4 atribuye el desarrollo a esta compañía. | La ficha comercial de Steam confirma la desarrolladora de la obra, no necesariamente el port de PS4. | Wikidata registra la compañía como desarrolladora.",No propagar a ports o compilaciones sin comprobar sus créditos propios.,HIGH_OR_BETTER_GROUP_NOT_FULLY_RESOLVED | MISSING_SLUG | NOT_IN_COMPANY_INDEX
ps4-town-of-light,Town of Light,PAL España,standard,town of light,town of light,GAME_OR_UNKNOWN,PHYSICAL_PUBLISHER_OR_DISTRIBUTOR,publisher,THQ Nordic,,THQ Nordic,AMBIGUOUS_NAME,THQ Nordic,REPLACE_OR_ADD_REVIEW,HIGH,NO,EXACT_PHYSICAL_EDITION,2,PRICECHARTING_EXACT_PAL_PAGE | REGIONATLAS_LEGACY_PRICECHARTING_CREDIT,B_EXACT_PHYSICAL | B_LEGACY_EXACT_PHYSICAL,https://www.pricecharting.com/game/pal-playstation-4/town-of-light,La ficha exacta de la edición física PAL etiqueta a esta compañía como Publisher; puede representar publicación o distribución física. | El crédito actual procede de la importación histórica de la ficha física enlazada; se contrasta con la consulta en vivo.,Confirmar si la etiqueta Publisher representa publicación o distribución en la caja PAL.,AMBIGUOUS_NAME | HIGH_OR_BETTER_GROUP_NOT_FULLY_RESOLVED | MISSING_SLUG
ps4-trails-of-cold-steel-decisive-edition,Trails of Cold Steel [Decisive Edition],PAL España,standard,trails of cold steel,trails of cold steel,GAME_OR_UNKNOWN,PHYSICAL_PUBLISHER_OR_DISTRIBUTOR,publisher,Marvelous,,Marvelous,AMBIGUOUS_NAME,Marvelous,REPLACE_OR_ADD_REVIEW,HIGH,NO,EXACT_PHYSICAL_EDITION,2,PRICECHARTING_EXACT_PAL_PAGE | REGIONATLAS_LEGACY_PRICECHARTING_CREDIT,B_EXACT_PHYSICAL | B_LEGACY_EXACT_PHYSICAL,https://www.pricecharting.com/game/pal-playstation-4/trails-of-cold-steel-decisive-edition,La ficha exacta de la edición física PAL etiqueta a esta compañía como Publisher; puede representar publicación o distribución física. | El crédito actual procede de la importación histórica de la ficha física enlazada; se contrasta con la consulta en vivo.,Confirmar si la etiqueta Publisher representa publicación o distribución en la caja PAL.,AMBIGUOUS_NAME | HIGH_OR_BETTER_GROUP_NOT_FULLY_RESOLVED | MISSING_SLUG
ps4-trek-to-yomi,Trek to Yomi,PAL España,standard,trek to yomi,trek to yomi,GAME_OR_UNKNOWN,DEVELOPER,developer,Flying Wild Hog,flying-wild-hog,Flying Wild Hog,EXACT_NAME_OR_ALIAS,Flying Wild Hog / Leonard Menchiari,REPLACE_OR_ADD_REVIEW,HIGH,NO,EXACT_PHYSICAL_EDITION | GAME_WORK,3,REGIONATLAS_LEGACY_PRICECHARTING_CREDIT | STEAM_STORE | WIKIDATA,B_LEGACY_EXACT_PHYSICAL | B_OTHER_PLATFORM | C_DISCOVERY,https://www.pricecharting.com/game/pal-playstation-4/trek-to-yomi | https://store.steampowered.com/app/1370050 | https://www.wikidata.org/wiki/Q111539377,"El crédito actual procede de la importación histórica de la ficha física enlazada; se contrasta con la consulta en vivo. | La ficha comercial de Steam confirma la desarrolladora de la obra, no necesariamente el port de PS4. | Wikidata registra la compañía como desarrolladora.",No propagar a ports o compilaciones sin comprobar sus créditos propios.,HIGH_OR_BETTER_GROUP_NOT_FULLY_RESOLVED
ps4-trek-to-yomi,Trek to Yomi,PAL España,standard,trek to yomi,trek to yomi,GAME_OR_UNKNOWN,DEVELOPER,developer,Leonard Menchiari,,Leonard Menchiari,NOT_IN_COMPANY_INDEX,Flying Wild Hog / Leonard Menchiari,REPLACE_OR_ADD_REVIEW,HIGH,NO,EXACT_PHYSICAL_EDITION | GAME_WORK | PS4_RELEASE,3,LAUNCHBOX_GAMES_DB | REGIONATLAS_LEGACY_PRICECHARTING_CREDIT | STEAM_STORE,B_LEGACY_EXACT_PHYSICAL | B_OTHER_PLATFORM | C_DISCOVERY,https://www.pricecharting.com/game/pal-playstation-4/trek-to-yomi | https://store.steampowered.com/app/1370050 | https://gamesdb.launchbox-app.com/games/details/474083,"El crédito actual procede de la importación histórica de la ficha física enlazada; se contrasta con la consulta en vivo. | La ficha comercial de Steam confirma la desarrolladora de la obra, no necesariamente el port de PS4. | LaunchBox registra esta desarrolladora para su ficha de PS4.",No propagar a ports o compilaciones sin comprobar sus créditos propios.,HIGH_OR_BETTER_GROUP_NOT_FULLY_RESOLVED | MISSING_SLUG | NOT_IN_COMPANY_INDEX
ps4-trials-fusion,Trials Fusion,PAL España,standard,trials fusion,trials fusion,GAME_OR_UNKNOWN,PHYSICAL_PUBLISHER_OR_DISTRIBUTOR,publisher,Ubisoft,,Ubisoft,AMBIGUOUS_NAME,Ubisoft,REPLACE_OR_ADD_REVIEW,HIGH,NO,EXACT_PHYSICAL_EDITION | PAL_RELEASE,3,PRICECHARTING_EXACT_PAL_PAGE | REGIONATLAS_LEGACY_PRICECHARTING_CREDIT | WIKIPEDIA_PS4_LIST_PAL,B_EXACT_PHYSICAL | B_LEGACY_EXACT_PHYSICAL | B_PAL_RELEASE,https://www.pricecharting.com/game/pal-playstation-4/trials-fusion | https://en.wikipedia.org/wiki/List_of_PlayStation_4_games_(M%E2%80%93Z),La ficha exacta de la edición física PAL etiqueta a esta compañía como Publisher; puede representar publicación o distribución física. | El crédito actual procede de la importación histórica de la ficha física enlazada; se contrasta con la consulta en vivo. | La columna PAL de la lista de PS4 atribuye la publicación a esta compañía.,Confirmar si la etiqueta Publisher representa publicación o distribución en la caja PAL.,AMBIGUOUS_NAME | HIGH_OR_BETTER_GROUP_NOT_FULLY_RESOLVED | MISSING_SLUG
ps4-trials-fusion-the-awesome-max-edition,Trials Fusion [The Awesome MAX Edition],PAL España,standard,trials fusion,trials fusion,GAME_OR_UNKNOWN,PHYSICAL_PUBLISHER_OR_DISTRIBUTOR,publisher,Ubisoft,,Ubisoft,AMBIGUOUS_NAME,,ADD_MISSING,HIGH,NO,EXACT_PHYSICAL_EDITION | PAL_RELEASE,2,PRICECHARTING_EXACT_PAL_PAGE | WIKIPEDIA_PS4_LIST_PAL,B_EXACT_PHYSICAL | B_PAL_RELEASE,https://www.pricecharting.com/game/pal-playstation-4/trials-fusion-the-awesome-max-edition | https://en.wikipedia.org/wiki/List_of_PlayStation_4_games_(M%E2%80%93Z),La ficha exacta de la edición física PAL etiqueta a esta compañía como Publisher; puede representar publicación o distribución física. | La columna PAL de la lista de PS4 atribuye la publicación a esta compañía.,Confirmar si la etiqueta Publisher representa publicación o distribución en la caja PAL.,AMBIGUOUS_NAME | HIGH_OR_BETTER_GROUP_NOT_FULLY_RESOLVED | MISSING_SLUG
ps4-trials-of-mana,Trials of Mana,PAL España,standard,trials of mana,trials of mana,GAME_OR_UNKNOWN,DEVELOPER,developer,Square Enix,,Square Enix,AMBIGUOUS_NAME,Square Enix,REPLACE_OR_ADD_REVIEW,HIGH,NO,EXACT_PHYSICAL_EDITION | GAME_WORK,3,REGIONATLAS_LEGACY_PRICECHARTING_CREDIT | STEAM_STORE | WIKIDATA,B_LEGACY_EXACT_PHYSICAL | B_OTHER_PLATFORM | C_DISCOVERY,https://www.pricecharting.com/game/pal-playstation-4/trials-of-mana | https://store.steampowered.com/app/924980 | https://www.wikidata.org/wiki/Q67481914,"El crédito actual procede de la importación histórica de la ficha física enlazada; se contrasta con la consulta en vivo. | La ficha comercial de Steam confirma la desarrolladora de la obra, no necesariamente el port de PS4. | Wikidata registra la compañía como desarrolladora.",No propagar a ports o compilaciones sin comprobar sus créditos propios.,AMBIGUOUS_NAME | HIGH_OR_BETTER_GROUP_NOT_FULLY_RESOLVED | MISSING_SLUG
ps4-trials-rising-gold-edition,Trials Rising [Gold Edition],PAL España,standard,trials rising,trials rising,GAME_OR_UNKNOWN,PHYSICAL_PUBLISHER_OR_DISTRIBUTOR,publisher,Ubisoft,,Ubisoft,AMBIGUOUS_NAME,,ADD_MISSING,HIGH,NO,EXACT_PHYSICAL_EDITION | PAL_RELEASE,2,PRICECHARTING_EXACT_PAL_PAGE | WIKIPEDIA_PS4_LIST_PAL,B_EXACT_PHYSICAL | B_PAL_RELEASE,https://www.pricecharting.com/game/pal-playstation-4/trials-rising-gold-edition | https://en.wikipedia.org/wiki/List_of_PlayStation_4_games_(M%E2%80%93Z),La ficha exacta de la edición física PAL etiqueta a esta compañía como Publisher; puede representar publicación o distribución física. | La columna PAL de la lista de PS4 atribuye la publicación a esta compañía.,Confirmar si la etiqueta Publisher representa publicación o distribución en la caja PAL.,AMBIGUOUS_NAME | HIGH_OR_BETTER_GROUP_NOT_FULLY_RESOLVED | MISSING_SLUG
ps4-tricky-towers,Tricky Towers,PAL España,standard,tricky towers,tricky towers,GAME_OR_UNKNOWN,DEVELOPER,developer,WeirdBeard,,WeirdBeard,NOT_IN_COMPANY_INDEX,,ADD_MISSING,HIGH,NO,GAME_WORK | GAME_WORK_OR_PS4_RELEASE | PS4_RELEASE,4,LAUNCHBOX_GAMES_DB | STEAM_STORE | WIKIDATA | WIKIPEDIA_PS4_LIST,B_OTHER_PLATFORM | B_PS4_RELEASE | C_DISCOVERY,https://en.wikipedia.org/wiki/List_of_PlayStation_4_games_(M%E2%80%93Z) | https://store.steampowered.com/app/437920 | https://www.wikidata.org/wiki/Q26252663 | https://gamesdb.launchbox-app.com/games/details/208623,"La lista específica de PS4 atribuye el desarrollo a esta compañía. | La ficha comercial de Steam confirma la desarrolladora de la obra, no necesariamente el port de PS4. | Wikidata registra la compañía como desarrolladora. | LaunchBox registra esta desarrolladora para su ficha de PS4.",No propagar a ports o compilaciones sin comprobar sus créditos propios.,HIGH_OR_BETTER_GROUP_NOT_FULLY_RESOLVED | MISSING_SLUG | NOT_IN_COMPANY_INDEX
ps4-trover-saves-the-universe,Trover Saves the Universe,PAL España,standard,trover saves the universe,trover saves the universe,GAME_OR_UNKNOWN,PHYSICAL_PUBLISHER_OR_DISTRIBUTOR,publisher,Squanch Games Limited Run Games,,Squanch Games Limited Run Games,NOT_IN_COMPANY_INDEX,"Squanch Games, Limited Run Games, Gearbox Software",REPLACE_OR_ADD_REVIEW,HIGH,NO,EXACT_PHYSICAL_EDITION,2,PRICECHARTING_EXACT_PAL_PAGE | REGIONATLAS_LEGACY_PRICECHARTING_CREDIT,B_EXACT_PHYSICAL | B_LEGACY_EXACT_PHYSICAL,https://www.pricecharting.com/game/pal-playstation-4/trover-saves-the-universe,La ficha exacta de la edición física PAL etiqueta a esta compañía como Publisher; puede representar publicación o distribución física. | El crédito actual procede de la importación histórica de la ficha física enlazada; se contrasta con la consulta en vivo.,Confirmar si la etiqueta Publisher representa publicación o distribución en la caja PAL.,HIGH_OR_BETTER_GROUP_NOT_FULLY_RESOLVED | MISSING_SLUG | NOT_IN_COMPANY_INDEX
ps4-trover-saves-the-universe,Trover Saves the Universe,PAL España,standard,trover saves the universe,trover saves the universe,GAME_OR_UNKNOWN,PHYSICAL_PUBLISHER_OR_DISTRIBUTOR,publisher,Gearbox Software,gearbox-software,Gearbox Software,EXACT_NAME_OR_ALIAS,"Squanch Games, Limited Run Games, Gearbox Software",REPLACE_OR_ADD_REVIEW,HIGH,NO,EXACT_PHYSICAL_EDITION,2,PRICECHARTING_EXACT_PAL_PAGE | REGIONATLAS_LEGACY_PRICECHARTING_CREDIT,B_EXACT_PHYSICAL | B_LEGACY_EXACT_PHYSICAL,https://www.pricecharting.com/game/pal-playstation-4/trover-saves-the-universe,La ficha exacta de la edición física PAL etiqueta a esta compañía como Publisher; puede representar publicación o distribución física. | El crédito actual procede de la importación histórica de la ficha física enlazada; se contrasta con la consulta en vivo.,Confirmar si la etiqueta Publisher representa publicación o distribución en la caja PAL.,HIGH_OR_BETTER_GROUP_NOT_FULLY_RESOLVED
ps4-two-point-hospital-jumbo-edition,Two Point Hospital [Jumbo Edition],PAL España,standard,two point hospital,two point hospital,GAME_OR_UNKNOWN,DEVELOPER,developer,Two Point Studios,two-point-studios,Two Point Studios,EXACT_NAME_OR_ALIAS,,ADD_MISSING,HIGH,NO,GAME_WORK | GAME_WORK_OR_PS4_RELEASE | MATCHED_PS4_PRODUCT | PS4_RELEASE,5,LAUNCHBOX_GAMES_DB | PLAYSTATION_STORE_EXPLICIT_CREDIT | STEAM_STORE | WIKIDATA | WIKIPEDIA_PS4_LIST,A_OFFICIAL_MATCHED_TITLE_CREDIT | B_OTHER_PLATFORM | B_PS4_RELEASE | C_DISCOVERY,https://store.playstation.com/es-es/product/EP0177-CUSA15884_00-TWOPOINTHOSPITAL | https://en.wikipedia.org/wiki/List_of_PlayStation_4_games_(M%E2%80%93Z) | https://store.steampowered.com/app/535930 | https://www.wikidata.org/wiki/Q47474030 | https://gamesdb.launchbox-app.com/games/details/474022,"Developed by Two Point Studios | developed by Red Kite Games Limited | co-developed by Red Kite Games Limited | La lista específica de PS4 atribuye el desarrollo a esta compañía. | La ficha comercial de Steam confirma la desarrolladora de la obra, no necesariamente el port de PS4. | Wikidata registra la compañía como desarrolladora. | LaunchBox registra esta desarrolladora para su ficha de PS4.",No propagar a ports o compilaciones sin comprobar sus créditos propios.,HIGH_OR_BETTER_GROUP_NOT_FULLY_RESOLVED
ps4-two-point-hospital-jumbo-edition,Two Point Hospital [Jumbo Edition],PAL España,standard,two point hospital,two point hospital,GAME_OR_UNKNOWN,DEVELOPER,developer,Red Kite Games Limited,,Red Kite Games Limited,NOT_IN_COMPANY_INDEX,,ADD_MISSING,HIGH,NO,MATCHED_PS4_PRODUCT,1,PLAYSTATION_STORE_EXPLICIT_CREDIT,A_OFFICIAL_MATCHED_TITLE_CREDIT,https://store.playstation.com/es-es/product/EP0177-CUSA15884_00-TWOPOINTHOSPITAL,Developed by Two Point Studios | developed by Red Kite Games Limited | co-developed by Red Kite Games Limited,No propagar a ports o compilaciones sin comprobar sus créditos propios.,HIGH_OR_BETTER_GROUP_NOT_FULLY_RESOLVED | MISSING_SLUG | NOT_IN_COMPANY_INDEX
ps4-unbox-newbie%27s-adventure-signature-edition,Unbox: Newbie's Adventure [Signature Edition],PAL España,standard,unbox newbie s adventure,unbox newbie s adventure,GAME_OR_UNKNOWN,DEVELOPER,developer,Prospect Games,,Prospect Games Ltd | Prospect Games,NOT_IN_COMPANY_INDEX,,ADD_MISSING,HIGH,NO,GAME_WORK | GAME_WORK_OR_PS4_RELEASE | MATCHED_PS4_PRODUCT | PS4_RELEASE,5,LAUNCHBOX_GAMES_DB | PLAYSTATION_STORE_EXPLICIT_CREDIT | STEAM_STORE | WIKIDATA | WIKIPEDIA_PS4_LIST,A_OFFICIAL_MATCHED_TITLE_CREDIT | B_OTHER_PLATFORM | B_PS4_RELEASE | C_DISCOVERY,https://store.playstation.com/es-es/product/EP1121-CUSA07806_00-UNBOXGAMEXXXXXXX | https://en.wikipedia.org/wiki/List_of_PlayStation_4_games_(M%E2%80%93Z) | https://store.steampowered.com/app/512300 | https://www.wikidata.org/wiki/Q124075564 | https://gamesdb.launchbox-app.com/games/details/215425,"developed by Prospect Games Ltd, published by Merge Games Ltd | La lista específica de PS4 atribuye el desarrollo a esta compañía. | La ficha comercial de Steam confirma la desarrolladora de la obra, no necesariamente el port de PS4. | Wikidata registra la compañía como desarrolladora. | LaunchBox registra esta desarrolladora para su ficha de PS4.",No propagar a ports o compilaciones sin comprobar sus créditos propios.,HIGH_OR_BETTER_GROUP_NOT_FULLY_RESOLVED | MISSING_SLUG | NOT_IN_COMPANY_INDEX
ps4-uncharted-the-lost-legacy,Uncharted: The Lost Legacy,PAL España,standard,uncharted the lost legacy,uncharted the lost legacy,GAME_OR_UNKNOWN,PHYSICAL_PUBLISHER_OR_DISTRIBUTOR,publisher,Sony Interactive Entertainment Europe Ltd.,,Sony Interactive Entertainment Europe Ltd.,AMBIGUOUS_NAME,Sony Computer Entertainment,REPLACE_OR_ADD_REVIEW,HIGH,NO,EXACT_PHYSICAL_EDITION,1,PRICECHARTING_EXACT_PAL_PAGE,B_EXACT_PHYSICAL,https://www.pricecharting.com/game/pal-playstation-4/uncharted-the-lost-legacy,La ficha exacta de la edición física PAL etiqueta a esta compañía como Publisher; puede representar publicación o distribución física.,Confirmar si la etiqueta Publisher representa publicación o distribución en la caja PAL.,AMBIGUOUS_NAME | HIGH_OR_BETTER_GROUP_NOT_FULLY_RESOLVED | MISSING_SLUG
ps4-undernauts-labyrinth-of-yomi,Undernauts: Labyrinth of Yomi,PAL España,standard,undernauts labyrinth of yomi,undernauts labyrinth of yomi,GAME_OR_UNKNOWN,DEVELOPER,developer,Experience Inc.,,Experience Inc. | Experience | EXPERIENCE,AMBIGUOUS_NAME,Experience Inc.,REPLACE_OR_ADD_REVIEW,HIGH,NO,EXACT_PHYSICAL_EDITION | GAME_WORK | GAME_WORK_OR_PS4_RELEASE | PS4_RELEASE,4,LAUNCHBOX_GAMES_DB | REGIONATLAS_LEGACY_PRICECHARTING_CREDIT | STEAM_STORE | WIKIPEDIA_PS4_LIST,B_LEGACY_EXACT_PHYSICAL | B_OTHER_PLATFORM | B_PS4_RELEASE | C_DISCOVERY,https://www.pricecharting.com/game/pal-playstation-4/undernauts-labyrinth-of-yomi | https://en.wikipedia.org/wiki/List_of_PlayStation_4_games_(M%E2%80%93Z) | https://store.steampowered.com/app/1570510 | https://gamesdb.launchbox-app.com/games/details/477115,"El crédito actual procede de la importación histórica de la ficha física enlazada; se contrasta con la consulta en vivo. | La lista específica de PS4 atribuye el desarrollo a esta compañía. | La ficha comercial de Steam confirma la desarrolladora de la obra, no necesariamente el port de PS4. | LaunchBox registra esta desarrolladora para su ficha de PS4.",No propagar a ports o compilaciones sin comprobar sus créditos propios.,AMBIGUOUS_NAME | HIGH_OR_BETTER_GROUP_NOT_FULLY_RESOLVED | MISSING_SLUG
ps4-unknown-9-awakening,Unknown 9: Awakening,PAL España,standard,unknown 9 awakening,unknown 9 awakening,GAME_OR_UNKNOWN,DEVELOPER,developer,Reflector Entertainment,,Reflector Entertainment | Reflector Entertainment Ltd.,NOT_IN_COMPANY_INDEX,,ADD_MISSING,HIGH,NO,GAME_WORK | GAME_WORK_OR_PS4_RELEASE,2,STEAM_STORE | WIKIPEDIA_PS4_LIST,B_OTHER_PLATFORM | B_PS4_RELEASE,https://en.wikipedia.org/wiki/List_of_PlayStation_4_games_(M%E2%80%93Z) | https://store.steampowered.com/app/1477940,"La lista específica de PS4 atribuye el desarrollo a esta compañía. | La ficha comercial de Steam confirma la desarrolladora de la obra, no necesariamente el port de PS4.",No propagar a ports o compilaciones sin comprobar sus créditos propios.,HIGH_OR_BETTER_GROUP_NOT_FULLY_RESOLVED | MISSING_SLUG | NOT_IN_COMPANY_INDEX
ps4-unruly-heroes,Unruly Heroes,PAL España,standard,unruly heroes,unruly heroes,GAME_OR_UNKNOWN,DEVELOPER,developer,Magic Design Studios,magic-design-studios,Magic Design Studios,EXACT_NAME_OR_ALIAS,Magic Design Studios,RETAIN,HIGH,NO,EXACT_PHYSICAL_EDITION | GAME_WORK | GAME_WORK_OR_PS4_RELEASE | PS4_RELEASE,6,LAUNCHBOX_GAMES_DB | PRICECHARTING_EXACT_PAL_PAGE | REGIONATLAS_LEGACY_PRICECHARTING_CREDIT | STEAM_STORE | WIKIDATA | WIKIPEDIA_PS4_LIST,B_EXACT_PHYSICAL | B_LEGACY_EXACT_PHYSICAL | B_OTHER_PLATFORM | B_PS4_RELEASE | C_DISCOVERY,https://www.pricecharting.com/game/pal-playstation-4/unruly-heroes | https://en.wikipedia.org/wiki/List_of_PlayStation_4_games_(M%E2%80%93Z) | https://store.steampowered.com/app/780350 | https://www.wikidata.org/wiki/Q60580711 | https://gamesdb.launchbox-app.com/games/details/474059,"La ficha enlazada de la edición física PAL atribuye el desarrollo a esta compañía. | El crédito actual procede de la importación histórica de la ficha física enlazada; se contrasta con la consulta en vivo. | La lista específica de PS4 atribuye el desarrollo a esta compañía. | La ficha comercial de Steam confirma la desarrolladora de la obra, no necesariamente el port de PS4. | Wikidata registra la compañía como desarrolladora. | LaunchBox registra esta desarrolladora para su ficha de PS4.",No propagar a ports o compilaciones sin comprobar sus créditos propios.,HIGH_OR_BETTER_GROUP_NOT_FULLY_RESOLVED
ps4-unruly-heroes,Unruly Heroes,PAL España,standard,unruly heroes,unruly heroes,GAME_OR_UNKNOWN,PHYSICAL_PUBLISHER_OR_DISTRIBUTOR,publisher,Pix'n Love Games,,Pix'n Love Games,AMBIGUOUS_NAME,Pix'n Love Games,REPLACE_OR_ADD_REVIEW,HIGH,NO,EXACT_PHYSICAL_EDITION,2,PRICECHARTING_EXACT_PAL_PAGE | REGIONATLAS_LEGACY_PRICECHARTING_CREDIT,B_EXACT_PHYSICAL | B_LEGACY_EXACT_PHYSICAL,https://www.pricecharting.com/game/pal-playstation-4/unruly-heroes,La ficha exacta de la edición física PAL etiqueta a esta compañía como Publisher; puede representar publicación o distribución física. | El crédito actual procede de la importación histórica de la ficha física enlazada; se contrasta con la consulta en vivo.,Confirmar si la etiqueta Publisher representa publicación o distribución en la caja PAL.,AMBIGUOUS_NAME | HIGH_OR_BETTER_GROUP_NOT_FULLY_RESOLVED | MISSING_SLUG
ps4-until-dawn,Until Dawn,PAL España,standard,until dawn,until dawn,GAME_OR_UNKNOWN,PHYSICAL_PUBLISHER_OR_DISTRIBUTOR,publisher,Sony Computer Entertainment Europe Ltd.,,Sony Computer Entertainment Europe Ltd.,AMBIGUOUS_NAME,Sony Computer Entertainment Europe Ltd.,REPLACE_OR_ADD_REVIEW,HIGH,NO,EXACT_PHYSICAL_EDITION,2,PRICECHARTING_EXACT_PAL_PAGE | REGIONATLAS_LEGACY_PRICECHARTING_CREDIT,B_EXACT_PHYSICAL | B_LEGACY_EXACT_PHYSICAL,https://www.pricecharting.com/game/pal-playstation-4/until-dawn,La ficha exacta de la edición física PAL etiqueta a esta compañía como Publisher; puede representar publicación o distribución física. | El crédito actual procede de la importación histórica de la ficha física enlazada; se contrasta con la consulta en vivo.,Confirmar si la etiqueta Publisher representa publicación o distribución en la caja PAL.,AMBIGUOUS_NAME | HIGH_OR_BETTER_GROUP_NOT_FULLY_RESOLVED | MISSING_SLUG
ps4-utawarerumono-prelude-to-the-fallen-origins-edition,Utawarerumono: Prelude to the Fallen [Origins Edition],PAL España,standard,utawarerumono prelude to the fallen,utawarerumono prelude to the fallen,GAME_OR_UNKNOWN,PHYSICAL_PUBLISHER_OR_DISTRIBUTOR,publisher,NIS America,,NIS America,AMBIGUOUS_NAME,NIS America,REPLACE_OR_ADD_REVIEW,HIGH,NO,EXACT_PHYSICAL_EDITION | PAL_RELEASE,3,PRICECHARTING_EXACT_PAL_PAGE | REGIONATLAS_LEGACY_PRICECHARTING_CREDIT | WIKIPEDIA_PS4_LIST_PAL,B_EXACT_PHYSICAL | B_LEGACY_EXACT_PHYSICAL | B_PAL_RELEASE,https://www.pricecharting.com/game/pal-playstation-4/utawarerumono-prelude-to-the-fallen-origins-edition | https://en.wikipedia.org/wiki/List_of_PlayStation_4_games_(M%E2%80%93Z),La ficha exacta de la edición física PAL etiqueta a esta compañía como Publisher; puede representar publicación o distribución física. | El crédito actual procede de la importación histórica de la ficha física enlazada; se contrasta con la consulta en vivo. | La columna PAL de la lista de PS4 atribuye la publicación a esta compañía.,Confirmar si la etiqueta Publisher representa publicación o distribución en la caja PAL.,AMBIGUOUS_NAME | HIGH_OR_BETTER_GROUP_NOT_FULLY_RESOLVED | MISSING_SLUG
ps4-utawarerumono-zan-unmasked-edition,Utawarerumono: ZAN [Unmasked Edition],PAL España,standard,utawarerumono zan,utawarerumono zan,GAME_OR_UNKNOWN,PHYSICAL_PUBLISHER_OR_DISTRIBUTOR,publisher,NIS America,,NIS America,AMBIGUOUS_NAME,,ADD_MISSING,HIGH,NO,EXACT_PHYSICAL_EDITION | PAL_RELEASE,2,PRICECHARTING_EXACT_PAL_PAGE | WIKIPEDIA_PS4_LIST_PAL,B_EXACT_PHYSICAL | B_PAL_RELEASE,https://www.pricecharting.com/game/pal-playstation-4/utawarerumono-zan-unmasked-edition | https://en.wikipedia.org/wiki/List_of_PlayStation_4_games_(M%E2%80%93Z),La ficha exacta de la edición física PAL etiqueta a esta compañía como Publisher; puede representar publicación o distribución física. | La columna PAL de la lista de PS4 atribuye la publicación a esta compañía.,Confirmar si la etiqueta Publisher representa publicación o distribución en la caja PAL.,AMBIGUOUS_NAME | HIGH_OR_BETTER_GROUP_NOT_FULLY_RESOLVED | MISSING_SLUG
ps4-valkyrie-elysium,Valkyrie Elysium,PAL España,standard,valkyrie elysium,valkyrie elysium,GAME_OR_UNKNOWN,DEVELOPER,developer,Square Enix,,Square Enix,AMBIGUOUS_NAME,Square Enix,REPLACE_OR_ADD_REVIEW,HIGH,NO,EXACT_PHYSICAL_EDITION | GAME_WORK,3,PRICECHARTING_EXACT_PAL_PAGE | REGIONATLAS_LEGACY_PRICECHARTING_CREDIT | STEAM_STORE,B_EXACT_PHYSICAL | B_LEGACY_EXACT_PHYSICAL | B_OTHER_PLATFORM,https://www.pricecharting.com/game/pal-playstation-4/valkyrie-elysium | https://store.steampowered.com/app/1963210,"La ficha enlazada de la edición física PAL atribuye el desarrollo a esta compañía. | El crédito actual procede de la importación histórica de la ficha física enlazada; se contrasta con la consulta en vivo. | La ficha comercial de Steam confirma la desarrolladora de la obra, no necesariamente el port de PS4.",No propagar a ports o compilaciones sin comprobar sus créditos propios.,AMBIGUOUS_NAME | HIGH_OR_BETTER_GROUP_NOT_FULLY_RESOLVED | MISSING_SLUG
ps4-valkyrie-elysium,Valkyrie Elysium,PAL España,standard,valkyrie elysium,valkyrie elysium,GAME_OR_UNKNOWN,PHYSICAL_PUBLISHER_OR_DISTRIBUTOR,publisher,Square Enix,,Square Enix,AMBIGUOUS_NAME,Square Enix,REPLACE_OR_ADD_REVIEW,HIGH,NO,EXACT_PHYSICAL_EDITION,2,PRICECHARTING_EXACT_PAL_PAGE | REGIONATLAS_LEGACY_PRICECHARTING_CREDIT,B_EXACT_PHYSICAL | B_LEGACY_EXACT_PHYSICAL,https://www.pricecharting.com/game/pal-playstation-4/valkyrie-elysium,La ficha exacta de la edición física PAL etiqueta a esta compañía como Publisher; puede representar publicación o distribución física. | El crédito actual procede de la importación histórica de la ficha física enlazada; se contrasta con la consulta en vivo.,Confirmar si la etiqueta Publisher representa publicación o distribución en la caja PAL.,AMBIGUOUS_NAME | HIGH_OR_BETTER_GROUP_NOT_FULLY_RESOLVED | MISSING_SLUG
ps4-valthirian-arc-hero-school-story,Valthirian Arc Hero School Story,PAL España,standard,valthirian arc hero school story,valthirian arc hero school story,GAME_OR_UNKNOWN,DEVELOPER,developer,Agate,,Agate,NOT_IN_COMPANY_INDEX,,ADD_MISSING,HIGH,NO,GAME_WORK | MATCHED_PS4_PRODUCT,2,PLAYSTATION_STORE_EXPLICIT_CREDIT | STEAM_STORE,A_OFFICIAL_MATCHED_TITLE_CREDIT | B_OTHER_PLATFORM,https://store.playstation.com/es-es/product/EP4293-CUSA11378_00-0000000000000000 | https://store.steampowered.com/app/785850,"Developed by Agate | La ficha comercial de Steam confirma la desarrolladora de la obra, no necesariamente el port de PS4.",No propagar a ports o compilaciones sin comprobar sus créditos propios.,HIGH_OR_BETTER_GROUP_NOT_FULLY_RESOLVED | MISSING_SLUG | NOT_IN_COMPANY_INDEX
ps4-vasara-collection-collector%27s-edition,Vasara Collection [Collector's Edition],PAL España,standard,vasara collection,vasara collection,EDITION_VARIANT,DEVELOPER,developer,QUByte Interactive,,QUByte Interactive,NOT_IN_COMPANY_INDEX,,ADD_MISSING,HIGH,NO,GAME_WORK | GAME_WORK_OR_PS4_RELEASE | PS4_RELEASE,3,LAUNCHBOX_GAMES_DB | STEAM_STORE | WIKIPEDIA_PS4_LIST,B_OTHER_PLATFORM | B_PS4_RELEASE | C_DISCOVERY,https://en.wikipedia.org/wiki/List_of_PlayStation_4_games_(M%E2%80%93Z) | https://store.steampowered.com/app/1085630 | https://gamesdb.launchbox-app.com/games/details/177320,"La lista específica de PS4 atribuye el desarrollo a esta compañía. | La ficha comercial de Steam confirma la desarrolladora de la obra, no necesariamente el port de PS4. | LaunchBox registra esta desarrolladora para su ficha de PS4.",No propagar a ports o compilaciones sin comprobar sus créditos propios.,HIGH_OR_BETTER_GROUP_NOT_FULLY_RESOLVED | MISSING_SLUG | NOT_IN_COMPANY_INDEX
ps4-vengeful-guardian-moonrider,Vengeful Guardian: Moonrider,PAL España,standard,vengeful guardian moonrider,vengeful guardian moonrider,GAME_OR_UNKNOWN,PHYSICAL_PUBLISHER_OR_DISTRIBUTOR,publisher,Pix 'n Love,,Pix 'n Love,AMBIGUOUS_NAME,Pix 'n Love,REPLACE_OR_ADD_REVIEW,HIGH,NO,EXACT_PHYSICAL_EDITION,2,PRICECHARTING_EXACT_PAL_PAGE | REGIONATLAS_LEGACY_PRICECHARTING_CREDIT,B_EXACT_PHYSICAL | B_LEGACY_EXACT_PHYSICAL,https://www.pricecharting.com/game/pal-playstation-4/vengeful-guardian-moonrider,La ficha exacta de la edición física PAL etiqueta a esta compañía como Publisher; puede representar publicación o distribución física. | El crédito actual procede de la importación histórica de la ficha física enlazada; se contrasta con la consulta en vivo.,Confirmar si la etiqueta Publisher representa publicación o distribución en la caja PAL.,AMBIGUOUS_NAME | HIGH_OR_BETTER_GROUP_NOT_FULLY_RESOLVED | MISSING_SLUG
ps4-void-terrarium-2,Void Terrarium 2,PAL España,standard,void terrarium 2,void terrarium 2,GAME_OR_UNKNOWN,PHYSICAL_PUBLISHER_OR_DISTRIBUTOR,publisher,NIS America Inc.,,NIS America Inc.,AMBIGUOUS_NAME,NIS America Inc.,REPLACE_OR_ADD_REVIEW,HIGH,NO,EXACT_PHYSICAL_EDITION,2,PRICECHARTING_EXACT_PAL_PAGE | REGIONATLAS_LEGACY_PRICECHARTING_CREDIT,B_EXACT_PHYSICAL | B_LEGACY_EXACT_PHYSICAL,https://www.pricecharting.com/game/pal-playstation-4/void-terrarium-2,La ficha exacta de la edición física PAL etiqueta a esta compañía como Publisher; puede representar publicación o distribución física. | El crédito actual procede de la importación histórica de la ficha física enlazada; se contrasta con la consulta en vivo.,Confirmar si la etiqueta Publisher representa publicación o distribución en la caja PAL.,AMBIGUOUS_NAME | HIGH_OR_BETTER_GROUP_NOT_FULLY_RESOLVED | MISSING_SLUG
ps4-void-trrlm;-void-terrarium-limited-edition,void tRrLM(); //Void Terrarium [Limited Edition],PAL España,standard,void trrlm void terrarium,void trrlm void terrarium,EDITION_VARIANT,PHYSICAL_PUBLISHER_OR_DISTRIBUTOR,publisher,NIS America,,NIS America,AMBIGUOUS_NAME,NIS America,REPLACE_OR_ADD_REVIEW,HIGH,NO,EXACT_PHYSICAL_EDITION,2,PRICECHARTING_EXACT_PAL_PAGE | REGIONATLAS_LEGACY_PRICECHARTING_CREDIT,B_EXACT_PHYSICAL | B_LEGACY_EXACT_PHYSICAL,https://www.pricecharting.com/game/pal-playstation-4/void-trrlm;-void-terrarium-limited-edition,La ficha exacta de la edición física PAL etiqueta a esta compañía como Publisher; puede representar publicación o distribución física. | El crédito actual procede de la importación histórica de la ficha física enlazada; se contrasta con la consulta en vivo.,Confirmar si la etiqueta Publisher representa publicación o distribución en la caja PAL.,AMBIGUOUS_NAME | HIGH_OR_BETTER_GROUP_NOT_FULLY_RESOLVED | MISSING_SLUG
"ps4-warhammer-40,000-inquisitor-martyr","Warhammer 40,000: Inquisitor Martyr",PAL España,standard,warhammer 40 000 inquisitor martyr,warhammer 40 000 inquisitor martyr,GAME_OR_UNKNOWN,DEVELOPER,developer,NeocoreGames,,NeocoreGames,NOT_IN_COMPANY_INDEX,Neocore Games,REPLACE_OR_ADD_REVIEW,HIGH,NO,GAME_WORK | GAME_WORK_OR_PS4_RELEASE,3,STEAM_STORE | WIKIDATA | WIKIPEDIA_PS4_LIST,B_OTHER_PLATFORM | B_PS4_RELEASE | C_DISCOVERY,https://en.wikipedia.org/wiki/List_of_PlayStation_4_games_(M%E2%80%93Z) | https://store.steampowered.com/app/527430 | https://www.wikidata.org/wiki/Q54829295,"La lista específica de PS4 atribuye el desarrollo a esta compañía. | La ficha comercial de Steam confirma la desarrolladora de la obra, no necesariamente el port de PS4. | Wikidata registra la compañía como desarrolladora.",No propagar a ports o compilaciones sin comprobar sus créditos propios.,HIGH_OR_BETTER_GROUP_NOT_FULLY_RESOLVED | MISSING_SLUG | NOT_IN_COMPANY_INDEX
"ps4-warhammer-40,000-inquisitor-martyr","Warhammer 40,000: Inquisitor Martyr",PAL España,standard,warhammer 40 000 inquisitor martyr,warhammer 40 000 inquisitor martyr,GAME_OR_UNKNOWN,PHYSICAL_PUBLISHER_OR_DISTRIBUTOR,publisher,Bigben Interactive,,Bigben Interactive,AMBIGUOUS_NAME,Bigben Interactive,REPLACE_OR_ADD_REVIEW,HIGH,NO,EXACT_PHYSICAL_EDITION | PAL_RELEASE,3,PRICECHARTING_EXACT_PAL_PAGE | REGIONATLAS_LEGACY_PRICECHARTING_CREDIT | WIKIPEDIA_PS4_LIST_PAL,B_EXACT_PHYSICAL | B_LEGACY_EXACT_PHYSICAL | B_PAL_RELEASE,"https://www.pricecharting.com/game/pal-playstation-4/warhammer-40,000-inquisitor-martyr | https://en.wikipedia.org/wiki/List_of_PlayStation_4_games_(M%E2%80%93Z)",La ficha exacta de la edición física PAL etiqueta a esta compañía como Publisher; puede representar publicación o distribución física. | El crédito actual procede de la importación histórica de la ficha física enlazada; se contrasta con la consulta en vivo. | La columna PAL de la lista de PS4 atribuye la publicación a esta compañía.,Confirmar si la etiqueta Publisher representa publicación o distribución en la caja PAL.,AMBIGUOUS_NAME | HIGH_OR_BETTER_GROUP_NOT_FULLY_RESOLVED | MISSING_SLUG
"ps4-warhammer-40,000-inquisitor-martyr-deluxe-edition","Warhammer 40,000: Inquisitor Martyr [Deluxe Edition]",PAL España,standard,warhammer 40 000 inquisitor martyr,warhammer 40 000 inquisitor martyr,EDITION_VARIANT,DEVELOPER,developer,Neocore Games,neocore-games,NEOCORE GAMES,EXACT_NAME_OR_ALIAS,,ADD_MISSING,HIGH,NO,MATCHED_PS4_PRODUCT,1,PLAYSTATION_STORE_EXPLICIT_CREDIT,A_OFFICIAL_MATCHED_TITLE_CREDIT,https://store.playstation.com/es-es/product/EP4008-CUSA10564_00-WARHAMMER40KINQ1,"DEVELOPED BY NEOCORE GAMES, PUBLISHED BY BIGBEN INTERACTIVE",No propagar a ports o compilaciones sin comprobar sus créditos propios.,HIGH_OR_BETTER_GROUP_NOT_FULLY_RESOLVED
"ps4-warhammer-40,000-inquisitor-martyr-deluxe-edition","Warhammer 40,000: Inquisitor Martyr [Deluxe Edition]",PAL España,standard,warhammer 40 000 inquisitor martyr,warhammer 40 000 inquisitor martyr,EDITION_VARIANT,DEVELOPER,developer,NeocoreGames,,NeocoreGames,NOT_IN_COMPANY_INDEX,,ADD_MISSING,HIGH,NO,GAME_WORK | GAME_WORK_OR_PS4_RELEASE,3,STEAM_STORE | WIKIDATA | WIKIPEDIA_PS4_LIST,B_OTHER_PLATFORM | B_PS4_RELEASE | C_DISCOVERY,https://en.wikipedia.org/wiki/List_of_PlayStation_4_games_(M%E2%80%93Z) | https://store.steampowered.com/app/527430 | https://www.wikidata.org/wiki/Q54829295,"La lista específica de PS4 atribuye el desarrollo a esta compañía. | La ficha comercial de Steam confirma la desarrolladora de la obra, no necesariamente el port de PS4. | Wikidata registra la compañía como desarrolladora.",No propagar a ports o compilaciones sin comprobar sus créditos propios.,HIGH_OR_BETTER_GROUP_NOT_FULLY_RESOLVED | MISSING_SLUG | NOT_IN_COMPANY_INDEX
ps4-warhammer-40000-inquisitor-martyr-imperium-edition,Warhammer 40.000 Inquisitor Martyr [Imperium Edition],PAL España,standard,warhammer 40 000 inquisitor martyr,warhammer 40 000 inquisitor martyr,GAME_OR_UNKNOWN,DEVELOPER,developer,NeocoreGames,,NeocoreGames,NOT_IN_COMPANY_INDEX,,ADD_MISSING,HIGH,NO,GAME_WORK | GAME_WORK_OR_PS4_RELEASE,3,STEAM_STORE | WIKIDATA | WIKIPEDIA_PS4_LIST,B_OTHER_PLATFORM | B_PS4_RELEASE | C_DISCOVERY,https://en.wikipedia.org/wiki/List_of_PlayStation_4_games_(M%E2%80%93Z) | https://store.steampowered.com/app/527430 | https://www.wikidata.org/wiki/Q54829295,"La lista específica de PS4 atribuye el desarrollo a esta compañía. | La ficha comercial de Steam confirma la desarrolladora de la obra, no necesariamente el port de PS4. | Wikidata registra la compañía como desarrolladora.",No propagar a ports o compilaciones sin comprobar sus créditos propios.,HIGH_OR_BETTER_GROUP_NOT_FULLY_RESOLVED | MISSING_SLUG | NOT_IN_COMPANY_INDEX
ps4-warhammer-chaosbane,Warhammer: Chaosbane,PAL España,standard,warhammer chaosbane,warhammer chaosbane,GAME_OR_UNKNOWN,PHYSICAL_PUBLISHER_OR_DISTRIBUTOR,publisher,Bigben Interactive,,Bigben Interactive,AMBIGUOUS_NAME,Bigben Interactive,REPLACE_OR_ADD_REVIEW,HIGH,NO,EXACT_PHYSICAL_EDITION | PAL_RELEASE,3,PRICECHARTING_EXACT_PAL_PAGE | REGIONATLAS_LEGACY_PRICECHARTING_CREDIT | WIKIPEDIA_PS4_LIST_PAL,B_EXACT_PHYSICAL | B_LEGACY_EXACT_PHYSICAL | B_PAL_RELEASE,https://www.pricecharting.com/game/pal-playstation-4/warhammer-chaosbane | https://en.wikipedia.org/wiki/List_of_PlayStation_4_games_(M%E2%80%93Z),La ficha exacta de la edición física PAL etiqueta a esta compañía como Publisher; puede representar publicación o distribución física. | El crédito actual procede de la importación histórica de la ficha física enlazada; se contrasta con la consulta en vivo. | La columna PAL de la lista de PS4 atribuye la publicación a esta compañía.,Confirmar si la etiqueta Publisher representa publicación o distribución en la caja PAL.,AMBIGUOUS_NAME | HIGH_OR_BETTER_GROUP_NOT_FULLY_RESOLVED | MISSING_SLUG
ps4-warriors-all-stars,Warriors All Stars,PAL España,standard,warriors all stars,warriors all stars,GAME_OR_UNKNOWN,DEVELOPER,developer,KOEI TECMO GAMES CO,,KOEI TECMO GAMES CO | KOEI TECMO GAMES Co Ltd.,AMBIGUOUS_NAME,,ADD_MISSING,HIGH,NO,GAME_WORK | MATCHED_PS4_PRODUCT,2,PLAYSTATION_STORE_EXPLICIT_CREDIT | STEAM_STORE,A_OFFICIAL_MATCHED_TITLE_CREDIT | B_OTHER_PLATFORM,https://store.playstation.com/es-es/product/EP4108-CUSA07903_00-STARGAMEEU000000 | https://store.steampowered.com/app/610190,"Developed by KOEI TECMO GAMES CO | La ficha comercial de Steam confirma la desarrolladora de la obra, no necesariamente el port de PS4.",No propagar a ports o compilaciones sin comprobar sus créditos propios.,AMBIGUOUS_NAME | HIGH_OR_BETTER_GROUP_NOT_FULLY_RESOLVED | MISSING_SLUG
ps4-watch-dogs-2-deluxe-edition,Watch Dogs 2 [Deluxe Edition],PAL España,standard,watch dogs 2,watch dogs 2,EDITION_VARIANT,DEVELOPER,developer,Ubisoft,,Ubisoft,AMBIGUOUS_NAME,,ADD_MISSING,HIGH,NO,EXACT_PHYSICAL_EDITION | GAME_WORK,2,PRICECHARTING_EXACT_PAL_PAGE | STEAM_STORE,B_EXACT_PHYSICAL | B_OTHER_PLATFORM,https://www.pricecharting.com/game/pal-playstation-4/watch-dogs-2-deluxe-edition | https://store.steampowered.com/app/447040,"La ficha enlazada de la edición física PAL atribuye el desarrollo a esta compañía. | La ficha comercial de Steam confirma la desarrolladora de la obra, no necesariamente el port de PS4.",No propagar a ports o compilaciones sin comprobar sus créditos propios.,AMBIGUOUS_NAME | HIGH_OR_BETTER_GROUP_NOT_FULLY_RESOLVED | MISSING_SLUG
ps4-watch-dogs-2-deluxe-edition,Watch Dogs 2 [Deluxe Edition],PAL España,standard,watch dogs 2,watch dogs 2,EDITION_VARIANT,PHYSICAL_PUBLISHER_OR_DISTRIBUTOR,publisher,Ubisoft,,Ubisoft,AMBIGUOUS_NAME,,ADD_MISSING,HIGH,NO,EXACT_PHYSICAL_EDITION | PAL_RELEASE,2,PRICECHARTING_EXACT_PAL_PAGE | WIKIPEDIA_PS4_LIST_PAL,B_EXACT_PHYSICAL | B_PAL_RELEASE,https://www.pricecharting.com/game/pal-playstation-4/watch-dogs-2-deluxe-edition | https://en.wikipedia.org/wiki/List_of_PlayStation_4_games_(M%E2%80%93Z),La ficha exacta de la edición física PAL etiqueta a esta compañía como Publisher; puede representar publicación o distribución física. | La columna PAL de la lista de PS4 atribuye la publicación a esta compañía.,Confirmar si la etiqueta Publisher representa publicación o distribución en la caja PAL.,AMBIGUOUS_NAME | HIGH_OR_BETTER_GROUP_NOT_FULLY_RESOLVED | MISSING_SLUG
ps4-watch-dogs-2-san-francisco-edition,Watch Dogs 2 [San Francisco Edition],PAL España,standard,watch dogs 2,watch dogs 2,GAME_OR_UNKNOWN,PHYSICAL_PUBLISHER_OR_DISTRIBUTOR,publisher,Ubisoft,,Ubisoft,AMBIGUOUS_NAME,,ADD_MISSING,HIGH,NO,EXACT_PHYSICAL_EDITION | PAL_RELEASE,2,PRICECHARTING_EXACT_PAL_PAGE | WIKIPEDIA_PS4_LIST_PAL,B_EXACT_PHYSICAL | B_PAL_RELEASE,https://www.pricecharting.com/game/pal-playstation-4/watch-dogs-2-san-francisco-edition | https://en.wikipedia.org/wiki/List_of_PlayStation_4_games_(M%E2%80%93Z),La ficha exacta de la edición física PAL etiqueta a esta compañía como Publisher; puede representar publicación o distribución física. | La columna PAL de la lista de PS4 atribuye la publicación a esta compañía.,Confirmar si la etiqueta Publisher representa publicación o distribución en la caja PAL.,AMBIGUOUS_NAME | HIGH_OR_BETTER_GROUP_NOT_FULLY_RESOLVED | MISSING_SLUG
ps4-watch-dogs-2-steelbook-edition,Watch Dogs 2 [SteelBook Edition],PAL España,standard,watch dogs 2,watch dogs 2,EDITION_VARIANT,PHYSICAL_PUBLISHER_OR_DISTRIBUTOR,publisher,Ubisoft,,Ubisoft,AMBIGUOUS_NAME,,ADD_MISSING,HIGH,NO,EXACT_PHYSICAL_EDITION | PAL_RELEASE,2,PRICECHARTING_EXACT_PAL_PAGE | WIKIPEDIA_PS4_LIST_PAL,B_EXACT_PHYSICAL | B_PAL_RELEASE,https://www.pricecharting.com/game/pal-playstation-4/watch-dogs-2-steelbook-edition | https://en.wikipedia.org/wiki/List_of_PlayStation_4_games_(M%E2%80%93Z),La ficha exacta de la edición física PAL etiqueta a esta compañía como Publisher; puede representar publicación o distribución física. | La columna PAL de la lista de PS4 atribuye la publicación a esta compañía.,Confirmar si la etiqueta Publisher representa publicación o distribución en la caja PAL.,AMBIGUOUS_NAME | HIGH_OR_BETTER_GROUP_NOT_FULLY_RESOLVED | MISSING_SLUG
ps4-watch-dogs-complete-edition,Watch Dogs [Complete Edition],PAL España,standard,watch dogs,watch dogs,GAME_OR_UNKNOWN,DEVELOPER,developer,Ubisoft,,Ubisoft,AMBIGUOUS_NAME,,ADD_MISSING,HIGH,NO,EXACT_PHYSICAL_EDITION | GAME_WORK,2,PRICECHARTING_EXACT_PAL_PAGE | STEAM_STORE,B_EXACT_PHYSICAL | B_OTHER_PLATFORM,https://www.pricecharting.com/game/pal-playstation-4/watch-dogs-complete-edition | https://store.steampowered.com/app/243470,"La ficha enlazada de la edición física PAL atribuye el desarrollo a esta compañía. | La ficha comercial de Steam confirma la desarrolladora de la obra, no necesariamente el port de PS4.",No propagar a ports o compilaciones sin comprobar sus créditos propios.,AMBIGUOUS_NAME | HIGH_OR_BETTER_GROUP_NOT_FULLY_RESOLVED | MISSING_SLUG
ps4-watch-dogs-complete-edition,Watch Dogs [Complete Edition],PAL España,standard,watch dogs,watch dogs,GAME_OR_UNKNOWN,PHYSICAL_PUBLISHER_OR_DISTRIBUTOR,publisher,Ubisoft,,Ubisoft,AMBIGUOUS_NAME,,ADD_MISSING,HIGH,NO,EXACT_PHYSICAL_EDITION | PAL_RELEASE,2,PRICECHARTING_EXACT_PAL_PAGE | WIKIPEDIA_PS4_LIST_PAL,B_EXACT_PHYSICAL | B_PAL_RELEASE,https://www.pricecharting.com/game/pal-playstation-4/watch-dogs-complete-edition | https://en.wikipedia.org/wiki/List_of_PlayStation_4_games_(M%E2%80%93Z),La ficha exacta de la edición física PAL etiqueta a esta compañía como Publisher; puede representar publicación o distribución física. | La columna PAL de la lista de PS4 atribuye la publicación a esta compañía.,Confirmar si la etiqueta Publisher representa publicación o distribución en la caja PAL.,AMBIGUOUS_NAME | HIGH_OR_BETTER_GROUP_NOT_FULLY_RESOLVED | MISSING_SLUG
ps4-watch-dogs-legion,Watch Dogs: Legion,PAL España,standard,watch dogs legion,watch dogs legion,GAME_OR_UNKNOWN,PHYSICAL_PUBLISHER_OR_DISTRIBUTOR,publisher,Ubisoft,,Ubisoft,AMBIGUOUS_NAME,Ubisoft,REPLACE_OR_ADD_REVIEW,HIGH,NO,EXACT_PHYSICAL_EDITION | PAL_RELEASE,3,PRICECHARTING_EXACT_PAL_PAGE | REGIONATLAS_LEGACY_PRICECHARTING_CREDIT | WIKIPEDIA_PS4_LIST_PAL,B_EXACT_PHYSICAL | B_LEGACY_EXACT_PHYSICAL | B_PAL_RELEASE,https://www.pricecharting.com/game/pal-playstation-4/watch-dogs-legion | https://en.wikipedia.org/wiki/List_of_PlayStation_4_games_(M%E2%80%93Z),La ficha exacta de la edición física PAL etiqueta a esta compañía como Publisher; puede representar publicación o distribución física. | El crédito actual procede de la importación histórica de la ficha física enlazada; se contrasta con la consulta en vivo. | La columna PAL de la lista de PS4 atribuye la publicación a esta compañía.,Confirmar si la etiqueta Publisher representa publicación o distribución en la caja PAL.,AMBIGUOUS_NAME | HIGH_OR_BETTER_GROUP_NOT_FULLY_RESOLVED | MISSING_SLUG
ps4-watch-dogs-legion-gold-edition,Watch Dogs: Legion [Gold Edition],PAL España,standard,watch dogs legion,watch dogs legion,GAME_OR_UNKNOWN,PHYSICAL_PUBLISHER_OR_DISTRIBUTOR,publisher,Ubisoft,,Ubisoft,AMBIGUOUS_NAME,,ADD_MISSING,HIGH,NO,EXACT_PHYSICAL_EDITION | PAL_RELEASE,2,PRICECHARTING_EXACT_PAL_PAGE | WIKIPEDIA_PS4_LIST_PAL,B_EXACT_PHYSICAL | B_PAL_RELEASE,https://www.pricecharting.com/game/pal-playstation-4/watch-dogs-legion-gold-edition | https://en.wikipedia.org/wiki/List_of_PlayStation_4_games_(M%E2%80%93Z),La ficha exacta de la edición física PAL etiqueta a esta compañía como Publisher; puede representar publicación o distribución física. | La columna PAL de la lista de PS4 atribuye la publicación a esta compañía.,Confirmar si la etiqueta Publisher representa publicación o distribución en la caja PAL.,AMBIGUOUS_NAME | HIGH_OR_BETTER_GROUP_NOT_FULLY_RESOLVED | MISSING_SLUG
ps4-watch-dogs-legion-resistance-edition,Watch Dogs: Legion [Resistance Edition],PAL España,standard,watch dogs legion,watch dogs legion,GAME_OR_UNKNOWN,PHYSICAL_PUBLISHER_OR_DISTRIBUTOR,publisher,Ubisoft,,Ubisoft,AMBIGUOUS_NAME,,ADD_MISSING,HIGH,NO,EXACT_PHYSICAL_EDITION | PAL_RELEASE,2,PRICECHARTING_EXACT_PAL_PAGE | WIKIPEDIA_PS4_LIST_PAL,B_EXACT_PHYSICAL | B_PAL_RELEASE,https://www.pricecharting.com/game/pal-playstation-4/watch-dogs-legion-resistance-edition | https://en.wikipedia.org/wiki/List_of_PlayStation_4_games_(M%E2%80%93Z),La ficha exacta de la edición física PAL etiqueta a esta compañía como Publisher; puede representar publicación o distribución física. | La columna PAL de la lista de PS4 atribuye la publicación a esta compañía.,Confirmar si la etiqueta Publisher representa publicación o distribución en la caja PAL.,AMBIGUOUS_NAME | HIGH_OR_BETTER_GROUP_NOT_FULLY_RESOLVED | MISSING_SLUG
ps4-watch-dogs-legion-ultimate-edition,Watch Dogs: Legion [Ultimate Edition],PAL España,standard,watch dogs legion,watch dogs legion,EDITION_VARIANT,PHYSICAL_PUBLISHER_OR_DISTRIBUTOR,publisher,Ubisoft,,Ubisoft,AMBIGUOUS_NAME,,ADD_MISSING,HIGH,NO,EXACT_PHYSICAL_EDITION | PAL_RELEASE,2,PRICECHARTING_EXACT_PAL_PAGE | WIKIPEDIA_PS4_LIST_PAL,B_EXACT_PHYSICAL | B_PAL_RELEASE,https://www.pricecharting.com/game/pal-playstation-4/watch-dogs-legion-ultimate-edition | https://en.wikipedia.org/wiki/List_of_PlayStation_4_games_(M%E2%80%93Z),La ficha exacta de la edición física PAL etiqueta a esta compañía como Publisher; puede representar publicación o distribución física. | La columna PAL de la lista de PS4 atribuye la publicación a esta compañía.,Confirmar si la etiqueta Publisher representa publicación o distribución en la caja PAL.,AMBIGUOUS_NAME | HIGH_OR_BETTER_GROUP_NOT_FULLY_RESOLVED | MISSING_SLUG
ps4-watch-dogs-playstation-hits,Watch Dogs [Playstation Hits],PAL España,standard,watch dogs,watch dogs,EDITION_VARIANT,PHYSICAL_PUBLISHER_OR_DISTRIBUTOR,publisher,Ubisoft,,Ubisoft,AMBIGUOUS_NAME,,ADD_MISSING,HIGH,NO,EXACT_PHYSICAL_EDITION | PAL_RELEASE,2,PRICECHARTING_EXACT_PAL_PAGE | WIKIPEDIA_PS4_LIST_PAL,B_EXACT_PHYSICAL | B_PAL_RELEASE,https://www.pricecharting.com/game/pal-playstation-4/watch-dogs-playstation-hits | https://en.wikipedia.org/wiki/List_of_PlayStation_4_games_(M%E2%80%93Z),La ficha exacta de la edición física PAL etiqueta a esta compañía como Publisher; puede representar publicación o distribución física. | La columna PAL de la lista de PS4 atribuye la publicación a esta compañía.,Confirmar si la etiqueta Publisher representa publicación o distribución en la caja PAL.,AMBIGUOUS_NAME | HIGH_OR_BETTER_GROUP_NOT_FULLY_RESOLVED | MISSING_SLUG
ps4-watchdogs-2-steelbook-edition,Watchdogs 2 [Steelbook Edition],PAL España,standard,watchdogs 2,watchdogs 2,EDITION_VARIANT,PHYSICAL_PUBLISHER_OR_DISTRIBUTOR,publisher,Ubisoft,,Ubisoft,AMBIGUOUS_NAME,Ubisoft,REPLACE_OR_ADD_REVIEW,HIGH,NO,EXACT_PHYSICAL_EDITION,2,PRICECHARTING_EXACT_PAL_PAGE | REGIONATLAS_LEGACY_PRICECHARTING_CREDIT,B_EXACT_PHYSICAL | B_LEGACY_EXACT_PHYSICAL,https://www.pricecharting.com/game/pal-playstation-4/watchdogs-2-steelbook-edition,La ficha exacta de la edición física PAL etiqueta a esta compañía como Publisher; puede representar publicación o distribución física. | El crédito actual procede de la importación histórica de la ficha física enlazada; se contrasta con la consulta en vivo.,Confirmar si la etiqueta Publisher representa publicación o distribución en la caja PAL.,AMBIGUOUS_NAME | HIGH_OR_BETTER_GROUP_NOT_FULLY_RESOLVED | MISSING_SLUG
ps4-way-of-redemption,Way Of Redemption,PAL España,standard,way of redemption,way of redemption,GAME_OR_UNKNOWN,DEVELOPER,developer,Pixel Cream,,Pixel Cream,NOT_IN_COMPANY_INDEX,,ADD_MISSING,HIGH,NO,GAME_WORK | GAME_WORK_OR_PS4_RELEASE,2,STEAM_STORE | WIKIPEDIA_PS4_LIST,B_OTHER_PLATFORM | B_PS4_RELEASE,https://en.wikipedia.org/wiki/List_of_PlayStation_4_games_(M%E2%80%93Z) | https://store.steampowered.com/app/498740,"La lista específica de PS4 atribuye el desarrollo a esta compañía. | La ficha comercial de Steam confirma la desarrolladora de la obra, no necesariamente el port de PS4.",No propagar a ports o compilaciones sin comprobar sus créditos propios.,HIGH_OR_BETTER_GROUP_NOT_FULLY_RESOLVED | MISSING_SLUG | NOT_IN_COMPANY_INDEX
ps4-who-wants-to-be-a-millionaire,Who Wants To Be A Millionaire,PAL España,standard,who wants to be a millionaire,who wants to be a millionaire,GAME_OR_UNKNOWN,DEVELOPER,developer,Palm Beach Studios,,Palm Beach Studios,NOT_IN_COMPANY_INDEX,Ludia Inc.,REPLACE_OR_ADD_REVIEW,HIGH,NO,MATCHED_PS4_PRODUCT,1,PLAYSTATION_STORE_EXPLICIT_CREDIT,A_OFFICIAL_MATCHED_TITLE_CREDIT,https://store.playstation.com/es-es/product/EP4295-CUSA23749_00-WWTBAM00000000EU,Developed by Palm Beach Studios,No propagar a ports o compilaciones sin comprobar sus créditos propios.,HIGH_OR_BETTER_GROUP_NOT_FULLY_RESOLVED | MISSING_SLUG | NOT_IN_COMPANY_INDEX
ps4-who-wants-to-be-a-millionaire,Who Wants To Be A Millionaire,PAL España,standard,who wants to be a millionaire,who wants to be a millionaire,GAME_OR_UNKNOWN,DEVELOPER,developer,Appeal Studios,,Appeal Studios,NOT_IN_COMPANY_INDEX,Ludia Inc.,REPLACE_OR_ADD_REVIEW,HIGH,NO,GAME_WORK | GAME_WORK_OR_PS4_RELEASE,2,STEAM_STORE | WIKIPEDIA_PS4_LIST,B_OTHER_PLATFORM | B_PS4_RELEASE,https://en.wikipedia.org/wiki/List_of_PlayStation_4_games_(M%E2%80%93Z) | https://store.steampowered.com/app/1356240,"La lista específica de PS4 atribuye el desarrollo a esta compañía. | La ficha comercial de Steam confirma la desarrolladora de la obra, no necesariamente el port de PS4.",No propagar a ports o compilaciones sin comprobar sus créditos propios.,HIGH_OR_BETTER_GROUP_NOT_FULLY_RESOLVED | MISSING_SLUG | NOT_IN_COMPANY_INDEX
ps4-windstorm-an-unexpected-arrival,Windstorm: An Unexpected Arrival,PAL España,standard,windstorm an unexpected arrival,windstorm an unexpected arrival,GAME_OR_UNKNOWN,PHYSICAL_PUBLISHER_OR_DISTRIBUTOR,publisher,Mindscape,,Mindscape,AMBIGUOUS_NAME,Mindscape,REPLACE_OR_ADD_REVIEW,HIGH,NO,EXACT_PHYSICAL_EDITION,2,PRICECHARTING_EXACT_PAL_PAGE | REGIONATLAS_LEGACY_PRICECHARTING_CREDIT,B_EXACT_PHYSICAL | B_LEGACY_EXACT_PHYSICAL,https://www.pricecharting.com/game/pal-playstation-4/windstorm-an-unexpected-arrival,La ficha exacta de la edición física PAL etiqueta a esta compañía como Publisher; puede representar publicación o distribución física. | El crédito actual procede de la importación histórica de la ficha física enlazada; se contrasta con la consulta en vivo.,Confirmar si la etiqueta Publisher representa publicación o distribución en la caja PAL.,AMBIGUOUS_NAME | HIGH_OR_BETTER_GROUP_NOT_FULLY_RESOLVED | MISSING_SLUG
ps4-wipeout-omega-collection-steelbook-edition,Wipeout Omega Collection [Steelbook Edition],PAL España,standard,wipeout omega collection,wipeout omega collection,EDITION_VARIANT,DEVELOPER,developer,Clever Beans,,Clever Beans,NOT_IN_COMPANY_INDEX,,ADD_MISSING,HIGH,NO,MATCHED_PS4_PRODUCT,1,PLAYSTATION_STORE_EXPLICIT_CREDIT,A_OFFICIAL_MATCHED_TITLE_CREDIT,https://store.playstation.com/es-es/product/EP9000-CUSA05670_00-WIPEOUTOMEGA00EU,Developed by Clever Beans and EPOS,No propagar a ports o compilaciones sin comprobar sus créditos propios.,HIGH_OR_BETTER_GROUP_NOT_FULLY_RESOLVED | MISSING_SLUG | NOT_IN_COMPANY_INDEX
ps4-wipeout-omega-collection-steelbook-edition,Wipeout Omega Collection [Steelbook Edition],PAL España,standard,wipeout omega collection,wipeout omega collection,EDITION_VARIANT,DEVELOPER,developer,EPOS,,EPOS,NOT_IN_COMPANY_INDEX,,ADD_MISSING,HIGH,NO,MATCHED_PS4_PRODUCT,1,PLAYSTATION_STORE_EXPLICIT_CREDIT,A_OFFICIAL_MATCHED_TITLE_CREDIT,https://store.playstation.com/es-es/product/EP9000-CUSA05670_00-WIPEOUTOMEGA00EU,Developed by Clever Beans and EPOS,No propagar a ports o compilaciones sin comprobar sus créditos propios.,HIGH_OR_BETTER_GROUP_NOT_FULLY_RESOLVED | MISSING_SLUG | NOT_IN_COMPANY_INDEX
ps4-witcher-3-wild-hunt,Witcher 3: Wild Hunt,PAL España,standard,witcher 3 wild hunt,witcher 3 wild hunt,GAME_OR_UNKNOWN,PHYSICAL_PUBLISHER_OR_DISTRIBUTOR,publisher,Bandai Namco Entertainment Europe,bandai-namco-entertainment-europe,Bandai Namco Entertainment Europe,EXACT_NAME_OR_ALIAS,Warner Bros. Interactive Entertainment,REPLACE_OR_ADD_REVIEW,HIGH,NO,EXACT_PHYSICAL_EDITION,1,PRICECHARTING_EXACT_PAL_PAGE,B_EXACT_PHYSICAL,https://www.pricecharting.com/game/pal-playstation-4/witcher-3-wild-hunt,La ficha exacta de la edición física PAL etiqueta a esta compañía como Publisher; puede representar publicación o distribución física.,Confirmar si la etiqueta Publisher representa publicación o distribución en la caja PAL.,HIGH_OR_BETTER_GROUP_NOT_FULLY_RESOLVED
ps4-witcher-3-wild-hunt,Witcher 3: Wild Hunt,PAL España,standard,witcher 3 wild hunt,witcher 3 wild hunt,GAME_OR_UNKNOWN,PHYSICAL_PUBLISHER_OR_DISTRIBUTOR,publisher,CD Projekt,,CD Projekt,NOT_IN_COMPANY_INDEX,Warner Bros. Interactive Entertainment,REPLACE_OR_ADD_REVIEW,HIGH,NO,EXACT_PHYSICAL_EDITION,1,PRICECHARTING_EXACT_PAL_PAGE,B_EXACT_PHYSICAL,https://www.pricecharting.com/game/pal-playstation-4/witcher-3-wild-hunt,La ficha exacta de la edición física PAL etiqueta a esta compañía como Publisher; puede representar publicación o distribución física.,Confirmar si la etiqueta Publisher representa publicación o distribución en la caja PAL.,HIGH_OR_BETTER_GROUP_NOT_FULLY_RESOLVED | MISSING_SLUG | NOT_IN_COMPANY_INDEX
ps4-world-of-final-fantasy,World of Final Fantasy,PAL España,standard,world of final fantasy,world of final fantasy,GAME_OR_UNKNOWN,DEVELOPER,developer,Square Enix,,Square Enix,AMBIGUOUS_NAME,TOSE,REPLACE_OR_ADD_REVIEW,HIGH,NO,GAME_WORK | GAME_WORK_OR_PS4_RELEASE | PS4_RELEASE,4,LAUNCHBOX_GAMES_DB | STEAM_STORE | WIKIDATA | WIKIPEDIA_PS4_LIST,B_OTHER_PLATFORM | B_PS4_RELEASE | C_DISCOVERY,https://en.wikipedia.org/wiki/List_of_PlayStation_4_games_(M%E2%80%93Z) | https://store.steampowered.com/app/552700 | https://www.wikidata.org/wiki/Q20189428 | https://gamesdb.launchbox-app.com/games/details/121438,"La lista específica de PS4 atribuye el desarrollo a esta compañía. | La ficha comercial de Steam confirma la desarrolladora de la obra, no necesariamente el port de PS4. | Wikidata registra la compañía como desarrolladora. | LaunchBox registra esta desarrolladora para su ficha de PS4.",No propagar a ports o compilaciones sin comprobar sus créditos propios.,AMBIGUOUS_NAME | HIGH_OR_BETTER_GROUP_NOT_FULLY_RESOLVED | MISSING_SLUG
ps4-world-of-final-fantasy-collector%27s-edition,World Of Final Fantasy [Collector's Edition],PAL España,standard,world of final fantasy,world of final fantasy,EDITION_VARIANT,DEVELOPER,developer,Square Enix,,Square Enix,AMBIGUOUS_NAME,,ADD_MISSING,HIGH,NO,GAME_WORK | GAME_WORK_OR_PS4_RELEASE | PS4_RELEASE,4,LAUNCHBOX_GAMES_DB | STEAM_STORE | WIKIDATA | WIKIPEDIA_PS4_LIST,B_OTHER_PLATFORM | B_PS4_RELEASE | C_DISCOVERY,https://en.wikipedia.org/wiki/List_of_PlayStation_4_games_(M%E2%80%93Z) | https://store.steampowered.com/app/552700 | https://www.wikidata.org/wiki/Q20189428 | https://gamesdb.launchbox-app.com/games/details/121438,"La lista específica de PS4 atribuye el desarrollo a esta compañía. | La ficha comercial de Steam confirma la desarrolladora de la obra, no necesariamente el port de PS4. | Wikidata registra la compañía como desarrolladora. | LaunchBox registra esta desarrolladora para su ficha de PS4.",No propagar a ports o compilaciones sin comprobar sus créditos propios.,AMBIGUOUS_NAME | HIGH_OR_BETTER_GROUP_NOT_FULLY_RESOLVED | MISSING_SLUG
ps4-world-of-final-fantasy-day-one-edition,World of Final Fantasy [Day One Edition],PAL España,standard,world of final fantasy,world of final fantasy,EDITION_VARIANT,DEVELOPER,developer,Square Enix,,Square Enix,AMBIGUOUS_NAME,,ADD_MISSING,HIGH,NO,GAME_WORK | GAME_WORK_OR_PS4_RELEASE | PS4_RELEASE,4,LAUNCHBOX_GAMES_DB | STEAM_STORE | WIKIDATA | WIKIPEDIA_PS4_LIST,B_OTHER_PLATFORM | B_PS4_RELEASE | C_DISCOVERY,https://en.wikipedia.org/wiki/List_of_PlayStation_4_games_(M%E2%80%93Z) | https://store.steampowered.com/app/552700 | https://www.wikidata.org/wiki/Q20189428 | https://gamesdb.launchbox-app.com/games/details/121438,"La lista específica de PS4 atribuye el desarrollo a esta compañía. | La ficha comercial de Steam confirma la desarrolladora de la obra, no necesariamente el port de PS4. | Wikidata registra la compañía como desarrolladora. | LaunchBox registra esta desarrolladora para su ficha de PS4.",No propagar a ports o compilaciones sin comprobar sus créditos propios.,AMBIGUOUS_NAME | HIGH_OR_BETTER_GROUP_NOT_FULLY_RESOLVED | MISSING_SLUG
ps4-world-of-final-fantasy-day-one-edition,World of Final Fantasy [Day One Edition],PAL España,standard,world of final fantasy,world of final fantasy,EDITION_VARIANT,PHYSICAL_PUBLISHER_OR_DISTRIBUTOR,publisher,Square Enix,,Square Enix,AMBIGUOUS_NAME,,ADD_MISSING,HIGH,NO,EXACT_PHYSICAL_EDITION | PAL_RELEASE,2,PRICECHARTING_EXACT_PAL_PAGE | WIKIPEDIA_PS4_LIST_PAL,B_EXACT_PHYSICAL | B_PAL_RELEASE,https://www.pricecharting.com/game/pal-playstation-4/world-of-final-fantasy-day-one-edition | https://en.wikipedia.org/wiki/List_of_PlayStation_4_games_(M%E2%80%93Z),La ficha exacta de la edición física PAL etiqueta a esta compañía como Publisher; puede representar publicación o distribución física. | La columna PAL de la lista de PS4 atribuye la publicación a esta compañía.,Confirmar si la etiqueta Publisher representa publicación o distribución en la caja PAL.,AMBIGUOUS_NAME | HIGH_OR_BETTER_GROUP_NOT_FULLY_RESOLVED | MISSING_SLUG
ps4-world-of-final-fantasy-limited-edition,World Of Final Fantasy [Limited Edition],PAL España,standard,world of final fantasy,world of final fantasy,EDITION_VARIANT,DEVELOPER,developer,Square Enix,,Square Enix,AMBIGUOUS_NAME,,ADD_MISSING,HIGH,NO,GAME_WORK | GAME_WORK_OR_PS4_RELEASE | PS4_RELEASE,4,LAUNCHBOX_GAMES_DB | STEAM_STORE | WIKIDATA | WIKIPEDIA_PS4_LIST,B_OTHER_PLATFORM | B_PS4_RELEASE | C_DISCOVERY,https://en.wikipedia.org/wiki/List_of_PlayStation_4_games_(M%E2%80%93Z) | https://store.steampowered.com/app/552700 | https://www.wikidata.org/wiki/Q20189428 | https://gamesdb.launchbox-app.com/games/details/121438,"La lista específica de PS4 atribuye el desarrollo a esta compañía. | La ficha comercial de Steam confirma la desarrolladora de la obra, no necesariamente el port de PS4. | Wikidata registra la compañía como desarrolladora. | LaunchBox registra esta desarrolladora para su ficha de PS4.",No propagar a ports o compilaciones sin comprobar sus créditos propios.,AMBIGUOUS_NAME | HIGH_OR_BETTER_GROUP_NOT_FULLY_RESOLVED | MISSING_SLUG
ps4-wrath-aeon-of-ruin,Wrath: Aeon Of Ruin,PAL España,standard,wrath aeon of ruin,wrath aeon of ruin,GAME_OR_UNKNOWN,DEVELOPER,developer,3D Realms Entertainment ApS,,3D Realms Entertainment ApS,NOT_IN_COMPANY_INDEX,3D Realms,REPLACE_OR_ADD_REVIEW,HIGH,NO,MATCHED_PS4_PRODUCT,1,PLAYSTATION_STORE_EXPLICIT_CREDIT,A_OFFICIAL_MATCHED_TITLE_CREDIT,https://store.playstation.com/es-es/product/EP2552-CUSA48215_00-WRATH000000000EU,"Developed by 3D Realms Entertainment ApS, Slipgate Ironworks ApS and Killpixel Games",No propagar a ports o compilaciones sin comprobar sus créditos propios.,HIGH_OR_BETTER_GROUP_NOT_FULLY_RESOLVED | MISSING_SLUG | NOT_IN_COMPANY_INDEX
ps4-wrath-aeon-of-ruin,Wrath: Aeon Of Ruin,PAL España,standard,wrath aeon of ruin,wrath aeon of ruin,GAME_OR_UNKNOWN,DEVELOPER,developer,Slipgate Ironworks ApS,,Slipgate Ironworks ApS,NOT_IN_COMPANY_INDEX,3D Realms,REPLACE_OR_ADD_REVIEW,HIGH,NO,MATCHED_PS4_PRODUCT,1,PLAYSTATION_STORE_EXPLICIT_CREDIT,A_OFFICIAL_MATCHED_TITLE_CREDIT,https://store.playstation.com/es-es/product/EP2552-CUSA48215_00-WRATH000000000EU,"Developed by 3D Realms Entertainment ApS, Slipgate Ironworks ApS and Killpixel Games",No propagar a ports o compilaciones sin comprobar sus créditos propios.,HIGH_OR_BETTER_GROUP_NOT_FULLY_RESOLVED | MISSING_SLUG | NOT_IN_COMPANY_INDEX
ps4-wrath-aeon-of-ruin,Wrath: Aeon Of Ruin,PAL España,standard,wrath aeon of ruin,wrath aeon of ruin,GAME_OR_UNKNOWN,DEVELOPER,developer,KillPixel Games,,Killpixel Games | KillPixel Games,NOT_IN_COMPANY_INDEX,3D Realms,REPLACE_OR_ADD_REVIEW,HIGH,NO,GAME_WORK | GAME_WORK_OR_PS4_RELEASE | MATCHED_PS4_PRODUCT,3,PLAYSTATION_STORE_EXPLICIT_CREDIT | STEAM_STORE | WIKIPEDIA_PS4_LIST,A_OFFICIAL_MATCHED_TITLE_CREDIT | B_OTHER_PLATFORM | B_PS4_RELEASE,https://store.playstation.com/es-es/product/EP2552-CUSA48215_00-WRATH000000000EU | https://en.wikipedia.org/wiki/List_of_PlayStation_4_games_(M%E2%80%93Z) | https://store.steampowered.com/app/1000410,"Developed by 3D Realms Entertainment ApS, Slipgate Ironworks ApS and Killpixel Games | La lista específica de PS4 atribuye el desarrollo a esta compañía. | La ficha comercial de Steam confirma la desarrolladora de la obra, no necesariamente el port de PS4.",No propagar a ports o compilaciones sin comprobar sus créditos propios.,HIGH_OR_BETTER_GROUP_NOT_FULLY_RESOLVED | MISSING_SLUG | NOT_IN_COMPANY_INDEX
ps4-wrc-5,WRC 5,PAL España,standard,wrc 5,wrc 5,GAME_OR_UNKNOWN,PHYSICAL_PUBLISHER_OR_DISTRIBUTOR,publisher,Bigben Interactive,,Bigben Interactive,AMBIGUOUS_NAME,Bigben Interactive,REPLACE_OR_ADD_REVIEW,HIGH,NO,EXACT_PHYSICAL_EDITION | PAL_RELEASE,3,PRICECHARTING_EXACT_PAL_PAGE | REGIONATLAS_LEGACY_PRICECHARTING_CREDIT | WIKIPEDIA_PS4_LIST_PAL,B_EXACT_PHYSICAL | B_LEGACY_EXACT_PHYSICAL | B_PAL_RELEASE,https://www.pricecharting.com/game/pal-playstation-4/wrc-5 | https://en.wikipedia.org/wiki/List_of_PlayStation_4_games_(M%E2%80%93Z),La ficha exacta de la edición física PAL etiqueta a esta compañía como Publisher; puede representar publicación o distribución física. | El crédito actual procede de la importación histórica de la ficha física enlazada; se contrasta con la consulta en vivo. | La columna PAL de la lista de PS4 atribuye la publicación a esta compañía.,Confirmar si la etiqueta Publisher representa publicación o distribución en la caja PAL.,AMBIGUOUS_NAME | HIGH_OR_BETTER_GROUP_NOT_FULLY_RESOLVED | MISSING_SLUG
ps4-wreckfest,Wreckfest,PAL España,standard,wreckfest,wreckfest,GAME_OR_UNKNOWN,DEVELOPER,developer,Bugbear Entertainment Oy,,Bugbear Entertainment Oy,NOT_IN_COMPANY_INDEX,,ADD_MISSING,HIGH,NO,MATCHED_PS4_PRODUCT,1,PLAYSTATION_STORE_EXPLICIT_CREDIT,A_OFFICIAL_MATCHED_TITLE_CREDIT,https://store.playstation.com/es-es/product/EP4389-CUSA08652_00-WRECKFESTEU00001,Developed by Bugbear Entertainment Oy,No propagar a ports o compilaciones sin comprobar sus créditos propios.,HIGH_OR_BETTER_GROUP_NOT_FULLY_RESOLVED | MISSING_SLUG | NOT_IN_COMPANY_INDEX
ps4-wreckfest-deluxe-edition,Wreckfest [Deluxe Edition],PAL España,standard,wreckfest,wreckfest,EDITION_VARIANT,DEVELOPER,developer,Bugbear Entertainment Oy,,Bugbear Entertainment Oy,NOT_IN_COMPANY_INDEX,,ADD_MISSING,HIGH,NO,MATCHED_PS4_PRODUCT,1,PLAYSTATION_STORE_EXPLICIT_CREDIT,A_OFFICIAL_MATCHED_TITLE_CREDIT,https://store.playstation.com/es-es/product/EP4389-CUSA08652_00-WRECKFESTEU00001,Developed by Bugbear Entertainment Oy,No propagar a ports o compilaciones sin comprobar sus créditos propios.,HIGH_OR_BETTER_GROUP_NOT_FULLY_RESOLVED | MISSING_SLUG | NOT_IN_COMPANY_INDEX
ps4-wwe-2k16,WWE 2K16,PAL España,standard,wwe 2k16,wwe 2k16,GAME_OR_UNKNOWN,DEVELOPER,developer,Visual Concepts,,Visual Concepts,AMBIGUOUS_NAME,Yuke's,REPLACE_OR_ADD_REVIEW,HIGH,NO,GAME_WORK | GAME_WORK_OR_PS4_RELEASE,3,STEAM_STORE | WIKIDATA | WIKIPEDIA_PS4_LIST,B_OTHER_PLATFORM | B_PS4_RELEASE | C_DISCOVERY,https://en.wikipedia.org/wiki/List_of_PlayStation_4_games_(M%E2%80%93Z) | https://store.steampowered.com/app/385730 | https://www.wikidata.org/wiki/Q19953622,"La lista específica de PS4 atribuye el desarrollo a esta compañía. | La ficha comercial de Steam confirma la desarrolladora de la obra, no necesariamente el port de PS4. | Wikidata registra la compañía como desarrolladora.",No propagar a ports o compilaciones sin comprobar sus créditos propios.,AMBIGUOUS_NAME | HIGH_OR_BETTER_GROUP_NOT_FULLY_RESOLVED | MISSING_SLUG
ps4-wwe-2k16-special-edition,WWE 2K16 [Special Edition],PAL España,standard,wwe 2k16,wwe 2k16,EDITION_VARIANT,DEVELOPER,developer,Visual Concepts,,Visual Concepts,AMBIGUOUS_NAME,,ADD_MISSING,HIGH,NO,GAME_WORK | GAME_WORK_OR_PS4_RELEASE,3,STEAM_STORE | WIKIDATA | WIKIPEDIA_PS4_LIST,B_OTHER_PLATFORM | B_PS4_RELEASE | C_DISCOVERY,https://en.wikipedia.org/wiki/List_of_PlayStation_4_games_(M%E2%80%93Z) | https://store.steampowered.com/app/385730 | https://www.wikidata.org/wiki/Q19953622,"La lista específica de PS4 atribuye el desarrollo a esta compañía. | La ficha comercial de Steam confirma la desarrolladora de la obra, no necesariamente el port de PS4. | Wikidata registra la compañía como desarrolladora.",No propagar a ports o compilaciones sin comprobar sus créditos propios.,AMBIGUOUS_NAME | HIGH_OR_BETTER_GROUP_NOT_FULLY_RESOLVED | MISSING_SLUG
ps4-wwe-2k22,WWE 2K22,PAL España,standard,wwe 2k22,wwe 2k22,GAME_OR_UNKNOWN,DEVELOPER,developer,Visual Concepts,,Visual Concepts,AMBIGUOUS_NAME,Visual Concepts,REPLACE_OR_ADD_REVIEW,HIGH,NO,EXACT_PHYSICAL_EDITION | GAME_WORK | GAME_WORK_OR_PS4_RELEASE,3,REGIONATLAS_LEGACY_PRICECHARTING_CREDIT | WIKIDATA | WIKIPEDIA_PS4_LIST,B_LEGACY_EXACT_PHYSICAL | B_PS4_RELEASE | C_DISCOVERY,https://www.pricecharting.com/game/pal-playstation-4/wwe-2k22 | https://en.wikipedia.org/wiki/List_of_PlayStation_4_games_(M%E2%80%93Z) | https://www.wikidata.org/wiki/Q106460549,El crédito actual procede de la importación histórica de la ficha física enlazada; se contrasta con la consulta en vivo. | La lista específica de PS4 atribuye el desarrollo a esta compañía. | Wikidata registra la compañía como desarrolladora.,No propagar a ports o compilaciones sin comprobar sus créditos propios.,AMBIGUOUS_NAME | HIGH_OR_BETTER_GROUP_NOT_FULLY_RESOLVED | MISSING_SLUG
ps4-wwe-2k24,WWE 2K24,PAL España,standard,wwe 2k24,wwe 2k24,GAME_OR_UNKNOWN,DEVELOPER,developer,Visual Concepts,,Visual Concepts,AMBIGUOUS_NAME,Take 2 Interactive,REPLACE_OR_ADD_REVIEW,HIGH,NO,GAME_WORK | GAME_WORK_OR_PS4_RELEASE,3,STEAM_STORE | WIKIDATA | WIKIPEDIA_PS4_LIST,B_OTHER_PLATFORM | B_PS4_RELEASE | C_DISCOVERY,https://en.wikipedia.org/wiki/List_of_PlayStation_4_games_(M%E2%80%93Z) | https://store.steampowered.com/app/2315690 | https://www.wikidata.org/wiki/Q124313307,"La lista específica de PS4 atribuye el desarrollo a esta compañía. | La ficha comercial de Steam confirma la desarrolladora de la obra, no necesariamente el port de PS4. | Wikidata registra la compañía como desarrolladora.",No propagar a ports o compilaciones sin comprobar sus créditos propios.,AMBIGUOUS_NAME | HIGH_OR_BETTER_GROUP_NOT_FULLY_RESOLVED | MISSING_SLUG
ps4-wwe-2k24-deluxe-edition,WWE 2K24 [Deluxe Edition],PAL España,standard,wwe 2k24,wwe 2k24,EDITION_VARIANT,DEVELOPER,developer,Visual Concepts,,Visual Concepts,AMBIGUOUS_NAME,,ADD_MISSING,HIGH,NO,GAME_WORK | GAME_WORK_OR_PS4_RELEASE,3,STEAM_STORE | WIKIDATA | WIKIPEDIA_PS4_LIST,B_OTHER_PLATFORM | B_PS4_RELEASE | C_DISCOVERY,https://en.wikipedia.org/wiki/List_of_PlayStation_4_games_(M%E2%80%93Z) | https://store.steampowered.com/app/2315690 | https://www.wikidata.org/wiki/Q124313307,"La lista específica de PS4 atribuye el desarrollo a esta compañía. | La ficha comercial de Steam confirma la desarrolladora de la obra, no necesariamente el port de PS4. | Wikidata registra la compañía como desarrolladora.",No propagar a ports o compilaciones sin comprobar sus créditos propios.,AMBIGUOUS_NAME | HIGH_OR_BETTER_GROUP_NOT_FULLY_RESOLVED | MISSING_SLUG
ps4-wwe-2k25,WWE 2K25,PAL España,standard,wwe 2k25,wwe 2k25,GAME_OR_UNKNOWN,DEVELOPER,developer,Visual Concepts,,Visual Concepts,AMBIGUOUS_NAME,Visual Concepts,REPLACE_OR_ADD_REVIEW,HIGH,NO,EXACT_PHYSICAL_EDITION | GAME_WORK | GAME_WORK_OR_PS4_RELEASE | PS4_RELEASE,4,LAUNCHBOX_GAMES_DB | REGIONATLAS_LEGACY_PRICECHARTING_CREDIT | STEAM_STORE | WIKIPEDIA_PS4_LIST,B_LEGACY_EXACT_PHYSICAL | B_OTHER_PLATFORM | B_PS4_RELEASE | C_DISCOVERY,https://www.pricecharting.com/game/pal-playstation-4/wwe-2k25 | https://en.wikipedia.org/wiki/List_of_PlayStation_4_games_(M%E2%80%93Z) | https://store.steampowered.com/app/2878960 | https://gamesdb.launchbox-app.com/games/details/477093,"El crédito actual procede de la importación histórica de la ficha física enlazada; se contrasta con la consulta en vivo. | La lista específica de PS4 atribuye el desarrollo a esta compañía. | La ficha comercial de Steam confirma la desarrolladora de la obra, no necesariamente el port de PS4. | LaunchBox registra esta desarrolladora para su ficha de PS4.",No propagar a ports o compilaciones sin comprobar sus créditos propios.,AMBIGUOUS_NAME | HIGH_OR_BETTER_GROUP_NOT_FULLY_RESOLVED | MISSING_SLUG
ps4-yakuza-like-a-dragon-pix%27n-love-edition,Yakuza: Like a Dragon [Pix'n Love Edition],PAL España,standard,yakuza like a dragon,yakuza like a dragon,GAME_OR_UNKNOWN,PHYSICAL_PUBLISHER_OR_DISTRIBUTOR,publisher,Pix 'n Love,,Pix 'n Love,AMBIGUOUS_NAME,Pix 'n Love,REPLACE_OR_ADD_REVIEW,HIGH,NO,EXACT_PHYSICAL_EDITION,2,PRICECHARTING_EXACT_PAL_PAGE | REGIONATLAS_LEGACY_PRICECHARTING_CREDIT,B_EXACT_PHYSICAL | B_LEGACY_EXACT_PHYSICAL,https://www.pricecharting.com/game/pal-playstation-4/yakuza-like-a-dragon-pix%27n-love-edition,La ficha exacta de la edición física PAL etiqueta a esta compañía como Publisher; puede representar publicación o distribución física. | El crédito actual procede de la importación histórica de la ficha física enlazada; se contrasta con la consulta en vivo.,Confirmar si la etiqueta Publisher representa publicación o distribución en la caja PAL.,AMBIGUOUS_NAME | HIGH_OR_BETTER_GROUP_NOT_FULLY_RESOLVED | MISSING_SLUG
ps4-yoku%27s-island-express,Yoku's Island Express,PAL España,standard,yoku s island express,yoku s island express,GAME_OR_UNKNOWN,DEVELOPER,developer,Villa Gorilla,villa-gorilla,Villa Gorilla,EXACT_NAME_OR_ALIAS,Villa Gorilla,RETAIN,HIGH,NO,EXACT_PHYSICAL_EDITION | GAME_WORK | GAME_WORK_OR_PS4_RELEASE | PS4_RELEASE,5,LAUNCHBOX_GAMES_DB | PRICECHARTING_EXACT_PAL_PAGE | REGIONATLAS_LEGACY_PRICECHARTING_CREDIT | STEAM_STORE | WIKIPEDIA_PS4_LIST,B_EXACT_PHYSICAL | B_LEGACY_EXACT_PHYSICAL | B_OTHER_PLATFORM | B_PS4_RELEASE | C_DISCOVERY,https://www.pricecharting.com/game/pal-playstation-4/yoku%27s-island-express | https://en.wikipedia.org/wiki/List_of_PlayStation_4_games_(M%E2%80%93Z) | https://store.steampowered.com/app/334940 | https://gamesdb.launchbox-app.com/games/details/157805,"La ficha enlazada de la edición física PAL atribuye el desarrollo a esta compañía. | El crédito actual procede de la importación histórica de la ficha física enlazada; se contrasta con la consulta en vivo. | La lista específica de PS4 atribuye el desarrollo a esta compañía. | La ficha comercial de Steam confirma la desarrolladora de la obra, no necesariamente el port de PS4. | LaunchBox registra esta desarrolladora para su ficha de PS4.",No propagar a ports o compilaciones sin comprobar sus créditos propios.,HIGH_OR_BETTER_GROUP_NOT_FULLY_RESOLVED
ps4-yomawari-lost-in-the-dark-deluxe-edition,Yomawari: Lost in the Dark: Deluxe Edition,PAL España,standard,yomawari lost in the dark,yomawari lost in the dark,EDITION_VARIANT,DEVELOPER,developer,Nippon Ichi Software,,Nippon Ichi Software | Nippon Ichi Software Inc.,AMBIGUOUS_NAME,Nippon Ichi Software,REPLACE_OR_ADD_REVIEW,HIGH,NO,EXACT_PHYSICAL_EDITION | GAME_WORK | PS4_RELEASE,5,LAUNCHBOX_GAMES_DB | PRICECHARTING_EXACT_PAL_PAGE | REGIONATLAS_LEGACY_PRICECHARTING_CREDIT | STEAM_STORE | WIKIDATA,B_EXACT_PHYSICAL | B_LEGACY_EXACT_PHYSICAL | B_OTHER_PLATFORM | C_DISCOVERY,https://www.pricecharting.com/game/pal-playstation-4/yomawari-lost-in-the-dark-deluxe-edition | https://store.steampowered.com/app/1998330 | https://www.wikidata.org/wiki/Q122354043 | https://gamesdb.launchbox-app.com/games/details/477059,"La ficha enlazada de la edición física PAL atribuye el desarrollo a esta compañía. | El crédito actual procede de la importación histórica de la ficha física enlazada; se contrasta con la consulta en vivo. | La ficha comercial de Steam confirma la desarrolladora de la obra, no necesariamente el port de PS4. | Wikidata registra la compañía como desarrolladora. | LaunchBox registra esta desarrolladora para su ficha de PS4.",No propagar a ports o compilaciones sin comprobar sus créditos propios.,AMBIGUOUS_NAME | HIGH_OR_BETTER_GROUP_NOT_FULLY_RESOLVED | MISSING_SLUG
ps4-yomawari-lost-in-the-dark-deluxe-edition,Yomawari: Lost in the Dark: Deluxe Edition,PAL España,standard,yomawari lost in the dark,yomawari lost in the dark,EDITION_VARIANT,PHYSICAL_PUBLISHER_OR_DISTRIBUTOR,publisher,NIS America,,NIS America,AMBIGUOUS_NAME,NIS America,REPLACE_OR_ADD_REVIEW,HIGH,NO,EXACT_PHYSICAL_EDITION,2,PRICECHARTING_EXACT_PAL_PAGE | REGIONATLAS_LEGACY_PRICECHARTING_CREDIT,B_EXACT_PHYSICAL | B_LEGACY_EXACT_PHYSICAL,https://www.pricecharting.com/game/pal-playstation-4/yomawari-lost-in-the-dark-deluxe-edition,La ficha exacta de la edición física PAL etiqueta a esta compañía como Publisher; puede representar publicación o distribución física. | El crédito actual procede de la importación histórica de la ficha física enlazada; se contrasta con la consulta en vivo.,Confirmar si la etiqueta Publisher representa publicación o distribución en la caja PAL.,AMBIGUOUS_NAME | HIGH_OR_BETTER_GROUP_NOT_FULLY_RESOLVED | MISSING_SLUG
ps4-yomawari-midnight-shadows,Yomawari: Midnight Shadows,PAL España,standard,yomawari midnight shadows,yomawari midnight shadows,GAME_OR_UNKNOWN,DEVELOPER,developer,Nippon Ichi Software,,Nippon Ichi Software | Nippon Ichi Software Inc.,AMBIGUOUS_NAME,Nippon Ichi Software,REPLACE_OR_ADD_REVIEW,HIGH,NO,EXACT_PHYSICAL_EDITION | GAME_WORK | GAME_WORK_OR_PS4_RELEASE | PS4_RELEASE,6,LAUNCHBOX_GAMES_DB | PRICECHARTING_EXACT_PAL_PAGE | REGIONATLAS_LEGACY_PRICECHARTING_CREDIT | STEAM_STORE | WIKIDATA | WIKIPEDIA_PS4_LIST,B_EXACT_PHYSICAL | B_LEGACY_EXACT_PHYSICAL | B_OTHER_PLATFORM | B_PS4_RELEASE | C_DISCOVERY,https://www.pricecharting.com/game/pal-playstation-4/yomawari-midnight-shadows | https://en.wikipedia.org/wiki/List_of_PlayStation_4_games_(M%E2%80%93Z) | https://store.steampowered.com/app/625980 | https://www.wikidata.org/wiki/Q30636869 | https://gamesdb.launchbox-app.com/games/details/211400,"La ficha enlazada de la edición física PAL atribuye el desarrollo a esta compañía. | El crédito actual procede de la importación histórica de la ficha física enlazada; se contrasta con la consulta en vivo. | La lista específica de PS4 atribuye el desarrollo a esta compañía. | La ficha comercial de Steam confirma la desarrolladora de la obra, no necesariamente el port de PS4. | Wikidata registra la compañía como desarrolladora. | LaunchBox registra esta desarrolladora para su ficha de PS4.",No propagar a ports o compilaciones sin comprobar sus créditos propios.,AMBIGUOUS_NAME | HIGH_OR_BETTER_GROUP_NOT_FULLY_RESOLVED | MISSING_SLUG
ps4-young-souls,Young Souls,PAL España,standard,young souls,young souls,GAME_OR_UNKNOWN,PHYSICAL_PUBLISHER_OR_DISTRIBUTOR,publisher,Pix'n Love,,Pix'n Love,AMBIGUOUS_NAME,"Pix'n Love, The Arcade Crew",REPLACE_OR_ADD_REVIEW,HIGH,NO,EXACT_PHYSICAL_EDITION,2,PRICECHARTING_EXACT_PAL_PAGE | REGIONATLAS_LEGACY_PRICECHARTING_CREDIT,B_EXACT_PHYSICAL | B_LEGACY_EXACT_PHYSICAL,https://www.pricecharting.com/game/pal-playstation-4/young-souls,La ficha exacta de la edición física PAL etiqueta a esta compañía como Publisher; puede representar publicación o distribución física. | El crédito actual procede de la importación histórica de la ficha física enlazada; se contrasta con la consulta en vivo.,Confirmar si la etiqueta Publisher representa publicación o distribución en la caja PAL.,AMBIGUOUS_NAME | HIGH_OR_BETTER_GROUP_NOT_FULLY_RESOLVED | MISSING_SLUG
ps4-young-souls,Young Souls,PAL España,standard,young souls,young souls,GAME_OR_UNKNOWN,PHYSICAL_PUBLISHER_OR_DISTRIBUTOR,publisher,The Arcade Crew,the-arcade-crew,The Arcade Crew,EXACT_NAME_OR_ALIAS,"Pix'n Love, The Arcade Crew",REPLACE_OR_ADD_REVIEW,HIGH,NO,EXACT_PHYSICAL_EDITION,2,PRICECHARTING_EXACT_PAL_PAGE | REGIONATLAS_LEGACY_PRICECHARTING_CREDIT,B_EXACT_PHYSICAL | B_LEGACY_EXACT_PHYSICAL,https://www.pricecharting.com/game/pal-playstation-4/young-souls,La ficha exacta de la edición física PAL etiqueta a esta compañía como Publisher; puede representar publicación o distribución física. | El crédito actual procede de la importación histórica de la ficha física enlazada; se contrasta con la consulta en vivo.,Confirmar si la etiqueta Publisher representa publicación o distribución en la caja PAL.,HIGH_OR_BETTER_GROUP_NOT_FULLY_RESOLVED
ps4-ys-ix-monstrum-nox-limited-edition,Ys IX: Monstrum Nox [Limited Edition],PAL España,standard,ys ix monstrum nox,ys ix monstrum nox,EDITION_VARIANT,PHYSICAL_PUBLISHER_OR_DISTRIBUTOR,publisher,NIS America,,NIS America,AMBIGUOUS_NAME,,ADD_MISSING,HIGH,NO,EXACT_PHYSICAL_EDITION | PAL_RELEASE,2,PRICECHARTING_EXACT_PAL_PAGE | WIKIPEDIA_PS4_LIST_PAL,B_EXACT_PHYSICAL | B_PAL_RELEASE,https://www.pricecharting.com/game/pal-playstation-4/ys-ix-monstrum-nox-limited-edition | https://en.wikipedia.org/wiki/List_of_PlayStation_4_games_(M%E2%80%93Z),La ficha exacta de la edición física PAL etiqueta a esta compañía como Publisher; puede representar publicación o distribución física. | La columna PAL de la lista de PS4 atribuye la publicación a esta compañía.,Confirmar si la etiqueta Publisher representa publicación o distribución en la caja PAL.,AMBIGUOUS_NAME | HIGH_OR_BETTER_GROUP_NOT_FULLY_RESOLVED | MISSING_SLUG
ps4-ys-ix-monstrum-nox-pact-edition,Ys IX: Monstrum Nox [Pact Edition],PAL España,standard,ys ix monstrum nox,ys ix monstrum nox,GAME_OR_UNKNOWN,PHYSICAL_PUBLISHER_OR_DISTRIBUTOR,publisher,NIS America,,NIS America,AMBIGUOUS_NAME,NIS America,REPLACE_OR_ADD_REVIEW,HIGH,NO,EXACT_PHYSICAL_EDITION | PAL_RELEASE,3,PRICECHARTING_EXACT_PAL_PAGE | REGIONATLAS_LEGACY_PRICECHARTING_CREDIT | WIKIPEDIA_PS4_LIST_PAL,B_EXACT_PHYSICAL | B_LEGACY_EXACT_PHYSICAL | B_PAL_RELEASE,https://www.pricecharting.com/game/pal-playstation-4/ys-ix-monstrum-nox-pact-edition | https://en.wikipedia.org/wiki/List_of_PlayStation_4_games_(M%E2%80%93Z),La ficha exacta de la edición física PAL etiqueta a esta compañía como Publisher; puede representar publicación o distribución física. | El crédito actual procede de la importación histórica de la ficha física enlazada; se contrasta con la consulta en vivo. | La columna PAL de la lista de PS4 atribuye la publicación a esta compañía.,Confirmar si la etiqueta Publisher representa publicación o distribución en la caja PAL.,AMBIGUOUS_NAME | HIGH_OR_BETTER_GROUP_NOT_FULLY_RESOLVED | MISSING_SLUG
ps4-ys-memories-of-celceta,Ys: Memories of Celceta,PAL España,standard,ys memories of celceta,ys memories of celceta,GAME_OR_UNKNOWN,PHYSICAL_PUBLISHER_OR_DISTRIBUTOR,publisher,Marvelous,,Marvelous,AMBIGUOUS_NAME,Nihon Falcom,REPLACE_OR_ADD_REVIEW,HIGH,NO,EXACT_PHYSICAL_EDITION,1,PRICECHARTING_EXACT_PAL_PAGE,B_EXACT_PHYSICAL,https://www.pricecharting.com/game/pal-playstation-4/ys-memories-of-celceta,La ficha exacta de la edición física PAL etiqueta a esta compañía como Publisher; puede representar publicación o distribución física.,Confirmar si la etiqueta Publisher representa publicación o distribución en la caja PAL.,AMBIGUOUS_NAME | HIGH_OR_BETTER_GROUP_NOT_FULLY_RESOLVED | MISSING_SLUG
ps4-ys-x-nordics-limited-edition,Ys X: Nordics [Limited Edition],PAL España,standard,ys x nordics,ys x nordics,EDITION_VARIANT,PHYSICAL_PUBLISHER_OR_DISTRIBUTOR,publisher,NIS America,,NIS America,AMBIGUOUS_NAME,NIS America,REPLACE_OR_ADD_REVIEW,HIGH,NO,EXACT_PHYSICAL_EDITION | PAL_RELEASE,3,PRICECHARTING_EXACT_PAL_PAGE | REGIONATLAS_LEGACY_PRICECHARTING_CREDIT | WIKIPEDIA_PS4_LIST_PAL,B_EXACT_PHYSICAL | B_LEGACY_EXACT_PHYSICAL | B_PAL_RELEASE,https://www.pricecharting.com/game/pal-playstation-4/ys-x-nordics-limited-edition | https://en.wikipedia.org/wiki/List_of_PlayStation_4_games_(M%E2%80%93Z),La ficha exacta de la edición física PAL etiqueta a esta compañía como Publisher; puede representar publicación o distribución física. | El crédito actual procede de la importación histórica de la ficha física enlazada; se contrasta con la consulta en vivo. | La columna PAL de la lista de PS4 atribuye la publicación a esta compañía.,Confirmar si la etiqueta Publisher representa publicación o distribución en la caja PAL.,AMBIGUOUS_NAME | HIGH_OR_BETTER_GROUP_NOT_FULLY_RESOLVED | MISSING_SLUG
ps4-yurukill-the-calumniation-games-deluxe-edition,Yurukill: The Calumniation Games [Deluxe Edition],PAL España,standard,yurukill the calumniation games,yurukill the calumniation games,EDITION_VARIANT,DEVELOPER,developer,IzanagiGames Inc.,izanagigames,IzanagiGames Inc. | IzanagiGames,EXACT_NAME_OR_ALIAS,IzanagiGames Inc.,RETAIN,HIGH,NO,EXACT_PHYSICAL_EDITION | GAME_WORK,3,PRICECHARTING_EXACT_PAL_PAGE | REGIONATLAS_LEGACY_PRICECHARTING_CREDIT | STEAM_STORE,B_EXACT_PHYSICAL | B_LEGACY_EXACT_PHYSICAL | B_OTHER_PLATFORM,https://www.pricecharting.com/game/pal-playstation-4/yurukill-the-calumniation-games-deluxe-edition | https://store.steampowered.com/app/1733840,"La ficha enlazada de la edición física PAL atribuye el desarrollo a esta compañía. | El crédito actual procede de la importación histórica de la ficha física enlazada; se contrasta con la consulta en vivo. | La ficha comercial de Steam confirma la desarrolladora de la obra, no necesariamente el port de PS4.",No propagar a ports o compilaciones sin comprobar sus créditos propios.,HIGH_OR_BETTER_GROUP_NOT_FULLY_RESOLVED
ps4-yurukill-the-calumniation-games-deluxe-edition,Yurukill: The Calumniation Games [Deluxe Edition],PAL España,standard,yurukill the calumniation games,yurukill the calumniation games,EDITION_VARIANT,DEVELOPER,developer,G.Rev,,G.Rev | G.rev Ltd. | G.rev,AMBIGUOUS_NAME,IzanagiGames Inc.,REPLACE_OR_ADD_REVIEW,HIGH,NO,GAME_WORK | GAME_WORK_OR_PS4_RELEASE | PS4_RELEASE,4,LAUNCHBOX_GAMES_DB | STEAM_STORE | WIKIDATA | WIKIPEDIA_PS4_LIST,B_OTHER_PLATFORM | B_PS4_RELEASE | C_DISCOVERY,https://en.wikipedia.org/wiki/List_of_PlayStation_4_games_(M%E2%80%93Z) | https://store.steampowered.com/app/1733840 | https://www.wikidata.org/wiki/Q110251989 | https://gamesdb.launchbox-app.com/games/details/474031,"La lista específica de PS4 atribuye el desarrollo a esta compañía. | La ficha comercial de Steam confirma la desarrolladora de la obra, no necesariamente el port de PS4. | Wikidata registra la compañía como desarrolladora. | LaunchBox registra esta desarrolladora para su ficha de PS4.",No propagar a ports o compilaciones sin comprobar sus créditos propios.,AMBIGUOUS_NAME | HIGH_OR_BETTER_GROUP_NOT_FULLY_RESOLVED | MISSING_SLUG
ps4-yurukill-the-calumniation-games-deluxe-edition,Yurukill: The Calumniation Games [Deluxe Edition],PAL España,standard,yurukill the calumniation games,yurukill the calumniation games,EDITION_VARIANT,PHYSICAL_PUBLISHER_OR_DISTRIBUTOR,publisher,NIS America Inc.,,NIS America Inc. | NIS America,AMBIGUOUS_NAME,NIS America Inc.,REPLACE_OR_ADD_REVIEW,HIGH,NO,EXACT_PHYSICAL_EDITION | PAL_RELEASE,3,PRICECHARTING_EXACT_PAL_PAGE | REGIONATLAS_LEGACY_PRICECHARTING_CREDIT | WIKIPEDIA_PS4_LIST_PAL,B_EXACT_PHYSICAL | B_LEGACY_EXACT_PHYSICAL | B_PAL_RELEASE,https://www.pricecharting.com/game/pal-playstation-4/yurukill-the-calumniation-games-deluxe-edition | https://en.wikipedia.org/wiki/List_of_PlayStation_4_games_(M%E2%80%93Z),La ficha exacta de la edición física PAL etiqueta a esta compañía como Publisher; puede representar publicación o distribución física. | El crédito actual procede de la importación histórica de la ficha física enlazada; se contrasta con la consulta en vivo. | La columna PAL de la lista de PS4 atribuye la publicación a esta compañía.,Confirmar si la etiqueta Publisher representa publicación o distribución en la caja PAL.,AMBIGUOUS_NAME | HIGH_OR_BETTER_GROUP_NOT_FULLY_RESOLVED | MISSING_SLUG
ps4-yurukill-the-calumniation-games-limited-edition,Yurukill: The Calumniation Games [Limited Edition],PAL España,standard,yurukill the calumniation games,yurukill the calumniation games,EDITION_VARIANT,DEVELOPER,developer,G.Rev,,G.Rev | G.rev Ltd. | G.rev,AMBIGUOUS_NAME,,ADD_MISSING,HIGH,NO,GAME_WORK | GAME_WORK_OR_PS4_RELEASE | PS4_RELEASE,4,LAUNCHBOX_GAMES_DB | STEAM_STORE | WIKIDATA | WIKIPEDIA_PS4_LIST,B_OTHER_PLATFORM | B_PS4_RELEASE | C_DISCOVERY,https://en.wikipedia.org/wiki/List_of_PlayStation_4_games_(M%E2%80%93Z) | https://store.steampowered.com/app/1733840 | https://www.wikidata.org/wiki/Q110251989 | https://gamesdb.launchbox-app.com/games/details/474031,"La lista específica de PS4 atribuye el desarrollo a esta compañía. | La ficha comercial de Steam confirma la desarrolladora de la obra, no necesariamente el port de PS4. | Wikidata registra la compañía como desarrolladora. | LaunchBox registra esta desarrolladora para su ficha de PS4.",No propagar a ports o compilaciones sin comprobar sus créditos propios.,AMBIGUOUS_NAME | HIGH_OR_BETTER_GROUP_NOT_FULLY_RESOLVED | MISSING_SLUG
ps4-zanki-zero-last-beginning,Zanki Zero: Last Beginning,PAL España,standard,zanki zero last beginning,zanki zero last beginning,GAME_OR_UNKNOWN,DEVELOPER,developer,Spike Chunsoft,,Spike Chunsoft Co Ltd | Spike Chunsoft | Spike Chunsoft Co Ltd. | Spike ChunSoft,AMBIGUOUS_NAME,Spike Chunsoft,REPLACE_OR_ADD_REVIEW,HIGH,NO,EXACT_PHYSICAL_EDITION | GAME_WORK | GAME_WORK_OR_PS4_RELEASE | MATCHED_PS4_PRODUCT | PS4_RELEASE,6,LAUNCHBOX_GAMES_DB | PLAYSTATION_STORE_EXPLICIT_CREDIT | PRICECHARTING_EXACT_PAL_PAGE | REGIONATLAS_LEGACY_PRICECHARTING_CREDIT | STEAM_STORE | WIKIPEDIA_PS4_LIST,A_OFFICIAL_MATCHED_TITLE_CREDIT | B_EXACT_PHYSICAL | B_LEGACY_EXACT_PHYSICAL | B_OTHER_PLATFORM | B_PS4_RELEASE | C_DISCOVERY,https://store.playstation.com/es-es/product/EP3617-CUSA14971_00-ZANKIZEROPS40000 | https://www.pricecharting.com/game/pal-playstation-4/zanki-zero-last-beginning | https://en.wikipedia.org/wiki/List_of_PlayStation_4_games_(M%E2%80%93Z) | https://store.steampowered.com/app/819020 | https://gamesdb.launchbox-app.com/games/details/207733,"Developed by Spike Chunsoft Co Ltd All rights reserved | La ficha enlazada de la edición física PAL atribuye el desarrollo a esta compañía. | El crédito actual procede de la importación histórica de la ficha física enlazada; se contrasta con la consulta en vivo. | La lista específica de PS4 atribuye el desarrollo a esta compañía. | La ficha comercial de Steam confirma la desarrolladora de la obra, no necesariamente el port de PS4. | LaunchBox registra esta desarrolladora para su ficha de PS4.",No propagar a ports o compilaciones sin comprobar sus créditos propios.,AMBIGUOUS_NAME | HIGH_OR_BETTER_GROUP_NOT_FULLY_RESOLVED | MISSING_SLUG
ps4-zanki-zero-last-beginning,Zanki Zero: Last Beginning,PAL España,standard,zanki zero last beginning,zanki zero last beginning,GAME_OR_UNKNOWN,PHYSICAL_PUBLISHER_OR_DISTRIBUTOR,publisher,Spike Chunsoft,,Spike Chunsoft,AMBIGUOUS_NAME,Spike Chunsoft,REPLACE_OR_ADD_REVIEW,HIGH,NO,EXACT_PHYSICAL_EDITION | PAL_RELEASE,3,PRICECHARTING_EXACT_PAL_PAGE | REGIONATLAS_LEGACY_PRICECHARTING_CREDIT | WIKIPEDIA_PS4_LIST_PAL,B_EXACT_PHYSICAL | B_LEGACY_EXACT_PHYSICAL | B_PAL_RELEASE,https://www.pricecharting.com/game/pal-playstation-4/zanki-zero-last-beginning | https://en.wikipedia.org/wiki/List_of_PlayStation_4_games_(M%E2%80%93Z),La ficha exacta de la edición física PAL etiqueta a esta compañía como Publisher; puede representar publicación o distribución física. | El crédito actual procede de la importación histórica de la ficha física enlazada; se contrasta con la consulta en vivo. | La columna PAL de la lista de PS4 atribuye la publicación a esta compañía.,Confirmar si la etiqueta Publisher representa publicación o distribución en la caja PAL.,AMBIGUOUS_NAME | HIGH_OR_BETTER_GROUP_NOT_FULLY_RESOLVED | MISSING_SLUG
ps4-zero-escape-the-nonary-games,Zero Escape The Nonary Games,PAL España,standard,zero escape the nonary games,zero escape the nonary games,GAME_OR_UNKNOWN,DEVELOPER,developer,Spike Chunsoft,,Spike Chunsoft | Spike Chunsoft Co Ltd. | Spike ChunSoft,AMBIGUOUS_NAME,,ADD_MISSING,HIGH,NO,GAME_WORK | GAME_WORK_OR_PS4_RELEASE | PS4_RELEASE,4,LAUNCHBOX_GAMES_DB | STEAM_STORE | WIKIDATA | WIKIPEDIA_PS4_LIST,B_OTHER_PLATFORM | B_PS4_RELEASE | C_DISCOVERY,https://en.wikipedia.org/wiki/List_of_PlayStation_4_games_(M%E2%80%93Z) | https://store.steampowered.com/app/477740 | https://www.wikidata.org/wiki/Q31970991 | https://gamesdb.launchbox-app.com/games/details/423479,"La lista específica de PS4 atribuye el desarrollo a esta compañía. | La ficha comercial de Steam confirma la desarrolladora de la obra, no necesariamente el port de PS4. | Wikidata registra la compañía como desarrolladora. | LaunchBox registra esta desarrolladora para su ficha de PS4.",No propagar a ports o compilaciones sin comprobar sus créditos propios.,AMBIGUOUS_NAME | HIGH_OR_BETTER_GROUP_NOT_FULLY_RESOLVED | MISSING_SLUG
ps4-zombie-vikings-ragnarok-edition,Zombie Vikings [Ragnarok Edition],PAL España,standard,zombie vikings,zombie vikings,GAME_OR_UNKNOWN,DEVELOPER,developer,Zoink Games,,Zoink Games,NOT_IN_COMPANY_INDEX,,ADD_MISSING,HIGH,NO,GAME_WORK | GAME_WORK_OR_PS4_RELEASE,3,STEAM_STORE | WIKIDATA | WIKIPEDIA_PS4_LIST,B_OTHER_PLATFORM | B_PS4_RELEASE | C_DISCOVERY,https://en.wikipedia.org/wiki/List_of_PlayStation_4_games_(M%E2%80%93Z) | https://store.steampowered.com/app/337480 | https://www.wikidata.org/wiki/Q107424337,"La lista específica de PS4 atribuye el desarrollo a esta compañía. | La ficha comercial de Steam confirma la desarrolladora de la obra, no necesariamente el port de PS4. | Wikidata registra la compañía como desarrolladora.",No propagar a ports o compilaciones sin comprobar sus créditos propios.,HIGH_OR_BETTER_GROUP_NOT_FULLY_RESOLVED | MISSING_SLUG | NOT_IN_COMPANY_INDEX
