slug,company_name,source_filename,source_page_url,image_source_url,source_license,source_license_url,source_credit,source_artist
sega,Sega,SEGA logo JPN.svg,https://commons.wikimedia.org/wiki/File:SEGA_logo_JPN.svg,https://upload.wikimedia.org/wikipedia/commons/c/c7/SEGA_logo_JPN.svg?utm_source=commons.wikimedia.org&utm_campaign=imageinfo&utm_content=original,Public domain,,Own work based on: SEGA logo.svg,Sega
nintendo,Nintendo,Nintendo.svg,https://commons.wikimedia.org/wiki/File:Nintendo.svg,https://upload.wikimedia.org/wikipedia/commons/0/0d/Nintendo.svg?utm_source=commons.wikimedia.org&utm_campaign=imageinfo&utm_content=original,Public domain,,Transferred from en.wikipedia to Commons by JamesR .,Nintendo
electronic-arts,Electronic Arts,Electronic Arts historical logo 80s.svg,https://commons.wikimedia.org/wiki/File:Electronic_Arts_historical_logo_80s.svg,https://upload.wikimedia.org/wikipedia/commons/2/23/Electronic_Arts_historical_logo_80s.svg?utm_source=commons.wikimedia.org&utm_campaign=imageinfo&utm_content=original,Public domain,,Electronic Arts,Electronic Arts
capcom,Capcom,Capcom logo.svg,https://commons.wikimedia.org/wiki/File:Capcom_logo.svg,https://upload.wikimedia.org/wikipedia/commons/e/ef/Capcom_logo.svg?utm_source=commons.wikimedia.org&utm_campaign=imageinfo&utm_content=original,Public domain,,Own work,Nessa los
konami,Konami,Konami 4th logo 1.svg,https://commons.wikimedia.org/wiki/File:Konami_4th_logo_1.svg,https://upload.wikimedia.org/wikipedia/commons/a/ab/Konami_4th_logo_1.svg?utm_source=commons.wikimedia.org&utm_campaign=imageinfo&utm_content=original,Public domain,,"Wordmark of KONAMI , Trademarked by KONAMI CORPORATION.",KONAMI CORPORATION
limited-run-games,Limited Run Games,Limited Run Games logo black.svg,https://commons.wikimedia.org/wiki/File:Limited_Run_Games_logo_black.svg,https://upload.wikimedia.org/wikipedia/commons/d/d3/Limited_Run_Games_logo_black.svg?utm_source=commons.wikimedia.org&utm_campaign=imageinfo&utm_content=original,Public domain,,Own work using: https://www.fangamer.com/collections,Limited Run Games
snk,SNK Corporation,SNK logo.svg,https://commons.wikimedia.org/wiki/File:SNK_logo.svg,https://upload.wikimedia.org/wikipedia/commons/f/fd/SNK_logo.svg?utm_source=commons.wikimedia.org&utm_campaign=imageinfo&utm_content=original,Public domain,,Own work using: https://www.snk-corp.co.jp/,SNK
ubisoft,Ubisoft,Ubisoft logo.svg,https://commons.wikimedia.org/wiki/File:Ubisoft_logo.svg,https://upload.wikimedia.org/wikipedia/commons/7/78/Ubisoft_logo.svg?utm_source=commons.wikimedia.org&utm_campaign=imageinfo&utm_content=original,Public domain,,https://vignette.wikia.nocookie.net/logopedia/images/a/a0/Ubisoft_2017.svg/revision/latest?cb=20170622035823,Ubisoft
activision,Activision,Activision.svg,https://commons.wikimedia.org/wiki/File:Activision.svg,https://upload.wikimedia.org/wikipedia/commons/0/01/Activision.svg?utm_source=commons.wikimedia.org&utm_campaign=imageinfo&utm_content=original,Public domain,,Transferred from en.wikipedia to Commons by Sreejithk2000 using CommonsHelper .,The original uploader was Caesura at English Wikipedia . - Landor Associates
sony-interactive-entertainment,Sony Interactive Entertainment,Sony Interactive Entertainment logo (2016).svg,https://commons.wikimedia.org/wiki/File:Sony_Interactive_Entertainment_logo_(2016).svg,https://upload.wikimedia.org/wikipedia/commons/e/ef/Sony_Interactive_Entertainment_logo_%282016%29.svg?utm_source=commons.wikimedia.org&utm_campaign=imageinfo&utm_content=original,Public domain,,https://www.sie.com/,Sony Interactive Entertainment
bandai-namco-entertainment,Bandai Namco Entertainment,Bandai Namco logo (2022).svg,https://commons.wikimedia.org/wiki/File:Bandai_Namco_logo_(2022).svg,https://upload.wikimedia.org/wikipedia/commons/5/55/Bandai_Namco_logo_%282022%29.svg?utm_source=commons.wikimedia.org&utm_campaign=imageinfo&utm_content=original,Public domain,,Own work using: https://logos.fandom.com/wiki/Bandai_Namco_Entertainment ( archive link ),Bandai Namco Holdings Inc.
square-enix,Square Enix,Square Enix logo.svg,https://commons.wikimedia.org/wiki/File:Square_Enix_logo.svg,https://upload.wikimedia.org/wikipedia/commons/a/af/Square_Enix_logo.svg?utm_source=commons.wikimedia.org&utm_campaign=imageinfo&utm_content=original,Public domain,,"Wiki-en . Erroneously uploaded as fair use. Because Per the United States Copyright Office: ""familiar symbols or designs; mere variations of typographic ornamentation, lettering, or coloring ... typeface as typefaces are not subject to copyright. Square Enix Store Also see Image_casebook Trademarks","User:GaeMFreeK , created by Square Enix"
ea-sports,EA Sports,EA Sports monochrome logo.svg,https://commons.wikimedia.org/wiki/File:EA_Sports_monochrome_logo.svg,https://upload.wikimedia.org/wikipedia/commons/6/6f/EA_Sports_monochrome_logo.svg?utm_source=commons.wikimedia.org&utm_campaign=imageinfo&utm_content=original,Public domain,,http://logos.wikia.com/wiki/EA_Sports/Logo_Variations,Electronic Arts
thq,THQ inc,THQ logo 2011.svg,https://commons.wikimedia.org/wiki/File:THQ_logo_2011.svg,https://upload.wikimedia.org/wikipedia/commons/9/96/THQ_logo_2011.svg?utm_source=commons.wikimedia.org&utm_campaign=imageinfo&utm_content=original,Public domain,,http://www.thq.com/img/site/content/new_logo_splash/thq_logo.jpg,THQ. Original uploader was AxG at en.wikipedia
namco,Namco Ltd,Namco logo.svg,https://commons.wikimedia.org/wiki/File:Namco_logo.svg,https://upload.wikimedia.org/wikipedia/commons/9/95/Namco_logo.svg?utm_source=commons.wikimedia.org&utm_campaign=imageinfo&utm_content=original,Public domain,,Own work ( Original text: selbst vektorisiert ),Unknown author Unknown author
taito,Taito Corporation,Taito logo.svg,https://commons.wikimedia.org/wiki/File:Taito_logo.svg,https://upload.wikimedia.org/wikipedia/commons/1/16/Taito_logo.svg?utm_source=commons.wikimedia.org&utm_campaign=imageinfo&utm_content=original,Public domain,,http://www.taito.co.jp/,Taito Corporation
sony,Sony,Sony logo.svg,https://commons.wikimedia.org/wiki/File:Sony_logo.svg,https://upload.wikimedia.org/wikipedia/commons/c/ca/Sony_logo.svg?utm_source=commons.wikimedia.org&utm_campaign=imageinfo&utm_content=original,Public domain,,Sonyrtyyh Group Corporation,"Yasuo Kuroki, Sony"
acclaim,Acclaim Entertainment,Acclaim Entertainment logo.svg,https://commons.wikimedia.org/wiki/File:Acclaim_Entertainment_logo.svg,https://upload.wikimedia.org/wikipedia/commons/9/9b/Acclaim_Entertainment_logo.svg?utm_source=commons.wikimedia.org&utm_campaign=imageinfo&utm_content=original,Public domain,,"Own work ( Original text: selbst vektorisiert, Vorlage: offizielle Website )",Acclaim Entertainment
bandai,Bandai,Logo Bandai.svg,https://commons.wikimedia.org/wiki/File:Logo_Bandai.svg,https://upload.wikimedia.org/wikipedia/commons/4/48/Logo_Bandai.svg?utm_source=commons.wikimedia.org&utm_campaign=imageinfo&utm_content=original,Public domain,,May be obtained from Bandai,Bandai/Shin Matsunaga
acclaim-entertainment,Acclaim Entertainment,Acclaim Entertainment logo.svg,https://commons.wikimedia.org/wiki/File:Acclaim_Entertainment_logo.svg,https://upload.wikimedia.org/wikipedia/commons/9/9b/Acclaim_Entertainment_logo.svg?utm_source=commons.wikimedia.org&utm_campaign=imageinfo&utm_content=original,Public domain,,"Own work ( Original text: selbst vektorisiert, Vorlage: offizielle Website )",Acclaim Entertainment
rare,Rare Ltd.,logo-regular.svg,https://www.rare.co.uk/,https://www.rare.co.uk/images/logo/logo-regular.svg#inactive,Official-site asset; copyright/trademark status not explicitly licensed,,,
atlus,Atlus Co Ltd.,Atlus logo (2014).svg,https://commons.wikimedia.org/wiki/File:Atlus_logo_(2014).svg,https://upload.wikimedia.org/wikipedia/commons/1/19/Atlus_logo_%282014%29.svg?utm_source=commons.wikimedia.org&utm_campaign=imageinfo&utm_content=original,Public domain,,Own work using: https://www.atlus.co.jp/,"© Atlus, © Sega"
sunsoft,SunSoft,Sunsoft logo.svg,https://commons.wikimedia.org/wiki/File:Sunsoft_logo.svg,https://upload.wikimedia.org/wikipedia/commons/3/3c/Sunsoft_logo.svg?utm_source=commons.wikimedia.org&utm_campaign=imageinfo&utm_content=original,Public domain,,sun-denshi.co.jp ( direct image ),Sunsoft
codemasters,Codemasters,Codemasters logo 2007 text-only.svg,https://commons.wikimedia.org/wiki/File:Codemasters_logo_2007_text-only.svg,https://upload.wikimedia.org/wikipedia/commons/8/8f/Codemasters_logo_2007_text-only.svg?utm_source=commons.wikimedia.org&utm_campaign=imageinfo&utm_content=original,Public domain,,en:File:Codemasters logo.svg ( Original: https://www.codemasters.com/ ),Codemasters
data-east,Data East,Data East Logo.svg,https://commons.wikimedia.org/wiki/File:Data_East_Logo.svg,https://upload.wikimedia.org/wikipedia/commons/9/9d/Data_East_Logo.svg?utm_source=commons.wikimedia.org&utm_campaign=imageinfo&utm_content=original,Public domain,,http://arcarc.xmission.com/Web%20Archives/vectorlib2.free.fr/Arcade_Logos/index.html#data_east with modifications by Patrick87,Data East Corporation
koei,Koei,Koei logo.svg,https://commons.wikimedia.org/wiki/File:Koei_logo.svg,https://upload.wikimedia.org/wikipedia/commons/4/4e/Koei_logo.svg?utm_source=commons.wikimedia.org&utm_campaign=imageinfo&utm_content=original,Public domain,,http://www.segaretro.org/index.php?title=File:Koei_logo.svg&oldid=29577,http://www.segaretro.org/User:Scarred_Sun (uploader)
midway,Midway,Midway Games logo.svg,https://commons.wikimedia.org/wiki/File:Midway_Games_logo.svg,https://upload.wikimedia.org/wikipedia/commons/9/9a/Midway_Games_logo.svg?utm_source=commons.wikimedia.org&utm_campaign=imageinfo&utm_content=original,Public domain,,Midway press kit disc,Midway Games Inc.
mindscape,Mindscape Inc,Mindscape-logo.png,https://commons.wikimedia.org/wiki/File:Mindscape-logo.png,https://upload.wikimedia.org/wikipedia/commons/5/5d/Mindscape-logo.png?utm_source=commons.wikimedia.org&utm_campaign=imageinfo&utm_content=original,Public domain,,Casualgames.fr,Mindscape
ocean,Ocean,Ocean Software.jpg,https://commons.wikimedia.org/wiki/File:Ocean_Software.jpg,https://upload.wikimedia.org/wikipedia/commons/d/da/Ocean_Software.jpg?utm_source=commons.wikimedia.org&utm_campaign=imageinfo&utm_content=original,Public domain,,https://www.google.com/search?q=Ocean+Software&hl=ru&client=firefox-a&hs=5Xc&rls=org.mozilla:ru:official&prmd=imvns&source=lnms&tbm=isch&sa=X&ei=ufVsUNKCIu3S4QSk5oGgDg&ved=0CAoQ_AUoAQ&biw=1920&bih=900,https://www.google.com/search?q=Ocean+Software&hl=ru&client=firefox-a&hs=5Xc&rls=org.mozilla:ru:official&prmd=imvns&source=lnms&tbm=isch&sa=X&ei=ufVsUNKCIu3S4QSk5oGgDg&ved=0CAoQ_AUoAQ&biw=1920&bih=900
red-art-games,Red Art Games,logo.svg,https://www.redartgames.com/,https://www.redartgames.com/img/logo.svg,Official-site asset; copyright/trademark status not explicitly licensed,,,
jaleco,Jaleco,Jaleco logo (2007 - present).svg,https://commons.wikimedia.org/wiki/File:Jaleco_logo_(2007_-_present).svg,https://upload.wikimedia.org/wikipedia/commons/d/d9/Jaleco_logo_%282007_-_present%29.svg?utm_source=commons.wikimedia.org&utm_campaign=imageinfo&utm_content=original,Public domain,,https://web.archive.org/web/20090403192035/http://www.jalecogames.co.jp:80/,Jaleco
visual-concepts,Visual Concepts,Visual Concepts Logo (2019).png,https://commons.wikimedia.org/wiki/File:Visual_Concepts_Logo_(2019).png,https://upload.wikimedia.org/wikipedia/commons/2/29/Visual_Concepts_Logo_%282019%29.png?utm_source=commons.wikimedia.org&utm_campaign=imageinfo&utm_content=original,Public domain,,Логотип с сайта https://newsroom.2k.com/resources/f/corporate/logos-12 .,"Take-Two Interactive Software, Inc."
thq-nordic,THQ Nordic GmbH,THQ Nordic logo 2016.svg,https://commons.wikimedia.org/wiki/File:THQ_Nordic_logo_2016.svg,https://upload.wikimedia.org/wikipedia/commons/1/1b/THQ_Nordic_logo_2016.svg?utm_source=commons.wikimedia.org&utm_campaign=imageinfo&utm_content=original,Public domain,,https://manuals.thqnordic.com/Warhammer_Vermintide/Vermintide_PC_Playerguide_online.pdf,THQ Nordic
kemco,Kemco Corporation,Kemco logo.svg,https://commons.wikimedia.org/wiki/File:Kemco_logo.svg,https://upload.wikimedia.org/wikipedia/commons/5/56/Kemco_logo.svg?utm_source=commons.wikimedia.org&utm_campaign=imageinfo&utm_content=original,Public domain,,"www.kemco.jp , abgerufen am 4. April 2010",Kemco
deep-silver,Deep SIlver,Deep Silver Logo.svg,https://commons.wikimedia.org/wiki/File:Deep_Silver_Logo.svg,https://upload.wikimedia.org/wikipedia/commons/9/9e/Deep_Silver_Logo.svg?utm_source=commons.wikimedia.org&utm_campaign=imageinfo&utm_content=original,Public domain,,https://embracer.com/about/operative-groups/plaion/,Plaion
hal-laboratory,HAL Laboratory,HAL Laboratory Logo.png,https://commons.wikimedia.org/wiki/File:HAL_Laboratory_Logo.png,https://upload.wikimedia.org/wikipedia/commons/1/1d/HAL_Laboratory_Logo.png?utm_source=commons.wikimedia.org&utm_campaign=imageinfo&utm_content=original,Public domain,,https://www.hallab.co.jp/,"© HAL Laboratory, Inc."
eurocom,Eurocom,Eurocom logo.svg,https://commons.wikimedia.org/wiki/File:Eurocom_logo.svg,https://upload.wikimedia.org/wikipedia/commons/5/57/Eurocom_logo.svg?utm_source=commons.wikimedia.org&utm_campaign=imageinfo&utm_content=original,Public domain,,https://sphinxandthecursedmummy.fandom.com/wiki/File:Eurocom_logo.svg,Eurocom Developments Ltd.
sonic-team,Sonic Team,Sonic Team logo stone.jpg,https://commons.wikimedia.org/wiki/File:Sonic_Team_logo_stone.jpg,https://upload.wikimedia.org/wikipedia/commons/a/a3/Sonic_Team_logo_stone.jpg?utm_source=commons.wikimedia.org&utm_campaign=imageinfo&utm_content=original,CC BY 3.0,https://creativecommons.org/licenses/by/3.0,This image has been extracted from another file,SEGA
ubisoft-montreal,Ubisoft Montreal,Logo Ubisoft Montreal.png,https://commons.wikimedia.org/wiki/File:Logo_Ubisoft_Montreal.png,https://upload.wikimedia.org/wikipedia/commons/a/a7/Logo_Ubisoft_Montreal.png?utm_source=commons.wikimedia.org&utm_campaign=imageinfo&utm_content=original,Public domain,,Ubisoft Montreal,Ubisoft
pqube,PQube Ltd.,PQUbe logo.png,https://commons.wikimedia.org/wiki/File:PQUbe_logo.png,https://upload.wikimedia.org/wikipedia/commons/9/96/PQUbe_logo.png?utm_source=commons.wikimedia.org&utm_campaign=imageinfo&utm_content=original,Public domain,,http://www.gal-gun.com/,PQUbe
bethesda-softworks,Bethesda Softworks,Bethesda Softworks Logo.svg,https://commons.wikimedia.org/wiki/File:Bethesda_Softworks_Logo.svg,https://upload.wikimedia.org/wikipedia/commons/d/db/Bethesda_Softworks_Logo.svg?utm_source=commons.wikimedia.org&utm_campaign=imageinfo&utm_content=original,Public domain,,https://fallout4.com/,Bethesda Softworks
505-games,505 Games,505 Games logo.svg,https://commons.wikimedia.org/wiki/File:505_Games_logo.svg,https://upload.wikimedia.org/wikipedia/commons/8/8f/505_Games_logo.svg?utm_source=commons.wikimedia.org&utm_campaign=imageinfo&utm_content=original,Public domain,,505 Games,505 Games
tecmo,Tecmo,Tecmo logo.svg,https://commons.wikimedia.org/wiki/File:Tecmo_logo.svg,https://upload.wikimedia.org/wikipedia/commons/b/b2/Tecmo_logo.svg?utm_source=commons.wikimedia.org&utm_campaign=imageinfo&utm_content=original,Public domain,,Transferred from en.wikipedia to Commons by JohnnyMrNinja using CommonsHelper .,Tecmo
omega-force,Omega Force,Omega Force 2024.svg,https://commons.wikimedia.org/wiki/File:Omega_Force_2024.svg,https://upload.wikimedia.org/wikipedia/commons/0/00/Omega_Force_2024.svg?utm_source=commons.wikimedia.org&utm_campaign=imageinfo&utm_content=original,Public domain,,https://static.wikia.nocookie.net/logopedia/images/0/00/Omega_Force_2024.svg/revision/latest?cb=20240531002038 https://logos.fandom.com/wiki/Omega_Force,"Omega Force, Koei Tecmo"
koei-tecmo,Koei Tecmo,Koei Tecmo Holdings logo.svg,https://commons.wikimedia.org/wiki/File:Koei_Tecmo_Holdings_logo.svg,https://upload.wikimedia.org/wikipedia/commons/d/d1/Koei_Tecmo_Holdings_logo.svg?utm_source=commons.wikimedia.org&utm_campaign=imageinfo&utm_content=original,Public domain,,Original raster image,Koei Tecmo Holdings
tengen,Tengen,Tengen logo.svg,https://commons.wikimedia.org/wiki/File:Tengen_logo.svg,https://upload.wikimedia.org/wikipedia/commons/a/a3/Tengen_logo.svg?utm_source=commons.wikimedia.org&utm_campaign=imageinfo&utm_content=original,Public domain,,This image has been extracted from another file,Tengen
2k-games,2K Games,2K 2021 Logo.svg,https://commons.wikimedia.org/wiki/File:2K_2021_Logo.svg,https://upload.wikimedia.org/wikipedia/commons/1/1f/2K_2021_Logo.svg?utm_source=commons.wikimedia.org&utm_campaign=imageinfo&utm_content=original,Public domain,,https://logos.fandom.com/wiki/2K_Games,Take-Two Interactive
arc-system-works,Arc System Works,Arc system works logo.png,https://commons.wikimedia.org/wiki/File:Arc_system_works_logo.png,https://upload.wikimedia.org/wikipedia/commons/1/12/Arc_system_works_logo.png?utm_source=commons.wikimedia.org&utm_campaign=imageinfo&utm_content=original,Public domain,,[1],Arc System Works
adk,ADK,Alpha Denshi Corporation logo.png,https://commons.wikimedia.org/wiki/File:Alpha_Denshi_Corporation_logo.png,https://upload.wikimedia.org/wikipedia/commons/d/d3/Alpha_Denshi_Corporation_logo.png?utm_source=commons.wikimedia.org&utm_campaign=imageinfo&utm_content=original,Public domain,,http://www.jap-sai.com/Games/Gan_Gan/Gan_Gan.htm,ADK
ljn-ltd,LJN Ltd.,LJN logo.png,https://commons.wikimedia.org/wiki/File:LJN_logo.png,https://upload.wikimedia.org/wikipedia/commons/a/ac/LJN_logo.png?utm_source=commons.wikimedia.org&utm_campaign=imageinfo&utm_content=original,Public domain,,Own work,Kgw5360
compile,Compile,COMPILE logo.png,https://commons.wikimedia.org/wiki/File:COMPILE_logo.png,https://upload.wikimedia.org/wikipedia/commons/c/c4/COMPILE_logo.png?utm_source=commons.wikimedia.org&utm_campaign=imageinfo&utm_content=original,Public domain,,Transferred from en.wikipedia to Commons by FastilyClone using MTC! .,Compile
eidos-interactive,Eidos Interactive,Eidos logo.svg,https://commons.wikimedia.org/wiki/File:Eidos_logo.svg,https://upload.wikimedia.org/wikipedia/commons/3/30/Eidos_logo.svg?utm_source=commons.wikimedia.org&utm_campaign=imageinfo&utm_content=original,Public domain,,"Wiki-en . Errounesly uploaded as fair use. Because Per the United States Copyright Office: ""familiar symbols or designs; mere variations of typographic ornamentation, lettering, or coloring ... typeface as typefaced are not subject to copyright. Also see Image_casebook Trademarks","User:Asenine , logo by Eidos Interactive"
fromsoftware,FromSoftware,Fromsoftware logo.svg,https://commons.wikimedia.org/wiki/File:Fromsoftware_logo.svg,https://upload.wikimedia.org/wikipedia/commons/0/00/Fromsoftware_logo.svg?utm_source=commons.wikimedia.org&utm_campaign=imageinfo&utm_content=original,Public domain,,FromSoftware,FromSoftware
konami-digital-entertainment,Konami Digital Entertainment,Konami 4th logo 1.svg,https://commons.wikimedia.org/wiki/File:Konami_4th_logo_1.svg,https://upload.wikimedia.org/wikipedia/commons/a/ab/Konami_4th_logo_1.svg?utm_source=commons.wikimedia.org&utm_campaign=imageinfo&utm_content=original,Public domain,,"Wordmark of KONAMI , Trademarked by KONAMI CORPORATION.",KONAMI CORPORATION
disney-interactive-studios,Disney Interactive Studios,Disney Interactive 1995.svg,https://commons.wikimedia.org/wiki/File:Disney_Interactive_1995.svg,https://upload.wikimedia.org/wikipedia/commons/b/bb/Disney_Interactive_1995.svg?utm_source=commons.wikimedia.org&utm_campaign=imageinfo&utm_content=original,Public domain,,https://logos.fandom.com/wiki/Disney_Interactive_Studios,"Disney Enterprises, Inc."
nippon-ichi-software,Nippon Ichi Software,Nippon Ichi Software Logo.png,https://commons.wikimedia.org/wiki/File:Nippon_Ichi_Software_Logo.png,https://upload.wikimedia.org/wikipedia/commons/7/79/Nippon_Ichi_Software_Logo.png?utm_source=commons.wikimedia.org&utm_campaign=imageinfo&utm_content=original,Public domain,,https://nippon1.jp/,"©Nippon Ichi Software, Inc."
sims,Sims,"SIMS Co., Ltd..PNG","https://commons.wikimedia.org/wiki/File:SIMS_Co.,_Ltd..PNG",https://upload.wikimedia.org/wikipedia/commons/1/17/SIMS_Co.%2C_Ltd..PNG?utm_source=commons.wikimedia.org&utm_campaign=imageinfo&utm_content=original,Public domain,,"The logo may be obtained from SIMS Co., Ltd.","SIMS Co., Ltd."
strictly-limited-games,Strictly Limited Games,Logo-on-transparent-zentriert-Kopie_1200x1200.png,https://www.strictlylimitedgames.com/,http://www.strictlylimitedgames.com/cdn/shop/files/Logo-on-transparent-zentriert-Kopie_1200x1200.png?v=1650486973,Official-site asset; copyright/trademark status not explicitly licensed,,,
takara,Takara,Takara logotipo.png,https://commons.wikimedia.org/wiki/File:Takara_logotipo.png,https://upload.wikimedia.org/wikipedia/commons/8/81/Takara_logotipo.png?utm_source=commons.wikimedia.org&utm_campaign=imageinfo&utm_content=original,Public domain,,Own work,
accolade,Accolade,Accolade logo 1990s.svg,https://commons.wikimedia.org/wiki/File:Accolade_logo_1990s.svg,https://upload.wikimedia.org/wikipedia/commons/4/40/Accolade_logo_1990s.svg?utm_source=commons.wikimedia.org&utm_campaign=imageinfo&utm_content=original,Public domain,,"Extracted from https://ia801401.us.archive.org/view_archive.php?archive=/23/items/deadlock_202201/DEADLOCK.ISO&file=DOCS%2FGUIDE.PDF , undistorted using Inkscape; cyan is Pantone Process Cyan, red is Pantone Red 032 C","Accolade, Inc."
crystal-dynamics,Crystal Dynamics,Crystal Dynamics Logo.svg,https://commons.wikimedia.org/wiki/File:Crystal_Dynamics_Logo.svg,https://upload.wikimedia.org/wikipedia/commons/2/25/Crystal_Dynamics_Logo.svg?utm_source=commons.wikimedia.org&utm_campaign=imageinfo&utm_content=original,Public domain,,https://embracer.com/wp-content/uploads/2024/06/Embracer-Group-publishes-Annual-Report-20232024-240620.pdf,Crystal Dynamics
genki,Genki,logo.svg,https://www.genki.co.jp/,https://www.genki.co.jp/assets/images/logo.svg,Official-site asset; copyright/trademark status not explicitly licensed,,,
compile-heart,Compile Heart,ch_top_logo.png,https://www.compileheart.com/,https://www.compileheart.com/img/ch_top_logo.png,Official-site asset; copyright/trademark status not explicitly licensed,,,
naughty-dog,Naughty Dog,NaughtyDog_LogoRGB_WHT_Web_600x95_01.png,https://www.naughtydog.com,https://cdn.craft.cloud/22b11234-f633-4f7c-8ac2-099f2dba995c/assets/uploads/NaughtyDog_LogoRGB_WHT_Web_600x95_01.png,Official-site asset; copyright/trademark status not explicitly licensed,,,
soedesco,Soedesco,Soedesco logo 2021.svg,https://commons.wikimedia.org/wiki/File:Soedesco_logo_2021.svg,https://upload.wikimedia.org/wikipedia/commons/6/68/Soedesco_logo_2021.svg?utm_source=commons.wikimedia.org&utm_campaign=imageinfo&utm_content=original,Public domain,,Own work using: https://www.soedesco.com/,Soedesco
yuke-s,Yuke's,logo-header.png,https://www.yukes.co.jp/,https://www.yukes.co.jp/wp-content/themes/yukes_30th/img/logo-header.png,Official-site asset; copyright/trademark status not explicitly licensed,,,
irem,Irem,Irem Corporation logo.svg,https://commons.wikimedia.org/wiki/File:Irem_Corporation_logo.svg,https://upload.wikimedia.org/wikipedia/commons/b/b4/Irem_Corporation_logo.svg?utm_source=commons.wikimedia.org&utm_campaign=imageinfo&utm_content=original,Public domain,,Own work using: [1],Irem
nihon-falcom,Nihon Falcom Corporation,Nihon Falcom.svg,https://commons.wikimedia.org/wiki/File:Nihon_Falcom.svg,https://upload.wikimedia.org/wikipedia/commons/3/34/Nihon_Falcom.svg?utm_source=commons.wikimedia.org&utm_campaign=imageinfo&utm_content=original,Public domain,,https://zh.moegirl.tw/File:Falcom_logo.svg,Nihon Falcom
midway-games,Midway Games,Midway Games logo.svg,https://commons.wikimedia.org/wiki/File:Midway_Games_logo.svg,https://upload.wikimedia.org/wikipedia/commons/9/9a/Midway_Games_logo.svg?utm_source=commons.wikimedia.org&utm_campaign=imageinfo&utm_content=original,Public domain,,Midway press kit disc,Midway Games Inc.
microids,Microids,Microids-Logo-2005.svg,https://commons.wikimedia.org/wiki/File:Microids-Logo-2005.svg,https://upload.wikimedia.org/wikipedia/commons/e/e5/Microids-Logo-2005.svg?utm_source=commons.wikimedia.org&utm_campaign=imageinfo&utm_content=original,Public domain,,selbst vektorisiert,Unknown author Unknown author
avalanche-software,Avalanche Software,Avalanche.svg,https://commons.wikimedia.org/wiki/File:Avalanche.svg,https://upload.wikimedia.org/wikipedia/commons/4/46/Avalanche.svg?utm_source=commons.wikimedia.org&utm_campaign=imageinfo&utm_content=original,CC BY-SA 4.0,https://creativecommons.org/licenses/by-sa/4.0,Own work,Boodle2003
d3-publisher,D3 Publisher Inc,D3 publisher logo.png,https://commons.wikimedia.org/wiki/File:D3_publisher_logo.png,https://upload.wikimedia.org/wikipedia/commons/b/be/D3_publisher_logo.png?utm_source=commons.wikimedia.org&utm_campaign=imageinfo&utm_content=original,Public domain,,[1],D3 Publisher
technos-japan,Technos Japan Corp,テクノスジャパン 2014-02-20 04-54.jpg,https://commons.wikimedia.org/wiki/File:%E3%83%86%E3%82%AF%E3%83%8E%E3%82%B9%E3%82%B8%E3%83%A3%E3%83%91%E3%83%B3_2014-02-20_04-54.jpg,https://upload.wikimedia.org/wikipedia/commons/b/ba/%E3%83%86%E3%82%AF%E3%83%8E%E3%82%B9%E3%82%B8%E3%83%A3%E3%83%91%E3%83%B3_2014-02-20_04-54.jpg?utm_source=commons.wikimedia.org&utm_campaign=imageinfo&utm_content=original,CC BY-SA 3.0,https://creativecommons.org/licenses/by-sa/3.0,Own work,User:Takasho2015
idea-factory,"Idea Factory Co., Ltd.",logo.png,https://www.ideaf.co.jp/,https://www.ideaf.co.jp/img/logo.png,Official-site asset; copyright/trademark status not explicitly licensed,,,
nacon,Nacon,Nacon.svg,https://commons.wikimedia.org/wiki/File:Nacon.svg,https://upload.wikimedia.org/wikipedia/commons/6/6e/Nacon.svg?utm_source=commons.wikimedia.org&utm_campaign=imageinfo&utm_content=original,CC BY-SA 4.0,https://creativecommons.org/licenses/by-sa/4.0,Own work,Waraptorm
spike-chunsoft,Spike Chunsoft,logo.png,https://www.spike-chunsoft.co.jp:443/,https://www.spike-chunsoft.co.jp/spchunwp/wp-content/themes/spike-chunsoft-2024/static_assets/images/logo.png,Official-site asset; copyright/trademark status not explicitly licensed,,,
imagineer,Imagineer,common_header_logo.png,https://www.imagineer.co.jp/,https://cdn2.imagineer.co.jp/www.imagineer.co.jp/images/common/common_header_logo.png,Official-site asset; copyright/trademark status not explicitly licensed,,,
rockstar-games,Rockstar Games,Rockstar Games Logo.svg,https://commons.wikimedia.org/wiki/File:Rockstar_Games_Logo.svg,https://upload.wikimedia.org/wikipedia/commons/5/53/Rockstar_Games_Logo.svg?utm_source=commons.wikimedia.org&utm_campaign=imageinfo&utm_content=original,Public domain,,https://www.rockstargames.com/careers/openings,Take-Two Interativa de
gremlin-interactive,Gremlin Interactive,Gremlin Interactive Logo.svg,https://commons.wikimedia.org/wiki/File:Gremlin_Interactive_Logo.svg,https://upload.wikimedia.org/wikipedia/commons/2/26/Gremlin_Interactive_Logo.svg?utm_source=commons.wikimedia.org&utm_campaign=imageinfo&utm_content=original,Public domain,,"Own work, based on a Gremlin Business Card",Original: Gremlin Interactive Limited Vector redesign: VectorVoyager
high-voltage-software,High Voltage Software,High Voltage Software logo.svg,https://commons.wikimedia.org/wiki/File:High_Voltage_Software_logo.svg,https://upload.wikimedia.org/wikipedia/commons/b/b7/High_Voltage_Software_logo.svg?utm_source=commons.wikimedia.org&utm_campaign=imageinfo&utm_content=original,Public domain,,"Own work ( Original text: self made vectorization of File:High Voltage Software logo.PNG . First used Vector Magic, then edited in Inkscape. )",High Voltage Software
game-arts,Game Arts,Game Arts logo.png,https://commons.wikimedia.org/wiki/File:Game_Arts_logo.png,https://upload.wikimedia.org/wikipedia/commons/6/6c/Game_Arts_logo.png?utm_source=commons.wikimedia.org&utm_campaign=imageinfo&utm_content=original,Public domain,,Wiki-en (though erroneously uploaded as fair use cause this logo is too simple to be copyrightable).,User: Nall
tamsoft,Tamsoft Corporation,TAMSOFT(1024).png,https://commons.wikimedia.org/wiki/File:TAMSOFT(1024).png,https://upload.wikimedia.org/wikipedia/commons/b/b8/TAMSOFT%281024%29.png?utm_source=commons.wikimedia.org&utm_campaign=imageinfo&utm_content=original,CC BY-SA 4.0,https://creativecommons.org/licenses/by-sa/4.0,Own work,TAMSOFT CORPORATION
treasure,Treasure,l01_tr.png,https://www.treasure-inc.co.jp/,https://www.treasure-inc.co.jp/logo/l01_tr.png,Official-site asset; copyright/trademark status not explicitly licensed,,,
crave-entertainment,Crave Entertainment,Crave Games Logo.jpg,https://commons.wikimedia.org/wiki/File:Crave_Games_Logo.jpg,https://upload.wikimedia.org/wikipedia/commons/9/9e/Crave_Games_Logo.jpg?utm_source=commons.wikimedia.org&utm_campaign=imageinfo&utm_content=original,Public domain,,Archived 2012-05-17 at the Wayback Machine .,w:Crave Entertainment
treyarch,Treyarch Corporation,header-logo.png,https://www.treyarch.com/,https://www.treyarch.com/content/dam/atvi/treyarch/treyarch-2023/common/header-logo.png,Official-site asset; copyright/trademark status not explicitly licensed,,,
radical-entertainment,Radical Entertainment,Radical Entertainment logo.svg,https://commons.wikimedia.org/wiki/File:Radical_Entertainment_logo.svg,https://upload.wikimedia.org/wikipedia/commons/3/3b/Radical_Entertainment_logo.svg?utm_source=commons.wikimedia.org&utm_campaign=imageinfo&utm_content=original,Public domain,,Vektordaten: http://www.radical.ca/programmer_requirements.pdf Farbinfo: http://www.radical.ca/images/mainbanner.jpg,Unknown author Unknown author
digital-eclipse,Digital Eclipse,63ffd1935ab8e14f493d0fe8_de%20logo.svg,https://www.digitaleclipse.com/,https://cdn.prod.website-files.com/63c854fe0409c6aa1d847a14/63ffd1935ab8e14f493d0fe8_de%20logo.svg,Official-site asset; copyright/trademark status not explicitly licensed,,,
telltale-games,TellTale Games,Telltale Games.png,https://commons.wikimedia.org/wiki/File:Telltale_Games.png,https://upload.wikimedia.org/wikipedia/commons/3/30/Telltale_Games.png?utm_source=commons.wikimedia.org&utm_campaign=imageinfo&utm_content=original,Public domain,,Telltale Games Official Site,Telltale Games
titus-software,Titus Software,Titus-logo.svg,https://commons.wikimedia.org/wiki/File:Titus-logo.svg,https://upload.wikimedia.org/wikipedia/commons/0/0c/Titus-logo.svg?utm_source=commons.wikimedia.org&utm_campaign=imageinfo&utm_content=original,Public domain,,http://www.myabandonware.com/media/captures/T/titus-the-fox-to-marrakech-and-back/titus-the-fox-to-marrakech-and-back_1.gif,titus interactive
dimps-corporation,Dimps Corporation,Dimps logo.gif,https://commons.wikimedia.org/wiki/File:Dimps_logo.gif,https://upload.wikimedia.org/wikipedia/commons/4/4a/Dimps_logo.gif?utm_source=commons.wikimedia.org&utm_campaign=imageinfo&utm_content=original,Public domain,,сайт Dimps,Dimps
level-5,Level 5,Level-5 Inc. logo.svg,https://commons.wikimedia.org/wiki/File:Level-5_Inc._logo.svg,https://upload.wikimedia.org/wikipedia/commons/0/02/Level-5_Inc._logo.svg?utm_source=commons.wikimedia.org&utm_campaign=imageinfo&utm_content=original,Public domain,,http://www.nintendo.com/consumer/gameslist/manuals/DS_Professor_Layton_Diabolical_Box.pdf,Level-5 Inc.
seta,SETA Corporation,SETA Logo.svg,https://commons.wikimedia.org/wiki/File:SETA_Logo.svg,https://upload.wikimedia.org/wikipedia/commons/3/3f/SETA_Logo.svg?utm_source=commons.wikimedia.org&utm_campaign=imageinfo&utm_content=original,Public domain,,Seta logo.svg from Sega Retro Wiki with changes according to raster graphics from Gamasutra – News – Veteran Japanese Studio Seta Closes Doors,SETA Corporation Original SVG by Black Squirrel Revised SVG by Patrick87
toys-for-bob,Toys For Bob,TFB_LogoVector_TikiMask-white_007.png,https://www.toysforbob.com,https://www.toysforbob.com/Toys%20for%20Bob_files/TFB_LogoVector_TikiMask-white_007.png,Official-site asset; copyright/trademark status not explicitly licensed,,,
marvelous,Marvelous,Marvelous Inc. logo.svg,https://commons.wikimedia.org/wiki/File:Marvelous_Inc._logo.svg,https://upload.wikimedia.org/wikipedia/commons/d/df/Marvelous_Inc._logo.svg?utm_source=commons.wikimedia.org&utm_campaign=imageinfo&utm_content=original,Public domain,,https://asia.sega.com/rf3sp/kr/assets/img/marv_logo.svg,Marvelous Inc.
blitz-games,Blitz Games,BlitzGamesStudios_logo.png,https://www.blitzgames.com/,"https://static.wixstatic.com/media/304f3e_b92a82023161437aab78c02cdc671b22~mv2.png/v1/fill/w_422,h_38,al_c,q_85,usm_0.66_1.00_0.01,enc_avif,quality_auto/BlitzGamesStudios_logo.png",Official-site asset; copyright/trademark status not explicitly licensed,,,
game-freak,Game Freak,GAME FREAK logo.svg,https://commons.wikimedia.org/wiki/File:GAME_FREAK_logo.svg,https://upload.wikimedia.org/wikipedia/commons/e/ef/GAME_FREAK_logo.svg?utm_source=commons.wikimedia.org&utm_campaign=imageinfo&utm_content=original,Public domain,,"https://en.wikipedia.org/wiki/File:Game_Freak_logo.svg , https://www.gamefreak.co.jp",GAME FREAK inc.
bit-managers,Bit Managers,Bit managers logo.jpg,https://commons.wikimedia.org/wiki/File:Bit_managers_logo.jpg,https://upload.wikimedia.org/wikipedia/commons/d/d8/Bit_managers_logo.jpg?utm_source=commons.wikimedia.org&utm_campaign=imageinfo&utm_content=original,CC BY-SA 4.0,https://creativecommons.org/licenses/by-sa/4.0,Own work,Koreller
human-entertainment,Human Entertainment,Human Entertainment logo.PNG,https://commons.wikimedia.org/wiki/File:Human_Entertainment_logo.PNG,https://upload.wikimedia.org/wikipedia/commons/7/7e/Human_Entertainment_logo.PNG?utm_source=commons.wikimedia.org&utm_campaign=imageinfo&utm_content=original,Public domain,,Transferred from en.wikipedia to Commons.,The original uploader was Hydao at English Wikipedia .
jvc,JVC,JVC Logo.svg,https://commons.wikimedia.org/wiki/File:JVC_Logo.svg,https://upload.wikimedia.org/wikipedia/commons/0/06/JVC_Logo.svg?utm_source=commons.wikimedia.org&utm_campaign=imageinfo&utm_content=original,Public domain,,Own work,HernandoJoseAJ
success,Success,Success (company) logo.svg,https://commons.wikimedia.org/wiki/File:Success_(company)_logo.svg,https://upload.wikimedia.org/wikipedia/commons/6/6c/Success_%28company%29_logo.svg?utm_source=commons.wikimedia.org&utm_campaign=imageinfo&utm_content=original,Public domain,,Success Corporation,Success Corporation
clear-river-games,Clear River Games,Rund_logotyp1-scaled.png,https://clearrivergames.com/,https://clearrivergames.com/wp-content/uploads/2026/06/Rund_logotyp1-scaled.png,Official-site asset; copyright/trademark status not explicitly licensed,,,
criterion-games,Criterion Games,Criterion Games Old Logo.svg,https://commons.wikimedia.org/wiki/File:Criterion_Games_Old_Logo.svg,https://upload.wikimedia.org/wikipedia/commons/8/84/Criterion_Games_Old_Logo.svg?utm_source=commons.wikimedia.org&utm_campaign=imageinfo&utm_content=original,Public domain,,"http://www.console-covers.com/Downloads/download/38663/chk,8a9c9ddfdb9e6f3aa7f33c31a2cb370d/no_html,1/",criterion games
micronet,Micronet,main_logo.gif,http://www.micronet-japan.com,http://www.micronet-japan.com/imgbin/main_logo.gif,Official-site asset; copyright/trademark status not explicitly licensed,,,
aicom,Aicom,Aicom logo.png,https://commons.wikimedia.org/wiki/File:Aicom_logo.png,https://upload.wikimedia.org/wikipedia/commons/7/7e/Aicom_logo.png?utm_source=commons.wikimedia.org&utm_campaign=imageinfo&utm_content=original,Public domain,,http://gdri.smspower.org/wiki/index.php/Image:Aicom.png,Aicom
banpresto,Banpresto,Banprestologo.png,https://commons.wikimedia.org/wiki/File:Banprestologo.png,https://upload.wikimedia.org/wikipedia/commons/4/4b/Banprestologo.png?utm_source=commons.wikimedia.org&utm_campaign=imageinfo&utm_content=original,Public domain,,http://www.banpresto.co.jp/,"Banpresto Co., Ltd"
acquire,Acquire,Acquire (company) logo.png,https://commons.wikimedia.org/wiki/File:Acquire_(company)_logo.png,https://upload.wikimedia.org/wikipedia/commons/a/a0/Acquire_%28company%29_logo.png?utm_source=commons.wikimedia.org&utm_campaign=imageinfo&utm_content=original,Public domain,,https://www.acquire.co.jp/,Acquire
torus-games,Torus Games,TorusLogo-1.png,https://www.torus.com.au/,"https://static.wixstatic.com/media/960463_0c200acd78744a12844a163f732a5019~mv2.png/v1/fill/w_75,h_75,al_c,q_85,usm_0.66_1.00_0.01,enc_avif,quality_auto/TorusLogo-1.png",Official-site asset; copyright/trademark status not explicitly licensed,,,
westwood-studios,Westwood Studios,Westwood Studios 1994.svg,https://commons.wikimedia.org/wiki/File:Westwood_Studios_1994.svg,https://upload.wikimedia.org/wikipedia/commons/2/24/Westwood_Studios_1994.svg?utm_source=commons.wikimedia.org&utm_campaign=imageinfo&utm_content=original,Public domain,,https://static.wikia.nocookie.net/logopedia/images/2/24/Westwood_Studios_1994.svg,Westwood Studios
insomniac-games,Insomniac Games,Insomniac Games logo.svg,https://commons.wikimedia.org/wiki/File:Insomniac_Games_logo.svg,https://upload.wikimedia.org/wikipedia/commons/c/c1/Insomniac_Games_logo.svg?utm_source=commons.wikimedia.org&utm_campaign=imageinfo&utm_content=original,Public domain,,from Logopedia,Upload by: BlueySomething
intelligent-systems,Intelligent Systems,Intelligent Systems Logo.svg,https://commons.wikimedia.org/wiki/File:Intelligent_Systems_Logo.svg,https://upload.wikimedia.org/wikipedia/commons/f/fc/Intelligent_Systems_Logo.svg?utm_source=commons.wikimedia.org&utm_campaign=imageinfo&utm_content=original,Public domain,,https://www.intsys.co.jp/,"©INTELLIGENT SYSTEMS CO.,LTD."
koei-tecmo-games,KOEI Tecmo Games,Koei Tecmo Holdings logo.svg,https://commons.wikimedia.org/wiki/File:Koei_Tecmo_Holdings_logo.svg,https://upload.wikimedia.org/wikipedia/commons/d/d1/Koei_Tecmo_Holdings_logo.svg?utm_source=commons.wikimedia.org&utm_campaign=imageinfo&utm_content=original,Public domain,,Original raster image,Koei Tecmo Holdings
now-production,NOW Production,Now Production logo.svg,https://commons.wikimedia.org/wiki/File:Now_Production_logo.svg,https://upload.wikimedia.org/wikipedia/commons/0/04/Now_Production_logo.svg?utm_source=commons.wikimedia.org&utm_campaign=imageinfo&utm_content=original,Public domain,,Own work using: https://www.nowpro.co.jp/,"Now Production Co., Ltd."
video-system,Video System,Video System logo.png,https://commons.wikimedia.org/wiki/File:Video_System_logo.png,https://upload.wikimedia.org/wikipedia/commons/2/28/Video_System_logo.png?utm_source=commons.wikimedia.org&utm_campaign=imageinfo&utm_content=original,Public domain,,Aero Fighters 2,Video System
gearbox-software,Gearbox Software,Gearbox Software wordmark.svg,https://commons.wikimedia.org/wiki/File:Gearbox_Software_wordmark.svg,https://upload.wikimedia.org/wikipedia/commons/4/48/Gearbox_Software_wordmark.svg?utm_source=commons.wikimedia.org&utm_campaign=imageinfo&utm_content=original,Public domain,,https://www.2k.com/manual/dukenukemforever/,Gearbox Software
polyphony-digital,Polyphony Digital,sp_logo1.png,https://www.polyphony.co.jp,https://www.polyphony.co.jp/wp/wp-content/themes/polyphony2/images/sp_logo1.png,Official-site asset; copyright/trademark status not explicitly licensed,,,
toaplan,Toaplan,Toaplan logo.svg,https://commons.wikimedia.org/wiki/File:Toaplan_logo.svg,https://upload.wikimedia.org/wikipedia/commons/b/bf/Toaplan_logo.svg?utm_source=commons.wikimedia.org&utm_campaign=imageinfo&utm_content=original,Public domain,,"Toaplan Co., Ltd.","Toaplan Co., Ltd."
rockstar-north,Rockstar North,Rockstar North Logo.svg,https://commons.wikimedia.org/wiki/File:Rockstar_North_Logo.svg,https://upload.wikimedia.org/wikipedia/commons/0/03/Rockstar_North_Logo.svg?utm_source=commons.wikimedia.org&utm_campaign=imageinfo&utm_content=original,Public domain,,https://www.rockstargames.com/careers/openings,Take-Two Interactive
spike,Spike,Spike Logo Japan.png,https://commons.wikimedia.org/wiki/File:Spike_Logo_Japan.png,https://upload.wikimedia.org/wikipedia/commons/f/fe/Spike_Logo_Japan.png?utm_source=commons.wikimedia.org&utm_campaign=imageinfo&utm_content=original,CC BY-SA 4.0,https://creativecommons.org/licenses/by-sa/4.0,From any video game site.,Astrogamer
funbox-media,Funbox Media,funboxmedialogoupdated.png,https://funboxmedia.co.uk/,https://i0.wp.com/funboxmedia.co.uk/wp-content/uploads/2023/01/funboxmedialogoupdated.png?fit=702%2C318&ssl=1,Official-site asset; copyright/trademark status not explicitly licensed,,,
kadokawa-games,Kadokawa Games,Kadokawa Games (Logo).jpg,https://commons.wikimedia.org/wiki/File:Kadokawa_Games_(Logo).jpg,https://upload.wikimedia.org/wikipedia/commons/2/23/Kadokawa_Games_%28Logo%29.jpg?utm_source=commons.wikimedia.org&utm_campaign=imageinfo&utm_content=original,Public domain,,http://www.kadokawagames.co.jp,© Kadokawa Games © Kadokawa Corporation
majesco-entertainment,Majesco Entertainment,logo.png,https://www.majescoent.com/,https://www.majescoent.com/logo.png,Official-site asset; copyright/trademark status not explicitly licensed,,,
square,Square,Square Logo.svg,https://commons.wikimedia.org/wiki/File:Square_Logo.svg,https://upload.wikimedia.org/wikipedia/commons/a/a1/Square_Logo.svg?utm_source=commons.wikimedia.org&utm_campaign=imageinfo&utm_content=original,Public domain,,de:File:Squaresoft Logo.svg,Pager
take-two-interactive,Take-Two Interactive,Take-Two Interactive Logo.svg,https://commons.wikimedia.org/wiki/File:Take-Two_Interactive_Logo.svg,https://upload.wikimedia.org/wikipedia/commons/d/d6/Take-Two_Interactive_Logo.svg?utm_source=commons.wikimedia.org&utm_campaign=imageinfo&utm_content=original,Public domain,,https://ir.take2games.com/static-files/d3e6ee76-ffe2-4976-9b7f-6ffdc25870c1,Take-Two Interactive
city-connection,City Connection,logo.jpg,https://city-connection.co.jp/,https://city-connection.co.jp/images/common/logo.jpg,Official-site asset; copyright/trademark status not explicitly licensed,,,
pm-studios,PM Studios,6952deb363beb85662e2c5ef_PM-logo-horizontal.png,https://www.pm-studios.com/,https://cdn.prod.website-files.com/68ff9e4363c8dff62ce9a984/6952deb363beb85662e2c5ef_PM-logo-horizontal.png,Official-site asset; copyright/trademark status not explicitly licensed,,,
beenox,Beenox,Beenox 2023 logo.svg,https://commons.wikimedia.org/wiki/File:Beenox_2023_logo.svg,https://upload.wikimedia.org/wikipedia/commons/2/29/Beenox_2023_logo.svg?utm_source=commons.wikimedia.org&utm_campaign=imageinfo&utm_content=original,Public domain,,https://beenox.com/en/,Beenox
behaviour-interactive,Behaviour Interactive,Behaviour Interactive logo.svg,https://commons.wikimedia.org/wiki/File:Behaviour_Interactive_logo.svg,https://upload.wikimedia.org/wikipedia/commons/e/e2/Behaviour_Interactive_logo.svg?utm_source=commons.wikimedia.org&utm_campaign=imageinfo&utm_content=original,Public domain,,"Own work using: http://www.samash.com/wcsstore/SamAsh/root/Product_Manuals/Nady/BandFuse_english.pdf , page 2",Behaviour Interactive
climax-studios,Climax Studios,Climax Studios Logo.png,https://commons.wikimedia.org/wiki/File:Climax_Studios_Logo.png,https://upload.wikimedia.org/wikipedia/commons/e/e6/Climax_Studios_Logo.png?utm_source=commons.wikimedia.org&utm_campaign=imageinfo&utm_content=original,Public domain,,https://www.keywordsstudios.com/services/game-development/,Climax Studios
enix-corporation,Enix Corporation,Enix.svg,https://commons.wikimedia.org/wiki/File:Enix.svg,https://upload.wikimedia.org/wikipedia/commons/b/be/Enix.svg?utm_source=commons.wikimedia.org&utm_campaign=imageinfo&utm_content=original,Public domain,,https://logos.fandom.com/wiki/Enix?file=Enix_logo.svg,Frank Murmann
io-interactive,IO Interactive,IO Interactive full logo.svg,https://commons.wikimedia.org/wiki/File:IO_Interactive_full_logo.svg,https://upload.wikimedia.org/wikipedia/commons/a/a6/IO_Interactive_full_logo.svg?utm_source=commons.wikimedia.org&utm_campaign=imageinfo&utm_content=original,Public domain,,Own work using: https://web.archive.org/web/20161111194453/http://www.ioi.dk/new-studio-logo-ioi/,IO Interactive
maxis,Maxis,Maxis 2022 Wordmark.svg,https://commons.wikimedia.org/wiki/File:Maxis_2022_Wordmark.svg,https://upload.wikimedia.org/wikipedia/commons/f/f3/Maxis_2022_Wordmark.svg?utm_source=commons.wikimedia.org&utm_campaign=imageinfo&utm_content=original,Public domain,,https://www.ea.com/ea-studios/maxis,Electronic Arts
stormfront-studios,Stormfront Studios,Stormfront Studios Logo.jpg,https://commons.wikimedia.org/wiki/File:Stormfront_Studios_Logo.jpg,https://upload.wikimedia.org/wikipedia/commons/b/b2/Stormfront_Studios_Logo.jpg?utm_source=commons.wikimedia.org&utm_campaign=imageinfo&utm_content=original,Public domain,,http://www.igda.org/leadership/stormfront.jpg,Stormfront Studios
angel-studios,Angel Studios,Angel Logo.svg,https://commons.wikimedia.org/wiki/File:Angel_Logo.svg,https://upload.wikimedia.org/wikipedia/commons/8/88/Angel_Logo.svg?utm_source=commons.wikimedia.org&utm_campaign=imageinfo&utm_content=original,Public domain,,Press . angel.com . Retrieved on 2025-08-06 .,Sombke99
infinity-ward,Infinity Ward,Infinity Ward.svg,https://commons.wikimedia.org/wiki/File:Infinity_Ward.svg,https://upload.wikimedia.org/wikipedia/commons/1/1d/Infinity_Ward.svg?utm_source=commons.wikimedia.org&utm_campaign=imageinfo&utm_content=original,Public domain,,https://www.callofduty.com/home,Activision
milestone-s-r-l,Milestone S.r.l.,Milestone (Italian company).svg,https://commons.wikimedia.org/wiki/File:Milestone_(Italian_company).svg,https://upload.wikimedia.org/wikipedia/commons/7/7c/Milestone_%28Italian_company%29.svg?utm_source=commons.wikimedia.org&utm_campaign=imageinfo&utm_content=original,Public domain,,https://embracer.com/wp-content/uploads/2021/08/Embracer-Annual-Report-and-Sustainability-Report-2021.pdf,Milestone S.r.l/Embracer Group
supermassive-games,SuperMassive Games Ltd.,logo-supermassive-games-small.svg,https://www.supermassivegames.com,https://www.supermassivegames.com/Themes/SupermassiveGames/Content/logo-supermassive-games-small.svg,Official-site asset; copyright/trademark status not explicitly licensed,,,
system-3,System 3,SYSTEM-3 Logo.png,https://commons.wikimedia.org/wiki/File:SYSTEM-3_Logo.png,https://upload.wikimedia.org/wikipedia/commons/5/56/SYSTEM-3_Logo.png?utm_source=commons.wikimedia.org&utm_campaign=imageinfo&utm_content=original,Public domain,,Own work,Tariqmudallal
visco,Visco Corporation,Visco logo.png,https://commons.wikimedia.org/wiki/File:Visco_logo.png,https://upload.wikimedia.org/wikipedia/commons/e/e4/Visco_logo.png?utm_source=commons.wikimedia.org&utm_campaign=imageinfo&utm_content=original,Public domain,,http://www.visco.co.jp/ (modified to show the logo without any white around it).,Visco Corporation
wayforward-technologies,WayForward Technologies,WayForward Technologies Logo.png,https://commons.wikimedia.org/wiki/File:WayForward_Technologies_Logo.png,https://upload.wikimedia.org/wikipedia/commons/7/78/WayForward_Technologies_Logo.png?utm_source=commons.wikimedia.org&utm_campaign=imageinfo&utm_content=original,Public domain,,http://www.wayforward.com//templates/carbon/images/header.png,WayForward Technologies
asmik-ace-entertainment,Asmik Ace Entertainment,Asmik Ace logo.png,https://commons.wikimedia.org/wiki/File:Asmik_Ace_logo.png,https://upload.wikimedia.org/wikipedia/commons/4/43/Asmik_Ace_logo.png?utm_source=commons.wikimedia.org&utm_campaign=imageinfo&utm_content=original,Public domain,,https://www.asmik-ace.co.jp/shared/images/logo-01.png,"© Asmik Ace, inc."
asobo-studio,Asobo Studio,Asobo logo.svg,https://commons.wikimedia.org/wiki/File:Asobo_logo.svg,https://upload.wikimedia.org/wikipedia/commons/7/7c/Asobo_logo.svg?utm_source=commons.wikimedia.org&utm_campaign=imageinfo&utm_content=original,CC BY-SA 4.0,https://creativecommons.org/licenses/by-sa/4.0,Own work,Longinclown
cave,Cave,CAVE logo.svg,https://commons.wikimedia.org/wiki/File:CAVE_logo.svg,https://upload.wikimedia.org/wikipedia/commons/0/01/CAVE_logo.svg?utm_source=commons.wikimedia.org&utm_campaign=imageinfo&utm_content=original,Public domain,,https://en.wikipedia.org/wiki/File:Cave_company_logo.svg,"Namcokid47, CAVE Interactive Co., Ltd."
meridiem-games,Meridiem Games,logo.png,https://meridiem-games.com/,https://meridiem-games.com/assets/img/logo.png,Official-site asset; copyright/trademark status not explicitly licensed,,,
xseed-games,XSEED Games,Xseedgames logo.png,https://commons.wikimedia.org/wiki/File:Xseedgames_logo.png,https://upload.wikimedia.org/wikipedia/commons/1/1a/Xseedgames_logo.png?utm_source=commons.wikimedia.org&utm_campaign=imageinfo&utm_content=original,Public domain,,http://www.xseedgames.com/develop/wp-content/uploads/2016/06/XSEED-Games-logo_NEW_clear.png,XSEED Games
yuke-39-s,Yuke's,logo-header.png,https://www.yukes.co.jp/,https://www.yukes.co.jp/wp-content/themes/yukes_30th/img/logo-header.png,Official-site asset; copyright/trademark status not explicitly licensed,,,
2k,2k,2K 2021 Logo.svg,https://commons.wikimedia.org/wiki/File:2K_2021_Logo.svg,https://upload.wikimedia.org/wikipedia/commons/1/1f/2K_2021_Logo.svg?utm_source=commons.wikimedia.org&utm_campaign=imageinfo&utm_content=original,Public domain,,https://logos.fandom.com/wiki/2K_Games,Take-Two Interactive
aspyr,Aspyr,Aspyr 2019 logo.svg,https://commons.wikimedia.org/wiki/File:Aspyr_2019_logo.svg,https://upload.wikimedia.org/wikipedia/commons/5/57/Aspyr_2019_logo.svg?utm_source=commons.wikimedia.org&utm_campaign=imageinfo&utm_content=original,Public domain,,https://aspyr.com/,Aspyr Media
blizzard-entertainment,Blizzard Entertainment,Blizzard Entertainment Logo 2015.svg,https://commons.wikimedia.org/wiki/File:Blizzard_Entertainment_Logo_2015.svg,https://upload.wikimedia.org/wikipedia/commons/2/23/Blizzard_Entertainment_Logo_2015.svg?utm_source=commons.wikimedia.org&utm_campaign=imageinfo&utm_content=original,Public domain,,Converted from footer logo from its official website .,Blizzard Entertainment - Stu Rose
exe-create,EXE Create,logo-main.png,https://www.exe-create.co.jp/,https://exe-create.sakura.ne.jp/wordpress/wp-content/uploads/2024/02/logo-main.png,Official-site asset; copyright/trademark status not explicitly licensed,,,
tokuma-shoten,Tokuma Shoten,Tokuma Shoten Logo.png,https://commons.wikimedia.org/wiki/File:Tokuma_Shoten_Logo.png,https://upload.wikimedia.org/wikipedia/commons/8/81/Tokuma_Shoten_Logo.png?utm_source=commons.wikimedia.org&utm_campaign=imageinfo&utm_content=original,Public domain,,https://www.tokuma.jp/,©Tokuma Shoten.
artdink,Artdink,Artdink logo.svg,https://commons.wikimedia.org/wiki/File:Artdink_logo.svg,https://upload.wikimedia.org/wikipedia/commons/4/42/Artdink_logo.svg?utm_source=commons.wikimedia.org&utm_campaign=imageinfo&utm_content=original,Public domain,,https://www.artdink.co.jp/,Artdink Corporation
devolver-digital,Devolver Digital,Devolver Digital logo.svg,https://commons.wikimedia.org/wiki/File:Devolver_Digital_logo.svg,https://upload.wikimedia.org/wikipedia/commons/4/42/Devolver_Digital_logo.svg?utm_source=commons.wikimedia.org&utm_campaign=imageinfo&utm_content=original,Public domain,,"SVG aus https://www.devolverdigital.com/ entnommen. ""DIGITAL"" wurde von Weiß auf Schwarz umgesetzt.",Unknown author Unknown author
dtp-entertainment,DTP Entertainment,Dtp Logo.svg,https://commons.wikimedia.org/wiki/File:Dtp_Logo.svg,https://upload.wikimedia.org/wikipedia/commons/e/ea/Dtp_Logo.svg?utm_source=commons.wikimedia.org&utm_campaign=imageinfo&utm_content=original,Public domain,,http://asset01.metaboli.fr/repository/ASHSOBL/us/manuals/PC_So_Blonde_UK_Manual_Online.pdf,dtp entertainment
epic-games,Epic Games,Epic Games logo.svg,https://commons.wikimedia.org/wiki/File:Epic_Games_logo.svg,https://upload.wikimedia.org/wikipedia/commons/3/31/Epic_Games_logo.svg?utm_source=commons.wikimedia.org&utm_campaign=imageinfo&utm_content=original,Public domain,,Epic Games via email attachment,Epic Games
taxan,Taxan,Taxan.svg,https://commons.wikimedia.org/wiki/File:Taxan.svg,https://upload.wikimedia.org/wikipedia/commons/0/04/Taxan.svg?utm_source=commons.wikimedia.org&utm_campaign=imageinfo&utm_content=original,Public domain,,Own work using: http://www.omg.org/legal/tm_list.htm,Taxan
team17,Team17,Team17%C2%AE_Horiz_white_keyline_RGB.svg,https://www.team17.com/,https://www.team17.com/hubfs/Team17%C2%AE_Horiz_white_keyline_RGB.svg,Official-site asset; copyright/trademark status not explicitly licensed,,,
toei-animation,Toei Animation,Toei Animation Logo.png,https://commons.wikimedia.org/wiki/File:Toei_Animation_Logo.png,https://upload.wikimedia.org/wikipedia/commons/0/09/Toei_Animation_Logo.png?utm_source=commons.wikimedia.org&utm_campaign=imageinfo&utm_content=original,Public domain,,https://www.toei-anim.co.jp/,"© 2025 TOEI ANIMATION Co.,Ltd."
bandai-namco-studios,Bandai Namco Studios,Bandai Namco logo (2022).svg,https://commons.wikimedia.org/wiki/File:Bandai_Namco_logo_(2022).svg,https://upload.wikimedia.org/wikipedia/commons/5/55/Bandai_Namco_logo_%282022%29.svg?utm_source=commons.wikimedia.org&utm_campaign=imageinfo&utm_content=original,Public domain,,Own work using: https://logos.fandom.com/wiki/Bandai_Namco_Entertainment ( archive link ),Bandai Namco Holdings Inc.
guerrilla-games,Guerrilla Games,Logo-Guerrilla.png,https://commons.wikimedia.org/wiki/File:Logo-Guerrilla.png,https://upload.wikimedia.org/wikipedia/commons/d/d1/Logo-Guerrilla.png?utm_source=commons.wikimedia.org&utm_campaign=imageinfo&utm_content=original,Public domain,,Official presskit: https://www.guerrilla-games.com/contact,Jair05
inin-games,ININ Games,logo-1.png,https://iningames.com/,https://iningames.com/cdn/shop/files/logo-1.png?v=1731516734,Official-site asset; copyright/trademark status not explicitly licensed,,,
kaneko,Kaneko,Kaneko logo.svg,https://commons.wikimedia.org/wiki/File:Kaneko_logo.svg,https://upload.wikimedia.org/wikipedia/commons/9/9f/Kaneko_logo.svg?utm_source=commons.wikimedia.org&utm_campaign=imageinfo&utm_content=original,Public domain,,Own work based on: Logo-Kaneko.png,Original: Kaneko Co. Ltd. Vector: Namcokid47 at English Wikipedia
namco-tales-studio,Namco Tales Studio,Namco Tales Studio logo.svg,https://commons.wikimedia.org/wiki/File:Namco_Tales_Studio_logo.svg,https://upload.wikimedia.org/wikipedia/commons/8/80/Namco_Tales_Studio_logo.svg?utm_source=commons.wikimedia.org&utm_campaign=imageinfo&utm_content=original,Public domain,,Namco Tales Studio Ltd.,Namco Tales Studio Ltd.
pandemic-studios,Pandemic Studios,Pandemic-studio-o.svg,https://commons.wikimedia.org/wiki/File:Pandemic-studio-o.svg,https://upload.wikimedia.org/wikipedia/commons/8/8e/Pandemic-studio-o.svg?utm_source=commons.wikimedia.org&utm_campaign=imageinfo&utm_content=original,Public domain,,http://www.ict-industry-reports.com/wp-content/uploads/2009/02/2004-overview-of-australian-games-market-games-australia.pdf,Pandemic Studios
saber-interactive,Saber Interactive Inc,saber_logo_1200x675.png,https://saber.games,https://saber.games/wp-content/uploads/2025/09/saber_logo_1200x675.png,Official-site asset; copyright/trademark status not explicitly licensed,,,
sierra-entertainment,Sierra Entertainment,Sierra former logo.svg,https://commons.wikimedia.org/wiki/File:Sierra_former_logo.svg,https://upload.wikimedia.org/wikipedia/commons/c/c2/Sierra_former_logo.svg?utm_source=commons.wikimedia.org&utm_campaign=imageinfo&utm_content=original,Public domain,,"ftp://ftp.sierra.com/pub/sierra/empireearth2/other/ee2_control_ad.pdf This vector image was created by converting the CorelDRAW file available at Brands of the World ( view • download ). Remember not all content there is in general free, see Commons:Fair use for more. This tag does not indicate the copyright status of the attached work. A normal copyright tag is still required. See Commons:Licensing .",Sierra Entertainment
tomy-corporation,Tomy Corporation,TAKARA TOMY logo.svg,https://commons.wikimedia.org/wiki/File:TAKARA_TOMY_logo.svg,https://upload.wikimedia.org/wikipedia/commons/5/53/TAKARA_TOMY_logo.svg?utm_source=commons.wikimedia.org&utm_campaign=imageinfo&utm_content=original,Public domain,,http://www.takaratomy.co.jp/,"TOMY COMPANY,LTD."
nicalis,Nicalis,Nicalis logo 2017.png,https://commons.wikimedia.org/wiki/File:Nicalis_logo_2017.png,https://upload.wikimedia.org/wikipedia/commons/1/1e/Nicalis_logo_2017.png?utm_source=commons.wikimedia.org&utm_campaign=imageinfo&utm_content=original,Public domain,,www.nicalis.com,Nicalis
tom-create,Tom Create,tomcreate_logo.png,https://www.tomcreate.co.jp/,https://www.tomcreate.co.jp/img/tomcreate_logo.png,Official-site asset; copyright/trademark status not explicitly licensed,,,
blue-tongue-entertainment,Blue Tongue Entertainment Limited,Blue Tongue Entertainment logo.svg,https://commons.wikimedia.org/wiki/File:Blue_Tongue_Entertainment_logo.svg,https://upload.wikimedia.org/wikipedia/commons/b/b2/Blue_Tongue_Entertainment_logo.svg?utm_source=commons.wikimedia.org&utm_campaign=imageinfo&utm_content=original,Public domain,,"Extracted from http://ict-industry-reports.com.au/wp-content/uploads/sites/4/2013/10/2004-Overview-of-Australian-Games-Market-Games-Australia.pdf , page 12",Blue Tongue Entertainment
hb-studios,HB Studios,HB Studios logo.svg,https://commons.wikimedia.org/wiki/File:HB_Studios_logo.svg,https://upload.wikimedia.org/wikipedia/commons/5/5a/HB_Studios_logo.svg?utm_source=commons.wikimedia.org&utm_campaign=imageinfo&utm_content=original,Public domain,,HB Studios,HB Studios
japan-studio,JAPAN Studio,SIE Japan Studio logo.svg,https://commons.wikimedia.org/wiki/File:SIE_Japan_Studio_logo.svg,https://upload.wikimedia.org/wikipedia/commons/a/a4/SIE_Japan_Studio_logo.svg?utm_source=commons.wikimedia.org&utm_campaign=imageinfo&utm_content=original,Public domain,,https://www.playstation.com/de-de/corporate/playstation-studios/,Japan Studio
quantic-dream,Quantic Dream,Quantic Dream 2019 logo.svg,https://commons.wikimedia.org/wiki/File:Quantic_Dream_2019_logo.svg,https://upload.wikimedia.org/wikipedia/commons/5/5a/Quantic_Dream_2019_logo.svg?utm_source=commons.wikimedia.org&utm_campaign=imageinfo&utm_content=original,Public domain,,https://quanticdream.com/,Quantic Dream SA
raven-software,Raven Software,Raven Software-logo.svg,https://commons.wikimedia.org/wiki/File:Raven_Software-logo.svg,https://upload.wikimedia.org/wikipedia/commons/3/3f/Raven_Software-logo.svg?utm_source=commons.wikimedia.org&utm_campaign=imageinfo&utm_content=original,Public domain,,http://www.seeklogo.com/raven-software-logo-116004.html,Raven software
rockstar-san-diego,Rockstar San Diego,Rockstar San Diego Logo.svg,https://commons.wikimedia.org/wiki/File:Rockstar_San_Diego_Logo.svg,https://upload.wikimedia.org/wikipedia/commons/8/8c/Rockstar_San_Diego_Logo.svg?utm_source=commons.wikimedia.org&utm_campaign=imageinfo&utm_content=original,Public domain,,https://www.rockstargames.com/careers/openings,Take-Two Interactive
system-sacom,System Sacom,logo.gif,https://www.sacom.co.jp/,https://www.sacom.co.jp/img/common/logo.gif,Official-site asset; copyright/trademark status not explicitly licensed,,,
victor-interactive-software,Victor Interactive Software,Victor-logo.svg,https://commons.wikimedia.org/wiki/File:Victor-logo.svg,https://upload.wikimedia.org/wikipedia/commons/5/52/Victor-logo.svg?utm_source=commons.wikimedia.org&utm_campaign=imageinfo&utm_content=original,Public domain,,Own work,Groink
2k-play,2K Play,2K Play Logo.svg,https://commons.wikimedia.org/wiki/File:2K_Play_Logo.svg,https://upload.wikimedia.org/wikipedia/commons/6/62/2K_Play_Logo.svg?utm_source=commons.wikimedia.org&utm_campaign=imageinfo&utm_content=original,Public domain,,http://www.gamesdatabase.org/Media/SYSTEM/Microsoft_Xbox_360//Manual/formated/Nickelodeon_Dance_-_2011_-_2K_Play.pdf,Take-Two Interactive
bungie,Bungie,Bungie Logo - Official.svg,https://commons.wikimedia.org/wiki/File:Bungie_Logo_-_Official.svg,https://upload.wikimedia.org/wikipedia/commons/5/5e/Bungie_Logo_-_Official.svg?utm_source=commons.wikimedia.org&utm_campaign=imageinfo&utm_content=original,Public domain,,Extracted from [1],"Bungie, Inc. (Orignal designer and Art Director: J.Reginald Dujour)"
cavia,Cavia,Cavia logo.svg,https://commons.wikimedia.org/wiki/File:Cavia_logo.svg,https://upload.wikimedia.org/wikipedia/commons/5/56/Cavia_logo.svg?utm_source=commons.wikimedia.org&utm_campaign=imageinfo&utm_content=original,Public domain,,Own work,Lepido
cd-projekt-red,CD Projekt RED,Cdprojectred-logo.svg,https://commons.wikimedia.org/wiki/File:Cdprojectred-logo.svg,https://upload.wikimedia.org/wikipedia/commons/5/51/Cdprojectred-logo.svg?utm_source=commons.wikimedia.org&utm_campaign=imageinfo&utm_content=original,Public domain,,http://cdn.steampowered.com/Manuals/20920/The%20Witcher%202%20Manual%20-%20English.pdf,CD Projekt S.A.
epyx,Epyx,Epyx Logo.svg,https://commons.wikimedia.org/wiki/File:Epyx_Logo.svg,https://upload.wikimedia.org/wikipedia/commons/e/e4/Epyx_Logo.svg?utm_source=commons.wikimedia.org&utm_campaign=imageinfo&utm_content=original,Public domain,,Own work,Kainsli
hori,Hori,cropped-logo_hori_green.png,https://www.hori.eu/,https://www.hori.eu/wp-content/uploads/2026/08/cropped-logo_hori_green.png,Official-site asset; copyright/trademark status not explicitly licensed,,,
kylotonn,Kylotonn,Kylotonn logo.svg,https://commons.wikimedia.org/wiki/File:Kylotonn_logo.svg,https://upload.wikimedia.org/wikipedia/commons/1/12/Kylotonn_logo.svg?utm_source=commons.wikimedia.org&utm_campaign=imageinfo&utm_content=original,Public domain,,https://www.pcgamingwiki.com/wiki/File:Company_-_Kylotonn.svg,Kylotonn
luxoflux,Luxoflux,Luxoflux.jpg,https://commons.wikimedia.org/wiki/File:Luxoflux.jpg,https://upload.wikimedia.org/wikipedia/commons/8/80/Luxoflux.jpg?utm_source=commons.wikimedia.org&utm_campaign=imageinfo&utm_content=original,Public domain,,http://media.ign.com/games/image/object/026/026338/Luxoflux_LOGOPboxart_160w.jpg,Логотип дрчерней компании activision
m2,M2,M2 (game company) logo.svg,https://commons.wikimedia.org/wiki/File:M2_(game_company)_logo.svg,https://upload.wikimedia.org/wikipedia/commons/4/4e/M2_%28game_company%29_logo.svg?utm_source=commons.wikimedia.org&utm_campaign=imageinfo&utm_content=original,Public domain,,"M2 Co., Ltd.","M2 Co., Ltd."
rocksteady-studios,Rocksteady Studios,Rocksteady.png,https://commons.wikimedia.org/wiki/File:Rocksteady.png,https://upload.wikimedia.org/wikipedia/commons/a/a6/Rocksteady.png?utm_source=commons.wikimedia.org&utm_campaign=imageinfo&utm_content=original,CC BY-SA 4.0,https://creativecommons.org/licenses/by-sa/4.0,Own work,Wikipedia57
virtuos,Virtuos,Virtuos logo.svg,https://commons.wikimedia.org/wiki/File:Virtuos_logo.svg,https://upload.wikimedia.org/wikipedia/commons/e/e6/Virtuos_logo.svg?utm_source=commons.wikimedia.org&utm_campaign=imageinfo&utm_content=original,Public domain,,https://www.virtuosgames.com/,Virtuos Games
wisdom-tree,Wisdom Tree,Wisdom tree.PNG,https://commons.wikimedia.org/wiki/File:Wisdom_tree.PNG,https://upload.wikimedia.org/wikipedia/commons/b/b2/Wisdom_tree.PNG?utm_source=commons.wikimedia.org&utm_campaign=imageinfo&utm_content=original,Public domain,,[1] Own work,Wisdom Tree
daedalic-entertainment,Daedalic Entertainment,Daedalic Entertainment eng.svg,https://commons.wikimedia.org/wiki/File:Daedalic_Entertainment_eng.svg,https://upload.wikimedia.org/wikipedia/commons/6/66/Daedalic_Entertainment_eng.svg?utm_source=commons.wikimedia.org&utm_campaign=imageinfo&utm_content=original,Public domain,,https://de.wikipedia.org/wiki/Datei:Daedelic-logo.svg (manually vectorized from a raster graphic),Daedalic Entertainment
eidos-montreal,Eidos Montreal,Eidos-Montréal logo.svg,https://commons.wikimedia.org/wiki/File:Eidos-Montr%C3%A9al_logo.svg,https://upload.wikimedia.org/wikipedia/commons/0/03/Eidos-Montr%C3%A9al_logo.svg?utm_source=commons.wikimedia.org&utm_campaign=imageinfo&utm_content=original,Public domain,,https://embracer.com/wp-content/uploads/2024/06/Embracer-Group-publishes-Annual-Report-20232024-240620.pdf,Eidos-Montréal
media-molecule,Media Molecule,Media Molecule Logo.svg,https://commons.wikimedia.org/wiki/File:Media_Molecule_Logo.svg,https://upload.wikimedia.org/wikipedia/commons/3/3c/Media_Molecule_Logo.svg?utm_source=commons.wikimedia.org&utm_campaign=imageinfo&utm_content=original,Public domain,,https://www.mediamolecule.com/about/press,Media Molecule
microprose,MicroProse,MicroProse.svg,https://commons.wikimedia.org/wiki/File:MicroProse.svg,https://upload.wikimedia.org/wikipedia/commons/d/d4/MicroProse.svg?utm_source=commons.wikimedia.org&utm_campaign=imageinfo&utm_content=original,Public domain,,Logo extracted from the PDF form of the Sid Meier's Colonization instruction manual (last page),MicroProse
nanaon-sha,NanaOn-Sha,nanaon_logo.png,http://www.nanaon-sha.com/,http://www.nanaon-sha.com/images/nanaon_logo.png,Official-site asset; copyright/trademark status not explicitly licensed,,,
ocean-software,Ocean Software,Ocean Software.jpg,https://commons.wikimedia.org/wiki/File:Ocean_Software.jpg,https://upload.wikimedia.org/wikipedia/commons/d/da/Ocean_Software.jpg?utm_source=commons.wikimedia.org&utm_campaign=imageinfo&utm_content=original,Public domain,,https://www.google.com/search?q=Ocean+Software&hl=ru&client=firefox-a&hs=5Xc&rls=org.mozilla:ru:official&prmd=imvns&source=lnms&tbm=isch&sa=X&ei=ufVsUNKCIu3S4QSk5oGgDg&ved=0CAoQ_AUoAQ&biw=1920&bih=900,https://www.google.com/search?q=Ocean+Software&hl=ru&client=firefox-a&hs=5Xc&rls=org.mozilla:ru:official&prmd=imvns&source=lnms&tbm=isch&sa=X&ei=ufVsUNKCIu3S4QSk5oGgDg&ved=0CAoQ_AUoAQ&biw=1920&bih=900
respawn-entertainment,Respawn Entertainment,Respawn Logo.svg,https://commons.wikimedia.org/wiki/File:Respawn_Logo.svg,https://upload.wikimedia.org/wikipedia/commons/d/d9/Respawn_Logo.svg?utm_source=commons.wikimedia.org&utm_campaign=imageinfo&utm_content=original,Public domain,,https://www.respawn.com/,"Electronic Arts, Inc; Respawn Entertainment"
sega-interactive,Sega Interactive,SEGA logo JPN.svg,https://commons.wikimedia.org/wiki/File:SEGA_logo_JPN.svg,https://upload.wikimedia.org/wikipedia/commons/c/c7/SEGA_logo_JPN.svg?utm_source=commons.wikimedia.org&utm_campaign=imageinfo&utm_content=original,Public domain,,Own work based on: SEGA logo.svg,Sega
tru-blu-entertainment,Tru Blu Entertainment,TruBluEnt_Logo75.png,https://trublu.com.au/home-int/,https://trublu.com.au/wp-content/uploads/2025/11/TruBluEnt_Logo75.png,Official-site asset; copyright/trademark status not explicitly licensed,,,
zipper-interactive,Zipper Interactive,Zipper-logo.svg,https://commons.wikimedia.org/wiki/File:Zipper-logo.svg,https://upload.wikimedia.org/wikipedia/commons/8/88/Zipper-logo.svg?utm_source=commons.wikimedia.org&utm_campaign=imageinfo&utm_content=original,Public domain,,"http://www.console-covers.com/Downloads/download/33697/chk,febe44edfd4f15d11444ae324bc422b9/no_html,1/",Zipper Interactive
arkane-studios,Arkane Studios,Arkane Studios Logo 2020.svg,https://commons.wikimedia.org/wiki/File:Arkane_Studios_Logo_2020.svg,https://upload.wikimedia.org/wikipedia/commons/d/db/Arkane_Studios_Logo_2020.svg?utm_source=commons.wikimedia.org&utm_campaign=imageinfo&utm_content=original,Public domain,,https://pdfcoffee.com/download/dishonored-the-assassins-four-pdf-free.html,ZeniMax Media Inc; Arkane Studios SASU
big-ant-studios,Big Ant Studios,landscape_logo_site.png,https://bigant.com/,https://bigant.com/wp-content/uploads/2026/05/landscape_logo_site.png,Official-site asset; copyright/trademark status not explicitly licensed,,,
ea-montreal,EA Montreal,EA Montreal logo.png,https://commons.wikimedia.org/wiki/File:EA_Montreal_logo.png,https://upload.wikimedia.org/wikipedia/commons/9/94/EA_Montreal_logo.png?utm_source=commons.wikimedia.org&utm_campaign=imageinfo&utm_content=original,Public domain,,https://hr.wikipedia.org/wiki/EA_Montr%C3%A9al#mediaviewer/Datoteka:EA_Montreal_logo.png,Unknown author Unknown author
empire-interactive,Empire Interactive,Logo empirelogoboxedjuly2.jpg,https://commons.wikimedia.org/wiki/File:Logo_empirelogoboxedjuly2.jpg,https://upload.wikimedia.org/wikipedia/commons/7/7e/Logo_empirelogoboxedjuly2.jpg?utm_source=commons.wikimedia.org&utm_campaign=imageinfo&utm_content=original,Public domain,,Empire Interactive,Empire Interactive
illfonic,IllFonic,illfonicgoldlogo.png,https://www.illfonic.com/,https://img2.storyblok.com/fit-in/1536x1536/filters:format(png)/f/113119/1935x1160/e11a7a4d0f/illfonicgoldlogo.png,Official-site asset; copyright/trademark status not explicitly licensed,,,
midas-interactive-entertainment,Midas Interactive Entertainment Ltd.,mlogo.png,https://midasinteractive.com,https://midasinteractive.com/wp-content/uploads/2025/02/mlogo.png,Official-site asset; copyright/trademark status not explicitly licensed,,,
nightdive-studios,NightDive Studios,Nightdive Studios Logo.png,https://commons.wikimedia.org/wiki/File:Nightdive_Studios_Logo.png,https://upload.wikimedia.org/wikipedia/commons/f/f2/Nightdive_Studios_Logo.png?utm_source=commons.wikimedia.org&utm_campaign=imageinfo&utm_content=original,Public domain,,https://www.nightdivestudios.com/,"Nightdive Studios, LLC"
ninja-theory,Ninja Theory,Ninja Theory wordmark.svg,https://commons.wikimedia.org/wiki/File:Ninja_Theory_wordmark.svg,https://upload.wikimedia.org/wikipedia/commons/2/2c/Ninja_Theory_wordmark.svg?utm_source=commons.wikimedia.org&utm_campaign=imageinfo&utm_content=original,Public domain,,Extracted from https://ninjatheory.com/ source code,Xbox Game Studios; Ninja Theory Ltd.
vap,Vap,VAP logo.svg,https://commons.wikimedia.org/wiki/File:VAP_logo.svg,https://upload.wikimedia.org/wikipedia/commons/7/75/VAP_logo.svg?utm_source=commons.wikimedia.org&utm_campaign=imageinfo&utm_content=original,Public domain,,http://www.vap.co.jp/,VAP
bloober-team,Bloober Team,Bloober team logo.svg,https://commons.wikimedia.org/wiki/File:Bloober_team_logo.svg,https://upload.wikimedia.org/wikipedia/commons/e/ef/Bloober_team_logo.svg?utm_source=commons.wikimedia.org&utm_campaign=imageinfo&utm_content=original,Public domain,,Own work,Mantisa666
broderbund,Broderbund,Broderbund logo.svg,https://commons.wikimedia.org/wiki/File:Broderbund_logo.svg,https://upload.wikimedia.org/wikipedia/commons/c/cf/Broderbund_logo.svg?utm_source=commons.wikimedia.org&utm_campaign=imageinfo&utm_content=original,Public domain,,https://vignette.wikia.nocookie.net/logopedia/images/3/3a/Broderbund_2000.svg,"Brøderbund Software, Inc"
frozenbyte,Frozenbyte,Frozenbyte.png,https://commons.wikimedia.org/wiki/File:Frozenbyte.png,https://upload.wikimedia.org/wikipedia/commons/2/20/Frozenbyte.png?utm_source=commons.wikimedia.org&utm_campaign=imageinfo&utm_content=original,Public domain,,https://cdn.mobygames.com/logos/17568168-frozenbyte-oy.jpg,Unknown author Unknown author
granzella,Granzella Inc.,gz_logo.png,https://www.granzella.co.jp/,https://www.granzella.co.jp/images/gz_logo.png,Official-site asset; copyright/trademark status not explicitly licensed,,,
headup-games,HeadUp Games,Headup-Logo-Big.png,https://www.headupgames.com/,https://www.headupgames.com/src/img/Headup-Logo-Big.png,Official-site asset; copyright/trademark status not explicitly licensed,,,
kadokawa-shoten,Kadokawa Shoten,Kadokawa Shoten.png,https://commons.wikimedia.org/wiki/File:Kadokawa_Shoten.png,https://upload.wikimedia.org/wikipedia/commons/5/5d/Kadokawa_Shoten.png?utm_source=commons.wikimedia.org&utm_campaign=imageinfo&utm_content=original,Public domain,,Own work,deerstop
koei-tecmo-games-co-ltd,Koei Tecmo Games Co. Ltd.,Koei Tecmo Holdings logo.svg,https://commons.wikimedia.org/wiki/File:Koei_Tecmo_Holdings_logo.svg,https://upload.wikimedia.org/wikipedia/commons/d/d1/Koei_Tecmo_Holdings_logo.svg?utm_source=commons.wikimedia.org&utm_campaign=imageinfo&utm_content=original,Public domain,,Original raster image,Koei Tecmo Holdings
lucasfilm-games,Lucasfilm Games LLC,Lucasfilm Games logo.svg,https://commons.wikimedia.org/wiki/File:Lucasfilm_Games_logo.svg,https://upload.wikimedia.org/wikipedia/commons/f/fb/Lucasfilm_Games_logo.svg?utm_source=commons.wikimedia.org&utm_campaign=imageinfo&utm_content=original,Public domain,,https://web.archive.org/web/20250330000813/https://indianajones.bethesda.net/en-US,"The Walt Disney Company, Lucasfilm"
mattel,Mattel,Mattel (2019).svg,https://commons.wikimedia.org/wiki/File:Mattel_(2019).svg,https://upload.wikimedia.org/wikipedia/commons/7/7b/Mattel_%282019%29.svg?utm_source=commons.wikimedia.org&utm_campaign=imageinfo&utm_content=original,Public domain,,http://www.mattel.com/,"Mattel, Inc."
moss,Moss,logo.png,https://mossjp.co.jp/,https://mossjp.co.jp/wp-content/themes/moss_official/img/logo.png,Official-site asset; copyright/trademark status not explicitly licensed,,,
parker-brothers,Parker Brothers,Parker-Brothers-Logo.svg,https://commons.wikimedia.org/wiki/File:Parker-Brothers-Logo.svg,https://upload.wikimedia.org/wikipedia/commons/8/8d/Parker-Brothers-Logo.svg?utm_source=commons.wikimedia.org&utm_campaign=imageinfo&utm_content=original,Public domain,,englischsprachige Wikipedia,Parker Brothers
ravenscourt,Ravenscourt,ravenscourt_logo_navy_75fff93815.svg,https://ravenscourt.games/en-GB,https://ravenscourt-strapi.deeparc.net/uploads/ravenscourt_logo_navy_75fff93815.svg,Official-site asset; copyright/trademark status not explicitly licensed,,,
sometimes-you,Sometimes You,SometimesYou_AboutLogo.svg,https://www.sometimesyou.com,https://www.sometimesyou.com/SometimesYou_AboutLogo.svg,Official-site asset; copyright/trademark status not explicitly licensed,,,
yukes,Yuke's,logo-header.png,https://www.yukes.co.jp/,https://www.yukes.co.jp/wp-content/themes/yukes_30th/img/logo-header.png,Official-site asset; copyright/trademark status not explicitly licensed,,,
amaze-entertainment,Amaze Entertainment,Amaze Entertainment logo.png,https://commons.wikimedia.org/wiki/File:Amaze_Entertainment_logo.png,https://upload.wikimedia.org/wikipedia/commons/8/8b/Amaze_Entertainment_logo.png?utm_source=commons.wikimedia.org&utm_campaign=imageinfo&utm_content=original,Public domain,,http://www.amazeentertainment.com/,Amaze Entertainment
amusement-vision,Amusement Vision,Amusement Vision logo.png,https://commons.wikimedia.org/wiki/File:Amusement_Vision_logo.png,https://upload.wikimedia.org/wikipedia/commons/b/b7/Amusement_Vision_logo.png?utm_source=commons.wikimedia.org&utm_campaign=imageinfo&utm_content=original,Public domain,,The logo may be obtained from Amusement Vision.,Amusement Vision
arika,Arika,Arika logo.svg,https://commons.wikimedia.org/wiki/File:Arika_logo.svg,https://upload.wikimedia.org/wikipedia/commons/c/c7/Arika_logo.svg?utm_source=commons.wikimedia.org&utm_campaign=imageinfo&utm_content=original,Public domain,,Own work using: http://www.arika.co.jp/company/company.html,Arika
crytek,Crytek,Crytek logo.svg,https://commons.wikimedia.org/wiki/File:Crytek_logo.svg,https://upload.wikimedia.org/wikipedia/commons/e/e9/Crytek_logo.svg?utm_source=commons.wikimedia.org&utm_campaign=imageinfo&utm_content=original,Public domain,,"http://www.fmx.de/fileadmin/public_docs/fmx/2012/pdf/FMX_2012_Program_Guide_.pdf , page 46",Crytek
don-39-t-nod,Don't Nod,Dontnod Entertainment Logo.png,https://commons.wikimedia.org/wiki/File:Dontnod_Entertainment_Logo.png,https://upload.wikimedia.org/wikipedia/commons/a/a6/Dontnod_Entertainment_Logo.png?utm_source=commons.wikimedia.org&utm_campaign=imageinfo&utm_content=original,Public domain,,http://dont-nod.com/en/contact/,Dontnod Entertainment
double-fine,Double Fine,Double Fine logo black.svg,https://commons.wikimedia.org/wiki/File:Double_Fine_logo_black.svg,https://upload.wikimedia.org/wikipedia/commons/d/d9/Double_Fine_logo_black.svg?utm_source=commons.wikimedia.org&utm_campaign=imageinfo&utm_content=original,Public domain,,https://www.fangamer.com/collections,various
eden-studios,Eden Studios,logo.gif,http://www.edenstudios.net/,http://www.edenstudios.net/images/logo.gif,Official-site asset; copyright/trademark status not explicitly licensed,,,
farsight-studios,FarSight Studios,FarSight_logo_white_stroke.png,http://farsightstudios.com/,http://farsightstudios.com/wp-content/uploads/2018/01/FarSight_logo_white_stroke.png,Official-site asset; copyright/trademark status not explicitly licensed,,,
first-star-software,First Star Software,cropped-1200x280_logo-1-1.png,https://firststarsoftware.com/,https://firststarsoftware.com/wp-content/uploads/2018/01/cropped-1200x280_logo-1-1.png,Official-site asset; copyright/trademark status not explicitly licensed,,,
king-records,King Records,King Records logo.svg,https://commons.wikimedia.org/wiki/File:King_Records_logo.svg,https://upload.wikimedia.org/wikipedia/commons/9/9d/King_Records_logo.svg?utm_source=commons.wikimedia.org&utm_campaign=imageinfo&utm_content=original,Public domain,,http://cnt.kingrecords.co.jp/itanotomomi/tomo10itano.pdf,King Records
next-level-games,Next Level Games,NLG-Logo.jpg,https://nextlevelgames.com/,http://nextlevelgames.com/wp-content/uploads/2022/03/NLG-Logo.jpg,Official-site asset; copyright/trademark status not explicitly licensed,,,
obsidian-entertainment,Obsidian Entertainment,Obsidian Entertainment.svg,https://commons.wikimedia.org/wiki/File:Obsidian_Entertainment.svg,https://upload.wikimedia.org/wikipedia/commons/8/82/Obsidian_Entertainment.svg?utm_source=commons.wikimedia.org&utm_campaign=imageinfo&utm_content=original,Public domain,,https://cdn.akamai.steamstatic.com/steam/apps/291650/manuals/pe-game-manual.pdf,Obsidian Entertainment
pan-vision,PAN Vision,logo-horizontal-red.svg,https://www.panvision.com/,https://www.panvision.com/img/svg/logo-horizontal-red.svg,Official-site asset; copyright/trademark status not explicitly licensed,,,
quest,Quest,logo.jpg,http://www.quest-kk.com/index.html,http://www.quest-kk.com/pic/logo.jpg,Official-site asset; copyright/trademark status not explicitly licensed,,,
soleil,Soleil Ltd,sloeil-logo_BK.png,https://soleilgamestudios.com/jp/,https://soleilgamestudios.com/images/common/sloeil-logo_BK.png,Official-site asset; copyright/trademark status not explicitly licensed,,,
square-enix-ltd,Square Enix Ltd.,Square Enix logo.svg,https://commons.wikimedia.org/wiki/File:Square_Enix_logo.svg,https://upload.wikimedia.org/wikipedia/commons/a/af/Square_Enix_logo.svg?utm_source=commons.wikimedia.org&utm_campaign=imageinfo&utm_content=original,Public domain,,"Wiki-en . Erroneously uploaded as fair use. Because Per the United States Copyright Office: ""familiar symbols or designs; mere variations of typographic ornamentation, lettering, or coloring ... typeface as typefaces are not subject to copyright. Square Enix Store Also see Image_casebook Trademarks","User:GaeMFreeK , created by Square Enix"
4j-studios,4J Studios,cropped-4J-Studios-Primary-Logo-Horizontal-Colour-RGB.png,https://4jstudios.com,https://4jstudios.com/wp-content/uploads/2022/10/cropped-4J-Studios-Primary-Logo-Horizontal-Colour-RGB.png,Official-site asset; copyright/trademark status not explicitly licensed,,,
camouflaj,Camouflaj,camouflaj-logo.png,https://www.camouflaj.com/,https://www.camouflaj.com/img/camouflaj-logo.png,Official-site asset; copyright/trademark status not explicitly licensed,,,
dotemu,DotEmu,Dotemu-logo.svg,https://commons.wikimedia.org/wiki/File:Dotemu-logo.svg,https://upload.wikimedia.org/wikipedia/commons/b/bf/Dotemu-logo.svg?utm_source=commons.wikimedia.org&utm_campaign=imageinfo&utm_content=original,Public domain,,vector AI sources provided by DotEmu,Dotemu
ecole-software,Ecole Software,ecoleLogo43.gif,https://www.e56.info/,https://www.e56.info/wp-content/uploads/2019/06/ecoleLogo43.gif,Official-site asset; copyright/trademark status not explicitly licensed,,,
hangar-13,Hangar 13,Hangar13_Logo_2024_MASTER__No_Locations_dark_BG__12_.png,https://2k.com/studios/hangar-13/,https://assets.2k.com/1a6ngf98576c/7hsfm3Ik1vh2jV9EotlFi8/4396c0ed8427b0da5fca744d562e12eb/Hangar13_Logo_2024_MASTER__No_Locations_dark_BG__12_.png,Official-site asset; copyright/trademark status not explicitly licensed,,,
pipeworks-software,Pipeworks Software,Pipeworks studios.png,https://commons.wikimedia.org/wiki/File:Pipeworks_studios.png,https://upload.wikimedia.org/wikipedia/commons/f/f9/Pipeworks_studios.png?utm_source=commons.wikimedia.org&utm_campaign=imageinfo&utm_content=original,Public domain,,https://www.pipeworks.com/,Pipeworks Studios
revolution-software,Revolution Software,ins-logo.svg,https://revolution.co.uk/,https://revolution.co.uk/wp-content/uploads/2022/04/ins-logo.svg,Official-site asset; copyright/trademark status not explicitly licensed,,,
shift,Shift,logo.png,https://www.shift.gr.jp/,https://www.shift.gr.jp/img/logo.png,Official-site asset; copyright/trademark status not explicitly licensed,,,
tango-gameworks,Tango Gameworks,Tango Gameworks wordmark.svg,https://commons.wikimedia.org/wiki/File:Tango_Gameworks_wordmark.svg,https://upload.wikimedia.org/wikipedia/commons/0/00/Tango_Gameworks_wordmark.svg?utm_source=commons.wikimedia.org&utm_campaign=imageinfo&utm_content=original,Public domain,,https://tangogameworks.com/wp-content/themes/tango_gameworks/img/top202305/logo.svg,Original: Tango Gameworks; Colors inverted by FireDragonValo
tequila-works,Tequila Works,tequila-works-logo.png,https://www.tequilaworks.com,https://www.tequilaworks.com/assets/tequila-works-logo.png,Official-site asset; copyright/trademark status not explicitly licensed,,,
wales-interactive,Wales Interactive,Wales-Interactive-Logo-White-Red.jpg,https://commons.wikimedia.org/wiki/File:Wales-Interactive-Logo-White-Red.jpg,https://upload.wikimedia.org/wikipedia/commons/a/a5/Wales-Interactive-Logo-White-Red.jpg?utm_source=commons.wikimedia.org&utm_campaign=imageinfo&utm_content=original,CC BY-SA 4.0,https://creativecommons.org/licenses/by-sa/4.0,Own work,Btester2
3goo,3goo,3goo-logo-white.png,https://3goo.co.jp/,https://3goo.co.jp/wp-content/uploads/Logos/3goo-logo-white.png,Official-site asset; copyright/trademark status not explicitly licensed,,,
4a-games,4A Games,4A Games Logo 2015.svg,https://commons.wikimedia.org/wiki/File:4A_Games_Logo_2015.svg,https://upload.wikimedia.org/wikipedia/commons/4/44/4A_Games_Logo_2015.svg?utm_source=commons.wikimedia.org&utm_campaign=imageinfo&utm_content=original,Public domain,,4A Games,4A Games
artisan-studios,Artisan Studios,artisan-logo.png,https://www.artisangamestudios.com/,https://www.artisangamestudios.com/img/artisan-logo.png,Official-site asset; copyright/trademark status not explicitly licensed,,,
black-forest-games,Black Forest Games,Black_Forest_Games_companylogo.png,https://black-forest-games.com,https://black-forest-games.com/wp-content/uploads/2018/04/Black_Forest_Games_companylogo.png,Official-site asset; copyright/trademark status not explicitly licensed,,,
bugbear-entertainment,Bugbear Entertainment,Bugbearent.png,https://commons.wikimedia.org/wiki/File:Bugbearent.png,https://upload.wikimedia.org/wikipedia/commons/e/e8/Bugbearent.png?utm_source=commons.wikimedia.org&utm_campaign=imageinfo&utm_content=original,Public domain,,https://e.snmc.io/lk/lv/x/f26efdf1beff9a91a1b3f20eb3475ad1/5278224,Unknown author Unknown author
eden-games,Eden Games,LogoEdenGames.jpg,https://commons.wikimedia.org/wiki/File:LogoEdenGames.jpg,https://upload.wikimedia.org/wikipedia/commons/9/9f/LogoEdenGames.jpg?utm_source=commons.wikimedia.org&utm_campaign=imageinfo&utm_content=original,Public domain,,en.wikipedia.org,Eden Games
gainax,Gainax,GAINAX.svg,https://commons.wikimedia.org/wiki/File:GAINAX.svg,https://upload.wikimedia.org/wikipedia/commons/2/27/GAINAX.svg?utm_source=commons.wikimedia.org&utm_campaign=imageinfo&utm_content=original,Public domain,,Vorlage: http://www.gainax.co.jp/img/logo_entrance.gif,Autor der Vektorgrafik: ツンヅくん
genius-sonority,Genius Sonority Inc,Genius Sonority logo.png,https://commons.wikimedia.org/wiki/File:Genius_Sonority_logo.png,https://upload.wikimedia.org/wikipedia/commons/d/d3/Genius_Sonority_logo.png?utm_source=commons.wikimedia.org&utm_campaign=imageinfo&utm_content=original,Public domain,,https://www.oracle.com/kr/customers/genius-sonority/,Genius Sonority
interplay-entertainment,Interplay Entertainment,Interplay Entertainment logo colored.svg,https://commons.wikimedia.org/wiki/File:Interplay_Entertainment_logo_colored.svg,https://upload.wikimedia.org/wikipedia/commons/b/b3/Interplay_Entertainment_logo_colored.svg?utm_source=commons.wikimedia.org&utm_campaign=imageinfo&utm_content=original,Public domain,,Stonekeeper (1995) PDF manual on CD-ROM ( mirror ) ; colors derived from source code of https://www.interplay.com/,Interplay Entertainment
joindots,Joindots GmbH,Joindots_Logo_2023_Kleinformat-RGB-1.svg,https://www.joindots.de/,https://www.joindots.de/wp-content/uploads/2024/09/Joindots_Logo_2023_Kleinformat-RGB-1.svg,Official-site asset; copyright/trademark status not explicitly licensed,,,
jupiter-corporation,Jupiter Corporation,Jupiter logo.png,https://commons.wikimedia.org/wiki/File:Jupiter_logo.png,https://upload.wikimedia.org/wikipedia/commons/7/78/Jupiter_logo.png?utm_source=commons.wikimedia.org&utm_campaign=imageinfo&utm_content=original,Public domain,,Modified from this image from www.jupiter.co.jp .,Jupiter Corporation
keen-games,Keen Games,intro-keen-games-logo.svg,https://www.keengames.com/,https://www.keengames.com/media/Logos/intro-keen-games-logo.svg?width=200&height=200&rmode=crop&token=RCbukZp74kziGqbU24TtcOjLNcGWfyTgEm2OUCIHYck%3D,Official-site asset; copyright/trademark status not explicitly licensed,,,
krafton,Krafton Inc.,Krafton Logo.svg,https://commons.wikimedia.org/wiki/File:Krafton_Logo.svg,https://upload.wikimedia.org/wikipedia/commons/1/14/Krafton_Logo.svg?utm_source=commons.wikimedia.org&utm_campaign=imageinfo&utm_content=original,Public domain,,https://brandcenter.krafton.com,Krafton Inc.
mad-catz,Mad Catz,Mad-Catz-Logo.png,https://commons.wikimedia.org/wiki/File:Mad-Catz-Logo.png,https://upload.wikimedia.org/wikipedia/commons/b/bc/Mad-Catz-Logo.png?utm_source=commons.wikimedia.org&utm_campaign=imageinfo&utm_content=original,CC BY-SA 3.0,https://creativecommons.org/licenses/by-sa/3.0,Own work,"Mad Catz Interactive, Inc."
mastiff,Mastiff,Mastiff - Logo.png,https://commons.wikimedia.org/wiki/File:Mastiff_-_Logo.png,https://upload.wikimedia.org/wikipedia/commons/7/73/Mastiff_-_Logo.png?utm_source=commons.wikimedia.org&utm_campaign=imageinfo&utm_content=original,Public domain,,https://mastiff-games.com/,"Mastiff, LLC"
monolith-productions,Monolith Productions,"Monolith Productions, Inc..png","https://commons.wikimedia.org/wiki/File:Monolith_Productions,_Inc..png",https://upload.wikimedia.org/wikipedia/commons/9/95/Monolith_Productions%2C_Inc..png?utm_source=commons.wikimedia.org&utm_campaign=imageinfo&utm_content=original,Public domain,,"Monolith Productions, Inc.","Monolith Productions, Inc."
polygon-magic,Polygon Magic,logo.svg,https://www.polygonmagic.com/,https://www.polygonmagic.com/wp-content/themes/polygonmagic/resource/polygonmagic/dist/assets/images/logo.svg,Official-site asset; copyright/trademark status not explicitly licensed,,,
ready-at-dawn,Ready at Dawn,Ready at Dawn Studios Logo.png,https://commons.wikimedia.org/wiki/File:Ready_at_Dawn_Studios_Logo.png,https://upload.wikimedia.org/wikipedia/commons/d/dd/Ready_at_Dawn_Studios_Logo.png?utm_source=commons.wikimedia.org&utm_campaign=imageinfo&utm_content=original,Public domain,,www.readyatdawn.com,Ready at Dawn
sanuk-games,Sanuk Games,cropped-SanukGamesLogo-Horizontal.png,http://www.sanukgames.com,http://www.sanukgames.com/wp-content/uploads/2016/09/cropped-SanukGamesLogo-Horizontal.png,Official-site asset; copyright/trademark status not explicitly licensed,,,
survios,Survios,survios-logo.png,https://survios.com/,https://survios.com/imgs/survios-logo.png,Official-site asset; copyright/trademark status not explicitly licensed,,,
technopop,Technopop,200_Technopop.gif,http://technopop.net/,http://technopop.net/images/200_Technopop.gif,Official-site asset; copyright/trademark status not explicitly licensed,,,
teyon,Teyon,Teyon logo.jpg,https://commons.wikimedia.org/wiki/File:Teyon_logo.jpg,https://upload.wikimedia.org/wikipedia/commons/8/8a/Teyon_logo.jpg?utm_source=commons.wikimedia.org&utm_campaign=imageinfo&utm_content=original,Public domain,,Teyon [1],Teyon
the-game-kitchen,The Game Kitchen,the_game_kitchen_logo-300x117-1.png,https://thegamekitchen.com,https://thegamekitchen.com/wp-content/uploads/2020/04/the_game_kitchen_logo-300x117-1.png,Official-site asset; copyright/trademark status not explicitly licensed,,,
toys-bob,Toys for Bob,TFB_LogoVector_TikiMask-white_007.png,https://www.toysforbob.com,https://www.toysforbob.com/Toys%20for%20Bob_files/TFB_LogoVector_TikiMask-white_007.png,Official-site asset; copyright/trademark status not explicitly licensed,,,
tribute-games,Tribute Games,Tribute Games logo HD.png,https://commons.wikimedia.org/wiki/File:Tribute_Games_logo_HD.png,https://upload.wikimedia.org/wikipedia/commons/7/74/Tribute_Games_logo_HD.png?utm_source=commons.wikimedia.org&utm_campaign=imageinfo&utm_content=original,CC BY-SA 3.0,https://creativecommons.org/licenses/by-sa/3.0,Flinthook press kit,Tribute Games
winkysoft,Winkysoft,Winkysoft logo.png,https://commons.wikimedia.org/wiki/File:Winkysoft_logo.png,https://upload.wikimedia.org/wikipedia/commons/d/de/Winkysoft_logo.png?utm_source=commons.wikimedia.org&utm_campaign=imageinfo&utm_content=original,Public domain,,http://www.winky.co.jp/,Winkysoft
ys-net,Ys Net Inc.,6645b4a162fea9f1f2caddbe_YSNET_logo-1.svg,https://www.ysnet.games/,https://cdn.prod.website-files.com/6184c895f99f7658e46f4e1b/6645b4a162fea9f1f2caddbe_YSNET_logo-1.svg,Official-site asset; copyright/trademark status not explicitly licensed,,,
3d-realms,3D Realms,3D Realms.jpg,https://commons.wikimedia.org/wiki/File:3D_Realms.jpg,https://upload.wikimedia.org/wikipedia/commons/7/72/3D_Realms.jpg?utm_source=commons.wikimedia.org&utm_campaign=imageinfo&utm_content=original,Public domain,,https://3drealms.com/,3D Realms
aesir-interactive-gmbh,Aesir Interactive GMBH,LOGO.svg,https://aesir-interactive.com/,https://aesir-interactive.com/LOGO.svg,Official-site asset; copyright/trademark status not explicitly licensed,,,
agetec,Agetec,Agetec Logo.png,https://commons.wikimedia.org/wiki/File:Agetec_Logo.png,https://upload.wikimedia.org/wikipedia/commons/a/a4/Agetec_Logo.png?utm_source=commons.wikimedia.org&utm_campaign=imageinfo&utm_content=original,Public domain,,Sega Retro,Agetec
artoon,Artoon,Artoon Logo.png,https://commons.wikimedia.org/wiki/File:Artoon_Logo.png,https://upload.wikimedia.org/wikipedia/commons/0/0c/Artoon_Logo.png?utm_source=commons.wikimedia.org&utm_campaign=imageinfo&utm_content=original,Public domain,,http://upload.wikimedia.org/wikipedia/en/0/0c/Artoon_Logo.png,Unknown author Unknown author
bam-entertainment,BAM! Entertainment,BAM! Entertainment Logo.png,https://commons.wikimedia.org/wiki/File:BAM!_Entertainment_Logo.png,https://upload.wikimedia.org/wikipedia/commons/1/1b/BAM%21_Entertainment_Logo.png?utm_source=commons.wikimedia.org&utm_campaign=imageinfo&utm_content=original,Public domain,,en.Wikipedia.org,Unknown author Unknown author
cat-daddy-games,Cat Daddy Games,banner_logo_1000.jpg,https://catdaddygames.com/,https://catdaddygames.com/img/banner_logo_1000.jpg,Official-site asset; copyright/trademark status not explicitly licensed,,,
chorus-worldwide,Chorus Worldwide,Chorus_LockupVertical_BlackRGB.png,https://chorusworldwide.com/,https://chorusworldwide.com/cs2024v1/wp-content/uploads/2022/01/Chorus_LockupVertical_BlackRGB.png,Official-site asset; copyright/trademark status not explicitly licensed,,,
deck13-interactive,Deck13 Interactive,deck13_logo_w.png,https://www.deck13.com/,https://www.deck13.com/wp-content/uploads/2018/11/deck13_logo_w.png,Official-site asset; copyright/trademark status not explicitly licensed,,,
destructive-creations,Destructive Creations,logo.png,https://destructivecreations.com/,https://destructivecreations.com/images/logo.png,Official-site asset; copyright/trademark status not explicitly licensed,,,
ea-salt-lake,EA Salt Lake,Electronic Arts logo.svg,https://commons.wikimedia.org/wiki/File:Electronic_Arts_logo.svg,https://upload.wikimedia.org/wikipedia/commons/d/d9/Electronic_Arts_logo.svg?utm_source=commons.wikimedia.org&utm_campaign=imageinfo&utm_content=original,Public domain,,"This vector image was created by converting the Encapsulated PostScript file available at Brands of the World ( view • download ). Remember not all content there is in general free, see Commons:Fair use for more. This tag does not indicate the copyright status of the attached work. A normal copyright tag is still required. See Commons:Licensing .",Electronic Arts
feelplus,FeelPlus,Feelplus Logo.svg,https://commons.wikimedia.org/wiki/File:Feelplus_Logo.svg,https://upload.wikimedia.org/wikipedia/commons/4/4a/Feelplus_Logo.svg?utm_source=commons.wikimedia.org&utm_campaign=imageinfo&utm_content=original,Public domain,,https://paperzz.com/doc/5482614/,Feelplus
gameloft,Gameloft,Gameloft Logo.svg,https://commons.wikimedia.org/wiki/File:Gameloft_Logo.svg,https://upload.wikimedia.org/wikipedia/commons/6/62/Gameloft_Logo.svg?utm_source=commons.wikimedia.org&utm_campaign=imageinfo&utm_content=original,Public domain,,"Official Gameloft Logo (see https://www.gameloft.com/ ), vectorized Version from https://brandfetch.com/gameloft.com",Gameloft
ganbarion,Ganbarion,logo_ja.png,https://www.ganbarion.co.jp/,https://www.ganbarion.co.jp/wp-content/themes/ganbarion/assets/images/common/logo_ja.png,Official-site asset; copyright/trademark status not explicitly licensed,,,
gemdrops,Gemdrops,logo_mini.png,http://www.gemdrops.co.jp/,http://www.gemdrops.co.jp/image/logo_mini.png,Official-site asset; copyright/trademark status not explicitly licensed,,,
ghost-town-games,Ghost Town Games,favicon.png,https://ghosttowngames.com/,https://ghosttowngames.com/wp-content/uploads/2024/10/favicon.png,Official-site asset; copyright/trademark status not explicitly licensed,,,
gunfire-games,Gunfire Games,GG_LOGO_PRINT.png,http://gunfiregames.com/,http://images.squarespace-cdn.com/content/v1/55669e4ae4b0352887a893c6/1432788685905-RBGTTR0Y0518VJV4BYZT/GG_LOGO_PRINT.png?format=1500w,Official-site asset; copyright/trademark status not explicitly licensed,,,
havok,Havok,cropped-havok_logo_site.png,https://www.havok.com/,https://www.havok.com/wp-content/uploads/2020/09/cropped-havok_logo_site.png,Official-site asset; copyright/trademark status not explicitly licensed,,,
inxile-entertainment,InXile Entertainment,InXile Entertainment Logo.png,https://commons.wikimedia.org/wiki/File:InXile_Entertainment_Logo.png,https://upload.wikimedia.org/wikipedia/commons/a/ae/InXile_Entertainment_Logo.png?utm_source=commons.wikimedia.org&utm_campaign=imageinfo&utm_content=original,Public domain,,https://www.inxile-entertainment.com/,inXile Entertainment
jellyvision,Jellyvision,jellyvision-logo-indigo.svg,https://www.jellyvision.com/,https://www.jellyvision.com/wp-content/uploads/2023/09/jellyvision-logo-indigo.svg,Official-site asset; copyright/trademark status not explicitly licensed,,,
lizardcube,Lizardcube,Logo_Lizardcube.jpg,https://www.lizardcube.com/,https://www.lizardcube.com/wp-content/uploads/2023/12/Logo_Lizardcube.jpg,Official-site asset; copyright/trademark status not explicitly licensed,,,
magic-pockets,Magic Pockets,magic-pockets-logo.png,https://www.magicpockets.org/,https://www.magicpockets.org/images/magic-pockets-logo.png,Official-site asset; copyright/trademark status not explicitly licensed,,,
matrix-software,Matrix Software,logo.svg,https://www.matrixsoft.co.jp/,https://www.matrixsoft.co.jp/assets/img/common/logo.svg,Official-site asset; copyright/trademark status not explicitly licensed,,,
monolith-soft,Monolith Soft,Monolith Soft logo.png,https://commons.wikimedia.org/wiki/File:Monolith_Soft_logo.png,https://upload.wikimedia.org/wikipedia/commons/1/10/Monolith_Soft_logo.png?utm_source=commons.wikimedia.org&utm_campaign=imageinfo&utm_content=original,Public domain,,Сайт компании,Monolith Soft
ouat-entertainment,OUAT Entertainment,Ouat-E.png,https://www.ouat-e.com/,https://www.ouat-e.com/wp-content/uploads/2022/05/Ouat-E.png,Official-site asset; copyright/trademark status not explicitly licensed,,,
paradox-interactive,Paradox Interactive,logotype_white.svg,https://www.paradoxinteractive.com:443/our-games/discover,https://www.paradoxinteractive.com:443/images/logo/logotype_white.svg,Official-site asset; copyright/trademark status not explicitly licensed,,,
prototype,Prototype,Prototype Logo.png,https://commons.wikimedia.org/wiki/File:Prototype_Logo.png,https://upload.wikimedia.org/wikipedia/commons/b/bc/Prototype_Logo.png?utm_source=commons.wikimedia.org&utm_campaign=imageinfo&utm_content=original,Public domain,,https://www.prot.co.jp/,© PROTOTYPE
purple-lamp,Purple Lamp,Logo_401x133.png,https://www.purplelamp.com,https://www.purplelamp.com/wp-content/uploads/2020/07/Logo_401x133.png,Official-site asset; copyright/trademark status not explicitly licensed,,,
red-entertainment,Red Entertainment,Red Entertainment Logo.png,https://commons.wikimedia.org/wiki/File:Red_Entertainment_Logo.png,https://upload.wikimedia.org/wikipedia/commons/c/ce/Red_Entertainment_Logo.png?utm_source=commons.wikimedia.org&utm_campaign=imageinfo&utm_content=original,Public domain,,https://red-entertainment.co.jp/,©RED
sanzaru-games,Sanzaru Games,logo.svg,https://www.sanzaru.com/,https://www.sanzaru.com/images/logo.svg,Official-site asset; copyright/trademark status not explicitly licensed,,,
screaming-villains,Screaming Villains,screamingvillains.png,https://www.screamingvillains.com/,https://www.screamingvillains.com/logos/screamingvillains.png,Official-site asset; copyright/trademark status not explicitly licensed,,,
shoeisha,Shoeisha,logo_shoeisha_40th_w.png,https://www.shoeisha.co.jp/,https://www.shoeisha.co.jp/static/common/images/new/logos/logo_shoeisha_40th_w.png,Official-site asset; copyright/trademark status not explicitly licensed,,,
silicon-knights,Silicon Knights,Silicon Knights logo.png,https://commons.wikimedia.org/wiki/File:Silicon_Knights_logo.png,https://upload.wikimedia.org/wikipedia/commons/7/7f/Silicon_Knights_logo.png?utm_source=commons.wikimedia.org&utm_campaign=imageinfo&utm_content=original,Public domain,,Logo taken from this image . CafePress watermark was removed.,Silicon Knights
spectrum-holobyte,Spectrum Holobyte,Spectrum HoloByte logo on black.svg,https://commons.wikimedia.org/wiki/File:Spectrum_HoloByte_logo_on_black.svg,https://upload.wikimedia.org/wikipedia/commons/f/fb/Spectrum_HoloByte_logo_on_black.svg?utm_source=commons.wikimedia.org&utm_campaign=imageinfo&utm_content=original,Public domain,,Spectrum logo extracted from http://lucasabandonware.free.fr/manuels/Chess%20Maniac%205%20Billion%20and%201.pdf Wordmark extracted from https://ia800907.us.archive.org/view_archive.php?archive=/7/items/falcon3cd/FALCON3.ISO&file=MANUAL%2FFALCON3.PDF Placement and color derived from https://www.bestoldgames.net/img/companies/spectrum-holobyte-logo.png,Spectrum HoloByte
supergiant-games,Supergiant Games,Supergiant Games New Logo.png,https://commons.wikimedia.org/wiki/File:Supergiant_Games_New_Logo.png,https://upload.wikimedia.org/wikipedia/commons/5/59/Supergiant_Games_New_Logo.png?utm_source=commons.wikimedia.org&utm_campaign=imageinfo&utm_content=original,Public domain,,https://store.steampowered.com/developer/supergiantgames,"w:Supergiant Games , LLC."
team-ladybug,Team Ladybug,logo_mini.png,http://teamladybug.info/,http://teamladybug.info/logo_mini.png,Official-site asset; copyright/trademark status not explicitly licensed,,,
three-rings,Three Rings,logo.webp,https://www.three-rings.net/,https://www.three-rings.net/wp/wp-content/themes/three-rings/img/logo.webp,Official-site asset; copyright/trademark status not explicitly licensed,,,
tri-ace,Tri-Ace Inc.,logo.png,https://www.tri-ace.co.jp/,https://www.tri-ace.co.jp/images/logo.png,Official-site asset; copyright/trademark status not explicitly licensed,,,
tripwire-interactive,Tripwire Interactive,Tripwire Interactive new logo.png,https://commons.wikimedia.org/wiki/File:Tripwire_Interactive_new_logo.png,https://upload.wikimedia.org/wikipedia/commons/8/8e/Tripwire_Interactive_new_logo.png?utm_source=commons.wikimedia.org&utm_campaign=imageinfo&utm_content=original,Public domain,,http://www.tripwireinteractive.com,Tripwire Interactive
type-moon,Type-Moon,Type-moon.svg,https://commons.wikimedia.org/wiki/File:Type-moon.svg,https://upload.wikimedia.org/wikipedia/commons/2/29/Type-moon.svg?utm_source=commons.wikimedia.org&utm_campaign=imageinfo&utm_content=original,Public domain,,Vectorised by Tsuruya based on https://www.typemoon.com and optimised by VulcanSphere,™/®Type-Moon
wild-river-games,Wild River Games,WildRiverGames_Logo.png,https://wildriver.games/,https://wildriver.games/wp-content/uploads/2019/11/WildRiverGames_Logo.png,Official-site asset; copyright/trademark status not explicitly licensed,,,
ziggurat-interactive,Ziggurat Interactive,5fa9752394e717dd8e663141_Ziggurat%20Logotype.svg,https://www.ziggurat.games/,https://cdn.prod.website-files.com/5ed5c847e36fdf28ec7440fe/5fa9752394e717dd8e663141_Ziggurat%20Logotype.svg,Official-site asset; copyright/trademark status not explicitly licensed,,,
1st-playable-productions,1st Playable Productions,1st Playable Productions logo.jpg,https://commons.wikimedia.org/wiki/File:1st_Playable_Productions_logo.jpg,https://upload.wikimedia.org/wikipedia/commons/5/54/1st_Playable_Productions_logo.jpg?utm_source=commons.wikimedia.org&utm_campaign=imageinfo&utm_content=original,Public domain,,www.1stplayable.com,"1st Playable Productions, LLC"
989-studios,989 Studios,989 Studios Logo.png,https://commons.wikimedia.org/wiki/File:989_Studios_Logo.png,https://upload.wikimedia.org/wikipedia/commons/f/f8/989_Studios_Logo.png?utm_source=commons.wikimedia.org&utm_campaign=imageinfo&utm_content=original,Public domain,,http://www.freebase.com/view/guid/9202a8c04000641f8000000004a7183a,w:Sony Computer Entertainment America
aerosoft,Aerosoft GmbH,as-logo-white.png,https://www.aerosoft.com/us/,https://www.aerosoft.com/themes/Frontend/Darkblue/frontend/_public/src/img/logos/as-logo-white.png,Official-site asset; copyright/trademark status not explicitly licensed,,,
airship-syndicate,Airship Syndicate,AirshipSyndicate_GearLogoWithTextWide+copy.png,https://www.airshipsyndicate.com/,https://images.squarespace-cdn.com/content/v1/699cd0106333c52c5a06e54c/92d5ff3d-2373-413d-88fa-c987b2469a42/AirshipSyndicate_GearLogoWithTextWide+copy.png?format=1500w,Official-site asset; copyright/trademark status not explicitly licensed,,,
american-game-cartridges,American Game Cartridges,American Game Cartridges logo.png,https://commons.wikimedia.org/wiki/File:American_Game_Cartridges_logo.png,https://upload.wikimedia.org/wikipedia/commons/1/1b/American_Game_Cartridges_logo.png?utm_source=commons.wikimedia.org&utm_campaign=imageinfo&utm_content=original,Public domain,,http://thewarpzone.classicgaming.gamespy.com/agci.html,American Game Cartridges
aquiris-game-studio,Aquiris Game Studio,aquiris-logo-white.svg,https://www.aquiris.com.br/,https://www.aquiris.com.br/images/shared/aquiris-logo-white.svg,Official-site asset; copyright/trademark status not explicitly licensed,,,
aquria,Aquria,AquriaLogo.png,http://www.aquria.co.jp/,http://www.aquria.co.jp/wp-content/uploads/2015/04/AquriaLogo.png,Official-site asset; copyright/trademark status not explicitly licensed,,,
experiment-101,Experiment 101,logo_v007.png,https://experiment101.com,https://experiment101.com/wp-content/uploads/2016/05/logo_v007.png,Official-site asset; copyright/trademark status not explicitly licensed,,,
frogwares,Frogwares,avatar_5279355.jpg,https://frogwares.com/,https://frogwares.com/wp-content/uploads/2018/05/avatar_5279355.jpg,Official-site asset; copyright/trademark status not explicitly licensed,,,
grev,G.rev,logo_head.gif,http://www.grev.co.jp/,http://www.grev.co.jp/img/logo_head.gif,Official-site asset; copyright/trademark status not explicitly licensed,,,
ghostlight,Ghostlight,logo.png,https://www.ghostlight.uk.com/,https://www.ghostlight.uk.com/images/logo.png,Official-site asset; copyright/trademark status not explicitly licensed,,,
haemimont-games,Haemimont Games,Logo haemimont.svg,https://commons.wikimedia.org/wiki/File:Logo_haemimont.svg,https://upload.wikimedia.org/wikipedia/commons/b/ba/Logo_haemimont.svg?utm_source=commons.wikimedia.org&utm_campaign=imageinfo&utm_content=original,Public domain,,Haemimont Games,"Haemimont Games, первод в SVG by DarkSTALKER"
house-house,House House,househouse-logo.png,https://househouse.com/,http://househouse.com/househouse-logo.png,Official-site asset; copyright/trademark status not explicitly licensed,,,
humble-bundle,Humble Bundle,Humble Bundle logo.svg,https://commons.wikimedia.org/wiki/File:Humble_Bundle_logo.svg,https://upload.wikimedia.org/wikipedia/commons/0/0c/Humble_Bundle_logo.svg?utm_source=commons.wikimedia.org&utm_campaign=imageinfo&utm_content=original,Public domain,,https://support.humblebundle.com/hc/en-us/articles/202742060-Bundle-Logos,Humble Bundle
innersloth,Innersloth,logo-dark@2x.png,https://www.innersloth.com/,https://innersloth.com/wp-content/uploads/2021/06/logo-dark@2x.png,Official-site asset; copyright/trademark status not explicitly licensed,,,
keoken-interactive,KeokeN Interactive Inc.,KeokeN Interactive typeface logo.png,https://commons.wikimedia.org/wiki/File:KeokeN_Interactive_typeface_logo.png,https://upload.wikimedia.org/wikipedia/commons/7/77/KeokeN_Interactive_typeface_logo.png?utm_source=commons.wikimedia.org&utm_campaign=imageinfo&utm_content=original,Public domain,,https://keokeninteractive.com/,KeokeN Interactive
king-art-games,King Art Games,kingart_logo_md.png,https://kingart-games.com/,https://kingart-games.com/img/kingart_logo_md.png,Official-site asset; copyright/trademark status not explicitly licensed,,,
lka,LKA,LKA_red.png,https://www.lka.it/,https://www.lka.it/img/LKA_red.png,Official-site asset; copyright/trademark status not explicitly licensed,,,
ludia-inc,Ludia Inc.,LogoLudiaFMColour.jpg,https://commons.wikimedia.org/wiki/File:LogoLudiaFMColour.jpg,https://upload.wikimedia.org/wikipedia/commons/5/5a/LogoLudiaFMColour.jpg?utm_source=commons.wikimedia.org&utm_campaign=imageinfo&utm_content=original,CC BY-SA 4.0,https://creativecommons.org/licenses/by-sa/4.0,Own work,Myndessa
magic-wand-productions,Magic Wand Productions,Magic Wand Productions logo.png,https://commons.wikimedia.org/wiki/File:Magic_Wand_Productions_logo.png,https://upload.wikimedia.org/wikipedia/commons/a/a0/Magic_Wand_Productions_logo.png?utm_source=commons.wikimedia.org&utm_campaign=imageinfo&utm_content=original,Public domain,,http://www.magicwand.ro/,Magic Wand Productions
marvelous-inc,Marvelous Inc,Marvelous Inc. logo.svg,https://commons.wikimedia.org/wiki/File:Marvelous_Inc._logo.svg,https://upload.wikimedia.org/wikipedia/commons/d/df/Marvelous_Inc._logo.svg?utm_source=commons.wikimedia.org&utm_campaign=imageinfo&utm_content=original,Public domain,,https://asia.sega.com/rf3sp/kr/assets/img/marv_logo.svg,Marvelous Inc.
mega-cat-studios,Mega Cat Studios,Brand_LogoWhite.png,https://megacatstudios.com/,https://megacatstudios.com/cdn/shop/files/Brand_LogoWhite.png,Official-site asset; copyright/trademark status not explicitly licensed,,,
metronomik,Metronomik,Metronomik%20Logo_Horizontal-02.png,https://www.metronomik.net/,"https://static.wixstatic.com/media/dbd040_b8641ce3abe2438aa1ddc7fd850ff856~mv2_d_3117_2084_s_2.png/v1/fill/w_149,h_75,al_c,q_85,usm_0.66_1.00_0.01,enc_avif,quality_auto/Metronomik%20Logo_Horizontal-02.png",Official-site asset; copyright/trademark status not explicitly licensed,,,
motorsport-games,Motorsport Games,ms_games_blk_red_neg_200x37-2.png,https://motorsportgames.com/,https://motorsportgames.com/wp-content/uploads/2020/12/ms_games_blk_red_neg_200x37-2.png,Official-site asset; copyright/trademark status not explicitly licensed,,,
newkidco,NewKidCo,NewKidCo.png,https://commons.wikimedia.org/wiki/File:NewKidCo.png,https://upload.wikimedia.org/wikipedia/commons/3/34/NewKidCo.png?utm_source=commons.wikimedia.org&utm_campaign=imageinfo&utm_content=original,Public domain,,Own work,NewKidCo
nordcurrent,Nordcurrent,cropped-logo.png,https://nordcurrent.com/,https://d30fyg9bwlgx48.cloudfront.net/wp-content/uploads/2022/12/cropped-logo.png,Official-site asset; copyright/trademark status not explicitly licensed,,,
pathea-games,Pathea Games,Logo_mobile-Header.png,https://pathea.net/,https://pathea.net/media/2020/07/Logo_mobile-Header.png,Official-site asset; copyright/trademark status not explicitly licensed,,,
popcap-games,PopCap Games,PopCap 2012 logo.svg,https://commons.wikimedia.org/wiki/File:PopCap_2012_logo.svg,https://upload.wikimedia.org/wikipedia/commons/0/06/PopCap_2012_logo.svg?utm_source=commons.wikimedia.org&utm_campaign=imageinfo&utm_content=original,Public domain,,PopCap website,"PopCap Games, Designed by Mark Simonson"
powera,PowerA,PowerA Logo.svg,https://commons.wikimedia.org/wiki/File:PowerA_Logo.svg,https://upload.wikimedia.org/wikipedia/commons/a/a0/PowerA_Logo.svg?utm_source=commons.wikimedia.org&utm_campaign=imageinfo&utm_content=original,Public domain,,https://www.powera.com/,PowerA
private-division,Private Division,Private Division Logo.svg,https://commons.wikimedia.org/wiki/File:Private_Division_Logo.svg,https://upload.wikimedia.org/wikipedia/commons/4/48/Private_Division_Logo.svg?utm_source=commons.wikimedia.org&utm_campaign=imageinfo&utm_content=original,Public domain,,privatedivision.com,Take-Two Interactive
prope,Prope,PROPE Ltd..PNG,https://commons.wikimedia.org/wiki/File:PROPE_Ltd..PNG,https://upload.wikimedia.org/wikipedia/commons/d/d7/PROPE_Ltd..PNG?utm_source=commons.wikimedia.org&utm_campaign=imageinfo&utm_content=original,Public domain,,http://www.prope.jp/,Prope
psyonix,Psyonix,psyonix_home_logo.png,https://www.psyonix.com/,https://www.psyonix.com/images/psyonix_home_logo.png,Official-site asset; copyright/trademark status not explicitly licensed,,,
racjin,Racjin,Racjin Logo.png,https://commons.wikimedia.org/wiki/File:Racjin_Logo.png,https://upload.wikimedia.org/wikipedia/commons/5/5c/Racjin_Logo.png?utm_source=commons.wikimedia.org&utm_campaign=imageinfo&utm_content=original,CC BY-SA 4.0,https://creativecommons.org/licenses/by-sa/4.0,https://vignette.wikia.nocookie.net/mitchell/images/0/00/Racjin_logo_part_1.png/revision/latest?cb=20160904131745,Mitchell Wiki
rockstar-toronto,Rockstar Toronto,Rockstar Toronto Logo.svg,https://commons.wikimedia.org/wiki/File:Rockstar_Toronto_Logo.svg,https://upload.wikimedia.org/wikipedia/commons/4/42/Rockstar_Toronto_Logo.svg?utm_source=commons.wikimedia.org&utm_campaign=imageinfo&utm_content=original,Public domain,,https://www.rockstargames.com/careers/openings,Take-Two Interactive
samurai-punk,Samurai Punk,logo.jpg,https://samuraipunk.com/,https://samuraipunk.com/files/logo.jpg,Official-site asset; copyright/trademark status not explicitly licensed,,,
silicon-studio,Silicon Studio,Silicon Studio logo.svg,https://commons.wikimedia.org/wiki/File:Silicon_Studio_logo.svg,https://upload.wikimedia.org/wikipedia/commons/4/49/Silicon_Studio_logo.svg?utm_source=commons.wikimedia.org&utm_campaign=imageinfo&utm_content=original,Public domain,,Extracted from Silicon Studio website ( https://www.siliconstudio.co.jp/ ),Silicon Studio
sledgehammer-games,Sledgehammer Games,Sledgehammer Games logo (2009-2021).svg,https://commons.wikimedia.org/wiki/File:Sledgehammer_Games_logo_(2009-2021).svg,https://upload.wikimedia.org/wikipedia/commons/2/23/Sledgehammer_Games_logo_%282009-2021%29.svg?utm_source=commons.wikimedia.org&utm_campaign=imageinfo&utm_content=original,Public domain,,Own work,Rayukk
team-cherry,Team Cherry,Team_Cherry_Logo_NoText_Small.png,https://www.teamcherry.com.au/,https://images.squarespace-cdn.com/content/v1/606d4deb4db8c15ea53b3624/1618313425981-OKWEWRWP5D6WNQY7FQ8R/Team_Cherry_Logo_NoText_Small.png?format=1500w,Official-site asset; copyright/trademark status not explicitly licensed,,,
the-pokemon-company,The Pokemon Company,The Pokemon Company text logo.svg,https://commons.wikimedia.org/wiki/File:The_Pokemon_Company_text_logo.svg,https://upload.wikimedia.org/wikipedia/commons/5/5c/The_Pokemon_Company_text_logo.svg?utm_source=commons.wikimedia.org&utm_campaign=imageinfo&utm_content=original,Public domain,,https://corporate.pokemon.co.jp/,The Pokémon Company
the-sims-studio,The Sims Studio,Logo of The Sims (2013).svg,https://commons.wikimedia.org/wiki/File:Logo_of_The_Sims_(2013).svg,https://upload.wikimedia.org/wikipedia/commons/9/9a/Logo_of_The_Sims_%282013%29.svg?utm_source=commons.wikimedia.org&utm_campaign=imageinfo&utm_content=original,Public domain,,This file was derived from: Logo of The Sims 4.svg,"Electronic Arts, Inc. (EA)"
tivola,Tivola,Tivola Logo 4c Kopie.jpg,https://commons.wikimedia.org/wiki/File:Tivola_Logo_4c_Kopie.jpg,https://upload.wikimedia.org/wikipedia/commons/3/32/Tivola_Logo_4c_Kopie.jpg?utm_source=commons.wikimedia.org&utm_campaign=imageinfo&utm_content=original,CC BY-SA 3.0,https://creativecommons.org/licenses/by-sa/3.0,Template:Tivola Publishing GmbH,"Barbara Landbeck , Karoline Grunske"
triumph-studios,Triumph Studios,Triumph Studios Logo.png,https://commons.wikimedia.org/wiki/File:Triumph_Studios_Logo.png,https://upload.wikimedia.org/wikipedia/commons/8/8a/Triumph_Studios_Logo.png?utm_source=commons.wikimedia.org&utm_campaign=imageinfo&utm_content=original,Public domain,,https://dutchgameindustry.directory/?company=triumphstudios,Triumph Studios
turtle-rock-studios,Turtle Rock Studios,Logo_Turtlerock_OnDarkBG-413cca342ba938b069cec723b688f877.svg,https://www.turtlerockstudios.com,https://www.turtlerockstudios.com/static/Logo_Turtlerock_OnDarkBG-413cca342ba938b069cec723b688f877.svg,Official-site asset; copyright/trademark status not explicitly licensed,,,
undercoders,Undercoders,LOGO_undercoders_512.png,https://www.undercoders.com/,https://www.undercoders.com/wp-content/uploads/2019/11/LOGO_undercoders_512.png,Official-site asset; copyright/trademark status not explicitly licensed,,,
zoo,Zoo Corporation,logo_zoogames.png,https://game.zoo.jp,https://game.zoo.jp/images/logo_zoogames.png,Official-site asset; copyright/trademark status not explicitly licensed,,,
11-bit-studios,11 Bit Studios,11 Bit Studios.png,https://commons.wikimedia.org/wiki/File:11_Bit_Studios.png,https://upload.wikimedia.org/wikipedia/commons/d/d0/11_Bit_Studios.png?utm_source=commons.wikimedia.org&utm_campaign=imageinfo&utm_content=original,Public domain,,https://tr.linkedin.com/company/11-bit-studios,11 Bit Studios
1p2p-studio,1P2P Studio,Logo1P2P_fullpage.png,http://1p2p-studio.com/,http://1p2p-studio.com/wp-content/uploads/2017/07/Logo1P2P_fullpage.png,Official-site asset; copyright/trademark status not explicitly licensed,,,
2k-czech,2K Czech,2K Czech Logo.svg,https://commons.wikimedia.org/wiki/File:2K_Czech_Logo.svg,https://upload.wikimedia.org/wikipedia/commons/4/47/2K_Czech_Logo.svg?utm_source=commons.wikimedia.org&utm_campaign=imageinfo&utm_content=original,Public domain,,http://mafia-world.ru/files/mafia2-files/Mafia_II_-_Digital_Deluxe_Artbook_by_mafia-world.ru.pdf,Take-Two Interactive
5th-cell,5th Cell,5thCell Logo.jpg,https://commons.wikimedia.org/wiki/File:5thCell_Logo.jpg,https://upload.wikimedia.org/wikipedia/commons/7/75/5thCell_Logo.jpg?utm_source=commons.wikimedia.org&utm_campaign=imageinfo&utm_content=original,Public domain,,http://www.niubie.com/,5th Cell
active-gaming-media,Active Gaming Media Inc,アクティブゲーミングメディア.jpg,https://commons.wikimedia.org/wiki/File:%E3%82%A2%E3%82%AF%E3%83%86%E3%82%A3%E3%83%96%E3%82%B2%E3%83%BC%E3%83%9F%E3%83%B3%E3%82%B0%E3%83%A1%E3%83%87%E3%82%A3%E3%82%A2.jpg,https://upload.wikimedia.org/wikipedia/commons/d/d9/%E3%82%A2%E3%82%AF%E3%83%86%E3%82%A3%E3%83%96%E3%82%B2%E3%83%BC%E3%83%9F%E3%83%B3%E3%82%B0%E3%83%A1%E3%83%87%E3%82%A3%E3%82%A2.jpg?utm_source=commons.wikimedia.org&utm_campaign=imageinfo&utm_content=original,CC BY-SA 3.0,https://creativecommons.org/licenses/by-sa/3.0,Own work,Pleaseplease123
adult-swim-games,Adult Swim Games,Adult Swim Games logo.png,https://commons.wikimedia.org/wiki/File:Adult_Swim_Games_logo.png,https://upload.wikimedia.org/wikipedia/commons/1/1c/Adult_Swim_Games_logo.png?utm_source=commons.wikimedia.org&utm_campaign=imageinfo&utm_content=original,Public domain,,Email from Videocult,Adult Swim Games
amata-k-k,Amata K.K,amata-logo-2026-1.png,https://amata.co.jp/en/,https://amata.co.jp/en/wp-content/uploads/2026/08/amata-logo-2026-1.png,Official-site asset; copyright/trademark status not explicitly licensed,,,
anchor,Anchor,Anchor Inc Logo.jpg,https://commons.wikimedia.org/wiki/File:Anchor_Inc_Logo.jpg,https://upload.wikimedia.org/wikipedia/commons/1/19/Anchor_Inc_Logo.jpg?utm_source=commons.wikimedia.org&utm_campaign=imageinfo&utm_content=original,GPL,http://www.gnu.org/licenses/gpl.html,http://media.giantbomb.com/uploads/13/136140/2076499-807547.png,
astragon,Astragon,Astragon entertainment logo-gamezone.jpg,https://commons.wikimedia.org/wiki/File:Astragon_entertainment_logo-gamezone.jpg,https://upload.wikimedia.org/wikipedia/commons/8/80/Astragon_entertainment_logo-gamezone.jpg?utm_source=commons.wikimedia.org&utm_campaign=imageinfo&utm_content=original,Public domain,,Astragon Entertainment GmbH,Unknown author Unknown author
atari-interactive,Atari Interactive,Atari Official 2012 Logo.svg,https://commons.wikimedia.org/wiki/File:Atari_Official_2012_Logo.svg,https://upload.wikimedia.org/wikipedia/commons/5/58/Atari_Official_2012_Logo.svg?utm_source=commons.wikimedia.org&utm_campaign=imageinfo&utm_content=original,Public domain,,Atari,"Atari, Inc."
baroque-decay,Baroque Decay,logo.png,https://baroquedecay.com/,https://baroquedecay.com/wp-content/uploads/2021/10/logo.png,Official-site asset; copyright/trademark status not explicitly licensed,,,
bend-studio,Bend Studio,Bend Studio Logo.svg,https://commons.wikimedia.org/wiki/File:Bend_Studio_Logo.svg,https://upload.wikimedia.org/wikipedia/commons/6/60/Bend_Studio_Logo.svg?utm_source=commons.wikimedia.org&utm_campaign=imageinfo&utm_content=original,Public domain,,https://www.bendstudio.com/about,Bend Studio
bithell-games,Bithell Games,bithellLogo_white.png,https://www.bithellgames.com/,https://images.squarespace-cdn.com/content/v1/5eeb3a47a5c7d2506242e581/3ff191e1-6bfb-478a-8d03-97ddfd36fc0e/bithellLogo_white.png,Official-site asset; copyright/trademark status not explicitly licensed,,,
bluepoint-games,Bluepoint Games,Bluepoint Games logo.svg,https://commons.wikimedia.org/wiki/File:Bluepoint_Games_logo.svg,https://upload.wikimedia.org/wikipedia/commons/5/54/Bluepoint_Games_logo.svg?utm_source=commons.wikimedia.org&utm_campaign=imageinfo&utm_content=original,Public domain,,https://logodix.com/logo/1183664.png,Bluepoint Games
brace-yourself-games,Brace Yourself Games,favicon_trans.png,https://braceyourselfgames.com,https://braceyourselfgames.com/wp-content/uploads/2018/07/favicon_trans.png,Official-site asset; copyright/trademark status not explicitly licensed,,,
choice-provisions,Choice Provisions,Choice Provisions.png,https://commons.wikimedia.org/wiki/File:Choice_Provisions.png,https://upload.wikimedia.org/wikipedia/commons/c/c8/Choice_Provisions.png?utm_source=commons.wikimedia.org&utm_campaign=imageinfo&utm_content=original,CC BY-SA 4.0,https://creativecommons.org/licenses/by-sa/4.0,Own work,Mayonaisespoon
compulsion-games,Compulsion Games,Compulsion Games Logo.svg,https://commons.wikimedia.org/wiki/File:Compulsion_Games_Logo.svg,https://upload.wikimedia.org/wikipedia/commons/a/ad/Compulsion_Games_Logo.svg?utm_source=commons.wikimedia.org&utm_campaign=imageinfo&utm_content=original,Public domain,,https://compulsiongames.com/en/,Compulsion Games
creatures-inc,Creatures Inc.,Creatures Inc.svg,https://commons.wikimedia.org/wiki/File:Creatures_Inc.svg,https://upload.wikimedia.org/wikipedia/commons/1/16/Creatures_Inc.svg?utm_source=commons.wikimedia.org&utm_campaign=imageinfo&utm_content=original,Public domain,,https://www.creatures.co.jp/,Creatures Inc.
davilex,Davilex,Davilex.png,https://commons.wikimedia.org/wiki/File:Davilex.png,https://upload.wikimedia.org/wikipedia/commons/3/32/Davilex.png?utm_source=commons.wikimedia.org&utm_campaign=imageinfo&utm_content=original,Public domain,,http://seeklogo.com/davilex-logo-38885.html,Davilex Software B.V.
dc-studios,DC Studios,DC Studios (video game developer) logo.jpg,https://commons.wikimedia.org/wiki/File:DC_Studios_(video_game_developer)_logo.jpg,https://upload.wikimedia.org/wikipedia/commons/4/42/DC_Studios_%28video_game_developer%29_logo.jpg?utm_source=commons.wikimedia.org&utm_campaign=imageinfo&utm_content=original,Public domain,,Moby Games,Digital Concepts DC Studios Inc.
ea-orlando,EA Orlando,electronic-arts-orlando-studio-logo.svg,https://www.ea.com/ea-studios/ea-orlando,https://media.contentapi.ea.com/content/dam/eacom/orlando/common/electronic-arts-orlando-studio-logo.svg,Official-site asset; copyright/trademark status not explicitly licensed,,,
fast-travel-games,Fast Travel Games,logo-white.svg,https://www.fasttravelgames.com/,https://www.fasttravelgames.com/logo-white.svg,Official-site asset; copyright/trademark status not explicitly licensed,,,
forever-entertainment,Forever Entertainment,logo.png,https://forever-entertainment.com/,https://forever-entertainment.com/images/logo.png,Official-site asset; copyright/trademark status not explicitly licensed,,,
grezzo,Grezzo,Grezzo logo.svg,https://commons.wikimedia.org/wiki/File:Grezzo_logo.svg,https://upload.wikimedia.org/wikipedia/commons/a/aa/Grezzo_logo.svg?utm_source=commons.wikimedia.org&utm_campaign=imageinfo&utm_content=original,Public domain,,https://www.grezzo.co.jp/,"GREZZO Co., Ltd."
hazelight-studios,Hazelight Studios,66c9d934-c105-4824-aae0-22f360952e1e,https://hazelight.se/,https://hazelight.se/assets/66c9d934-c105-4824-aae0-22f360952e1e,Official-site asset; copyright/trademark status not explicitly licensed,,,
housemarque,Housemarque,Housemarque logo.png,https://commons.wikimedia.org/wiki/File:Housemarque_logo.png,https://upload.wikimedia.org/wikipedia/commons/0/06/Housemarque_logo.png?utm_source=commons.wikimedia.org&utm_campaign=imageinfo&utm_content=original,Public domain,,http://www.housemarque.com/news-press/logos-and-press-images/,Unknown author Unknown author
jorudan,Jorudan,MV--LOGO.svg,https://about.jorudan.co.jp/company/,https://about.jorudan.co.jp/company/img24/top/MV--LOGO.svg,Official-site asset; copyright/trademark status not explicitly licensed,,,
mojang-studios,Mojang Studios,"Mojang Studios Logo (2020, wide).svg","https://commons.wikimedia.org/wiki/File:Mojang_Studios_Logo_(2020,_wide).svg",https://upload.wikimedia.org/wikipedia/commons/6/65/Mojang_Studios_Logo_%282020%2C_wide%29.svg?utm_source=commons.wikimedia.org&utm_campaign=imageinfo&utm_content=original,Public domain,,https://logos.fandom.com/wiki/Mojang_Studios,Bold
monster-games,Monster Games,Monster Games logo.svg,https://commons.wikimedia.org/wiki/File:Monster_Games_logo.svg,https://upload.wikimedia.org/wikipedia/commons/2/21/Monster_Games_logo.svg?utm_source=commons.wikimedia.org&utm_campaign=imageinfo&utm_content=original,Public domain,,Monster Games,Monster Games
noise-inc,Noise Inc.,logo.png,http://www.noise-games.com/,http://www.noise-games.com/contents/wp-content/themes/wp_noise/images/common/logo.png,Official-site asset; copyright/trademark status not explicitly licensed,,,
nordic-softsales,Nordic Softsales,nordic-soft-sales-logotyp.png,https://www.nordicsoftsales.se/,https://www.nordicsoftsales.se/wp-content/blogs.dir/666/files/2019/09/nordic-soft-sales-logotyp.png,Official-site asset; copyright/trademark status not explicitly licensed,,,
novalogic,NovaLogic,NovaLogic logo.svg,https://commons.wikimedia.org/wiki/File:NovaLogic_logo.svg,https://upload.wikimedia.org/wikipedia/commons/2/25/NovaLogic_logo.svg?utm_source=commons.wikimedia.org&utm_campaign=imageinfo&utm_content=original,Public domain,,Extracted from https://ia600306.us.archive.org/12/items/Delta_Force_Black_Hawk_Down_Prima_Official_eGuide/Delta_Force_Black_Hawk_Down_Prima_Official_eGuide.pdf,"NovaLogic, Inc."
passtech-games,Passtech Games,Passtech_Logo_Text_Horizontal_White_1920x800_Alpha-q3unfsx69y9dx9nicguigzy68jefpdk5nh1q6cdo8w.png,https://www.passtechgames.com/,https://www.passtechgames.com/wp-content/uploads/elementor/thumbs/Passtech_Logo_Text_Horizontal_White_1920x800_Alpha-q3unfsx69y9dx9nicguigzy68jefpdk5nh1q6cdo8w.png,Official-site asset; copyright/trademark status not explicitly licensed,,,
playlogic-entertainment,Playlogic Entertainment,Playlogic Entertainment Logo.png,https://commons.wikimedia.org/wiki/File:Playlogic_Entertainment_Logo.png,https://upload.wikimedia.org/wikipedia/commons/0/04/Playlogic_Entertainment_Logo.png?utm_source=commons.wikimedia.org&utm_campaign=imageinfo&utm_content=original,Public domain,,http://www.playlogicgames.com/,w:Playlogic Entertainment
qute,Qute corporation,s120-quteWeb.jpg,https://qute.co.jp/,https://qute.co.jp/wp-content/uploads/2020/07/s120-quteWeb.jpg,Official-site asset; copyright/trademark status not explicitly licensed,,,
raw-fury,Raw Fury,Raw-Fury-Logo-circle-avatar-smaller.png,https://rawfury.com/,https://rawfury.com/wp-content/uploads/2020/08/Raw-Fury-Logo-circle-avatar-smaller.png,Official-site asset; copyright/trademark status not explicitly licensed,,,
sabotage-studio,Sabotage Studio,Sabotage-Logo.png,https://sabotagestudio.com,https://sabotagestudio.com/wp-content/uploads/2020/01/Sabotage-Logo.png,Official-site asset; copyright/trademark status not explicitly licensed,,,
sega-of-america,SEGA of America,SEGA logo.svg,https://commons.wikimedia.org/wiki/File:SEGA_logo.svg,https://upload.wikimedia.org/wikipedia/commons/1/13/SEGA_logo.svg?utm_source=commons.wikimedia.org&utm_campaign=imageinfo&utm_content=original,Public domain,,www.keaneideas.com/keane_portfolio.pdf,SEGA The original uploader was Tkgd2007 at English Wikipedia .
stainless-games,Stainless Games Ltd.,stainless-s-20240619.png,https://www.stainlessgames.com/,https://www.stainlessgames.com/media/Logos/stainless-s-20240619.png,Official-site asset; copyright/trademark status not explicitly licensed,,,
starbreeze-studios,Starbreeze Studios,Starbreeze Studios Logo.png,https://commons.wikimedia.org/wiki/File:Starbreeze_Studios_Logo.png,https://upload.wikimedia.org/wikipedia/commons/d/d2/Starbreeze_Studios_Logo.png?utm_source=commons.wikimedia.org&utm_campaign=imageinfo&utm_content=original,Public domain,,https://www.starbreeze.com/,Magnus Högdahl
studio-mdhr,Studio MDHR,cropped-icon.png,https://studiomdhr.com/,https://studiomdhr.com/site/wp-content/uploads/2025/06/cropped-icon.png,Official-site asset; copyright/trademark status not explicitly licensed,,,
super-rare-games,Super Rare Games,Super Rare Games Official Logo.png,https://commons.wikimedia.org/wiki/File:Super_Rare_Games_Official_Logo.png,https://upload.wikimedia.org/wikipedia/commons/d/de/Super_Rare_Games_Official_Logo.png?utm_source=commons.wikimedia.org&utm_campaign=imageinfo&utm_content=original,CC0,http://creativecommons.org/publicdomain/zero/1.0/deed.en,https://superraregames.com/,Stuart Townsend
tarsier-studios,Tarsier Studios,Tarsier Studios.svg,https://commons.wikimedia.org/wiki/File:Tarsier_Studios.svg,https://upload.wikimedia.org/wikipedia/commons/7/75/Tarsier_Studios.svg?utm_source=commons.wikimedia.org&utm_campaign=imageinfo&utm_content=original,Public domain,,Embracer Group Annual Report & Sustainability Report 2020 / 2021 . Embracer Group ( 25 August 2021 ). Archived from the original on 12 September 2021 . Retrieved on 12 September 2021 .,w:Embracer Group
tate-multimedia,Tate Multimedia,logo.png,https://www.tatemultimedia.com,https://www.tatemultimedia.com/img/logo/logo.png,Official-site asset; copyright/trademark status not explicitly licensed,,,
the-farm-51,The Farm 51,The Farm 51 logo transparent.svg,https://commons.wikimedia.org/wiki/File:The_Farm_51_logo_transparent.svg,https://upload.wikimedia.org/wikipedia/commons/f/f2/The_Farm_51_logo_transparent.svg?utm_source=commons.wikimedia.org&utm_campaign=imageinfo&utm_content=original,Public domain,,https://www.thefarm51.com/,The Farm 51
titus-interactive,Titus Interactive,Titus-logo.svg,https://commons.wikimedia.org/wiki/File:Titus-logo.svg,https://upload.wikimedia.org/wikipedia/commons/0/0c/Titus-logo.svg?utm_source=commons.wikimedia.org&utm_campaign=imageinfo&utm_content=original,Public domain,,http://www.myabandonware.com/media/captures/T/titus-the-fox-to-marrakech-and-back/titus-the-fox-to-marrakech-and-back_1.gif,titus interactive
ubisoft-romania,Ubisoft Romania,Ubisoft logo.svg,https://commons.wikimedia.org/wiki/File:Ubisoft_logo.svg,https://upload.wikimedia.org/wikipedia/commons/7/78/Ubisoft_logo.svg?utm_source=commons.wikimedia.org&utm_campaign=imageinfo&utm_content=original,Public domain,,https://vignette.wikia.nocookie.net/logopedia/images/a/a0/Ubisoft_2017.svg/revision/latest?cb=20170622035823,Ubisoft
xbox-game-studios,Xbox Game Studios,Xbox Game Studios.svg,https://commons.wikimedia.org/wiki/File:Xbox_Game_Studios.svg,https://upload.wikimedia.org/wikipedia/commons/5/52/Xbox_Game_Studios.svg?utm_source=commons.wikimedia.org&utm_campaign=imageinfo&utm_content=original,Public domain,,https://web.archive.org/web/20211020160251/https://www.playground-games.com/wp-content/uploads/2019/10/2236-PG-Maths-Quiz_Questions_Forza-Branding_Digital.pdf https://compass-ssl.xbox.com/assets/14/34/143434f4-99b8-4ead-b2f7-a11699350e6c.jpg?n=14702985_Page-Hero-1084_1920x720.jpg,Microsoft
xpec-entertainment,XPEC Entertainment,XPEC Entertainment logo.svg,https://commons.wikimedia.org/wiki/File:XPEC_Entertainment_logo.svg,https://upload.wikimedia.org/wikipedia/commons/3/3d/XPEC_Entertainment_logo.svg?utm_source=commons.wikimedia.org&utm_campaign=imageinfo&utm_content=original,Public domain,,http://www.xpec.com.tw/,樂陞科技
xs-games,XS Games,XS Games Logo.jpg,https://commons.wikimedia.org/wiki/File:XS_Games_Logo.jpg,https://upload.wikimedia.org/wikipedia/commons/1/12/XS_Games_Logo.jpg?utm_source=commons.wikimedia.org&utm_campaign=imageinfo&utm_content=original,CC BY-SA 4.0,https://creativecommons.org/licenses/by-sa/4.0,The logo may be obtained from XS Games,Gwenda73
zen-studios,Zen Studios,Zen Studios logo.svg,https://commons.wikimedia.org/wiki/File:Zen_Studios_logo.svg,https://upload.wikimedia.org/wikipedia/commons/f/f4/Zen_Studios_logo.svg?utm_source=commons.wikimedia.org&utm_campaign=imageinfo&utm_content=original,Public domain,,Embracer Group Annual Report & Sustainability Report 2020 / 2021 . Embracer Group ( 25 August 2021 ). Archived from the original on 25 August 2021 . Retrieved on 12 September 2021 .,Zen Studios
zenimax-online-studios,ZeniMax Online Studios,ZeniMax Online Studios Logo (2012).svg,https://commons.wikimedia.org/wiki/File:ZeniMax_Online_Studios_Logo_(2012).svg,https://upload.wikimedia.org/wikipedia/commons/2/26/ZeniMax_Online_Studios_Logo_%282012%29.svg?utm_source=commons.wikimedia.org&utm_campaign=imageinfo&utm_content=original,Public domain,,https://logos.fandom.com/wiki/ZeniMax_Online_Studios,ZeniMax Online Studios
17-bit,17-BIT,17-BIT logo rgb.png,https://commons.wikimedia.org/wiki/File:17-BIT_logo_rgb.png,https://upload.wikimedia.org/wikipedia/commons/3/3f/17-BIT_logo_rgb.png?utm_source=commons.wikimedia.org&utm_campaign=imageinfo&utm_content=original,CC BY-SA 3.0,https://creativecommons.org/licenses/by-sa/3.0,"the author, via email","Raj Joshi, Senior Producer & Studio Director for 17-BIT"
2k-marin,2K Marin,2K Marin Logo.svg,https://commons.wikimedia.org/wiki/File:2K_Marin_Logo.svg,https://upload.wikimedia.org/wikipedia/commons/c/c4/2K_Marin_Logo.svg?utm_source=commons.wikimedia.org&utm_campaign=imageinfo&utm_content=original,Public domain,,https://www.gameexpres.cz/products/2kgames/bioshock2/bs2_a2-view.pdf,Take-Two Interactive
abstraction-games,Abstraction Games,Abstraction logo 2026.svg,https://commons.wikimedia.org/wiki/File:Abstraction_logo_2026.svg,https://upload.wikimedia.org/wikipedia/commons/4/4d/Abstraction_logo_2026.svg?utm_source=commons.wikimedia.org&utm_campaign=imageinfo&utm_content=original,Public domain,,https://abstraction.games/,Abstraction
activision-blizzard,Activision Blizzard,Activision Blizzard logo.svg,https://commons.wikimedia.org/wiki/File:Activision_Blizzard_logo.svg,https://upload.wikimedia.org/wikipedia/commons/6/6e/Activision_Blizzard_logo.svg?utm_source=commons.wikimedia.org&utm_campaign=imageinfo&utm_content=original,Public domain,,Converted the (now deleted ) PNG version of the logo uploaded by Nikon1803 to SVG.,Activision Blizzard Inc.
amplitude-studios,Amplitude Studios,Amplitude Studios logo.png,https://commons.wikimedia.org/wiki/File:Amplitude_Studios_logo.png,https://upload.wikimedia.org/wikipedia/commons/3/3a/Amplitude_Studios_logo.png?utm_source=commons.wikimedia.org&utm_campaign=imageinfo&utm_content=original,Public domain,,http://www.amplitude-studios.com/,Amplitude Studios
big-fish-games,Big Fish Games,Big Fish Games logo.svg,https://commons.wikimedia.org/wiki/File:Big_Fish_Games_logo.svg,https://upload.wikimedia.org/wikipedia/commons/8/81/Big_Fish_Games_logo.svg?utm_source=commons.wikimedia.org&utm_campaign=imageinfo&utm_content=original,Public domain,,Big Fish Games web,Big Fish Games
chair-entertainment,Chair Entertainment,Chair Entertainment Group logo.png,https://commons.wikimedia.org/wiki/File:Chair_Entertainment_Group_logo.png,https://upload.wikimedia.org/wikipedia/commons/7/7b/Chair_Entertainment_Group_logo.png?utm_source=commons.wikimedia.org&utm_campaign=imageinfo&utm_content=original,Public domain,,https://www.naturalpoint.com/optitrack/about/customers/,Chair Entertainment Group
crypton-future-media,Crypton Future Media,Crypton Future Media logo.svg,https://commons.wikimedia.org/wiki/File:Crypton_Future_Media_logo.svg,https://upload.wikimedia.org/wikipedia/commons/4/4a/Crypton_Future_Media_logo.svg?utm_source=commons.wikimedia.org&utm_campaign=imageinfo&utm_content=original,Public domain,,Official Website of Magical Mirai 2018,"Crypton Future Media, Inc. Fixed with official text color by the uploader."
deck-nine,Deck Nine,Deck Nine Games Logo.jpg,https://commons.wikimedia.org/wiki/File:Deck_Nine_Games_Logo.jpg,https://upload.wikimedia.org/wikipedia/commons/a/a6/Deck_Nine_Games_Logo.jpg?utm_source=commons.wikimedia.org&utm_campaign=imageinfo&utm_content=original,Public domain,,https://twitter.com/DeckNineGames ( https://pbs.twimg.com/profile_images/869934739465134080/KUsCiNKC_400x400.jpg ),Deck Nine
digital-anvil,Digital Anvil,Digitalanvillogo.jpg,https://commons.wikimedia.org/wiki/File:Digitalanvillogo.jpg,https://upload.wikimedia.org/wikipedia/commons/3/3e/Digitalanvillogo.jpg?utm_source=commons.wikimedia.org&utm_campaign=imageinfo&utm_content=original,Public domain,,http://www.wcnews.com/newestshots/full/digitalanvillogo.jpg,digital anvil
digital-bros,Digital Bros,Digital Bros logo.svg,https://commons.wikimedia.org/wiki/File:Digital_Bros_logo.svg,https://upload.wikimedia.org/wikipedia/commons/8/87/Digital_Bros_logo.svg?utm_source=commons.wikimedia.org&utm_campaign=imageinfo&utm_content=original,Public domain,,Digital Bros,Digital Bros
drinkbox-studios,DrinkBox Studios Inc.,DrinkBox Studios logo.JPG,https://commons.wikimedia.org/wiki/File:DrinkBox_Studios_logo.JPG,https://upload.wikimedia.org/wikipedia/commons/8/80/DrinkBox_Studios_logo.JPG?utm_source=commons.wikimedia.org&utm_campaign=imageinfo&utm_content=original,CC BY-SA 3.0,https://creativecommons.org/licenses/by-sa/3.0,"Chris McQuinn of DrinkBox, via email",DrinkBox Studios
exnoa,Exnoa,Exnoa Logo.png,https://commons.wikimedia.org/wiki/File:Exnoa_Logo.png,https://upload.wikimedia.org/wikipedia/commons/f/f9/Exnoa_Logo.png?utm_source=commons.wikimedia.org&utm_campaign=imageinfo&utm_content=original,Public domain,,https://dmmgames.co.jp/,© EXNOA LLC
humongous-entertainment,Humongous Entertainment,Humongous Entertainment logo.svg,https://commons.wikimedia.org/wiki/File:Humongous_Entertainment_logo.svg,https://upload.wikimedia.org/wikipedia/commons/5/59/Humongous_Entertainment_logo.svg?utm_source=commons.wikimedia.org&utm_campaign=imageinfo&utm_content=original,Public domain,,https://www.facebook.com/HumongousEnt/photos/a.458846797560790/516913678420768/?type=1&theater,Unknown author Unknown author
iceberg-interactive,Iceberg Interactive,Iceberg Interactive Logo.png,https://commons.wikimedia.org/wiki/File:Iceberg_Interactive_Logo.png,https://upload.wikimedia.org/wikipedia/commons/3/38/Iceberg_Interactive_Logo.png?utm_source=commons.wikimedia.org&utm_campaign=imageinfo&utm_content=original,Public domain,,https://www.iceberg-games.com/,Iceberg Interactive
intenium,INTENIUM GmbH,Intenium.jpg,https://commons.wikimedia.org/wiki/File:Intenium.jpg,https://upload.wikimedia.org/wikipedia/commons/8/88/Intenium.jpg?utm_source=commons.wikimedia.org&utm_campaign=imageinfo&utm_content=original,FAL,http://artlibre.org/licence/lal/en,Official website,Svetozar Gofman / INTENIUM Studio
jackbox-games,Jackbox Games,Jackbox Games logo blue 2023.svg,https://commons.wikimedia.org/wiki/File:Jackbox_Games_logo_blue_2023.svg,https://upload.wikimedia.org/wikipedia/commons/c/ce/Jackbox_Games_logo_blue_2023.svg?utm_source=commons.wikimedia.org&utm_campaign=imageinfo&utm_content=original,Public domain,,Jackbox Games Press Assets 2023,Jackbox Games
klei-entertainment,Klei Entertainment,Klei Entertainment.svg,https://commons.wikimedia.org/wiki/File:Klei_Entertainment.svg,https://upload.wikimedia.org/wikipedia/commons/c/c3/Klei_Entertainment.svg?utm_source=commons.wikimedia.org&utm_campaign=imageinfo&utm_content=original,Public domain,,https://logos.fandom.com/wiki/Klei_Entertainment,Klei Entertainment
legacy-interactive,Legacy Interactive,LegacyInteractive logo.png,https://commons.wikimedia.org/wiki/File:LegacyInteractive_logo.png,https://upload.wikimedia.org/wikipedia/commons/7/78/LegacyInteractive_logo.png?utm_source=commons.wikimedia.org&utm_campaign=imageinfo&utm_content=original,CC BY-SA 4.0,https://creativecommons.org/licenses/by-sa/4.0,Own work,Legacy Plus
media-factory,Media Factory,Media Factory logo.svg,https://commons.wikimedia.org/wiki/File:Media_Factory_logo.svg,https://upload.wikimedia.org/wikipedia/commons/e/e2/Media_Factory_logo.svg?utm_source=commons.wikimedia.org&utm_campaign=imageinfo&utm_content=original,Public domain,,http://www.mediafactory.co.jp/company/pdf/l101_001.pdf,Media Factory
mercurysteam,MercurySteam,MercurySteam.svg,https://commons.wikimedia.org/wiki/File:MercurySteam.svg,https://upload.wikimedia.org/wikipedia/commons/2/21/MercurySteam.svg?utm_source=commons.wikimedia.org&utm_campaign=imageinfo&utm_content=original,Public domain,,MercurySteam,Zrawn
nadeo,Nadeo,UBISOFT NADEO BLACK.png,https://commons.wikimedia.org/wiki/File:UBISOFT_NADEO_BLACK.png,https://upload.wikimedia.org/wikipedia/commons/a/ad/UBISOFT_NADEO_BLACK.png?utm_source=commons.wikimedia.org&utm_campaign=imageinfo&utm_content=original,CC BY-SA 4.0,https://creativecommons.org/licenses/by-sa/4.0,Template:Ubisoft Nadeo,Alinoa78
new-blood-interactive,New Blood Interactive,New Blood Interactive.png,https://commons.wikimedia.org/wiki/File:New_Blood_Interactive.png,https://upload.wikimedia.org/wikipedia/commons/b/b3/New_Blood_Interactive.png?utm_source=commons.wikimedia.org&utm_campaign=imageinfo&utm_content=original,Public domain,,https://newblood.games/,New Blood Interactive
new-world-interactive,New World Interactive,New World Interactive Logo.svg,https://commons.wikimedia.org/wiki/File:New_World_Interactive_Logo.svg,https://upload.wikimedia.org/wikipedia/commons/0/04/New_World_Interactive_Logo.svg?utm_source=commons.wikimedia.org&utm_campaign=imageinfo&utm_content=original,Public domain,,https://embracer.com/wp-content/uploads/2021/08/Embracer-Annual-Report-and-Sustainability-Report-2021.pdf,New World Interactive
nintendo-software-technology,Nintendo Software Technology,Nintendo Software Technology 2024.svg,https://commons.wikimedia.org/wiki/File:Nintendo_Software_Technology_2024.svg,https://upload.wikimedia.org/wikipedia/commons/7/74/Nintendo_Software_Technology_2024.svg?utm_source=commons.wikimedia.org&utm_campaign=imageinfo&utm_content=original,Public domain,,https://careers.nintendo.com/nintendo-software-technology/,Nintendo
nixxes-software,Nixxes Software,Nixxes Software logo.webp,https://commons.wikimedia.org/wiki/File:Nixxes_Software_logo.webp,https://upload.wikimedia.org/wikipedia/commons/b/b2/Nixxes_Software_logo.webp?utm_source=commons.wikimedia.org&utm_campaign=imageinfo&utm_content=original,Public domain,,https://static.wikia.nocookie.net/logopedia/images/e/e6/Nixxes_Software.png/revision/latest,Nixxes Software
owlchemy-labs,Owlchemy Labs,Owlchemy MainLogo.png,https://commons.wikimedia.org/wiki/File:Owlchemy_MainLogo.png,https://upload.wikimedia.org/wikipedia/commons/e/e0/Owlchemy_MainLogo.png?utm_source=commons.wikimedia.org&utm_campaign=imageinfo&utm_content=original,CC BY-SA 3.0,https://creativecommons.org/licenses/by-sa/3.0,"Alex Schwartz of Owlchemy Labs, via email",Owlchemy Labs
people-can-fly,People Can Fly,People Can Fly wordmark.png,https://commons.wikimedia.org/wiki/File:People_Can_Fly_wordmark.png,https://upload.wikimedia.org/wikipedia/commons/a/a1/People_Can_Fly_wordmark.png?utm_source=commons.wikimedia.org&utm_campaign=imageinfo&utm_content=original,Public domain,,https://peoplecanfly.com/pcfs-new-logo-is-here/,Mamastudio
playstation,PlayStation,PlayStation logo and wordmark.svg,https://commons.wikimedia.org/wiki/File:PlayStation_logo_and_wordmark.svg,https://upload.wikimedia.org/wikipedia/commons/5/5c/PlayStation_logo_and_wordmark.svg?utm_source=commons.wikimedia.org&utm_campaign=imageinfo&utm_content=original,Public domain,,Own work using: https://www.playstation.com/en-za/content/dam/support/manuals/scee/web-manuals/ps-vr/PSVR_Instruction_Manual_ENG_(EXP)_Web.pdf/ Page 1,Sony Interactive Entertainment
qloc,QLOC,QLOC horizontal dark text.png,https://commons.wikimedia.org/wiki/File:QLOC_horizontal_dark_text.png,https://upload.wikimedia.org/wikipedia/commons/c/ca/QLOC_horizontal_dark_text.png?utm_source=commons.wikimedia.org&utm_campaign=imageinfo&utm_content=original,CC0,http://creativecommons.org/publicdomain/zero/1.0/deed.en,www.q-loc.com,QLOC
re-logic,Re-Logic,Re-Logic Logo.png,https://commons.wikimedia.org/wiki/File:Re-Logic_Logo.png,https://upload.wikimedia.org/wikipedia/commons/6/6c/Re-Logic_Logo.png?utm_source=commons.wikimedia.org&utm_campaign=imageinfo&utm_content=original,Public domain,,https://re-logic.com/,Re-Logic
silicon-beach-software,Silicon Beach Software,Silicon Beach Software logo.png,https://commons.wikimedia.org/wiki/File:Silicon_Beach_Software_logo.png,https://upload.wikimedia.org/wikipedia/commons/d/d0/Silicon_Beach_Software_logo.png?utm_source=commons.wikimedia.org&utm_campaign=imageinfo&utm_content=original,Public domain,,Scan of software manual,"Silicon Beach Software, Inc."
snapshot-games,Snapshot Games,Snapshot Games Logo.svg,https://commons.wikimedia.org/wiki/File:Snapshot_Games_Logo.svg,https://upload.wikimedia.org/wikipedia/commons/1/18/Snapshot_Games_Logo.svg?utm_source=commons.wikimedia.org&utm_campaign=imageinfo&utm_content=original,Public domain,,https://embracer.com/wp-content/uploads/2021/08/Embracer-Annual-Report-and-Sustainability-Report-2021.pdf,Snapshot Games
sora-ltd,Sora Ltd.,Sora Ltd. Logo.svg,https://commons.wikimedia.org/wiki/File:Sora_Ltd._Logo.svg,https://upload.wikimedia.org/wikipedia/commons/9/9a/Sora_Ltd._Logo.svg?utm_source=commons.wikimedia.org&utm_campaign=imageinfo&utm_content=original,Public domain,,https://www.nintendo.com/consumer/gameslist/manuals/Wii_Super_Smash_Brawl.pdf,w:Masahiro Sakurai
spin-master,Spin Master,Spin Master logo.png,https://commons.wikimedia.org/wiki/File:Spin_Master_logo.png,https://upload.wikimedia.org/wikipedia/commons/4/46/Spin_Master_logo.png?utm_source=commons.wikimedia.org&utm_campaign=imageinfo&utm_content=original,Public domain,,https://www.spinmaster.com/en-US ( https://www.spinmaster.com/static/2a52bf3cf6dc3ab1c93fb53d21da9bd0/437d8/sm-brand-logo.png ),Spin Master
sprite,sprite,Sprite Brand Logo.png,https://commons.wikimedia.org/wiki/File:Sprite_Brand_Logo.png,https://upload.wikimedia.org/wikipedia/commons/1/13/Sprite_Brand_Logo.png?utm_source=commons.wikimedia.org&utm_campaign=imageinfo&utm_content=original,Public domain,,https://sprite.net/,©sprite
stage-clear-studios,Stage Clear Studios,Stage Clear Studios Logo.png,https://commons.wikimedia.org/wiki/File:Stage_Clear_Studios_Logo.png,https://upload.wikimedia.org/wikipedia/commons/3/3a/Stage_Clear_Studios_Logo.png?utm_source=commons.wikimedia.org&utm_campaign=imageinfo&utm_content=original,CC BY-SA 4.0,https://creativecommons.org/licenses/by-sa/4.0,Own work,Kolham
syn-sophia,Syn Sophia,Syn Sophia logo.png,https://commons.wikimedia.org/wiki/File:Syn_Sophia_logo.png,https://upload.wikimedia.org/wikipedia/commons/f/f9/Syn_Sophia_logo.png?utm_source=commons.wikimedia.org&utm_campaign=imageinfo&utm_content=original,Public domain,,http://www.syn-sophia.co.jp/wordpress/wp-content/uploads/tcd-w/logo.png?1548075866,Syn Sophia
team-reptile,Team Reptile,Team Reptile logo.png,https://commons.wikimedia.org/wiki/File:Team_Reptile_logo.png,https://upload.wikimedia.org/wikipedia/commons/c/c8/Team_Reptile_logo.png?utm_source=commons.wikimedia.org&utm_campaign=imageinfo&utm_content=original,Public domain,,https://team-reptile.com/press/,Team Reptile
the-3do-company,The 3DO Company,3DO Company logo.png,https://commons.wikimedia.org/wiki/File:3DO_Company_logo.png,https://upload.wikimedia.org/wikipedia/commons/a/ae/3DO_Company_logo.png?utm_source=commons.wikimedia.org&utm_campaign=imageinfo&utm_content=original,Public domain,,From 3DO Info .,Unknown author Unknown author
thq-nordic-inc,THQ Nordic Inc,THQ Nordic logo 2016.svg,https://commons.wikimedia.org/wiki/File:THQ_Nordic_logo_2016.svg,https://upload.wikimedia.org/wikipedia/commons/1/1b/THQ_Nordic_logo_2016.svg?utm_source=commons.wikimedia.org&utm_campaign=imageinfo&utm_content=original,Public domain,,https://manuals.thqnordic.com/Warhammer_Vermintide/Vermintide_PC_Playerguide_online.pdf,THQ Nordic
united-soft-media,United Soft Media,United Soft Media Logo.svg,https://commons.wikimedia.org/wiki/File:United_Soft_Media_Logo.svg,https://upload.wikimedia.org/wikipedia/commons/d/da/United_Soft_Media_Logo.svg?utm_source=commons.wikimedia.org&utm_campaign=imageinfo&utm_content=original,Public domain,,http://www.usm.de/_files_media/mediathek/downloads/78/gesamtverzeichnis_2014.pdf,United Soft Media
xilam,Xilam,Xilam - Logo.png,https://commons.wikimedia.org/wiki/File:Xilam_-_Logo.png,https://upload.wikimedia.org/wikipedia/commons/6/61/Xilam_-_Logo.png?utm_source=commons.wikimedia.org&utm_campaign=imageinfo&utm_content=original,Public domain,,https://xilam.com,Xilam
zenimax-media-inc,ZeniMax Media Inc.,ZeniMax Media Logo.svg,https://commons.wikimedia.org/wiki/File:ZeniMax_Media_Logo.svg,https://upload.wikimedia.org/wikipedia/commons/c/c5/ZeniMax_Media_Logo.svg?utm_source=commons.wikimedia.org&utm_campaign=imageinfo&utm_content=original,Public domain,,Oblivion Xbox 360 game manual,Unknown author Unknown author
zombie-studios,Zombie Studios,Zombie Studios logo (2012).png,https://commons.wikimedia.org/wiki/File:Zombie_Studios_logo_(2012).png,https://upload.wikimedia.org/wikipedia/commons/e/e1/Zombie_Studios_logo_%282012%29.png?utm_source=commons.wikimedia.org&utm_campaign=imageinfo&utm_content=original,Public domain,,www.zombie.com,Zombie Studios
4mm-games,4mm Games,4mm Games logo.png,https://commons.wikimedia.org/wiki/File:4mm_Games_logo.png,https://upload.wikimedia.org/wikipedia/commons/c/c5/4mm_Games_logo.png?utm_source=commons.wikimedia.org&utm_campaign=imageinfo&utm_content=original,Public domain,,4mm Games,4mm Games
agate-studio,Agate Studio,Agate Logo.png,https://commons.wikimedia.org/wiki/File:Agate_Logo.png,https://upload.wikimedia.org/wikipedia/commons/6/67/Agate_Logo.png?utm_source=commons.wikimedia.org&utm_campaign=imageinfo&utm_content=original,CC BY-SA 4.0,https://creativecommons.org/licenses/by-sa/4.0,www.agate.id,Sanrok Studio
all-in-games,All in! Games,All in! Games logo 2019.svg,https://commons.wikimedia.org/wiki/File:All_in!_Games_logo_2019.svg,https://upload.wikimedia.org/wikipedia/commons/7/79/All_in%21_Games_logo_2019.svg?utm_source=commons.wikimedia.org&utm_campaign=imageinfo&utm_content=original,Public domain,,Own work using: https://www.allingames.com/,All in! Games SA
alphadream,AlphaDream,AlphaDream logo.svg,https://commons.wikimedia.org/wiki/File:AlphaDream_logo.svg,https://upload.wikimedia.org/wikipedia/commons/a/a9/AlphaDream_logo.svg?utm_source=commons.wikimedia.org&utm_campaign=imageinfo&utm_content=original,Public domain,,"AlphaDream Corporation, Ltd.","AlphaDream Corporation, Ltd."
blue-fang-games,Blue Fang Games,Blue Fang Games wordmark 2004.png,https://commons.wikimedia.org/wiki/File:Blue_Fang_Games_wordmark_2004.png,https://upload.wikimedia.org/wikipedia/commons/2/2a/Blue_Fang_Games_wordmark_2004.png?utm_source=commons.wikimedia.org&utm_campaign=imageinfo&utm_content=original,Public domain,,https://archive.org/details/GDM_October_2004/page/n43/mode/2up,Blue Fang Games
bluehole,Bluehole,Bluehole Logo.svg,https://commons.wikimedia.org/wiki/File:Bluehole_Logo.svg,https://upload.wikimedia.org/wikipedia/commons/7/7d/Bluehole_Logo.svg?utm_source=commons.wikimedia.org&utm_campaign=imageinfo&utm_content=original,Public domain,,https://brandcenter.krafton.com,Krafton Inc.
broken-rules,Broken Rules,Broken Rules logo.svg,https://commons.wikimedia.org/wiki/File:Broken_Rules_logo.svg,https://upload.wikimedia.org/wikipedia/commons/8/80/Broken_Rules_logo.svg?utm_source=commons.wikimedia.org&utm_campaign=imageinfo&utm_content=original,CC BY-SA 3.0,https://creativecommons.org/licenses/by-sa/3.0,"Martin Pichlmair, Broken Rules co-founder, via email Broken Rules press kit: http://brokenrul.es/presskit",Broken Rules
colossal-order,Colossal Order,Colossal Order logo.svg,https://commons.wikimedia.org/wiki/File:Colossal_Order_logo.svg,https://upload.wikimedia.org/wikipedia/commons/f/f3/Colossal_Order_logo.svg?utm_source=commons.wikimedia.org&utm_campaign=imageinfo&utm_content=original,Public domain,,"Own work using: https://skylines.paradoxwikis.com/File:Colossal_Order.png , converted to SVG by me",Colossal Order Ltd
concernedape,ConcernedApe,ConcernedApe Company Logo.png,https://commons.wikimedia.org/wiki/File:ConcernedApe_Company_Logo.png,https://upload.wikimedia.org/wikipedia/commons/5/53/ConcernedApe_Company_Logo.png?utm_source=commons.wikimedia.org&utm_campaign=imageinfo&utm_content=original,Public domain,,ConcernedApe Official Website https://www.concernedape.com/,Unknown author Unknown author
crytek-usa,Crytek USA,Crytek logo.svg,https://commons.wikimedia.org/wiki/File:Crytek_logo.svg,https://upload.wikimedia.org/wikipedia/commons/e/e9/Crytek_logo.svg?utm_source=commons.wikimedia.org&utm_campaign=imageinfo&utm_content=original,Public domain,,"http://www.fmx.de/fileadmin/public_docs/fmx/2012/pdf/FMX_2012_Program_Guide_.pdf , page 46",Crytek
curious-pictures,Curious Pictures,Curiouslogo.png,https://commons.wikimedia.org/wiki/File:Curiouslogo.png,https://upload.wikimedia.org/wikipedia/commons/c/c9/Curiouslogo.png?utm_source=commons.wikimedia.org&utm_campaign=imageinfo&utm_content=original,Public domain,,Own work,Mario J. Rojas
davilex-games,Davilex Games,Davilex.png,https://commons.wikimedia.org/wiki/File:Davilex.png,https://upload.wikimedia.org/wikipedia/commons/3/32/Davilex.png?utm_source=commons.wikimedia.org&utm_campaign=imageinfo&utm_content=original,Public domain,,http://seeklogo.com/davilex-logo-38885.html,Davilex Software B.V.
dinamic-software,Dinamic Software,Dinamic Software.svg,https://commons.wikimedia.org/wiki/File:Dinamic_Software.svg,https://upload.wikimedia.org/wikipedia/commons/5/5b/Dinamic_Software.svg?utm_source=commons.wikimedia.org&utm_campaign=imageinfo&utm_content=original,CC0,http://creativecommons.org/publicdomain/zero/1.0/deed.en,Own work,Airsynth
dreamrift,DreamRift,DreamRift Logo.png,https://commons.wikimedia.org/wiki/File:DreamRift_Logo.png,https://upload.wikimedia.org/wikipedia/commons/e/eb/DreamRift_Logo.png?utm_source=commons.wikimedia.org&utm_campaign=imageinfo&utm_content=original,CC BY-SA 3.0,https://creativecommons.org/licenses/by-sa/3.0,Own work,Peter Ong
dreamworks,Dreamworks,DreamWorks Pictures.svg,https://commons.wikimedia.org/wiki/File:DreamWorks_Pictures.svg,https://upload.wikimedia.org/wikipedia/commons/a/a2/DreamWorks_Pictures.svg?utm_source=commons.wikimedia.org&utm_campaign=imageinfo&utm_content=original,Public domain,,Transferred from en.wikipedia to Commons by Common Good using CommonsHelper .,"Storyteller Distribution Co., LLC"
dtp-entertainment-ag,dtp entertainment AG,Dtp Logo.svg,https://commons.wikimedia.org/wiki/File:Dtp_Logo.svg,https://upload.wikimedia.org/wikipedia/commons/e/ea/Dtp_Logo.svg?utm_source=commons.wikimedia.org&utm_campaign=imageinfo&utm_content=original,Public domain,,http://asset01.metaboli.fr/repository/ASHSOBL/us/manuals/PC_So_Blonde_UK_Manual_Online.pdf,dtp entertainment
epic,epic,Epic.png,https://commons.wikimedia.org/wiki/File:Epic.png,https://upload.wikimedia.org/wikipedia/commons/2/26/Epic.png?utm_source=commons.wikimedia.org&utm_campaign=imageinfo&utm_content=original,Public domain,,epic.com,Epic Systems
facepunch-studios,Facepunch Studios,Facepunch logo full dark.svg,https://commons.wikimedia.org/wiki/File:Facepunch_logo_full_dark.svg,https://upload.wikimedia.org/wikipedia/commons/d/da/Facepunch_logo_full_dark.svg?utm_source=commons.wikimedia.org&utm_campaign=imageinfo&utm_content=original,Public domain,,https://sbox.facepunch.com/news,Facepunch Studios
fullbright,Fullbright,Fullbright logo.png,https://commons.wikimedia.org/wiki/File:Fullbright_logo.png,https://upload.wikimedia.org/wikipedia/commons/a/a0/Fullbright_logo.png?utm_source=commons.wikimedia.org&utm_campaign=imageinfo&utm_content=original,CC BY-SA 3.0,https://creativecommons.org/licenses/by-sa/3.0,The uploader on Wikimedia Commons received this from Steve Gaynor of Fullbright (company) via email.,Fullbright
gamious,Gamious,Gamious Logo.png,https://commons.wikimedia.org/wiki/File:Gamious_Logo.png,https://upload.wikimedia.org/wikipedia/commons/d/d6/Gamious_Logo.png?utm_source=commons.wikimedia.org&utm_campaign=imageinfo&utm_content=original,Public domain,,https://gamious.com/,Gamious
global-entertainment,Global A Entertainment,GAE Logo.tiff,https://commons.wikimedia.org/wiki/File:GAE_Logo.tiff,https://upload.wikimedia.org/wikipedia/commons/3/3b/GAE_Logo.tiff?utm_source=commons.wikimedia.org&utm_campaign=imageinfo&utm_content=original,Public domain,,http://www.gae.co.jp/index.html,
good-feel,Good-Feel,Good-feel logo.png,https://commons.wikimedia.org/wiki/File:Good-feel_logo.png,https://upload.wikimedia.org/wikipedia/commons/7/73/Good-feel_logo.png?utm_source=commons.wikimedia.org&utm_campaign=imageinfo&utm_content=original,Public domain,,https://www.good-feel.co.jp,GoodFeel
gsc-game-world,GSC Game World,GSC Game World.svg,https://commons.wikimedia.org/wiki/File:GSC_Game_World.svg,https://upload.wikimedia.org/wikipedia/commons/b/b6/GSC_Game_World.svg?utm_source=commons.wikimedia.org&utm_campaign=imageinfo&utm_content=original,Public domain,,https://steamcdn-a.akamaihd.net/steam/apps/4800/manuals/manual.pdf,GSC Game World
imageepoch,Imageepoch,Imageepoch logo.svg,https://commons.wikimedia.org/wiki/File:Imageepoch_logo.svg,https://upload.wikimedia.org/wikipedia/commons/5/58/Imageepoch_logo.svg?utm_source=commons.wikimedia.org&utm_campaign=imageinfo&utm_content=original,Public domain,,https://www.gematsu.com/2015/05/imageepoch-files-bankruptcy,Imageepoch
lab-zero-games,Lab Zero Games,Lab Zero Games logo.png,https://commons.wikimedia.org/wiki/File:Lab_Zero_Games_logo.png,https://upload.wikimedia.org/wikipedia/commons/4/45/Lab_Zero_Games_logo.png?utm_source=commons.wikimedia.org&utm_campaign=imageinfo&utm_content=original,Public domain,,https://labzerogames.com/,Lab Zero Games
little-chicken-game-company,Little Chicken Game Company,Little Chicken Game Company logo.png,https://commons.wikimedia.org/wiki/File:Little_Chicken_Game_Company_logo.png,https://upload.wikimedia.org/wikipedia/commons/3/32/Little_Chicken_Game_Company_logo.png?utm_source=commons.wikimedia.org&utm_campaign=imageinfo&utm_content=original,Public domain,,https://www.littlechicken.nl/,Little Chicken Game Company
maddy-makes-games,Maddy Makes Games,Maddy Makes Games first logo.png,https://commons.wikimedia.org/wiki/File:Maddy_Makes_Games_first_logo.png,https://upload.wikimedia.org/wikipedia/commons/8/8f/Maddy_Makes_Games_first_logo.png?utm_source=commons.wikimedia.org&utm_campaign=imageinfo&utm_content=original,Public domain,,https://web.archive.org/web/20211013074701/https://www.mattmakesgames.com,Maddy Thorson
massive-entertainment,Massive Entertainment,Massive entertainment logo.png,https://commons.wikimedia.org/wiki/File:Massive_entertainment_logo.png,https://upload.wikimedia.org/wikipedia/commons/8/82/Massive_entertainment_logo.png?utm_source=commons.wikimedia.org&utm_campaign=imageinfo&utm_content=original,Public domain,,Massive Entertainment - A Ubisoft Studio,Massive Entertainment - A Ubisoft Studio
mattel-interactive,Mattel Interactive,Mattel Interactive.png,https://commons.wikimedia.org/wiki/File:Mattel_Interactive.png,https://upload.wikimedia.org/wikipedia/commons/5/50/Mattel_Interactive.png?utm_source=commons.wikimedia.org&utm_campaign=imageinfo&utm_content=original,CC BY-SA 4.0,https://creativecommons.org/licenses/by-sa/4.0,Own work,TinToy1
mindscape-bv,Mindscape bv,Mindscape-logo.png,https://commons.wikimedia.org/wiki/File:Mindscape-logo.png,https://upload.wikimedia.org/wikipedia/commons/5/5d/Mindscape-logo.png?utm_source=commons.wikimedia.org&utm_campaign=imageinfo&utm_content=original,Public domain,,Casualgames.fr,Mindscape
mindscape-sa,Mindscape SA,Mindscape-logo.png,https://commons.wikimedia.org/wiki/File:Mindscape-logo.png,https://upload.wikimedia.org/wikipedia/commons/5/5d/Mindscape-logo.png?utm_source=commons.wikimedia.org&utm_campaign=imageinfo&utm_content=original,Public domain,,Casualgames.fr,Mindscape
motion-twin,Motion Twin,Motion Twin logo.svg,https://commons.wikimedia.org/wiki/File:Motion_Twin_logo.svg,https://upload.wikimedia.org/wikipedia/commons/3/3a/Motion_Twin_logo.svg?utm_source=commons.wikimedia.org&utm_campaign=imageinfo&utm_content=original,Public domain,,[1],Motion Twin
motive-studio,Motive Studio,Motive Studios 2021 Logo.svg,https://commons.wikimedia.org/wiki/File:Motive_Studios_2021_Logo.svg,https://upload.wikimedia.org/wikipedia/commons/e/e1/Motive_Studios_2021_Logo.svg?utm_source=commons.wikimedia.org&utm_campaign=imageinfo&utm_content=original,Public domain,,https://www.ea.com/ea-studios/motive,Motive Studios
motown,Motown,Motown logo with wordmark.svg,https://commons.wikimedia.org/wiki/File:Motown_logo_with_wordmark.svg,https://upload.wikimedia.org/wikipedia/commons/b/be/Motown_logo_with_wordmark.svg?utm_source=commons.wikimedia.org&utm_campaign=imageinfo&utm_content=original,Public domain,,https://downloads.ctfassets.net/e66ejtqbaazg/5CvEHET09PVeYCF1T5N1J2/76d2169d6bfe99602e49078df7f67360/Annual_Report_2023.pdf (page 7),"Motown Records, Universal Music Group"
mumbojumbo,MumboJumbo,Mumbo-jumbo-logo.svg,https://commons.wikimedia.org/wiki/File:Mumbo-jumbo-logo.svg,https://upload.wikimedia.org/wikipedia/commons/3/37/Mumbo-jumbo-logo.svg?utm_source=commons.wikimedia.org&utm_campaign=imageinfo&utm_content=original,Public domain,,"http://www.console-covers.com/Downloads/download/33211/chk,abb0b5f8e32996d5f3918fc22ae87974/no_html,1/",mumbo jumbo
ndreams,nDreams,NDreams Logo 2021.png,https://commons.wikimedia.org/wiki/File:NDreams_Logo_2021.png,https://upload.wikimedia.org/wikipedia/commons/c/cc/NDreams_Logo_2021.png?utm_source=commons.wikimedia.org&utm_campaign=imageinfo&utm_content=original,CC BY-SA 4.0,https://creativecommons.org/licenses/by-sa/4.0,https://ndreams.com/,nDreams Ltd
nexon,Nexon,Nexon.svg,https://commons.wikimedia.org/wiki/File:Nexon.svg,https://upload.wikimedia.org/wikipedia/commons/f/f1/Nexon.svg?utm_source=commons.wikimedia.org&utm_campaign=imageinfo&utm_content=original,Public domain,,http://www.nexon.com,Nexon Corporation
nexton,Nexton,Nexton Logo.png,https://commons.wikimedia.org/wiki/File:Nexton_Logo.png,https://upload.wikimedia.org/wikipedia/commons/6/6c/Nexton_Logo.png?utm_source=commons.wikimedia.org&utm_campaign=imageinfo&utm_content=original,Public domain,,Nexton,Ruinasazules23
nintendo-software-technology-corporation,Nintendo Software Technology Corporation,Nintendo Software Technology 2024.svg,https://commons.wikimedia.org/wiki/File:Nintendo_Software_Technology_2024.svg,https://upload.wikimedia.org/wikipedia/commons/7/74/Nintendo_Software_Technology_2024.svg?utm_source=commons.wikimedia.org&utm_campaign=imageinfo&utm_content=original,Public domain,,https://careers.nintendo.com/nintendo-software-technology/,Nintendo
no-more-robots,No More Robots,No More Robots logo.png,https://commons.wikimedia.org/wiki/File:No_More_Robots_logo.png,https://upload.wikimedia.org/wikipedia/commons/8/8b/No_More_Robots_logo.png?utm_source=commons.wikimedia.org&utm_campaign=imageinfo&utm_content=original,CC BY-SA 4.0,https://creativecommons.org/licenses/by-sa/4.0,http://nomorerobots.io/,Mike Rose
olm,OLM,OLM logo.svg,https://commons.wikimedia.org/wiki/File:OLM_logo.svg,https://upload.wikimedia.org/wikipedia/commons/8/85/OLM_logo.svg?utm_source=commons.wikimedia.org&utm_campaign=imageinfo&utm_content=original,Public domain,,Vectorised by VulcanSphere,"™/®OLM, Inc."
panic-inc,Panic Inc,Panic Inc Logo.svg,https://commons.wikimedia.org/wiki/File:Panic_Inc_Logo.svg,https://upload.wikimedia.org/wikipedia/commons/d/db/Panic_Inc_Logo.svg?utm_source=commons.wikimedia.org&utm_campaign=imageinfo&utm_content=original,Public domain,,https://www.panic.com/,Panic Inc.
pearl-abyss,Pearl Abyss,Pearl Abyss 2010 vector logo.svg,https://commons.wikimedia.org/wiki/File:Pearl_Abyss_2010_vector_logo.svg,https://upload.wikimedia.org/wikipedia/commons/e/e1/Pearl_Abyss_2010_vector_logo.svg?utm_source=commons.wikimedia.org&utm_campaign=imageinfo&utm_content=original,Public domain,,Official website,Pearl Abyss
perfect-world,Perfect World,Perfect World Logo.svg,https://commons.wikimedia.org/wiki/File:Perfect_World_Logo.svg,https://upload.wikimedia.org/wikipedia/commons/9/9b/Perfect_World_Logo.svg?utm_source=commons.wikimedia.org&utm_campaign=imageinfo&utm_content=original,Public domain,,https://www.onlinewebfonts.com/icon/325690,Perfect World
pioneer,Pioneer,Pioneer logo.svg,https://commons.wikimedia.org/wiki/File:Pioneer_logo.svg,https://upload.wikimedia.org/wikipedia/commons/b/b1/Pioneer_logo.svg?utm_source=commons.wikimedia.org&utm_campaign=imageinfo&utm_content=original,Public domain,,"EPS logo converted to SVG, EPS available here via Pioneer's Press Center",Pioneer Electronics
playdead,Playdead,Playdead logo.gif,https://commons.wikimedia.org/wiki/File:Playdead_logo.gif,https://upload.wikimedia.org/wikipedia/commons/6/65/Playdead_logo.gif?utm_source=commons.wikimedia.org&utm_campaign=imageinfo&utm_content=original,Public domain,,http://playdead.com/,Playdead
playside-studios,Playside Studios,PlaySide logo.svg,https://commons.wikimedia.org/wiki/File:PlaySide_logo.svg,https://upload.wikimedia.org/wikipedia/commons/c/c6/PlaySide_logo.svg?utm_source=commons.wikimedia.org&utm_campaign=imageinfo&utm_content=original,Public domain,,https://wcsecure.weblink.com.au/pdf/PLY/02483720.pdf,PlaySide Studios
polestar,Polestar,Polestar logo 2020.svg,https://commons.wikimedia.org/wiki/File:Polestar_logo_2020.svg,https://upload.wikimedia.org/wikipedia/commons/7/71/Polestar_logo_2020.svg?utm_source=commons.wikimedia.org&utm_campaign=imageinfo&utm_content=original,Public domain,,"French Wikipedia, claiming the source to be https://www.facebook.com/PolestarCanada/photos/a.103471564774504/103472514774409/",Unknown artist Unknown artist
project-siren,Project Siren,Project Siren Logo.png,https://commons.wikimedia.org/wiki/File:Project_Siren_Logo.png,https://upload.wikimedia.org/wikipedia/commons/8/82/Project_Siren_Logo.png?utm_source=commons.wikimedia.org&utm_campaign=imageinfo&utm_content=original,CC BY-SA 3.0,https://creativecommons.org/licenses/by-sa/3.0,Own work,Rezatokyo
pyro-studios,Pyro Studios,Pyro-Logo.jpg,https://commons.wikimedia.org/wiki/File:Pyro-Logo.jpg,https://upload.wikimedia.org/wikipedia/commons/5/57/Pyro-Logo.jpg?utm_source=commons.wikimedia.org&utm_campaign=imageinfo&utm_content=original,Public domain,,Own work,Florenne
rake-in-grass,Rake in Grass,Rakeingras logo crop0.jpg,https://commons.wikimedia.org/wiki/File:Rakeingras_logo_crop0.jpg,https://upload.wikimedia.org/wikipedia/commons/0/02/Rakeingras_logo_crop0.jpg?utm_source=commons.wikimedia.org&utm_campaign=imageinfo&utm_content=original,CC0,http://creativecommons.org/publicdomain/zero/1.0/deed.en,"http://www.rakeingrass.com/press.php (Rake in Grass gave additional consent for Wik,ipedia usage per Email ) Press page: ""Permissions: You may use texts, screenshots, artworks and logos from this website for whatever purpose you see fit. You may create images, streams and videos of our games and monetize those without limitation.""",Rake in Grass
rockstar-leeds,Rockstar Leeds,Rockstar Leeds Logo.svg,https://commons.wikimedia.org/wiki/File:Rockstar_Leeds_Logo.svg,https://upload.wikimedia.org/wikipedia/commons/1/18/Rockstar_Leeds_Logo.svg?utm_source=commons.wikimedia.org&utm_campaign=imageinfo&utm_content=original,Public domain,,https://www.rockstargames.com/careers/openings,Take-Two Interactive
rockstar-vancouver,Rockstar Vancouver,Rockstar Vancouver Logo.svg,https://commons.wikimedia.org/wiki/File:Rockstar_Vancouver_Logo.svg,https://upload.wikimedia.org/wikipedia/commons/6/6a/Rockstar_Vancouver_Logo.svg?utm_source=commons.wikimedia.org&utm_campaign=imageinfo&utm_content=original,Public domain,,Own work using: https://www.rockstargames.com/careers/openings,Take-Two Interactive
roll7,roll7,Roll7 Logo.svg,https://commons.wikimedia.org/wiki/File:Roll7_Logo.svg,https://upload.wikimedia.org/wikipedia/commons/0/06/Roll7_Logo.svg?utm_source=commons.wikimedia.org&utm_campaign=imageinfo&utm_content=original,Public domain,,https://www.roll7.co.uk/,Roll7
rtl-interactive,RTL Interactive,RTLinteractive.svg,https://commons.wikimedia.org/wiki/File:RTLinteractive.svg,https://upload.wikimedia.org/wikipedia/commons/1/12/RTLinteractive.svg?utm_source=commons.wikimedia.org&utm_campaign=imageinfo&utm_content=original,Public domain,,PDF: https://backstage.rtlgroup.com/public/files/2010-week35-Backstage-newsletter.pdf,Unknown author Unknown author
sekai-project,Sekai Project,Sekai Project Logo.png,https://commons.wikimedia.org/wiki/File:Sekai_Project_Logo.png,https://upload.wikimedia.org/wikipedia/commons/4/42/Sekai_Project_Logo.png?utm_source=commons.wikimedia.org&utm_campaign=imageinfo&utm_content=original,Public domain,,https://sekaiproject.com/wp-content/uploads/2021/03/Sekaiproject-logo-black_crop.png,Sekai Project
super-evil-megacorp,Super Evil Megacorp,Super Evil Megacorp logo.jpg,https://commons.wikimedia.org/wiki/File:Super_Evil_Megacorp_logo.jpg,https://upload.wikimedia.org/wikipedia/commons/0/04/Super_Evil_Megacorp_logo.jpg?utm_source=commons.wikimedia.org&utm_campaign=imageinfo&utm_content=original,Public domain,,SuperEvilMegacorp.com,Super Evil Megacorp
tokyo-electron,Tokyo Electron,Tokyo Electron logo.svg,https://commons.wikimedia.org/wiki/File:Tokyo_Electron_logo.svg,https://upload.wikimedia.org/wikipedia/commons/5/53/Tokyo_Electron_logo.svg?utm_source=commons.wikimedia.org&utm_campaign=imageinfo&utm_content=original,Public domain,,http://www.tel.co.jp/,Tokyo Electron
tommo,Tommo,Tommo logo.jpg,https://commons.wikimedia.org/wiki/File:Tommo_logo.jpg,https://upload.wikimedia.org/wikipedia/commons/1/1a/Tommo_logo.jpg?utm_source=commons.wikimedia.org&utm_campaign=imageinfo&utm_content=original,Public domain,,Company website,Tommo
united-game-artists,United Game Artists,United Game Artists.svg,https://commons.wikimedia.org/wiki/File:United_Game_Artists.svg,https://upload.wikimedia.org/wikipedia/commons/7/7a/United_Game_Artists.svg?utm_source=commons.wikimedia.org&utm_campaign=imageinfo&utm_content=original,Public domain,,https://segaretro.org/File:Uga.svg,United Game Artists
viacom,Viacom,Viacom logo.svg,https://commons.wikimedia.org/wiki/File:Viacom_logo.svg,https://upload.wikimedia.org/wikipedia/commons/3/37/Viacom_logo.svg?utm_source=commons.wikimedia.org&utm_campaign=imageinfo&utm_content=original,Public domain,,Unknown source Unknown source,Viacom Asenine at en.wikipedia
videocult,Videocult,Videocult logo 2.png,https://commons.wikimedia.org/wiki/File:Videocult_logo_2.png,https://upload.wikimedia.org/wikipedia/commons/1/13/Videocult_logo_2.png?utm_source=commons.wikimedia.org&utm_campaign=imageinfo&utm_content=original,CC BY-SA 3.0,https://creativecommons.org/licenses/by-sa/3.0,The uploader on Wikimedia Commons received this from the author/copyright holder.,Videocult ( Rain World developer)
youda-games,Youda games,Logo youdagames.jpg,https://commons.wikimedia.org/wiki/File:Logo_youdagames.jpg,https://upload.wikimedia.org/wikipedia/commons/0/08/Logo_youdagames.jpg?utm_source=commons.wikimedia.org&utm_campaign=imageinfo&utm_content=original,Public domain,,http://dutchgameawards.nl/2010/wp-content/uploads/2010/08/logo_youdagames4.jpg,youdagames
zinkia-entertainment,Zinkia Entertainment,Zinkia Entertainment Logo.png,https://commons.wikimedia.org/wiki/File:Zinkia_Entertainment_Logo.png,https://upload.wikimedia.org/wikipedia/commons/e/e2/Zinkia_Entertainment_Logo.png?utm_source=commons.wikimedia.org&utm_campaign=imageinfo&utm_content=original,CC0,http://creativecommons.org/publicdomain/zero/1.0/deed.en,Own work,Zinkia
